# F12: shell radius (t_g, r_g) and ionized-gas T (times, tions) of M5_hii_dtype_ions/F12_run/run,
# the Simple and NCR references of tst/regression/data/ref_rayt_solutions,
# radial profiles at t = 1 (rc, prof_*) and z = 0 slices of n_H and x_H+ at time_0 .. time_3
# t [code], r [pc], T [K], n_H [cm^-3]
@ t_g 406
0.0024863900000000002
0.0029042400000000002
0.0034075400000000001
0.0050452700000000001
0.0058946199999999997
0.0063924999999999997
0.00716945
0.0078134499999999996
0.0090384799999999998
0.0097903599999999997
0.010803500000000001
0.011528399999999999
0.0125021
0.0132415
0.014261100000000001
0.0148738
0.016098999999999999
0.016540200000000001
0.0174226
0.018041399999999999
0.0188773
0.019563500000000001
0.020334100000000001
0.021143100000000001
0.021725100000000001
0.022540500000000002
0.0233942
0.0240275
0.0250581
0.025916700000000001
0.026910400000000001
0.027802199999999999
0.028740399999999999
0.029674800000000001
0.030595899999999999
0.031546200000000003
0.032682299999999997
0.033732100000000001
0.035306200000000003
0.036205599999999998
0.037527199999999997
0.0386682
0.040159899999999998
0.040982699999999997
0.042628300000000001
0.0436678
0.045489399999999999
0.0462394
0.0477396
0.0488361
0.050002499999999998
0.0512472
0.052063400000000003
0.053428299999999998
0.054324600000000001
0.055774499999999998
0.056658800000000002
0.058001700000000003
0.0589516
0.060298699999999997
0.061460399999999998
0.062586799999999998
0.063853999999999994
0.064784499999999995
0.066365400000000005
0.067242800000000005
0.0689974
0.070004200000000003
0.071904200000000001
0.072933899999999996
0.074356599999999995
0.075429200000000002
0.076942399999999994
0.077956399999999995
0.0796906
0.0807089
0.082326200000000002
0.083534600000000001
0.085241700000000004
0.086629200000000003
0.087666900000000006
0.0892931
0.090369199999999997
0.092521400000000004
0.093417799999999995
0.095210699999999995
0.096097199999999994
0.097870299999999993
0.098681500000000005
0.100304
0.10123500000000001
0.10295700000000001
0.10392700000000001
0.10578
0.10661
0.10827000000000001
0.109123
0.110829
0.111863
0.113674
0.114651
0.116435
0.117631
0.119253
0.120792
0.12237199999999999
0.123862
0.125247
0.12695200000000001
0.128442
0.130108
0.13114799999999999
0.13322700000000001
0.134128
0.135931
0.137049
0.13828199999999999
0.14030200000000001
0.14114699999999999
0.14283699999999999
0.14415500000000001
0.14575099999999999
0.147008
0.14868200000000001
0.14988899999999999
0.15151100000000001
0.15277099999999999
0.154224
0.15584300000000001
0.15700800000000001
0.15898200000000001
0.16023000000000001
0.16230800000000001
0.163323
0.16509099999999999
0.16605200000000001
0.16797500000000001
0.16905700000000001
0.17122000000000001
0.17225699999999999
0.17430100000000001
0.17553199999999999
0.17740700000000001
0.17871600000000001
0.18070600000000001
0.18199399999999999
0.18398500000000001
0.18524299999999999
0.18706500000000001
0.18815799999999999
0.18967899999999999
0.191079
0.19298299999999999
0.19415499999999999
0.19620199999999999
0.197267
0.199074
0.20047100000000001
0.20199300000000001
0.20344000000000001
0.20519000000000001
0.20658099999999999
0.20838300000000001
0.20963499999999999
0.211757
0.21312300000000001
0.21549299999999999
0.21693699999999999
0.21882799999999999
0.22033700000000001
0.22220500000000001
0.22357399999999999
0.225018
0.22683400000000001
0.228218
0.230604
0.23191600000000001
0.23402100000000001
0.235454
0.237704
0.23932
0.24143600000000001
0.242754
0.244889
0.24621000000000001
0.24770900000000001
0.24948300000000001
0.25124999999999997
0.25251499999999999
0.25470799999999999
0.25600000000000001
0.25797700000000001
0.25968400000000003
0.26156699999999999
0.263262
0.26523000000000002
0.26679900000000001
0.26893
0.27011099999999999
0.27247300000000002
0.27400400000000003
0.276111
0.27759499999999998
0.279667
0.28144400000000003
0.28346900000000003
0.28558499999999998
0.28699799999999998
0.28894999999999998
0.29059099999999999
0.29254400000000003
0.29429100000000002
0.29633500000000002
0.29819899999999999
0.30008099999999999
0.30200900000000003
0.30358800000000002
0.30528499999999997
0.30712200000000001
0.30897999999999998
0.310917
0.31296800000000002
0.31483800000000001
0.31686199999999998
0.31953599999999999
0.32082500000000003
0.32340099999999999
0.32584800000000003
0.32849600000000001
0.33094499999999999
0.33296900000000001
0.33562599999999998
0.33738099999999999
0.34001700000000001
0.34179999999999999
0.34438099999999999
0.34662999999999999
0.34950100000000001
0.351518
0.35467900000000002
0.35658000000000001
0.36038199999999998
0.36213299999999998
0.36563600000000002
0.367284
0.37058099999999999
0.37251400000000001
0.37629099999999999
0.378409
0.38218200000000002
0.38388
0.38727600000000001
0.38983000000000001
0.39322800000000002
0.39576
0.39846999999999999
0.40139900000000001
0.40421200000000002
0.40673500000000001
0.409995
0.41245199999999999
0.41636000000000001
0.41833300000000001
0.42227999999999999
0.42470200000000002
0.42916700000000002
0.43126500000000001
0.43546200000000002
0.43795299999999998
0.44178899999999999
0.443913
0.448042
0.44996700000000001
0.453818
0.45630300000000001
0.45998899999999998
0.46261600000000003
0.46783999999999998
0.46973100000000001
0.47351500000000002
0.47603400000000001
0.48017900000000002
0.48322399999999999
0.48764200000000002
0.490263
0.494338
0.49703900000000001
0.50124100000000005
0.50431199999999998
0.50839000000000001
0.51142799999999999
0.515706
0.51846499999999995
0.52384900000000001
0.52588400000000002
0.52995499999999995
0.53252500000000003
0.537663
0.53989100000000001
0.544346
0.54704799999999998
0.55121699999999996
0.55412700000000004
0.55884699999999998
0.56173600000000001
0.56699100000000002
0.56990600000000002
0.575129
0.57777900000000004
0.58252599999999999
0.58516800000000002
0.59045199999999998
0.59265299999999999
0.597055
0.59980100000000003
0.60461200000000004
0.60747600000000002
0.61219900000000005
0.61511899999999997
0.62017599999999995
0.62258899999999995
0.627417
0.630436
0.63493500000000003
0.63830100000000001
0.643096
0.64676599999999995
0.65131700000000003
0.65482700000000005
0.65941300000000003
0.66259500000000005
0.66704699999999995
0.67120800000000003
0.67530400000000002
0.67913999999999997
0.68317499999999998
0.68708199999999997
0.69169000000000003
0.69600600000000001
0.69950599999999996
0.70445800000000003
0.70814299999999997
0.71163900000000002
0.716005
0.71978699999999995
0.72471699999999994
0.72815399999999997
0.73389099999999996
0.73721400000000004
0.74277300000000002
0.74591700000000005
0.75220399999999998
0.75487700000000002
0.76022199999999995
0.76374299999999995
0.76849699999999999
0.77267200000000003
0.777416
0.78200599999999998
0.78641399999999995
0.79147699999999999
0.795431
0.80099900000000002
0.804531
0.80992799999999998
0.81334600000000001
0.81839399999999995
0.82188000000000005
0.82778799999999997
0.83108599999999999
0.83768100000000001
0.84125499999999998
0.84789599999999998
0.85149399999999997
0.85487500000000005
0.86100600000000005
0.86379399999999995
0.86937200000000003
0.87258899999999995
0.87851100000000004
0.88222
0.88812899999999995
0.89138600000000001
0.89608900000000002
0.90066500000000005
0.90520999999999996
0.90963899999999998
0.91598400000000002
0.91957100000000003
0.92567500000000003
0.92967699999999998
0.93454300000000001
0.93887900000000002
0.94442199999999998
0.94888799999999995
0.95445199999999997
0.95824799999999999
0.96424900000000002
0.96867000000000003
0.97423700000000002
0.97827799999999998
0.98419699999999999
0.98858000000000001
0.99447600000000003
0.99850700000000003
1
@ r_g 406
2.0085194867116867
2.1486131676563525
2.160317752596256
2.2417127298374533
2.3400767257868198
2.3397041822876714
2.4333538999644513
2.433228924179454
2.4779283582411771
2.5566980382066431
2.5584930069705023
2.5583081706287265
2.5505983858329881
2.5528063907815062
2.5534123159476838
2.5533163429207804
2.5868810145508818
2.5991872835157341
2.6326269747230269
2.6370697331823529
2.6414070485627503
2.641128406235445
2.6408277947342902
2.6405253538102866
2.640317395132187
2.6400386221061325
2.6397778768190765
2.6627294057902184
2.717933151568042
2.7176677753864218
2.7578343834729604
2.757588638255938
2.7712882015050542
2.771128530701072
2.7735680116119723
2.7735142750857502
2.7745337500474201
2.8596478700023011
2.9567304196058468
2.9699027394817348
2.9696069795502327
2.9693289806981782
2.9690006693369311
2.9688206889547497
2.968529771193047
2.9683302408522345
2.9942031371257904
2.9940313575740296
2.9937316374596978
2.9934933499133094
2.9932695353151444
3.0217401992114139
3.0236947672412939
3.0330320874137984
3.0540755662555887
3.0814182119922071
3.0814426523297493
3.0893618081686558
3.0907657443504166
3.0911789652247665
3.0916071595621939
3.1205041850705877
3.1401085654736907
3.1404340195904101
3.1577493426818579
3.1634016250436168
3.1753868774122402
3.192897765843504
3.2172443930604011
3.2178085187817813
3.2300203742463962
3.2545048670058287
3.2909648774970264
3.2913463586546094
3.2921809912030571
3.2940365391244399
3.3092192120828052
3.3267949488045181
3.3272670308264427
3.3277210712481051
3.3394290780878757
3.3563966321783707
3.3912536401933897
3.4194622247020545
3.4229080807155721
3.4231572434062958
3.4304314385157233
3.4412334054958023
3.4464787666808276
3.4534398610110988
3.4581789453772629
3.4658214279914037
3.4903264935832752
3.4915874397934483
3.4922388463136391
3.5137979037012772
3.5155811442965095
3.5174013714489272
3.518594419461067
3.5297137932598543
3.5528719961574109
3.5647574451776478
3.5891315568419881
3.6303137663434311
3.6315858798735507
3.6346539211438476
3.6393164934474016
3.6538677143029226
3.6652332057742578
3.6749007754483212
3.6828416581505397
3.7144538681582393
3.7470565648434713
3.759023239353545
3.7733736045199722
3.782998268506597
3.7839322508532289
3.8004690777060293
3.8034433764528255
3.8045391215076632
3.8234520433424262
3.8344282090197077
3.8496490593747552
3.8586224599885415
3.8597410456324974
3.8715851566748944
3.8729807326438133
3.8747788035501176
3.8960778737266661
3.9163343522584451
3.9237448000074342
3.9282274650644036
3.9352208706986773
3.9490327683689377
3.9753625267241794
3.9909652793584649
3.9946933041985329
3.9986106769476573
4.0355708090563231
4.0424152497059138
4.0496560598134241
4.0507919328185853
4.0725631069810566
4.0904454478735177
4.1064734133899634
4.1136054206376844
4.1421663029058076
4.1442422489358499
4.1508543619219802
4.1584754780623383
4.1883696553630667
4.2068383551543986
4.2165733160993817
4.2299862630542364
4.2362609059592415
4.2480409575943066
4.2564225666261581
4.2582513631393244
4.2626212141257644
4.2730374279423877
4.2834391050310536
4.2996024813762403
4.3161843464289813
4.3208997349097436
4.3410632375426355
4.3482604259630566
4.3703772672254635
4.3740106181420737
4.3971838237660261
4.416349011691759
4.4296756226822582
4.4377192741396208
4.4418565584748722
4.4442521981614762
4.461511387658355
4.4729848671034897
4.4818538381158399
4.5004017109374841
4.520587752214178
4.5441727150848319
4.5491946373659653
4.5588250870105851
4.562521015867377
4.5779963496248222
4.5875037488753376
4.5917994962678756
4.6073251718413015
4.6239279110267066
4.6481661760501902
4.6620926439654911
4.6680353995575059
4.6908346916416077
4.7002316887039788
4.7110369661203437
4.7170999434700782
4.746885111963965
4.757120200228222
4.7695150664067691
4.7795899117542398
4.783738889600194
4.7903017405183554
4.804276804276804
4.8111625255230575
4.8220685545361262
4.8475827989475198
4.8719401445805293
4.8842948896772862
4.8872282254065196
4.8930861568719877
4.9089228071573743
4.9164035421854386
4.9341623715850487
4.9550996673676266
4.9643946810362785
4.9777952122192923
4.9844282638921973
4.9921701821864923
5.0037192090338802
5.0292753369508141
5.0443366787069639
5.0497242423040083
5.0554306513507292
5.0589557922560848
5.0744492816418045
5.1002698562607867
5.1207201414563572
5.1346524199163159
5.14626832802242
5.1719457618061586
5.1926049082053209
5.2029827801398287
5.2118556848929716
5.220217570903479
5.2368029359774413
5.2470364890970229
5.262436072655424
5.2732214319179844
5.2918619664582165
5.3036594175236242
5.3597188093931658
5.3696086120441491
5.3942792361474945
5.4006059900042187
5.4231512707373852
5.4344487583503636
5.4596836320961852
5.4714497956099075
5.4792716214871238
5.4868090714220186
5.5077687537055677
5.5130772092478884
5.5285040015563052
5.5537424741052392
5.5659138035184981
5.5841051023762107
5.6141350975195898
5.6321333244042213
5.6432648456397656
5.6616280812167528
5.6898706176584772
5.7023312113332736
5.7270978578911249
5.7407100228981482
5.7704839609854623
5.7783399028647846
5.8097471110366774
5.8325566309895702
5.8473236778471467
5.8618696584834353
5.893082440552873
5.9068400281657851
5.9198533599659875
5.9258236038373449
5.9474562338751031
5.959113399573595
5.9755393078914851
5.9836425685482286
6.0253437663940179
6.0426093206962737
6.0557438628926938
6.0707907562842642
6.104217964595323
6.1193027657629777
6.1401818847393388
6.151621687823293
6.1828704366499645
6.2027675081863318
6.227649882046693
6.2365527887777708
6.2567785431628318
6.2734473623965723
6.2972255036973701
6.3168790856120687
6.3448209571168581
6.3548295728861568
6.3806229239517327
6.3974704932916371
6.4191095831330944
6.4349546395818953
6.4623189809657573
6.4693861558029768
6.4920480936002587
6.5096889025551263
6.5341618497109826
6.5486318164550408
6.5814102125134104
6.5932448951872145
6.6231272467457076
6.6340731056031377
6.6520330187646426
6.6610869505757497
6.6929960259977372
6.6991925729789807
6.7380253110482196
6.7466187771110659
6.777735646348785
6.7846698879537142
6.8130008814500362
6.8226564980921323
6.8550415136516047
6.8669272139483839
6.8954292953903131
6.9120586436253477
6.9405903491746255
6.9537825092748093
6.9711395838336463
6.9882184164013896
7.0147371371184342
7.0342317438378252
7.0619354240978369
7.0771237732613619
7.0989712825893569
7.1102597738610216
7.1299554934673006
7.145773188572643
7.174666420385079
7.1893013100436685
7.2114671508579908
7.2335256475713949
7.2484396503470014
7.279782419133829
7.2955099341533209
7.3088834819783894
7.3350107922777941
7.3584432039589283
7.3849092494879374
7.4029575224367159
7.4266958253296975
7.4400685266381661
7.4638367686477496
7.476264092895148
7.5104680680588141
7.5244054686575366
7.5603984084466749
7.5733909280888687
7.5940601649224124
7.6075969973772271
7.6280784650630009
7.6538829518695435
7.6718144557751762
7.6951742645985277
7.7116747741487144
7.7366651819270063
7.7534161836050988
7.784227463440466
7.8029717571703854
7.828635342301169
7.8448706373380697
7.8692884962477443
7.8823429313803448
7.9114298747052034
7.930277033692942
7.9547447926854664
7.9730941420876826
7.9887134455307871
8.020895743642642
8.0353669536192225
8.064667941763858
8.0781892138087787
8.1013925332733123
8.1187731283803011
8.1425542182770076
8.1581337136536956
8.1741186084520194
8.1924402028138825
8.2140856458086677
8.2336343276948263
8.2694750241492834
8.2826367993180021
8.3059824461109049
8.3234205009502329
8.3464464619433603
8.3685134173308775
8.3896610151315301
8.4031444389816379
8.4364264795124146
8.4505807872864906
8.4819162024803898
8.5012230547758421
8.5222591362126252
8.5395451266279387
8.5653485061153987
8.5859029408169025
8.611027692307692
8.6245463152911466
8.6291810102484678
@ time_simple 308
0.0026368400000000001
0.0030772199999999999
0.0039579799999999998
0.0047745900000000004
0.00640779
0.0079900000000000006
0.0111544
0.0174833
0.029399100000000001
0.040620400000000001
0.051237199999999997
0.061403100000000002
0.071384299999999998
0.081215999999999997
0.090836299999999995
0.100299
0.109704
0.119144
0.12865399999999999
0.138214
0.14760200000000001
0.15690999999999999
0.16617799999999999
0.175478
0.184836
0.194246
0.203707
0.213092
0.22240299999999999
0.23169899999999999
0.241012
0.250384
0.25980300000000001
0.26924500000000001
0.27869500000000003
0.28794599999999998
0.297124
0.30629400000000001
0.31548100000000001
0.324739
0.33401199999999998
0.34337400000000001
0.352796
0.36225600000000002
0.37156699999999998
0.380799
0.38999800000000001
0.399196
0.40844200000000003
0.41774800000000001
0.42713299999999998
0.43659599999999998
0.44603500000000001
0.45532499999999998
0.464534
0.47372799999999998
0.48295300000000002
0.49221999999999999
0.501529
0.51089600000000002
0.52035600000000004
0.52986299999999997
0.53941700000000004
0.54878300000000002
0.55807399999999996
0.56735899999999995
0.57667900000000005
0.58610200000000001
0.59558199999999994
0.60512900000000003
0.61470199999999997
0.62430300000000005
0.63387199999999999
0.64329700000000001
0.65270600000000001
0.66208299999999998
0.67147800000000002
0.68094399999999999
0.69046700000000005
0.70006800000000002
0.70971700000000004
0.719468
0.72926999999999997
0.73911099999999996
0.74880100000000005
0.758378
0.76789399999999997
0.777393
0.78696200000000005
0.79661700000000002
0.80632599999999999
0.81607200000000002
0.82588700000000004
0.83574599999999999
0.84562700000000002
0.85542700000000005
0.86509100000000005
0.87470199999999998
0.88431199999999999
0.89402599999999999
0.90376000000000001
0.91351499999999997
0.92330999999999996
0.93313299999999999
0.94301800000000002
0.95297100000000001
0.96293099999999998
0.97294000000000003
0.98285699999999998
0.99257099999999998
1.00217
1.01173
1.0213300000000001
1.03102
1.04078
1.05061
1.0605
1.0704400000000001
1.0804199999999999
1.09039
1.1003799999999999
1.1103499999999999
1.1201000000000001
1.12975
1.1393599999999999
1.149
1.1586799999999999
1.1684000000000001
1.17818
1.1879900000000001
1.1978899999999999
1.2078500000000001
1.2178599999999999
1.22787
1.23793
1.24804
1.25813
1.2680899999999999
1.27786
1.28756
1.2972600000000001
1.3070299999999999
1.3168800000000001
1.32673
1.3366100000000001
1.34657
1.35656
1.3665499999999999
1.3766
1.3866499999999999
1.39673
1.40682
1.41679
1.42665
1.4364399999999999
1.4462299999999999
1.4560900000000001
1.4659899999999999
1.4759
1.48586
1.4958800000000001
1.50593
1.5159899999999999
1.5261
1.53623
1.5463499999999999
1.5565
1.56667
1.5767599999999999
1.5867100000000001
1.59659
1.6064700000000001
1.6164099999999999
1.6264099999999999
1.6364300000000001
1.64646
1.6565799999999999
1.66673
1.6768400000000001
1.68696
1.6971499999999999
1.70736
1.7175400000000001
1.7277
1.7378499999999999
1.7478800000000001
1.7578800000000001
1.7678700000000001
1.77789
1.78796
1.7980499999999999
1.8081499999999999
1.8183100000000001
1.8285199999999999
1.83876
1.84904
1.85931
1.86958
1.87982
1.8900699999999999
1.9003099999999999
1.9105700000000001
1.92069
1.9307700000000001
1.9408799999999999
1.95106
1.9613100000000001
1.9715800000000001
1.98186
1.9921800000000001
2.0024799999999998
2.0128200000000001
2.02318
2.0335000000000001
2.0438499999999999
2.0541499999999999
2.0644800000000001
2.0747900000000001
2.08508
2.0954000000000002
2.10575
2.1160700000000001
2.1263299999999998
2.1365699999999999
2.14682
2.1571500000000001
2.1675
2.1778900000000001
2.1882799999999998
2.1986400000000001
2.2089699999999999
2.2193000000000001
2.2296100000000001
2.2399100000000001
2.2502200000000001
2.2605599999999999
2.2709000000000001
2.2812299999999999
2.2915399999999999
2.30192
2.3122699999999998
2.3226200000000001
2.3330000000000002
2.3433700000000002
2.35364
2.3639000000000001
2.3742000000000001
2.3845000000000001
2.3948200000000002
2.4051499999999999
2.4154499999999999
2.4257399999999998
2.43608
2.4464000000000001
2.45669
2.4670399999999999
2.4773800000000001
2.4877400000000001
2.4981399999999998
2.50848
2.5188000000000001
2.5291299999999999
2.53939
2.5496400000000001
2.5599500000000002
2.57023
2.58047
2.5907100000000001
2.6009799999999998
2.6112299999999999
2.6215299999999999
2.63185
2.64215
2.6524399999999999
2.6627700000000001
2.67313
2.6834799999999999
2.6938499999999999
2.7040500000000001
2.7142300000000001
2.7244299999999999
2.7346599999999999
2.7449300000000001
2.7552099999999999
2.7654700000000001
2.7757000000000001
2.7859600000000002
2.7962600000000002
2.8065600000000002
2.8168600000000001
2.8271700000000002
2.8374899999999998
2.8477700000000001
2.8580299999999998
2.8683299999999998
2.8786100000000001
2.8888699999999998
2.89907
2.9092099999999999
2.9193799999999999
2.9295800000000001
2.9397799999999998
2.9500199999999999
2.9603100000000002
2.9706000000000001
2.98088
2.9911500000000002
3
@ r_sh_simple 308
2.4357068557919623
2.6829541215964197
2.6001130105655905
2.7718054654324131
2.9162310021711804
3.0085992335074114
3.0344541572436672
3.1355335075846287
3.2628894427113289
3.3797650202221692
3.4642544028840558
3.5540098199672667
3.6268160796413063
3.7255921975160255
3.8030425673745358
3.8619926263208288
3.9422514483709321
4.0245531123693121
4.0954672929687801
4.1810605021264919
4.2387352963212708
4.2931816330409758
4.3801367347438465
4.4415457891318466
4.5141817498652772
4.5804466224611851
4.6491475495362895
4.7110245022877359
4.7872344602048544
4.8621769069113281
4.8975591807564811
4.9770026087849866
5.0201380805330817
5.1020884342197759
5.1775898489135868
5.2291846920859131
5.2903811126769718
5.3419179666581522
5.4223787434915423
5.4759139540585959
5.52954048395826
5.5898493838010994
5.6489654389443986
5.7027673761989623
5.7762649501394812
5.8403445648084729
5.898745116065272
5.9409745804920897
5.9850589390109361
6.0538467957276367
6.1211473151352047
6.182121865281677
6.2320227262085002
6.2978517009543848
6.3438486481843368
6.3893632813312893
6.449162760451947
6.5089603839314636
6.5767853256030238
6.6167148419620405
6.6593694215274759
6.7217026036460563
6.7748822101451358
6.8345201859057259
6.8904566331036916
6.9427171761957807
6.9948925236573292
7.040085220143502
7.090438704221949
7.142201563240171
7.2086438713689427
7.2527934056703485
7.309287368616662
7.3604864454909427
7.4058965246215358
7.4527673489160708
7.5070767670793019
7.5543154490522912
7.6039353725089995
7.6514350145884436
7.7010069772113132
7.7572808265329041
7.810880972107153
7.8591794083639162
7.9073678421086031
7.9524443138813528
7.996892538073106
8.0458096731268363
8.0970713464682937
8.1450066475761922
8.1895996522853665
8.2383437277235512
8.2947768944331219
8.3362923052010185
8.3793114388142698
8.4307024233663057
8.479139787338168
8.526556378479313
8.5749414111261135
8.6112854087509572
8.6543662113591164
8.7029351415886662
8.7501393858911065
8.7983754548330957
8.8416171155697683
8.8904380884378522
8.9338310964747301
8.9815460816611292
9.0271824072973885
9.0703132787791461
9.1090138154059623
9.1525010969723564
9.2017737407385152
9.2431522189261592
9.2793553418247985
9.3234602938944917
9.3669254061572822
9.413440002578108
9.4625544221180977
9.5032224980478546
9.5446935124326711
9.5893123146194892
9.6272964129571292
9.6690510726149963
9.7118625482431149
9.7522413321143393
9.7910300831998427
9.8327170492775693
9.8756603809546917
9.9131200888151021
9.9598576526812828
10.001584378032598
10.043778670888646
10.080904185690112
10.126198737219024
10.167816872195196
10.205062390364336
10.246591706472955
10.284631931563775
10.328486389746674
10.364487186900881
10.401888552553924
10.44337911301032
10.482743670648443
10.524593564010253
10.563209866906053
10.604067762868668
10.641431831557544
10.68166019713799
10.726122337991365
10.763811971113375
10.806242024188167
10.841782568173707
10.876191562721834
10.914234188525795
10.949778226833745
10.98919952851859
11.033314183071653
11.072384766253633
11.11057197014062
11.1455104351285
11.187870277421563
11.226622428452769
11.262046310900558
11.299765479319182
11.339967496552241
11.378342864014845
11.415305813224574
11.45044593906219
11.49252357849547
11.532076655776216
11.565089069252661
11.602035087937756
11.639618381254927
11.678687666119657
11.716987597206131
11.752561904382153
11.790182106096596
11.829002317916418
11.86716962103875
11.903445240669338
11.941448382126348
11.977583193972078
12.014583955781296
12.052527383066904
12.087760364281404
12.123206230201593
12.156389351830999
12.194970064141913
12.233686338269543
12.272013538740687
12.309900810294282
12.345956766097229
12.381077663393562
12.416011316370005
12.452612961356204
12.491186839012926
12.525429129322951
12.559904928211099
12.597035311131643
12.634044185823448
12.670044964670616
12.707502120574283
12.744453958122518
12.778702034906111
12.815077456858509
12.850582352674593
12.883522727272727
12.921197275660175
12.956287213346696
12.992707117852975
13.028483147289858
13.063827037273725
13.0998483154469
13.133790858921749
13.169640659178349
13.206372153799105
13.24218992502052
13.276119914934485
13.309201403050819
13.344854769268085
13.379695043962151
13.417570628203601
13.452441956718831
13.487397422777846
13.523397663460917
13.556116015132408
13.589407346107327
13.625056936079762
13.660469944323864
13.694785113836467
13.727337845181051
13.759880786660862
13.796029517244733
13.830374634558003
13.865592459014433
13.899542403361643
13.933016105417277
13.968959825178727
14.003992527106698
14.037754337425788
14.071012146212247
14.102874966560229
14.136254413772097
14.17011517455618
14.202628104789969
14.236965727140399
14.270833333333334
14.304105076028987
14.336699607418439
14.370803029327842
14.404784719560496
14.436333972518566
14.467863346844238
14.500886279143943
14.536440000415331
14.570646243797995
14.602927787382484
14.634713041360802
14.666653226619358
14.70046612476956
14.73515972683391
14.767234988880652
14.798638934716003
14.829320841721463
14.860505963066831
14.893208381187689
14.925125827877999
14.956819238689961
14.990453561882134
15.024088222237799
15.054811092499534
15.085732802518285
15.118729027904649
15.150936936525689
15.183285720763616
15.215449977900253
15.247708722302068
15.279084687767323
15.309332292765987
15.340650921963332
15.371444050734674
15.401887505374569
15.43358553652063
15.465104828938523
15.496024402384082
15.528079138852791
15.559008830450294
15.591097585445789
15.620951177121189
15.651293560355107
15.683797748282849
15.715523335880576
15.745970771086196
15.776438630410127
15.808152341822179
15.839293612307594
15.86990170579829
15.898696924868592
15.928938624537647
15.958783878668726
15.989548605188482
16.019293298198573
16.049964168969179
16.080494341075521
16.110467010692066
16.141060536375356
16.167497948339374
@ time_ncr 214
0.0018513799999999999
0.0021951800000000001
0.0026825
0.0030809700000000001
0.0036379400000000001
0.0047518600000000001
0.0058537900000000002
0.0069318899999999996
0.0090876299999999993
0.011662799999999999
0.014753
0.017201500000000002
0.018940100000000001
0.022417400000000001
0.0245586
0.027347799999999998
0.029595900000000001
0.032937800000000003
0.034981900000000003
0.038463900000000002
0.040654700000000002
0.044101599999999998
0.047006699999999998
0.050551199999999998
0.053711200000000001
0.057728099999999997
0.060216899999999997
0.064555500000000002
0.066395800000000005
0.070076399999999997
0.073341799999999999
0.076206399999999994
0.079727800000000001
0.082147100000000001
0.086413400000000001
0.088735300000000003
0.093353500000000006
0.095519599999999996
0.098010899999999998
0.10140200000000001
0.10398499999999999
0.10857
0.110095
0.113146
0.115884
0.119522
0.121709
0.124139
0.127806
0.13064300000000001
0.135103
0.138159
0.14210400000000001
0.14557300000000001
0.14829400000000001
0.15188499999999999
0.15526400000000001
0.159021
0.16356499999999999
0.16506399999999999
0.16763600000000001
0.17091300000000001
0.174424
0.17788300000000001
0.17929899999999999
0.181421
0.18407499999999999
0.18817700000000001
0.19106300000000001
0.193444
0.19550999999999999
0.19964199999999999
0.20249800000000001
0.206536
0.21112600000000001
0.214115
0.21765999999999999
0.22178
0.225048
0.22916700000000001
0.23269300000000001
0.23704600000000001
0.24108299999999999
0.244202
0.24848899999999999
0.25232100000000002
0.25590000000000002
0.259629
0.26270500000000002
0.26522099999999998
0.26776800000000001
0.270314
0.272065
0.27370100000000003
0.275559
0.27740999999999999
0.27981600000000001
0.28393099999999999
0.287966
0.29163899999999998
0.29529499999999997
0.29943900000000001
0.30305300000000002
0.30671500000000002
0.309255
0.31192799999999998
0.315882
0.31948300000000002
0.32261200000000001
0.327762
0.33227400000000001
0.33699000000000001
0.34179300000000001
0.346854
0.35167399999999999
0.35516900000000001
0.36081999999999997
0.366176
0.37307000000000001
0.37819199999999997
0.383766
0.389403
0.39524599999999999
0.40169100000000002
0.40831800000000001
0.41427399999999998
0.42088799999999998
0.427541
0.43472899999999998
0.44223400000000002
0.44817699999999999
0.45449899999999999
0.460565
0.465339
0.471945
0.47708400000000001
0.48475800000000002
0.49173099999999997
0.49911499999999998
0.50641700000000001
0.51125799999999999
0.51811600000000002
0.52569200000000005
0.53326399999999996
0.54044099999999995
0.54776499999999995
0.55291299999999999
0.56041799999999997
0.56552599999999997
0.57270100000000002
0.58002900000000002
0.58561600000000003
0.59210200000000002
0.59863
0.60579300000000003
0.61292800000000003
0.62044999999999995
0.62810999999999995
0.63564900000000002
0.64263099999999995
0.64956000000000003
0.65706200000000003
0.66447400000000001
0.670323
0.67716799999999999
0.68269100000000005
0.69011800000000001
0.69661799999999996
0.703731
0.71104000000000001
0.71811499999999995
0.725221
0.73197500000000004
0.73917200000000005
0.74623799999999996
0.75348800000000005
0.76044199999999995
0.76755899999999999
0.77463400000000004
0.78179699999999996
0.78716399999999997
0.79172699999999996
0.79753499999999999
0.80466000000000004
0.81172699999999998
0.81867000000000001
0.82411900000000005
0.82984599999999997
0.83675200000000005
0.84378399999999998
0.85098499999999999
0.85774399999999995
0.86472700000000002
0.87169700000000006
0.87865700000000002
0.88432299999999997
0.89099700000000004
0.89569100000000001
0.90259400000000001
0.90945500000000001
0.91634099999999996
0.92122899999999996
0.92731799999999998
0.93405499999999997
0.94087900000000002
0.94769499999999995
0.95424200000000003
0.96093899999999999
0.96768100000000001
0.97440499999999997
0.98126100000000005
0.98786499999999999
0.99447399999999997
1
@ r_sh_ncr 214
1.8442847364818618
2.0085346999447133
2.160310705284469
2.160324603189546
2.1603188589592617
2.3403372795255848
2.3775962120866736
2.3848593486851977
2.5207071596890351
2.558118110486356
2.553302377454397
2.5555699174008581
2.5808193229308705
2.5884225138674988
2.6278452611583258
2.6542342954740268
2.7171959470280695
2.7571919098213424
2.7604613639406175
2.772704912213082
2.8177140287869622
2.8889379786249267
2.967753128869191
2.9671084677109238
2.9925589148697664
2.9944551449119925
3.0195186494369435
3.07189570904284
3.0818844785384436
3.0898837950935705
3.1188426694631359
3.1497798893516675
3.1688895859025812
3.215855045846411
3.2568343699839488
3.2902463675750138
3.2923526686782432
3.2978740719410049
3.3246611995969757
3.3803560215334469
3.4218151944584472
3.4290729216531037
3.4302023729499012
3.4469933658996883
3.4723031602358816
3.4961934395575582
3.5148152338711505
3.5169946252879307
3.5336218191212558
3.5597797191370217
3.6300390914085168
3.6361843051261773
3.6661770976453307
3.7138052567321647
3.7329302827347508
3.7741228070175432
3.789714674497445
3.8169528681037632
3.8462515503354702
3.8534999492024786
3.8691157978065704
3.8756326825741141
3.9158677886787281
3.9217735016546147
3.9316292537127557
3.9421854842562949
3.9873406667109141
4.0267615846022018
4.0464109078133026
4.0551439650193881
4.0708220342685095
4.101085631643099
4.1413464316671487
4.1552062868369344
4.2052882397274205
4.2299262469269552
4.248518724101876
4.2623250618446384
4.2756009934174042
4.2987200821874358
4.3284599122591576
4.3623591414683878
4.3801968389214299
4.406672456979428
4.4400765171267551
4.4628320052763053
4.4789883220090951
4.508922574578671
4.5452586206896548
4.5557258890987473
4.5632667582947022
4.578125159851453
4.5860408441583331
4.5961987127916331
4.6138680496446884
4.6298065795018193
4.6560367461685654
4.6860039737225145
4.7059043368232221
4.7323962204735617
4.7619429375662508
4.78207272898974
4.7932508168338961
4.8170474320236645
4.8418590967793413
4.8662859670641225
4.8853160310504897
4.8950458019927323
4.9260295325177799
4.9618320610687023
4.980188261796533
5.0051233907114927
5.0472709008489156
5.0603721256949195
5.0918903306554268
5.1270601824618449
5.1538095726527597
5.1978923978528835
5.2238386532580812
5.2520669719265509
5.2844252601842365
5.3280235888224228
5.3768969989306274
5.4170853713994163
5.4483435308243235
5.4779696363382557
5.4975688250622694
5.5332034892153406
5.5661059430279076
5.6260104185378124
5.6465083197634156
5.6957645088291367
5.7265437544107272
5.7533168408356588
5.7972422578677287
5.833896068282316
5.8626553524141487
5.9034405489176214
5.9371396177518623
5.9660561330395989
5.9818068584329138
6.0311922975468217
6.0718624002115114
6.1117965758867294
6.1440360466199131
6.1910541916315225
6.2166138508592059
6.2509409700362992
6.2737801566477129
6.3151086255948856
6.3533509457618225
6.382568525948785
6.4095585502151495
6.4405595691097259
6.4757428215482946
6.5138222245664625
6.5475858057009892
6.584262750771825
6.6257999932513751
6.6502110610288332
6.682160296254219
6.7115990339991249
6.7611190068135265
6.7863922888937838
6.8228479174705035
6.8410999044909264
6.8810144001572713
6.9075994655363973
6.947706059701205
6.9787775931527793
7.0060867894645593
7.0443557634970873
7.0774895134615736
7.1049487976801657
7.128519490829702
7.1646736972157257
7.1985560511136981
7.2329683466229193
7.2591769003770237
7.2890578230455709
7.3184734064149408
7.3398188256741603
7.3770602943932877
7.405981710512318
7.4291933006195707
7.4519202619940748
7.4790656336340975
7.5055401503564383
7.5418395430400818
7.5768755879586074
7.6005580604492824
7.6243864466884341
7.6519033155444536
7.682281683661734
7.7113762205026983
7.7361727299615497
7.7665658281878081
7.7900750830837406
7.8205985621133589
7.8466730252089709
7.8777991314249913
7.8987907388771097
7.9215234960170253
7.9462126004024043
7.9729179074068268
8.0035167730190189
8.0349849049902318
8.0655279843253709
8.0904548251076669
8.1139923311886655
8.1429155830873974
8.1666243436280475
8.1894263177502111
8.2150239806405523
@ times 50
0.020334081724286079
0.040159929543733597
0.060298748314380646
0.080708920955657959
0.10030386596918106
0.1207917183637619
0.14030233025550842
0.16022951900959015
0.18070641160011292
0.200471431016922
0.2203366756439209
0.24143578112125397
0.26156693696975708
0.28144446015357971
0.30008134245872498
0.32082468271255493
0.340017169713974
0.36038199067115784
0.38218215107917786
0.401399165391922
0.42227959632873535
0.4417894184589386
0.46261581778526306
0.48017948865890503
0.50124132633209229
0.52384859323501587
0.54434585571289062
0.56173598766326904
0.58252590894699097
0.60461175441741943
0.62017565965652466
0.6430962085723877
0.66259509325027466
0.68317526578903198
0.70445823669433594
0.72471719980239868
0.74277263879776001
0.76022231578826904
0.78200632333755493
0.8009985089302063
0.82187998294830322
0.84125488996505737
0.86100560426712036
0.88221985101699829
0.90066546201705933
0.92567473649978638
0.94442158937454224
0.96424949169158936
0.98419684171676636
1
@ tions 50
8611.9303034751247
8460.3762060083482
8454.0056449930762
8509.3785204120832
8366.1879180836349
8298.022438192078
8210.4042522380478
8302.6463117335334
8170.8557434095792
8266.9802772345611
8271.842868804757
8234.5281480324265
8258.2913685167241
8257.1208083109686
8278.4116394185749
8254.7980652787683
8295.890516033347
8234.457820334801
8224.2074903703542
8297.747282615479
8282.683703541039
8264.6020667428638
8297.3124781864553
8308.6986146360705
8314.7862505219255
8306.6957934524362
8325.3622050795966
8325.1455519382544
8308.4881015179508
8305.21196090802
8319.7334708139424
8357.2452454641625
8307.6672837945025
8295.88364277863
8323.4467645376426
8311.5187360798463
8336.4731532956739
8313.6876146669074
8334.3712331120296
8335.2987944665401
8321.4728905694283
8346.5773051918113
8341.262166604929
8363.4891667606626
8358.8411978337172
8354.8535364976779
8341.5684728588385
8378.4896029562206
8372.9381316892195
8400.6879005466162
@ rc 31
0.28125
0.84375
1.40625
1.96875
2.53125
3.09375
3.65625
4.21875
4.78125
5.34375
5.90625
6.46875
7.03125
7.59375
8.15625
8.71875
9.28125
9.84375
10.40625
10.96875
11.53125
12.09375
12.65625
13.21875
13.78125
14.34375
14.90625
15.46875
16.03125
16.59375
17.15625
@ prof_H+ 31
0.96115616851827612
0.967285444617211
0.9791084110798578
0.98990162109860902
0.99597009889563937
0.99857100873114146
0.99934413143085432
0.99936527950415188
0.99913828125968851
0.99880282132628095
0.99834190702842251
0.99767455421449935
0.99655480864067869
0.96135032725447134
0.027953928137650887
2.0966357697788285e-05
7.6479409487993526e-06
9.4578814890637551e-06
9.4830881830909941e-06
9.4830929810996167e-06
9.4830929810996167e-06
9.4830929810996167e-06
9.4830929810996167e-06
9.4830929810996167e-06
9.4830929810996167e-06
9.4830929810996167e-06
9.4830929810996167e-06
9.4830929810996167e-06
9.4830929810996167e-06
9.4830929810996167e-06
9.4830929810996167e-06
@ prof_O+ 31
0.001198918963986307
0.0060725574031591069
0.016383568853762204
0.031728322164506252
0.053405444488954949
0.081986268888964736
0.11930692781115683
0.16486263984586852
0.21860365213314248
0.28244755841669633
0.35582302012437778
0.44092266816372483
0.5447311398370277
0.69058834570484573
0.023308379167669327
4.3409471707935566e-07
4.3474340193525269e-07
6.0062417870504307e-07
6.0282206745897642e-07
6.0282239269793259e-07
6.0282239269793259e-07
6.0282239269793259e-07
6.0282239269793259e-07
6.0282239269793259e-07
6.0282239269793259e-07
6.0282239269793259e-07
6.0282239269793259e-07
6.0282239269793259e-07
6.0282239269793259e-07
6.0282239269793259e-07
6.0282239269793259e-07
@ prof_O++ 31
0.9573944561314468
0.98553180230387338
0.98039381972988804
0.9667072041503727
0.94572452702331744
0.9174696529588362
0.88030786721336596
0.83482690357425127
0.78108522628263644
0.71716628363288926
0.64357594105251337
0.55807294932498941
0.45323683761723188
0.26622619459229901
0.00013424725187340838
2.9321642891286873e-14
2.8697606807767587e-14
3.8949228695105456e-14
3.8949549146042659e-14
3.8949549146042734e-14
3.8949549146042734e-14
3.8949549146042734e-14
3.8949549146042734e-14
3.8949549146042734e-14
3.8949549146041712e-14
3.8949549146041011e-14
3.8949549146038134e-14
3.8949549146036625e-14
3.8949549146034682e-14
3.8949549146032883e-14
3.8949549146031293e-14
@ prof_S+ 31
2.1621515989970422e-05
0.00039294066173294653
0.0018479186543490175
0.0044723627472847338
0.0084876332047634107
0.013977412577908598
0.021295224979759438
0.030479058007512536
0.041648165414093226
0.055378299931231591
0.071816503856612326
0.091925176790872337
0.11875960121550103
0.25419166273236665
0.97335876989512093
0.99892382788533784
0.99966515584757354
0.99975371545369485
0.99975427314693333
0.99975427317607879
0.99975427317610277
0.99975427317612464
0.99975427317618226
0.99975427317620824
0.99975427317627352
0.99975427317628185
0.99975427317631649
0.99975427317633458
0.99975427317635801
0.99975427317637966
0.99975427317639876
@ prof_S++ 31
0.091095785245945304
0.33530624331205289
0.57236589901950596
0.72776467901492869
0.81603317488055782
0.8679855646592668
0.89747173699957705
0.91244819213220485
0.91739446494915211
0.91501788070178847
0.90665079240424928
0.89258602649443031
0.87059945893589674
0.73700793087577543
0.0061201615032415724
3.5917878438923591e-06
1.484778178209732e-09
2.0017262699597978e-09
2.0079915325166492e-09
2.0079914929381551e-09
2.0079914929380608e-09
2.0079914929380302e-09
2.0079914929379495e-09
2.0079914929379131e-09
2.0079914929378217e-09
2.0079914929378101e-09
2.0079914929377618e-09
2.0079914929377361e-09
2.0079914929377034e-09
2.0079914929376732e-09
2.0079914929376464e-09
@ prof_N++ 31
0.72478519284674459
0.92797391095704984
0.96754625860289034
0.97850476150534793
0.97906568649924031
0.97486073024801456
0.96650182974704169
0.95413150837896932
0.93703482474528843
0.91323673139316364
0.88033817430693573
0.83294200032326193
0.75644174235627004
0.50481385029361936
0.00034442717405984565
2.9223570204974103e-12
4.6884418269643491e-14
4.688441826964368e-14
4.6884418269645353e-14
4.6884418269646501e-14
4.6884418269647801e-14
4.6884418269648161e-14
4.688441826964895e-14
4.6884418269647574e-14
4.6884418269644128e-14
4.688441826964368e-14
4.6884418269641857e-14
4.6884418269640897e-14
4.6884418269639667e-14
4.6884418269638518e-14
4.6884418269637508e-14
@ prof_T 31
6409.3867703555243
6744.6868009131804
7012.9055100074402
7198.0248655152218
7327.2469506201141
7441.5803989210071
7563.2032971842445
7702.7747162343085
7864.2384202136536
8054.6709044019353
8274.7876967128086
8535.5347245849298
8845.4213385481671
9327.2342488852846
661.90617375976024
57.582894442754046
87.560947079270051
94.722819161967024
94.776502960651442
94.776509201825021
94.776509201824979
94.776509201824965
94.776509201824936
94.776509201824922
94.776509201824894
94.776509201824894
94.776509201824865
94.776509201824851
94.776509201824837
94.776509201824823
94.776509201824823
@ time_0 
0.10030386596918106
@ nh_0 64 64
100 100 100 100 100 100 100 100 100 100 100 100 100 100 100 100 100 100 100 100 100 100 100 100 100 100 100 100 100 100 100 100 100 100 100 100 100 100 100 100 100 100 100 100 100 100 100 100 100 100 100 100 100 100 100 100 100 100 100 100 100 100 100 100
100 100 100 100 100 100 100 100 100 100 100 100 100 100 100 100 100 100 100 100 100 100 100 100 100 100 100 100 100 100 100 100 100 100 100 100 100 100 100 100 100 100 100 100 100 100 100 100 100 100 100 100 100 100 100 100 100 100 100 100 100 100 100 100
100 100 100 100 100 100 100 100 100 100 100 100 100 100 100 100 100 100 100 100 100 100 100 100 100 100 100 100 100 100 100 100 100 100 100 100 100 100 100 100 100 100 100 100 100 100 100 100 100 100 100 100 100 100 100 100 100 100 100 100 100 100 100 100
100 100 100 100 100 100 100 100 100 100 100 100 100 100 100 100 100 100 100 100 100 100 100 100 100 100 100 100 100 100 100 100 100 100 100 100 100 100 100 100 100 100 100 100 100 100 100 100 100 100 100 100 100 100 100 100 100 100 100 100 100 100 100 100
100 100 100 100 100 100 100 100 100 100 100 100 100 100 100 100 100 100 100 100 100 100 100 100 100 100 100 100 100 100 100 100 100 100 100 100 100 100 100 100 100 100 100 100 100 100 100 100 100 100 100 100 100 100 100 100 100 100 100 100 100 100 100 100
100 100 100 100 100 100 100 100 100 100 100 100 100 100 100 100 100 100 100 100 100 100 100 100 100 100 100 100 100 100 100 100 100 100 100 100 100 100 100 100 100 100 100 100 100 100 100 100 100 100 100 100 100 100 100 100 100 100 100 100 100 100 100 100
100 100 100 100 100 100 100 100 100 100 100 100 100 100 100 100 100 100 100 100 100 100 100 100 100 100 100 100 100 100 100 100 100 100 100 100 100 100 100 100 100 100 100 100 100 100 100 100 100 100 100 100 100 100 100 100 100 100 100 100 100 100 100 100
100 100 100 100 100 100 100 100 100 100 100 100 100 100 100 100 100 100 100 100 100 100 100 100 100 100 100 100 100 100 100 100 100 100 100 100 100 100 100 100 100 100 100 100 100 100 100 100 100 100 100 100 100 100 100 100 100 100 100 100 100 100 100 100
100 100 100 100 100 100 100 100 100 100 100 100 100 100 100 100 100 100 100 100 100 100 100 100 100 100 100 100 100 100 100 100 100 100 100 100 100 100 100 100 100 100 100 100 100 100 100 100 100 100 100 100 100 100 100 100 100 100 100 100 100 100 100 100
100 100 100 100 100 100 100 100 100 100 100 100 100 100 100 100 100 100 100 100 100 100 100 100 100 100 100 100 100 100 100 100 100 100 100 100 100 100 100 100 100 100 100 100 100 100 100 100 100 100 100 100 100 100 100 100 100 100 100 100 100 100 100 100
100 100 100 100 100 100 100 100 100 100 100 100 100 100 100 100 100 100 100 100 100 100 100 100 100 100 100 100 100 100 100 100 100 100 100 100 100 100 100 100 100 100 100 100 100 100 100 100 100 100 100 100 100 100 100 100 100 100 100 100 100 100 100 100
100 100 100 100 100 100 100 100 100 100 100 100 100 100 100 100 100 100 100 100 100 100 100 100 100 100 100 100 100 100 100 100 100 100 100 100 100 100 100 100 100 100 100 100 100 100 100 100 100 100 100 100 100 100 100 100 100 100 100 100 100 100 100 100
100 100 100 100 100 100 100 100 100 100 100 100 100 100 100 100 100 100 100 100 100 100 100 100 100 100 100 100 100 100 100 100 100 100 100 100 100 100 100 100 100 100 100 100 100 100 100 100 100 100 100 100 100 100 100 100 100 100 100 100 100 100 100 100
100 100 100 100 100 100 100 100 100 100 100 100 100 100 100 100 100 100 100 100 100 100 100 100 100 100 100 100 100 100 100 100 100 100 100 100 100 100 100 100 100 100 100 100 100 100 100 100 100 100 100 100 100 100 100 100 100 100 100 100 100 100 100 100
100 100 100 100 100 100 100 100 100 100 100 100 100 100 100 100 100 100 100 100 100 100 100 100 100 100 100 100 100 100 100 100 100 100 100 100 100 100 100 100 100 100 100 100 100 100 100 100 100 100 100 100 100 100 100 100 100 100 100 100 100 100 100 100
100 100 100 100 100 100 100 100 100 100 100 100 100 100 100 100 100 100 100 100 100 100 100 100 100 100 100 100 100 100 100 100 100 100 100 100 100 100 100 100 100 100 100 100 100 100 100 100 100 100 100 100 100 100 100 100 100 100 100 100 100 100 100 100
100 100 100 100 100 100 100 100 100 100 100 100 100 100 100 100 100 100 100 100 100 100 100 100 100 100 100 100 100 100 100 100 100 100 100 100 100 100 100 100 100 100 100 100 100 100 100 100 100 100 100 100 100 100 100 100 100 100 100 100 100 100 100 100
100 100 100 100 100 100 100 100 100 100 100 100 100 100 100 100 100 100 100 100 100 100 100 100 100 100 100 100 100 100 100 100 100 100 100 100 100 100 100 100 100 100 100 100 100 100 100 100 100 100 100 100 100 100 100 100 100 100 100 100 100 100 100 100
100 100 100 100 100 100 100 100 100 100 100 100 100 100 100 100 100 100 100 100 100 100 100 100 100 100 100 100 100 100 100 100 100 100 100 100 100 100 100 100 100 100 100 100 100 100 100 100 100 100 100 100 100 100 100 100 100 100 100 100 100 100 100 100
100 100 100 100 100 100 100 100 100 100 100 100 100 100 100 100 100 100 100 100 100 100 100 100 100 100 100 100 100 100 100 100 100 100 100 100 100 100 100 100 100 100 100 100 100 100 100 100 100 100 100 100 100 100 100 100 100 100 100 100 100 100 100 100
100 100 100 100 100 100 100 100 100 100 100 100 100 100 100 100 100 100 100 100 100 100 100 100 100 100 100 100 100 100 100 100 100 100 100 100 100 100 100 100 100 100 100 100 100 100 100 100 100 100 100 100 100 100 100 100 100 100 100 100 100 100 100 100
100 100 100 100 100 100 100 100 100 100 100 100 100 100 100 100 100 100 100 100 100 100 100 100 100 100 100 100 100 100 100 100 100 100 100 100 100 100 100 100 100 100 100 100 100 100 100 100 100 100 100 100 100 100 100 100 100 100 100 100 100 100 100 100
100 100 100 100 100 100 100 100 100 100 100 100 100 100 100 100 100 100 100 100 100 100 100 100 100 100 100 100 100 100 100 100 100 100 100 100 100 100 100 100 100 100 100 100 100 100 100 100 100 100 100 100 100 100 100 100 100 100 100 100 100 100 100 100
100 100 100 100 100 100 100 100 100 100 100 100 100 100 100 100 100 100 100 100 100 100 100 100 100 100 100 100 100 100 100 100.00001089913505 100.00001089913505 100 100 100 100 100 100 100 100 100 100 100 100 100 100 100 100 100 100 100 100 100 100 100 100 100 100 100 100 100 100 100
100 100 100 100 100 100 100 100 100 100 100 100 100 100 100 100 100 100 100 100 100 100 100 100 100 100 100 100 100 100.00083923339844 100.16348702566965 100.78799656459265 100.76432364327567 100.16639709472656 100.0009482247489 100 100 100 100 100 100 100 100 100 100 100 100 100 100 100 100 100 100 100 100 100 100 100 100 100 100 100 100 100
100 100 100 100 100 100 100 100 100 100 100 100 100 100 100 100 100 100 100 100 100 100 100 100 100 100 100 100 100.01395089285715 105.41332789829799 129.70060076032368 142.29103088378906 142.63771057128906 129.64428492954801 105.43224879673549 100.0155966622489 100 100 100 100 100 100 100 100 100 100 100 100 100 100 100 100 100 100 100 100 100 100 100 100 100 100 100 100
100 100 100 100 100 100 100 100 100 100 100 100 100 100 100 100 100 100 100 100 100 100 100 100 100 100 100 100.03332955496653 115.48505510602679 151.99959891183036 127.58316040039064 91.164796011788511 94.554367065429688 126.71653747558595 151.78994315011161 115.61538696289064 100.03826686314174 100 100 100 100 100 100 100 100 100 100 100 100 100 100 100 100 100 100 100 100 100 100 100 100 100 100 100
100 100 100 100 100 100 100 100 100 100 100 100 100 100 100 100 100 100 100 100 100 100 100 100 100 100 100.03404889787947 114.77680751255581 164.1900852748326 76.309645516531816 48.788751874651233 45.484940665108823 45.555193764822825 48.982184273856028 75.350668770926347 163.46358163016185 114.99010358537947 100.0389644077846 100 100 100 100 100 100 100 100 100 100 100 100 100 100 100 100 100 100 100 100 100 100 100 100 100 100
100 100 100 100 100 100 100 100 100 100 100 100 100 100 100 100 100 100 100 100 100 100 100 100 100 100.01436505998885 115.41271754673549 163.64966256277904 60.989390781947549 48.499537876674111 51.283689226422993 53.252138410295764 53.322721208844868 51.302054268973215 48.416600908551899 60.958824157714851 163.93526349748885 115.58944702148439 100.01676286969867 100 100 100 100 100 100 100 100 100 100 100 100 100 100 100 100 100 100 100 100 100 100 100 100 100
100 100 100 100 100 100 100 100 100 100 100 100 100 100 100 100 100 100 100 100 100 100 100 100 100.00086103166853 105.39293561662947 152.09026881626676 76.827806745256694 48.519728524344309 54.84895978655134 63.176313127790181 68.558594839913511 68.594839913504472 63.156623840332038 54.824758257184712 48.513227190290181 75.188865661621094 151.40933445521765 105.62149047851562 100.00104631696429 100 100 100 100 100 100 100 100 100 100 100 100 100 100 100 100 100 100 100 100 100 100 100 100
100 100 100 100 100 100 100 100 100 100 100 100 100 100 100 100 100 100 100 100 100 100 100 100 100.15316554478237 129.26352364676339 128.7264905657087 49.279627118791858 51.302849905831479 63.141632080078132 76.721175057547441 87.806821550641743 87.736533028738847 76.680134364536841 63.195261274065295 51.416222708565854 49.42252567836217 128.64492143903462 129.35535975864957 100.15912737165179 100 100 100 100 100 100 100 100 100 100 100 100 100 100 100 100 100 100 100 100 100 100 100 100
100 100 100 100 100 100 100 100 100 100 100 100 100 100 100 100 100 100 100 100 100 100 100 100.00001089913505 100.76760428292411 142.78257097516743 94.134183611188618 45.345592498779297 53.200678144182483 68.553826468331479 87.828287397112177 104.26369803292411 104.12861415318081 87.750467572893427 68.655264718191972 53.465837751116077 45.803080967494424 93.814119611467646 142.39425659179688 100.74726649693081 100.00001089913505 100 100 100 100 100 100 100 100 100 100 100 100 100 100 100 100 100 100 100 100 100 100 100
100 100 100 100 100 100 100 100 100 100 100 100 100 100 100 100 100 100 100 100 100 100 100 100.00001089913505 100.74260166713171 142.34655107770649 94.136363438197549 45.800601414271767 53.335843767438618 68.58367919921875 87.774036952427466 104.23855372837612 104.21389988490515 87.815470014299677 68.681237357003354 53.413941519601011 45.693830762590686 91.072469438825337 142.27299281529019 100.82467215401786 100.00001089913505 100 100 100 100 100 100 100 100 100 100 100 100 100 100 100 100 100 100 100 100 100 100 100
100 100 100 100 100 100 100 100 100 100 100 100 100 100 100 100 100 100 100 100 100 100 100 100 100.15311104910715 129.29539271763394 127.30067661830358 49.290580749511719 51.233956473214292 63.131659371512278 76.688112531389507 87.803600856236059 87.804249354771216 76.758074079241069 63.216367449079243 51.237983703613281 48.52205548967634 125.88277544294085 130.06125313895089 100.17201014927456 100 100 100 100 100 100 100 100 100 100 100 100 100 100 100 100 100 100 100 100 100 100 100 100
100 100 100 100 100 100 100 100 100 100 100 100 100 100 100 100 100 100 100 100 100 100 100 100 100.00088282993862 105.34837995256697 152.37357003348214 76.329727172851562 48.22298322405134 54.729352678571431 63.135948181152351 68.496774945940288 68.648697989327573 63.173675537109382 54.693619864327573 48.327102661132812 75.635643005371094 152.18607221330916 105.40463038853237 100.00090462820872 100 100 100 100 100 100 100 100 100 100 100 100 100 100 100 100 100 100 100 100 100 100 100 100
100 100 100 100 100 100 100 100 100 100 100 100 100 100 100 100 100 100 100 100 100 100 100 100 100 100.01317705426898 115.02176557268416 164.90365164620536 61.905664716448108 48.343925476074219 51.185253688267302 53.196133204868865 53.382759094238281 51.247133527483264 48.218994140625 61.904869079589851 166.14222935267858 115.20411900111608 100.01484462193081 100 100 100 100 100 100 100 100 100 100 100 100 100 100 100 100 100 100 100 100 100 100 100 100 100
100 100 100 100 100 100 100 100 100 100 100 100 100 100 100 100 100 100 100 100 100 100 100 100 100 100 100.03543308803015 114.55114092145648 166.03387015206474 76.909114292689736 49.247545514787952 45.709762573242188 45.835554940359934 49.142543247767861 76.081096104213174 165.15325273786274 114.76353236607143 100.03529139927456 100 100 100 100 100 100 100 100 100 100 100 100 100 100 100 100 100 100 100 100 100 100 100 100 100 100
100 100 100 100 100 100 100 100 100 100 100 100 100 100 100 100 100 100 100 100 100 100 100 100 100 100 100 100.03170558384487 115.06711687360492 152.24348885672433 129.38125610351562 93.670567103794653 93.280792236328125 127.07703726632255 152.6342991420201 115.06136213030135 100.03414699009487 100 100 100 100 100 100 100 100 100 100 100 100 100 100 100 100 100 100 100 100 100 100 100 100 100 100 100
100 100 100 100 100 100 100 100 100 100 100 100 100 100 100 100 100 100 100 100 100 100 100 100 100 100 100 100 100.01558576311385 105.28621128627233 129.15566580636161 142.05795288085938 142.47544424874442 129.71613202776228 105.32924107142858 100.01518249511719 100 100 100 100 100 100 100 100 100 100 100 100 100 100 100 100 100 100 100 100 100 100 100 100 100 100 100 100
100 100 100 100 100 100 100 100 100 100 100 100 100 100 100 100 100 100 100 100 100 100 100 100 100 100 100 100 100 100.00081743512835 100.15286036900112 100.72125026157924 100.80361502511161 100.16275678362166 100.00088282993862 100 100 100 100 100 100 100 100 100 100 100 100 100 100 100 100 100 100 100 100 100 100 100 100 100 100 100 100 100
100 100 100 100 100 100 100 100 100 100 100 100 100 100 100 100 100 100 100 100 100 100 100 100 100 100 100 100 100 100 100 100.00001089913505 100.00001089913505 100 100 100 100 100 100 100 100 100 100 100 100 100 100 100 100 100 100 100 100 100 100 100 100 100 100 100 100 100 100 100
100 100 100 100 100 100 100 100 100 100 100 100 100 100 100 100 100 100 100 100 100 100 100 100 100 100 100 100 100 100 100 100 100 100 100 100 100 100 100 100 100 100 100 100 100 100 100 100 100 100 100 100 100 100 100 100 100 100 100 100 100 100 100 100
100 100 100 100 100 100 100 100 100 100 100 100 100 100 100 100 100 100 100 100 100 100 100 100 100 100 100 100 100 100 100 100 100 100 100 100 100 100 100 100 100 100 100 100 100 100 100 100 100 100 100 100 100 100 100 100 100 100 100 100 100 100 100 100
100 100 100 100 100 100 100 100 100 100 100 100 100 100 100 100 100 100 100 100 100 100 100 100 100 100 100 100 100 100 100 100 100 100 100 100 100 100 100 100 100 100 100 100 100 100 100 100 100 100 100 100 100 100 100 100 100 100 100 100 100 100 100 100
100 100 100 100 100 100 100 100 100 100 100 100 100 100 100 100 100 100 100 100 100 100 100 100 100 100 100 100 100 100 100 100 100 100 100 100 100 100 100 100 100 100 100 100 100 100 100 100 100 100 100 100 100 100 100 100 100 100 100 100 100 100 100 100
100 100 100 100 100 100 100 100 100 100 100 100 100 100 100 100 100 100 100 100 100 100 100 100 100 100 100 100 100 100 100 100 100 100 100 100 100 100 100 100 100 100 100 100 100 100 100 100 100 100 100 100 100 100 100 100 100 100 100 100 100 100 100 100
100 100 100 100 100 100 100 100 100 100 100 100 100 100 100 100 100 100 100 100 100 100 100 100 100 100 100 100 100 100 100 100 100 100 100 100 100 100 100 100 100 100 100 100 100 100 100 100 100 100 100 100 100 100 100 100 100 100 100 100 100 100 100 100
100 100 100 100 100 100 100 100 100 100 100 100 100 100 100 100 100 100 100 100 100 100 100 100 100 100 100 100 100 100 100 100 100 100 100 100 100 100 100 100 100 100 100 100 100 100 100 100 100 100 100 100 100 100 100 100 100 100 100 100 100 100 100 100
100 100 100 100 100 100 100 100 100 100 100 100 100 100 100 100 100 100 100 100 100 100 100 100 100 100 100 100 100 100 100 100 100 100 100 100 100 100 100 100 100 100 100 100 100 100 100 100 100 100 100 100 100 100 100 100 100 100 100 100 100 100 100 100
100 100 100 100 100 100 100 100 100 100 100 100 100 100 100 100 100 100 100 100 100 100 100 100 100 100 100 100 100 100 100 100 100 100 100 100 100 100 100 100 100 100 100 100 100 100 100 100 100 100 100 100 100 100 100 100 100 100 100 100 100 100 100 100
100 100 100 100 100 100 100 100 100 100 100 100 100 100 100 100 100 100 100 100 100 100 100 100 100 100 100 100 100 100 100 100 100 100 100 100 100 100 100 100 100 100 100 100 100 100 100 100 100 100 100 100 100 100 100 100 100 100 100 100 100 100 100 100
100 100 100 100 100 100 100 100 100 100 100 100 100 100 100 100 100 100 100 100 100 100 100 100 100 100 100 100 100 100 100 100 100 100 100 100 100 100 100 100 100 100 100 100 100 100 100 100 100 100 100 100 100 100 100 100 100 100 100 100 100 100 100 100
100 100 100 100 100 100 100 100 100 100 100 100 100 100 100 100 100 100 100 100 100 100 100 100 100 100 100 100 100 100 100 100 100 100 100 100 100 100 100 100 100 100 100 100 100 100 100 100 100 100 100 100 100 100 100 100 100 100 100 100 100 100 100 100
100 100 100 100 100 100 100 100 100 100 100 100 100 100 100 100 100 100 100 100 100 100 100 100 100 100 100 100 100 100 100 100 100 100 100 100 100 100 100 100 100 100 100 100 100 100 100 100 100 100 100 100 100 100 100 100 100 100 100 100 100 100 100 100
100 100 100 100 100 100 100 100 100 100 100 100 100 100 100 100 100 100 100 100 100 100 100 100 100 100 100 100 100 100 100 100 100 100 100 100 100 100 100 100 100 100 100 100 100 100 100 100 100 100 100 100 100 100 100 100 100 100 100 100 100 100 100 100
100 100 100 100 100 100 100 100 100 100 100 100 100 100 100 100 100 100 100 100 100 100 100 100 100 100 100 100 100 100 100 100 100 100 100 100 100 100 100 100 100 100 100 100 100 100 100 100 100 100 100 100 100 100 100 100 100 100 100 100 100 100 100 100
100 100 100 100 100 100 100 100 100 100 100 100 100 100 100 100 100 100 100 100 100 100 100 100 100 100 100 100 100 100 100 100 100 100 100 100 100 100 100 100 100 100 100 100 100 100 100 100 100 100 100 100 100 100 100 100 100 100 100 100 100 100 100 100
100 100 100 100 100 100 100 100 100 100 100 100 100 100 100 100 100 100 100 100 100 100 100 100 100 100 100 100 100 100 100 100 100 100 100 100 100 100 100 100 100 100 100 100 100 100 100 100 100 100 100 100 100 100 100 100 100 100 100 100 100 100 100 100
100 100 100 100 100 100 100 100 100 100 100 100 100 100 100 100 100 100 100 100 100 100 100 100 100 100 100 100 100 100 100 100 100 100 100 100 100 100 100 100 100 100 100 100 100 100 100 100 100 100 100 100 100 100 100 100 100 100 100 100 100 100 100 100
100 100 100 100 100 100 100 100 100 100 100 100 100 100 100 100 100 100 100 100 100 100 100 100 100 100 100 100 100 100 100 100 100 100 100 100 100 100 100 100 100 100 100 100 100 100 100 100 100 100 100 100 100 100 100 100 100 100 100 100 100 100 100 100
100 100 100 100 100 100 100 100 100 100 100 100 100 100 100 100 100 100 100 100 100 100 100 100 100 100 100 100 100 100 100 100 100 100 100 100 100 100 100 100 100 100 100 100 100 100 100 100 100 100 100 100 100 100 100 100 100 100 100 100 100 100 100 100
100 100 100 100 100 100 100 100 100 100 100 100 100 100 100 100 100 100 100 100 100 100 100 100 100 100 100 100 100 100 100 100 100 100 100 100 100 100 100 100 100 100 100 100 100 100 100 100 100 100 100 100 100 100 100 100 100 100 100 100 100 100 100 100
100 100 100 100 100 100 100 100 100 100 100 100 100 100 100 100 100 100 100 100 100 100 100 100 100 100 100 100 100 100 100 100 100 100 100 100 100 100 100 100 100 100 100 100 100 100 100 100 100 100 100 100 100 100 100 100 100 100 100 100 100 100 100 100
100 100 100 100 100 100 100 100 100 100 100 100 100 100 100 100 100 100 100 100 100 100 100 100 100 100 100 100 100 100 100 100 100 100 100 100 100 100 100 100 100 100 100 100 100 100 100 100 100 100 100 100 100 100 100 100 100 100 100 100 100 100 100 100
@ xhp_0 64 64
9.4830948000890203e-06 9.4830948000890203e-06 9.4830948000890203e-06 9.4830948000890203e-06 9.4830948000890203e-06 9.4830948000890203e-06 9.4830948000890203e-06 9.4830948000890203e-06 9.4830948000890203e-06 9.4830948000890203e-06 9.4830948000890203e-06 9.4830948000890203e-06 9.4830948000890203e-06 9.4830948000890203e-06 9.4830948000890203e-06 9.4830948000890203e-06 9.4830948000890203e-06 9.4830948000890203e-06 9.4830948000890203e-06 9.4830948000890203e-06 9.4830948000890203e-06 9.4830948000890203e-06 9.4830948000890203e-06 9.4830948000890203e-06 9.4830948000890203e-06 9.4830948000890203e-06 9.4830948000890203e-06 9.4830948000890203e-06 9.4830948000890203e-06 9.4830948000890203e-06 9.4830948000890203e-06 9.4830948000890203e-06 9.4830948000890203e-06 9.4830948000890203e-06 9.4830948000890203e-06 9.4830948000890203e-06 9.4830948000890203e-06 9.4830948000890203e-06 9.4830948000890203e-06 9.4830948000890203e-06 9.4830948000890203e-06 9.4830948000890203e-06 9.4830948000890203e-06 9.4830948000890203e-06 9.4830948000890203e-06 9.4830948000890203e-06 9.4830948000890203e-06 9.4830948000890203e-06 9.4830948000890203e-06 9.4830948000890203e-06 9.4830948000890203e-06 9.4830948000890203e-06 9.4830948000890203e-06 9.4830948000890203e-06 9.4830948000890203e-06 9.4830948000890203e-06 9.4830948000890203e-06 9.4830948000890203e-06 9.4830948000890203e-06 9.4830948000890203e-06 9.4830948000890203e-06 9.4830948000890203e-06 9.4830948000890203e-06 9.4830948000890203e-06
9.4830948000890203e-06 9.4830948000890203e-06 9.4830948000890203e-06 9.4830948000890203e-06 9.4830948000890203e-06 9.4830948000890203e-06 9.4830948000890203e-06 9.4830948000890203e-06 9.4830948000890203e-06 9.4830948000890203e-06 9.4830948000890203e-06 9.4830948000890203e-06 9.4830948000890203e-06 9.4830948000890203e-06 9.4830948000890203e-06 9.4830948000890203e-06 9.4830948000890203e-06 9.4830948000890203e-06 9.4830948000890203e-06 9.4830948000890203e-06 9.4830948000890203e-06 9.4830948000890203e-06 9.4830948000890203e-06 9.4830948000890203e-06 9.4830948000890203e-06 9.4830948000890203e-06 9.4830948000890203e-06 9.4830948000890203e-06 9.4830948000890203e-06 9.4830948000890203e-06 9.4830948000890203e-06 9.4830948000890203e-06 9.4830948000890203e-06 9.4830948000890203e-06 9.4830948000890203e-06 9.4830948000890203e-06 9.4830948000890203e-06 9.4830948000890203e-06 9.4830948000890203e-06 9.4830948000890203e-06 9.4830948000890203e-06 9.4830948000890203e-06 9.4830948000890203e-06 9.4830948000890203e-06 9.4830948000890203e-06 9.4830948000890203e-06 9.4830948000890203e-06 9.4830948000890203e-06 9.4830948000890203e-06 9.4830948000890203e-06 9.4830948000890203e-06 9.4830948000890203e-06 9.4830948000890203e-06 9.4830948000890203e-06 9.4830948000890203e-06 9.4830948000890203e-06 9.4830948000890203e-06 9.4830948000890203e-06 9.4830948000890203e-06 9.4830948000890203e-06 9.4830948000890203e-06 9.4830948000890203e-06 9.4830948000890203e-06 9.4830948000890203e-06
9.4830948000890203e-06 9.4830948000890203e-06 9.4830948000890203e-06 9.4830948000890203e-06 9.4830948000890203e-06 9.4830948000890203e-06 9.4830948000890203e-06 9.4830948000890203e-06 9.4830948000890203e-06 9.4830948000890203e-06 9.4830948000890203e-06 9.4830948000890203e-06 9.4830948000890203e-06 9.4830948000890203e-06 9.4830948000890203e-06 9.4830948000890203e-06 9.4830948000890203e-06 9.4830948000890203e-06 9.4830948000890203e-06 9.4830948000890203e-06 9.4830948000890203e-06 9.4830948000890203e-06 9.4830948000890203e-06 9.4830948000890203e-06 9.4830948000890203e-06 9.4830948000890203e-06 9.4830948000890203e-06 9.4830948000890203e-06 9.4830948000890203e-06 9.4830948000890203e-06 9.4830948000890203e-06 9.4830948000890203e-06 9.4830948000890203e-06 9.4830948000890203e-06 9.4830948000890203e-06 9.4830948000890203e-06 9.4830948000890203e-06 9.4830948000890203e-06 9.4830948000890203e-06 9.4830948000890203e-06 9.4830948000890203e-06 9.4830948000890203e-06 9.4830948000890203e-06 9.4830948000890203e-06 9.4830948000890203e-06 9.4830948000890203e-06 9.4830948000890203e-06 9.4830948000890203e-06 9.4830948000890203e-06 9.4830948000890203e-06 9.4830948000890203e-06 9.4830948000890203e-06 9.4830948000890203e-06 9.4830948000890203e-06 9.4830948000890203e-06 9.4830948000890203e-06 9.4830948000890203e-06 9.4830948000890203e-06 9.4830948000890203e-06 9.4830948000890203e-06 9.4830948000890203e-06 9.4830948000890203e-06 9.4830948000890203e-06 9.4830948000890203e-06
9.4830948000890203e-06 9.4830948000890203e-06 9.4830948000890203e-06 9.4830948000890203e-06 9.4830948000890203e-06 9.4830948000890203e-06 9.4830948000890203e-06 9.4830948000890203e-06 9.4830948000890203e-06 9.4830948000890203e-06 9.4830948000890203e-06 9.4830948000890203e-06 9.4830948000890203e-06 9.4830948000890203e-06 9.4830948000890203e-06 9.4830948000890203e-06 9.4830948000890203e-06 9.4830948000890203e-06 9.4830948000890203e-06 9.4830948000890203e-06 9.4830948000890203e-06 9.4830948000890203e-06 9.4830948000890203e-06 9.4830948000890203e-06 9.4830948000890203e-06 9.4830948000890203e-06 9.4830948000890203e-06 9.4830948000890203e-06 9.4830948000890203e-06 9.4830948000890203e-06 9.4830948000890203e-06 9.4830948000890203e-06 9.4830948000890203e-06 9.4830948000890203e-06 9.4830948000890203e-06 9.4830948000890203e-06 9.4830948000890203e-06 9.4830948000890203e-06 9.4830948000890203e-06 9.4830948000890203e-06 9.4830948000890203e-06 9.4830948000890203e-06 9.4830948000890203e-06 9.4830948000890203e-06 9.4830948000890203e-06 9.4830948000890203e-06 9.4830948000890203e-06 9.4830948000890203e-06 9.4830948000890203e-06 9.4830948000890203e-06 9.4830948000890203e-06 9.4830948000890203e-06 9.4830948000890203e-06 9.4830948000890203e-06 9.4830948000890203e-06 9.4830948000890203e-06 9.4830948000890203e-06 9.4830948000890203e-06 9.4830948000890203e-06 9.4830948000890203e-06 9.4830948000890203e-06 9.4830948000890203e-06 9.4830948000890203e-06 9.4830948000890203e-06
9.4830948000890203e-06 9.4830948000890203e-06 9.4830948000890203e-06 9.4830948000890203e-06 9.4830948000890203e-06 9.4830948000890203e-06 9.4830948000890203e-06 9.4830948000890203e-06 9.4830948000890203e-06 9.4830948000890203e-06 9.4830948000890203e-06 9.4830948000890203e-06 9.4830948000890203e-06 9.4830948000890203e-06 9.4830948000890203e-06 9.4830948000890203e-06 9.4830948000890203e-06 9.4830948000890203e-06 9.4830948000890203e-06 9.4830948000890203e-06 9.4830948000890203e-06 9.4830948000890203e-06 9.4830948000890203e-06 9.4830948000890203e-06 9.4830948000890203e-06 9.4830948000890203e-06 9.4830948000890203e-06 9.4830948000890203e-06 9.4830948000890203e-06 9.4830948000890203e-06 9.4830948000890203e-06 9.4830948000890203e-06 9.4830948000890203e-06 9.4830948000890203e-06 9.4830948000890203e-06 9.4830948000890203e-06 9.4830948000890203e-06 9.4830948000890203e-06 9.4830948000890203e-06 9.4830948000890203e-06 9.4830948000890203e-06 9.4830948000890203e-06 9.4830948000890203e-06 9.4830948000890203e-06 9.4830948000890203e-06 9.4830948000890203e-06 9.4830948000890203e-06 9.4830948000890203e-06 9.4830948000890203e-06 9.4830948000890203e-06 9.4830948000890203e-06 9.4830948000890203e-06 9.4830948000890203e-06 9.4830948000890203e-06 9.4830948000890203e-06 9.4830948000890203e-06 9.4830948000890203e-06 9.4830948000890203e-06 9.4830948000890203e-06 9.4830948000890203e-06 9.4830948000890203e-06 9.4830948000890203e-06 9.4830948000890203e-06 9.4830948000890203e-06
9.4830948000890203e-06 9.4830948000890203e-06 9.4830948000890203e-06 9.4830948000890203e-06 9.4830948000890203e-06 9.4830948000890203e-06 9.4830948000890203e-06 9.4830948000890203e-06 9.4830948000890203e-06 9.4830948000890203e-06 9.4830948000890203e-06 9.4830948000890203e-06 9.4830948000890203e-06 9.4830948000890203e-06 9.4830948000890203e-06 9.4830948000890203e-06 9.4830948000890203e-06 9.4830948000890203e-06 9.4830948000890203e-06 9.4830948000890203e-06 9.4830948000890203e-06 9.4830948000890203e-06 9.4830948000890203e-06 9.4830948000890203e-06 9.4830948000890203e-06 9.4830948000890203e-06 9.4830948000890203e-06 9.4830948000890203e-06 9.4830948000890203e-06 9.4830948000890203e-06 9.4830948000890203e-06 9.4830948000890203e-06 9.4830948000890203e-06 9.4830948000890203e-06 9.4830948000890203e-06 9.4830948000890203e-06 9.4830948000890203e-06 9.4830948000890203e-06 9.4830948000890203e-06 9.4830948000890203e-06 9.4830948000890203e-06 9.4830948000890203e-06 9.4830948000890203e-06 9.4830948000890203e-06 9.4830948000890203e-06 9.4830948000890203e-06 9.4830948000890203e-06 9.4830948000890203e-06 9.4830948000890203e-06 9.4830948000890203e-06 9.4830948000890203e-06 9.4830948000890203e-06 9.4830948000890203e-06 9.4830948000890203e-06 9.4830948000890203e-06 9.4830948000890203e-06 9.4830948000890203e-06 9.4830948000890203e-06 9.4830948000890203e-06 9.4830948000890203e-06 9.4830948000890203e-06 9.4830948000890203e-06 9.4830948000890203e-06 9.4830948000890203e-06
9.4830948000890203e-06 9.4830948000890203e-06 9.4830948000890203e-06 9.4830948000890203e-06 9.4830948000890203e-06 9.4830948000890203e-06 9.4830948000890203e-06 9.4830948000890203e-06 9.4830948000890203e-06 9.4830948000890203e-06 9.4830948000890203e-06 9.4830948000890203e-06 9.4830948000890203e-06 9.4830948000890203e-06 9.4830948000890203e-06 9.4830948000890203e-06 9.4830948000890203e-06 9.4830948000890203e-06 9.4830948000890203e-06 9.4830948000890203e-06 9.4830948000890203e-06 9.4830948000890203e-06 9.4830948000890203e-06 9.4830948000890203e-06 9.4830948000890203e-06 9.4830948000890203e-06 9.4830948000890203e-06 9.4830948000890203e-06 9.4830948000890203e-06 9.4830948000890203e-06 9.4830948000890203e-06 9.4830948000890203e-06 9.4830948000890203e-06 9.4830948000890203e-06 9.4830948000890203e-06 9.4830948000890203e-06 9.4830948000890203e-06 9.4830948000890203e-06 9.4830948000890203e-06 9.4830948000890203e-06 9.4830948000890203e-06 9.4830948000890203e-06 9.4830948000890203e-06 9.4830948000890203e-06 9.4830948000890203e-06 9.4830948000890203e-06 9.4830948000890203e-06 9.4830948000890203e-06 9.4830948000890203e-06 9.4830948000890203e-06 9.4830948000890203e-06 9.4830948000890203e-06 9.4830948000890203e-06 9.4830948000890203e-06 9.4830948000890203e-06 9.4830948000890203e-06 9.4830948000890203e-06 9.4830948000890203e-06 9.4830948000890203e-06 9.4830948000890203e-06 9.4830948000890203e-06 9.4830948000890203e-06 9.4830948000890203e-06 9.4830948000890203e-06
9.4830948000890203e-06 9.4830948000890203e-06 9.4830948000890203e-06 9.4830948000890203e-06 9.4830948000890203e-06 9.4830948000890203e-06 9.4830948000890203e-06 9.4830948000890203e-06 9.4830948000890203e-06 9.4830948000890203e-06 9.4830948000890203e-06 9.4830948000890203e-06 9.4830948000890203e-06 9.4830948000890203e-06 9.4830948000890203e-06 9.4830948000890203e-06 9.4830948000890203e-06 9.4830948000890203e-06 9.4830948000890203e-06 9.4830948000890203e-06 9.4830948000890203e-06 9.4830948000890203e-06 9.4830948000890203e-06 9.4830948000890203e-06 9.4830948000890203e-06 9.4830948000890203e-06 9.4830948000890203e-06 9.4830948000890203e-06 9.4830948000890203e-06 9.4830948000890203e-06 9.4830948000890203e-06 9.4830948000890203e-06 9.4830948000890203e-06 9.4830948000890203e-06 9.4830948000890203e-06 9.4830948000890203e-06 9.4830948000890203e-06 9.4830948000890203e-06 9.4830948000890203e-06 9.4830948000890203e-06 9.4830948000890203e-06 9.4830948000890203e-06 9.4830948000890203e-06 9.4830948000890203e-06 9.4830948000890203e-06 9.4830948000890203e-06 9.4830948000890203e-06 9.4830948000890203e-06 9.4830948000890203e-06 9.4830948000890203e-06 9.4830948000890203e-06 9.4830948000890203e-06 9.4830948000890203e-06 9.4830948000890203e-06 9.4830948000890203e-06 9.4830948000890203e-06 9.4830948000890203e-06 9.4830948000890203e-06 9.4830948000890203e-06 9.4830948000890203e-06 9.4830948000890203e-06 9.4830948000890203e-06 9.4830948000890203e-06 9.4830948000890203e-06
9.4830948000890203e-06 9.4830948000890203e-06 9.4830948000890203e-06 9.4830948000890203e-06 9.4830948000890203e-06 9.4830948000890203e-06 9.4830948000890203e-06 9.4830948000890203e-06 9.4830948000890203e-06 9.4830948000890203e-06 9.4830948000890203e-06 9.4830948000890203e-06 9.4830948000890203e-06 9.4830948000890203e-06 9.4830948000890203e-06 9.4830948000890203e-06 9.4830948000890203e-06 9.4830948000890203e-06 9.4830948000890203e-06 9.4830948000890203e-06 9.4830948000890203e-06 9.4830948000890203e-06 9.4830948000890203e-06 9.4830948000890203e-06 9.4830948000890203e-06 9.4830948000890203e-06 9.4830948000890203e-06 9.4830948000890203e-06 9.4830948000890203e-06 9.4830948000890203e-06 9.4830948000890203e-06 9.4830948000890203e-06 9.4830948000890203e-06 9.4830948000890203e-06 9.4830948000890203e-06 9.4830948000890203e-06 9.4830948000890203e-06 9.4830948000890203e-06 9.4830948000890203e-06 9.4830948000890203e-06 9.4830948000890203e-06 9.4830948000890203e-06 9.4830948000890203e-06 9.4830948000890203e-06 9.4830948000890203e-06 9.4830948000890203e-06 9.4830948000890203e-06 9.4830948000890203e-06 9.4830948000890203e-06 9.4830948000890203e-06 9.4830948000890203e-06 9.4830948000890203e-06 9.4830948000890203e-06 9.4830948000890203e-06 9.4830948000890203e-06 9.4830948000890203e-06 9.4830948000890203e-06 9.4830948000890203e-06 9.4830948000890203e-06 9.4830948000890203e-06 9.4830948000890203e-06 9.4830948000890203e-06 9.4830948000890203e-06 9.4830948000890203e-06
9.4830948000890203e-06 9.4830948000890203e-06 9.4830948000890203e-06 9.4830948000890203e-06 9.4830948000890203e-06 9.4830948000890203e-06 9.4830948000890203e-06 9.4830948000890203e-06 9.4830948000890203e-06 9.4830948000890203e-06 9.4830948000890203e-06 9.4830948000890203e-06 9.4830948000890203e-06 9.4830948000890203e-06 9.4830948000890203e-06 9.4830948000890203e-06 9.4830948000890203e-06 9.4830948000890203e-06 9.4830948000890203e-06 9.4830948000890203e-06 9.4830948000890203e-06 9.4830948000890203e-06 9.4830948000890203e-06 9.4830948000890203e-06 9.4830948000890203e-06 9.4830948000890203e-06 9.4830948000890203e-06 9.4830948000890203e-06 9.4830948000890203e-06 9.4830948000890203e-06 9.4830948000890203e-06 9.4830948000890203e-06 9.4830948000890203e-06 9.4830948000890203e-06 9.4830948000890203e-06 9.4830948000890203e-06 9.4830948000890203e-06 9.4830948000890203e-06 9.4830948000890203e-06 9.4830948000890203e-06 9.4830948000890203e-06 9.4830948000890203e-06 9.4830948000890203e-06 9.4830948000890203e-06 9.4830948000890203e-06 9.4830948000890203e-06 9.4830948000890203e-06 9.4830948000890203e-06 9.4830948000890203e-06 9.4830948000890203e-06 9.4830948000890203e-06 9.4830948000890203e-06 9.4830948000890203e-06 9.4830948000890203e-06 9.4830948000890203e-06 9.4830948000890203e-06 9.4830948000890203e-06 9.4830948000890203e-06 9.4830948000890203e-06 9.4830948000890203e-06 9.4830948000890203e-06 9.4830948000890203e-06 9.4830948000890203e-06 9.4830948000890203e-06
9.4830948000890203e-06 9.4830948000890203e-06 9.4830948000890203e-06 9.4830948000890203e-06 9.4830948000890203e-06 9.4830948000890203e-06 9.4830948000890203e-06 9.4830948000890203e-06 9.4830948000890203e-06 9.4830948000890203e-06 9.4830948000890203e-06 9.4830948000890203e-06 9.4830948000890203e-06 9.4830948000890203e-06 9.4830948000890203e-06 9.4830948000890203e-06 9.4830948000890203e-06 9.4830948000890203e-06 9.4830948000890203e-06 9.4830948000890203e-06 9.4830948000890203e-06 9.4830948000890203e-06 9.4830948000890203e-06 9.4830948000890203e-06 9.4830948000890203e-06 9.4830948000890203e-06 9.4830948000890203e-06 9.4830948000890203e-06 9.4830948000890203e-06 9.4830948000890203e-06 9.4830948000890203e-06 9.4830948000890203e-06 9.4830948000890203e-06 9.4830948000890203e-06 9.4830948000890203e-06 9.4830948000890203e-06 9.4830948000890203e-06 9.4830948000890203e-06 9.4830948000890203e-06 9.4830948000890203e-06 9.4830948000890203e-06 9.4830948000890203e-06 9.4830948000890203e-06 9.4830948000890203e-06 9.4830948000890203e-06 9.4830948000890203e-06 9.4830948000890203e-06 9.4830948000890203e-06 9.4830948000890203e-06 9.4830948000890203e-06 9.4830948000890203e-06 9.4830948000890203e-06 9.4830948000890203e-06 9.4830948000890203e-06 9.4830948000890203e-06 9.4830948000890203e-06 9.4830948000890203e-06 9.4830948000890203e-06 9.4830948000890203e-06 9.4830948000890203e-06 9.4830948000890203e-06 9.4830948000890203e-06 9.4830948000890203e-06 9.4830948000890203e-06
9.4830948000890203e-06 9.4830948000890203e-06 9.4830948000890203e-06 9.4830948000890203e-06 9.4830948000890203e-06 9.4830948000890203e-06 9.4830948000890203e-06 9.4830948000890203e-06 9.4830948000890203e-06 9.4830948000890203e-06 9.4830948000890203e-06 9.4830948000890203e-06 9.4830948000890203e-06 9.4830948000890203e-06 9.4830948000890203e-06 9.4830948000890203e-06 9.4830948000890203e-06 9.4830948000890203e-06 9.4830948000890203e-06 9.4830948000890203e-06 9.4830948000890203e-06 9.4830948000890203e-06 9.4830948000890203e-06 9.4830948000890203e-06 9.4830948000890203e-06 9.4830948000890203e-06 9.4830948000890203e-06 9.4830948000890203e-06 9.4830948000890203e-06 9.4830948000890203e-06 9.4830948000890203e-06 9.4830948000890203e-06 9.4830948000890203e-06 9.4830948000890203e-06 9.4830948000890203e-06 9.4830948000890203e-06 9.4830948000890203e-06 9.4830948000890203e-06 9.4830948000890203e-06 9.4830948000890203e-06 9.4830948000890203e-06 9.4830948000890203e-06 9.4830948000890203e-06 9.4830948000890203e-06 9.4830948000890203e-06 9.4830948000890203e-06 9.4830948000890203e-06 9.4830948000890203e-06 9.4830948000890203e-06 9.4830948000890203e-06 9.4830948000890203e-06 9.4830948000890203e-06 9.4830948000890203e-06 9.4830948000890203e-06 9.4830948000890203e-06 9.4830948000890203e-06 9.4830948000890203e-06 9.4830948000890203e-06 9.4830948000890203e-06 9.4830948000890203e-06 9.4830948000890203e-06 9.4830948000890203e-06 9.4830948000890203e-06 9.4830948000890203e-06
9.4830948000890203e-06 9.4830948000890203e-06 9.4830948000890203e-06 9.4830948000890203e-06 9.4830948000890203e-06 9.4830948000890203e-06 9.4830948000890203e-06 9.4830948000890203e-06 9.4830948000890203e-06 9.4830948000890203e-06 9.4830948000890203e-06 9.4830948000890203e-06 9.4830948000890203e-06 9.4830948000890203e-06 9.4830948000890203e-06 9.4830948000890203e-06 9.4830948000890203e-06 9.4830948000890203e-06 9.4830948000890203e-06 9.4830948000890203e-06 9.4830948000890203e-06 9.4830948000890203e-06 9.4830948000890203e-06 9.4830948000890203e-06 9.4830948000890203e-06 9.4830948000890203e-06 9.4830948000890203e-06 9.4830948000890203e-06 9.4830948000890203e-06 9.4830948000890203e-06 9.4830948000890203e-06 9.4830948000890203e-06 9.4830948000890203e-06 9.4830948000890203e-06 9.4830948000890203e-06 9.4830948000890203e-06 9.4830948000890203e-06 9.4830948000890203e-06 9.4830948000890203e-06 9.4830948000890203e-06 9.4830948000890203e-06 9.4830948000890203e-06 9.4830948000890203e-06 9.4830948000890203e-06 9.4830948000890203e-06 9.4830948000890203e-06 9.4830948000890203e-06 9.4830948000890203e-06 9.4830948000890203e-06 9.4830948000890203e-06 9.4830948000890203e-06 9.4830948000890203e-06 9.4830948000890203e-06 9.4830948000890203e-06 9.4830948000890203e-06 9.4830948000890203e-06 9.4830948000890203e-06 9.4830948000890203e-06 9.4830948000890203e-06 9.4830948000890203e-06 9.4830948000890203e-06 9.4830948000890203e-06 9.4830948000890203e-06 9.4830948000890203e-06
9.4830948000890203e-06 9.4830948000890203e-06 9.4830948000890203e-06 9.4830948000890203e-06 9.4830948000890203e-06 9.4830948000890203e-06 9.4830948000890203e-06 9.4830948000890203e-06 9.4830948000890203e-06 9.4830948000890203e-06 9.4830948000890203e-06 9.4830948000890203e-06 9.4830948000890203e-06 9.4830948000890203e-06 9.4830948000890203e-06 9.4830948000890203e-06 9.4830948000890203e-06 9.4830948000890203e-06 9.4830948000890203e-06 9.4830948000890203e-06 9.4830948000890203e-06 9.4830948000890203e-06 9.4830948000890203e-06 9.4830948000890203e-06 9.4830948000890203e-06 9.4830948000890203e-06 9.4830948000890203e-06 9.4830948000890203e-06 9.4830948000890203e-06 9.4830948000890203e-06 9.4830948000890203e-06 9.4830948000890203e-06 9.4830948000890203e-06 9.4830948000890203e-06 9.4830948000890203e-06 9.4830948000890203e-06 9.4830948000890203e-06 9.4830948000890203e-06 9.4830948000890203e-06 9.4830948000890203e-06 9.4830948000890203e-06 9.4830948000890203e-06 9.4830948000890203e-06 9.4830948000890203e-06 9.4830948000890203e-06 9.4830948000890203e-06 9.4830948000890203e-06 9.4830948000890203e-06 9.4830948000890203e-06 9.4830948000890203e-06 9.4830948000890203e-06 9.4830948000890203e-06 9.4830948000890203e-06 9.4830948000890203e-06 9.4830948000890203e-06 9.4830948000890203e-06 9.4830948000890203e-06 9.4830948000890203e-06 9.4830948000890203e-06 9.4830948000890203e-06 9.4830948000890203e-06 9.4830948000890203e-06 9.4830948000890203e-06 9.4830948000890203e-06
9.4830948000890203e-06 9.4830948000890203e-06 9.4830948000890203e-06 9.4830948000890203e-06 9.4830948000890203e-06 9.4830948000890203e-06 9.4830948000890203e-06 9.4830948000890203e-06 9.4830948000890203e-06 9.4830948000890203e-06 9.4830948000890203e-06 9.4830948000890203e-06 9.4830948000890203e-06 9.4830948000890203e-06 9.4830948000890203e-06 9.4830948000890203e-06 9.4830948000890203e-06 9.4830948000890203e-06 9.4830948000890203e-06 9.4830948000890203e-06 9.4830948000890203e-06 9.4830948000890203e-06 9.4830948000890203e-06 9.4830948000890203e-06 9.4830948000890203e-06 9.4830948000890203e-06 9.4830948000890203e-06 9.4830948000890203e-06 9.4830948000890203e-06 9.4830948000890203e-06 9.4830948000890203e-06 9.4830948000890203e-06 9.4830948000890203e-06 9.4830948000890203e-06 9.4830948000890203e-06 9.4830948000890203e-06 9.4830948000890203e-06 9.4830948000890203e-06 9.4830948000890203e-06 9.4830948000890203e-06 9.4830948000890203e-06 9.4830948000890203e-06 9.4830948000890203e-06 9.4830948000890203e-06 9.4830948000890203e-06 9.4830948000890203e-06 9.4830948000890203e-06 9.4830948000890203e-06 9.4830948000890203e-06 9.4830948000890203e-06 9.4830948000890203e-06 9.4830948000890203e-06 9.4830948000890203e-06 9.4830948000890203e-06 9.4830948000890203e-06 9.4830948000890203e-06 9.4830948000890203e-06 9.4830948000890203e-06 9.4830948000890203e-06 9.4830948000890203e-06 9.4830948000890203e-06 9.4830948000890203e-06 9.4830948000890203e-06 9.4830948000890203e-06
9.4830948000890203e-06 9.4830948000890203e-06 9.4830948000890203e-06 9.4830948000890203e-06 9.4830948000890203e-06 9.4830948000890203e-06 9.4830948000890203e-06 9.4830948000890203e-06 9.4830948000890203e-06 9.4830948000890203e-06 9.4830948000890203e-06 9.4830948000890203e-06 9.4830948000890203e-06 9.4830948000890203e-06 9.4830948000890203e-06 9.4830948000890203e-06 9.4830948000890203e-06 9.4830948000890203e-06 9.4830948000890203e-06 9.4830948000890203e-06 9.4830948000890203e-06 9.4830948000890203e-06 9.4830948000890203e-06 9.4830948000890203e-06 9.4830948000890203e-06 9.4830948000890203e-06 9.4830948000890203e-06 9.4830948000890203e-06 9.4830948000890203e-06 9.4830948000890203e-06 9.4830948000890203e-06 9.4830948000890203e-06 9.4830948000890203e-06 9.4830948000890203e-06 9.4830948000890203e-06 9.4830948000890203e-06 9.4830948000890203e-06 9.4830948000890203e-06 9.4830948000890203e-06 9.4830948000890203e-06 9.4830948000890203e-06 9.4830948000890203e-06 9.4830948000890203e-06 9.4830948000890203e-06 9.4830948000890203e-06 9.4830948000890203e-06 9.4830948000890203e-06 9.4830948000890203e-06 9.4830948000890203e-06 9.4830948000890203e-06 9.4830948000890203e-06 9.4830948000890203e-06 9.4830948000890203e-06 9.4830948000890203e-06 9.4830948000890203e-06 9.4830948000890203e-06 9.4830948000890203e-06 9.4830948000890203e-06 9.4830948000890203e-06 9.4830948000890203e-06 9.4830948000890203e-06 9.4830948000890203e-06 9.4830948000890203e-06 9.4830948000890203e-06
9.4830948000890203e-06 9.4830948000890203e-06 9.4830948000890203e-06 9.4830948000890203e-06 9.4830948000890203e-06 9.4830948000890203e-06 9.4830948000890203e-06 9.4830948000890203e-06 9.4830948000890203e-06 9.4830948000890203e-06 9.4830948000890203e-06 9.4830948000890203e-06 9.4830948000890203e-06 9.4830948000890203e-06 9.4830948000890203e-06 9.4830948000890203e-06 9.4830948000890203e-06 9.4830948000890203e-06 9.4830948000890203e-06 9.4830948000890203e-06 9.4830948000890203e-06 9.4830948000890203e-06 9.4830948000890203e-06 9.4830948000890203e-06 9.4830948000890203e-06 9.4830948000890203e-06 9.4830948000890203e-06 9.4830948000890203e-06 9.4830948000890203e-06 9.4830948000890203e-06 9.4830948000890203e-06 9.4830948000890203e-06 9.4830948000890203e-06 9.4830948000890203e-06 9.4830948000890203e-06 9.4830948000890203e-06 9.4830948000890203e-06 9.4830948000890203e-06 9.4830948000890203e-06 9.4830948000890203e-06 9.4830948000890203e-06 9.4830948000890203e-06 9.4830948000890203e-06 9.4830948000890203e-06 9.4830948000890203e-06 9.4830948000890203e-06 9.4830948000890203e-06 9.4830948000890203e-06 9.4830948000890203e-06 9.4830948000890203e-06 9.4830948000890203e-06 9.4830948000890203e-06 9.4830948000890203e-06 9.4830948000890203e-06 9.4830948000890203e-06 9.4830948000890203e-06 9.4830948000890203e-06 9.4830948000890203e-06 9.4830948000890203e-06 9.4830948000890203e-06 9.4830948000890203e-06 9.4830948000890203e-06 9.4830948000890203e-06 9.4830948000890203e-06
9.4830948000890203e-06 9.4830948000890203e-06 9.4830948000890203e-06 9.4830948000890203e-06 9.4830948000890203e-06 9.4830948000890203e-06 9.4830948000890203e-06 9.4830948000890203e-06 9.4830948000890203e-06 9.4830948000890203e-06 9.4830948000890203e-06 9.4830948000890203e-06 9.4830948000890203e-06 9.4830948000890203e-06 9.4830948000890203e-06 9.4830948000890203e-06 9.4830948000890203e-06 9.4830948000890203e-06 9.4830948000890203e-06 9.4830948000890203e-06 9.4830948000890203e-06 9.4830948000890203e-06 9.4830948000890203e-06 9.4830948000890203e-06 9.4830948000890203e-06 9.4830948000890203e-06 9.4830948000890203e-06 9.4830948000890203e-06 9.4830948000890203e-06 9.4830948000890203e-06 9.4830948000890203e-06 9.4830948000890203e-06 9.4830948000890203e-06 9.4830948000890203e-06 9.4830948000890203e-06 9.4830948000890203e-06 9.4830948000890203e-06 9.4830948000890203e-06 9.4830948000890203e-06 9.4830948000890203e-06 9.4830948000890203e-06 9.4830948000890203e-06 9.4830948000890203e-06 9.4830948000890203e-06 9.4830948000890203e-06 9.4830948000890203e-06 9.4830948000890203e-06 9.4830948000890203e-06 9.4830948000890203e-06 9.4830948000890203e-06 9.4830948000890203e-06 9.4830948000890203e-06 9.4830948000890203e-06 9.4830948000890203e-06 9.4830948000890203e-06 9.4830948000890203e-06 9.4830948000890203e-06 9.4830948000890203e-06 9.4830948000890203e-06 9.4830948000890203e-06 9.4830948000890203e-06 9.4830948000890203e-06 9.4830948000890203e-06 9.4830948000890203e-06
9.4830948000890203e-06 9.4830948000890203e-06 9.4830948000890203e-06 9.4830948000890203e-06 9.4830948000890203e-06 9.4830948000890203e-06 9.4830948000890203e-06 9.4830948000890203e-06 9.4830948000890203e-06 9.4830948000890203e-06 9.4830948000890203e-06 9.4830948000890203e-06 9.4830948000890203e-06 9.4830948000890203e-06 9.4830948000890203e-06 9.4830948000890203e-06 9.4830948000890203e-06 9.4830948000890203e-06 9.4830948000890203e-06 9.4830948000890203e-06 9.4830948000890203e-06 9.4830948000890203e-06 9.4830948000890203e-06 9.4830948000890203e-06 9.4830948000890203e-06 9.4830948000890203e-06 9.4830948000890203e-06 9.4830948000890203e-06 9.4830948000890203e-06 9.4830948000890203e-06 9.4830948000890203e-06 9.4830948000890203e-06 9.4830948000890203e-06 9.4830948000890203e-06 9.4830948000890203e-06 9.4830948000890203e-06 9.4830948000890203e-06 9.4830948000890203e-06 9.4830948000890203e-06 9.4830948000890203e-06 9.4830948000890203e-06 9.4830948000890203e-06 9.4830948000890203e-06 9.4830948000890203e-06 9.4830948000890203e-06 9.4830948000890203e-06 9.4830948000890203e-06 9.4830948000890203e-06 9.4830948000890203e-06 9.4830948000890203e-06 9.4830948000890203e-06 9.4830948000890203e-06 9.4830948000890203e-06 9.4830948000890203e-06 9.4830948000890203e-06 9.4830948000890203e-06 9.4830948000890203e-06 9.4830948000890203e-06 9.4830948000890203e-06 9.4830948000890203e-06 9.4830948000890203e-06 9.4830948000890203e-06 9.4830948000890203e-06 9.4830948000890203e-06
9.4830948000890203e-06 9.4830948000890203e-06 9.4830948000890203e-06 9.4830948000890203e-06 9.4830948000890203e-06 9.4830948000890203e-06 9.4830948000890203e-06 9.4830948000890203e-06 9.4830948000890203e-06 9.4830948000890203e-06 9.4830948000890203e-06 9.4830948000890203e-06 9.4830948000890203e-06 9.4830948000890203e-06 9.4830948000890203e-06 9.4830948000890203e-06 9.4830948000890203e-06 9.4830948000890203e-06 9.4830948000890203e-06 9.4830948000890203e-06 9.4830948000890203e-06 9.4830948000890203e-06 9.4830948000890203e-06 9.4830948000890203e-06 9.4830948000890203e-06 9.4830948000890203e-06 9.4830948000890203e-06 9.4830948000890203e-06 9.4830948000890203e-06 9.4830948000890203e-06 9.4830948000890203e-06 9.4830948000890203e-06 9.4830948000890203e-06 9.4830948000890203e-06 9.4830948000890203e-06 9.4830948000890203e-06 9.4830948000890203e-06 9.4830948000890203e-06 9.4830948000890203e-06 9.4830948000890203e-06 9.4830948000890203e-06 9.4830948000890203e-06 9.4830948000890203e-06 9.4830948000890203e-06 9.4830948000890203e-06 9.4830948000890203e-06 9.4830948000890203e-06 9.4830948000890203e-06 9.4830948000890203e-06 9.4830948000890203e-06 9.4830948000890203e-06 9.4830948000890203e-06 9.4830948000890203e-06 9.4830948000890203e-06 9.4830948000890203e-06 9.4830948000890203e-06 9.4830948000890203e-06 9.4830948000890203e-06 9.4830948000890203e-06 9.4830948000890203e-06 9.4830948000890203e-06 9.4830948000890203e-06 9.4830948000890203e-06 9.4830948000890203e-06
9.4830948000890203e-06 9.4830948000890203e-06 9.4830948000890203e-06 9.4830948000890203e-06 9.4830948000890203e-06 9.4830948000890203e-06 9.4830948000890203e-06 9.4830948000890203e-06 9.4830948000890203e-06 9.4830948000890203e-06 9.4830948000890203e-06 9.4830948000890203e-06 9.4830948000890203e-06 9.4830948000890203e-06 9.4830948000890203e-06 9.4830948000890203e-06 9.4830948000890203e-06 9.4830948000890203e-06 9.4830948000890203e-06 9.4830948000890203e-06 9.4830948000890203e-06 9.4830948000890203e-06 9.4830948000890203e-06 9.4830948000890203e-06 9.4830948000890203e-06 9.4830948000890203e-06 9.4830948000890203e-06 9.4830948000890203e-06 9.4830948000890203e-06 9.4830948000890203e-06 9.4830948000890203e-06 9.4830948000890203e-06 9.4830948000890203e-06 9.4830948000890203e-06 9.4830948000890203e-06 9.4830948000890203e-06 9.4830948000890203e-06 9.4830948000890203e-06 9.4830948000890203e-06 9.4830948000890203e-06 9.4830948000890203e-06 9.4830948000890203e-06 9.4830948000890203e-06 9.4830948000890203e-06 9.4830948000890203e-06 9.4830948000890203e-06 9.4830948000890203e-06 9.4830948000890203e-06 9.4830948000890203e-06 9.4830948000890203e-06 9.4830948000890203e-06 9.4830948000890203e-06 9.4830948000890203e-06 9.4830948000890203e-06 9.4830948000890203e-06 9.4830948000890203e-06 9.4830948000890203e-06 9.4830948000890203e-06 9.4830948000890203e-06 9.4830948000890203e-06 9.4830948000890203e-06 9.4830948000890203e-06 9.4830948000890203e-06 9.4830948000890203e-06
9.4830948000890203e-06 9.4830948000890203e-06 9.4830948000890203e-06 9.4830948000890203e-06 9.4830948000890203e-06 9.4830948000890203e-06 9.4830948000890203e-06 9.4830948000890203e-06 9.4830948000890203e-06 9.4830948000890203e-06 9.4830948000890203e-06 9.4830948000890203e-06 9.4830948000890203e-06 9.4830948000890203e-06 9.4830948000890203e-06 9.4830948000890203e-06 9.4830948000890203e-06 9.4830948000890203e-06 9.4830948000890203e-06 9.4830948000890203e-06 9.4830948000890203e-06 9.4830948000890203e-06 9.4830948000890203e-06 9.4830948000890203e-06 9.4830948000890203e-06 9.4830948000890203e-06 9.4830948000890203e-06 9.4830948000890203e-06 9.4830948000890203e-06 9.4830948000890203e-06 9.4830948000890203e-06 9.4830948000890203e-06 9.4830948000890203e-06 9.4830948000890203e-06 9.4830948000890203e-06 9.4830948000890203e-06 9.4830948000890203e-06 9.4830948000890203e-06 9.4830948000890203e-06 9.4830948000890203e-06 9.4830948000890203e-06 9.4830948000890203e-06 9.4830948000890203e-06 9.4830948000890203e-06 9.4830948000890203e-06 9.4830948000890203e-06 9.4830948000890203e-06 9.4830948000890203e-06 9.4830948000890203e-06 9.4830948000890203e-06 9.4830948000890203e-06 9.4830948000890203e-06 9.4830948000890203e-06 9.4830948000890203e-06 9.4830948000890203e-06 9.4830948000890203e-06 9.4830948000890203e-06 9.4830948000890203e-06 9.4830948000890203e-06 9.4830948000890203e-06 9.4830948000890203e-06 9.4830948000890203e-06 9.4830948000890203e-06 9.4830948000890203e-06
9.4830948000890203e-06 9.4830948000890203e-06 9.4830948000890203e-06 9.4830948000890203e-06 9.4830948000890203e-06 9.4830948000890203e-06 9.4830948000890203e-06 9.4830948000890203e-06 9.4830948000890203e-06 9.4830948000890203e-06 9.4830948000890203e-06 9.4830948000890203e-06 9.4830948000890203e-06 9.4830948000890203e-06 9.4830948000890203e-06 9.4830948000890203e-06 9.4830948000890203e-06 9.4830948000890203e-06 9.4830948000890203e-06 9.4830948000890203e-06 9.4830948000890203e-06 9.4830948000890203e-06 9.4830948000890203e-06 9.4830948000890203e-06 9.4830948000890203e-06 9.4830948000890203e-06 9.4830948000890203e-06 9.4830948000890203e-06 9.4830948000890203e-06 9.4830948000890203e-06 9.4830948000890203e-06 9.4830948000890203e-06 9.4830948000890203e-06 9.4830948000890203e-06 9.4830948000890203e-06 9.4830948000890203e-06 9.4830948000890203e-06 9.4830948000890203e-06 9.4830948000890203e-06 9.4830948000890203e-06 9.4830948000890203e-06 9.4830948000890203e-06 9.4830948000890203e-06 9.4830948000890203e-06 9.4830948000890203e-06 9.4830948000890203e-06 9.4830948000890203e-06 9.4830948000890203e-06 9.4830948000890203e-06 9.4830948000890203e-06 9.4830948000890203e-06 9.4830948000890203e-06 9.4830948000890203e-06 9.4830948000890203e-06 9.4830948000890203e-06 9.4830948000890203e-06 9.4830948000890203e-06 9.4830948000890203e-06 9.4830948000890203e-06 9.4830948000890203e-06 9.4830948000890203e-06 9.4830948000890203e-06 9.4830948000890203e-06 9.4830948000890203e-06
9.4830948000890203e-06 9.4830948000890203e-06 9.4830948000890203e-06 9.4830948000890203e-06 9.4830948000890203e-06 9.4830948000890203e-06 9.4830948000890203e-06 9.4830948000890203e-06 9.4830948000890203e-06 9.4830948000890203e-06 9.4830948000890203e-06 9.4830948000890203e-06 9.4830948000890203e-06 9.4830948000890203e-06 9.4830948000890203e-06 9.4830948000890203e-06 9.4830948000890203e-06 9.4830948000890203e-06 9.4830948000890203e-06 9.4830948000890203e-06 9.4830948000890203e-06 9.4830948000890203e-06 9.4830948000890203e-06 9.4830948000890203e-06 9.4830948000890203e-06 9.4830948000890203e-06 9.4830948000890203e-06 9.4830948000890203e-06 9.4830948000890203e-06 9.4830948000890203e-06 9.4830938905943185e-06 9.4830938905943185e-06 9.4830938905943185e-06 9.4830938905943185e-06 9.4830948000890203e-06 9.4830948000890203e-06 9.4830948000890203e-06 9.4830948000890203e-06 9.4830948000890203e-06 9.4830948000890203e-06 9.4830948000890203e-06 9.4830948000890203e-06 9.4830948000890203e-06 9.4830948000890203e-06 9.4830948000890203e-06 9.4830948000890203e-06 9.4830948000890203e-06 9.4830948000890203e-06 9.4830948000890203e-06 9.4830948000890203e-06 9.4830948000890203e-06 9.4830948000890203e-06 9.4830948000890203e-06 9.4830948000890203e-06 9.4830948000890203e-06 9.4830948000890203e-06 9.4830948000890203e-06 9.4830948000890203e-06 9.4830948000890203e-06 9.4830948000890203e-06 9.4830948000890203e-06 9.4830948000890203e-06 9.4830948000890203e-06 9.4830948000890203e-06
9.4830948000890203e-06 9.4830948000890203e-06 9.4830948000890203e-06 9.4830948000890203e-06 9.4830948000890203e-06 9.4830948000890203e-06 9.4830948000890203e-06 9.4830948000890203e-06 9.4830948000890203e-06 9.4830948000890203e-06 9.4830948000890203e-06 9.4830948000890203e-06 9.4830948000890203e-06 9.4830948000890203e-06 9.4830948000890203e-06 9.4830948000890203e-06 9.4830948000890203e-06 9.4830948000890203e-06 9.4830948000890203e-06 9.4830948000890203e-06 9.4830948000890203e-06 9.4830948000890203e-06 9.4830948000890203e-06 9.4830948000890203e-06 9.4830948000890203e-06 9.4830948000890203e-06 9.4830948000890203e-06 9.4830948000890203e-06 9.4830948000890203e-06 9.4830456873751245e-06 9.4709603217779659e-06 9.4642973635927774e-06 9.4609804364154115e-06 9.4706829258939251e-06 9.4830402304069139e-06 9.4830948000890203e-06 9.4830948000890203e-06 9.4830948000890203e-06 9.4830948000890203e-06 9.4830948000890203e-06 9.4830948000890203e-06 9.4830948000890203e-06 9.4830948000890203e-06 9.4830948000890203e-06 9.4830948000890203e-06 9.4830948000890203e-06 9.4830948000890203e-06 9.4830948000890203e-06 9.4830948000890203e-06 9.4830948000890203e-06 9.4830948000890203e-06 9.4830948000890203e-06 9.4830948000890203e-06 9.4830948000890203e-06 9.4830948000890203e-06 9.4830948000890203e-06 9.4830948000890203e-06 9.4830948000890203e-06 9.4830948000890203e-06 9.4830948000890203e-06 9.4830948000890203e-06 9.4830948000890203e-06 9.4830948000890203e-06 9.4830948000890203e-06
9.4830948000890203e-06 9.4830948000890203e-06 9.4830948000890203e-06 9.4830948000890203e-06 9.4830948000890203e-06 9.4830948000890203e-06 9.4830948000890203e-06 9.4830948000890203e-06 9.4830948000890203e-06 9.4830948000890203e-06 9.4830948000890203e-06 9.4830948000890203e-06 9.4830948000890203e-06 9.4830948000890203e-06 9.4830948000890203e-06 9.4830948000890203e-06 9.4830948000890203e-06 9.4830948000890203e-06 9.4830948000890203e-06 9.4830948000890203e-06 9.4830948000890203e-06 9.4830948000890203e-06 9.4830948000890203e-06 9.4830948000890203e-06 9.4830948000890203e-06 9.4830948000890203e-06 9.4830948000890203e-06 9.4830948000890203e-06 9.4822462415322661e-06 1.008852541417582e-05 0.00016833226254675537 0.0011315486626699567 0.001069817109964788 0.00021018864936195314 9.9020235211355612e-06 9.4821443781256676e-06 9.4830948000890203e-06 9.4830948000890203e-06 9.4830948000890203e-06 9.4830948000890203e-06 9.4830948000890203e-06 9.4830948000890203e-06 9.4830948000890203e-06 9.4830948000890203e-06 9.4830948000890203e-06 9.4830948000890203e-06 9.4830948000890203e-06 9.4830948000890203e-06 9.4830948000890203e-06 9.4830948000890203e-06 9.4830948000890203e-06 9.4830948000890203e-06 9.4830948000890203e-06 9.4830948000890203e-06 9.4830948000890203e-06 9.4830948000890203e-06 9.4830948000890203e-06 9.4830948000890203e-06 9.4830948000890203e-06 9.4830948000890203e-06 9.4830948000890203e-06 9.4830948000890203e-06 9.4830948000890203e-06 9.4830948000890203e-06
9.4830948000890203e-06 9.4830948000890203e-06 9.4830948000890203e-06 9.4830948000890203e-06 9.4830948000890203e-06 9.4830948000890203e-06 9.4830948000890203e-06 9.4830948000890203e-06 9.4830948000890203e-06 9.4830948000890203e-06 9.4830948000890203e-06 9.4830948000890203e-06 9.4830948000890203e-06 9.4830948000890203e-06 9.4830948000890203e-06 9.4830948000890203e-06 9.4830948000890203e-06 9.4830948000890203e-06 9.4830948000890203e-06 9.4830948000890203e-06 9.4830948000890203e-06 9.4830948000890203e-06 9.4830948000890203e-06 9.4830948000890203e-06 9.4830948000890203e-06 9.4830948000890203e-06 9.4830948000890203e-06 9.4811057351762429e-06 1.7734968423610553e-05 0.0026786043308675289 0.10610564798116684 0.41951385140419006 0.39517119526863098 0.13303102552890778 0.0025393918622285128 1.6198198864003643e-05 9.4808274297975004e-06 9.4830948000890203e-06 9.4830948000890203e-06 9.4830948000890203e-06 9.4830948000890203e-06 9.4830948000890203e-06 9.4830948000890203e-06 9.4830948000890203e-06 9.4830948000890203e-06 9.4830948000890203e-06 9.4830948000890203e-06 9.4830948000890203e-06 9.4830948000890203e-06 9.4830948000890203e-06 9.4830948000890203e-06 9.4830948000890203e-06 9.4830948000890203e-06 9.4830948000890203e-06 9.4830948000890203e-06 9.4830948000890203e-06 9.4830948000890203e-06 9.4830948000890203e-06 9.4830948000890203e-06 9.4830948000890203e-06 9.4830948000890203e-06 9.4830948000890203e-06 9.4830948000890203e-06 9.4830948000890203e-06
9.4830948000890203e-06 9.4830948000890203e-06 9.4830948000890203e-06 9.4830948000890203e-06 9.4830948000890203e-06 9.4830948000890203e-06 9.4830948000890203e-06 9.4830948000890203e-06 9.4830948000890203e-06 9.4830948000890203e-06 9.4830948000890203e-06 9.4830948000890203e-06 9.4830948000890203e-06 9.4830948000890203e-06 9.4830948000890203e-06 9.4830948000890203e-06 9.4830948000890203e-06 9.4830948000890203e-06 9.4830948000890203e-06 9.4830948000890203e-06 9.4830948000890203e-06 9.4830948000890203e-06 9.4830948000890203e-06 9.4830948000890203e-06 9.4830948000890203e-06 9.4830948000890203e-06 9.4810584414517507e-06 2.1443658624775708e-05 0.0058273375034332275 0.71616899967193604 0.99693429470062256 0.99773931503295898 0.99796748161315918 0.99691420793533325 0.72561711072921753 0.023634763434529305 1.837353192968294e-05 9.4807801360730082e-06 9.4830948000890203e-06 9.4830948000890203e-06 9.4830948000890203e-06 9.4830948000890203e-06 9.4830948000890203e-06 9.4830948000890203e-06 9.4830948000890203e-06 9.4830948000890203e-06 9.4830948000890203e-06 9.4830948000890203e-06 9.4830948000890203e-06 9.4830948000890203e-06 9.4830948000890203e-06 9.4830948000890203e-06 9.4830948000890203e-06 9.4830948000890203e-06 9.4830948000890203e-06 9.4830948000890203e-06 9.4830948000890203e-06 9.4830948000890203e-06 9.4830948000890203e-06 9.4830948000890203e-06 9.4830948000890203e-06 9.4830948000890203e-06 9.4830948000890203e-06 9.4830948000890203e-06
9.4830948000890203e-06 9.4830948000890203e-06 9.4830948000890203e-06 9.4830948000890203e-06 9.4830948000890203e-06 9.4830948000890203e-06 9.4830948000890203e-06 9.4830948000890203e-06 9.4830948000890203e-06 9.4830948000890203e-06 9.4830948000890203e-06 9.4830948000890203e-06 9.4830948000890203e-06 9.4830948000890203e-06 9.4830948000890203e-06 9.4830948000890203e-06 9.4830948000890203e-06 9.4830948000890203e-06 9.4830948000890203e-06 9.4830948000890203e-06 9.4830948000890203e-06 9.4830948000890203e-06 9.4830948000890203e-06 9.4830948000890203e-06 9.4830948000890203e-06 9.4822407845640555e-06 1.6288653569063172e-05 0.015629537403583527 0.96787941455841064 0.99806606769561768 0.99851924180984497 0.99846881628036499 0.99857169389724731 0.99856150150299072 0.99816441535949707 0.9657633900642395 0.0048312223516404629 1.4979988918639719e-05 9.482070709054824e-06 9.4830948000890203e-06 9.4830948000890203e-06 9.4830948000890203e-06 9.4830948000890203e-06 9.4830948000890203e-06 9.4830948000890203e-06 9.4830948000890203e-06 9.4830948000890203e-06 9.4830948000890203e-06 9.4830948000890203e-06 9.4830948000890203e-06 9.4830948000890203e-06 9.4830948000890203e-06 9.4830948000890203e-06 9.4830948000890203e-06 9.4830948000890203e-06 9.4830948000890203e-06 9.4830948000890203e-06 9.4830948000890203e-06 9.4830948000890203e-06 9.4830948000890203e-06 9.4830948000890203e-06 9.4830948000890203e-06 9.4830948000890203e-06 9.4830948000890203e-06
9.4830948000890203e-06 9.4830948000890203e-06 9.4830948000890203e-06 9.4830948000890203e-06 9.4830948000890203e-06 9.4830948000890203e-06 9.4830948000890203e-06 9.4830948000890203e-06 9.4830948000890203e-06 9.4830948000890203e-06 9.4830948000890203e-06 9.4830948000890203e-06 9.4830948000890203e-06 9.4830948000890203e-06 9.4830948000890203e-06 9.4830948000890203e-06 9.4830948000890203e-06 9.4830948000890203e-06 9.4830948000890203e-06 9.4830948000890203e-06 9.4830948000890203e-06 9.4830948000890203e-06 9.4830948000890203e-06 9.4830948000890203e-06 9.4830456873751245e-06 9.8789378171204589e-06 0.002457715105265379 0.70654881000518799 0.99820047616958618 0.99824506044387817 0.99749433994293213 0.9962349534034729 0.99620425701141357 0.99747079610824585 0.99824368953704834 0.99820202589035034 0.76529204845428467 0.002927085617557168 9.9307444543228485e-06 9.483035682933405e-06 9.4830948000890203e-06 9.4830948000890203e-06 9.4830948000890203e-06 9.4830948000890203e-06 9.4830948000890203e-06 9.4830948000890203e-06 9.4830948000890203e-06 9.4830948000890203e-06 9.4830948000890203e-06 9.4830948000890203e-06 9.4830948000890203e-06 9.4830948000890203e-06 9.4830948000890203e-06 9.4830948000890203e-06 9.4830948000890203e-06 9.4830948000890203e-06 9.4830948000890203e-06 9.4830948000890203e-06 9.4830948000890203e-06 9.4830948000890203e-06 9.4830948000890203e-06 9.4830948000890203e-06 9.4830948000890203e-06 9.4830948000890203e-06
9.4830948000890203e-06 9.4830948000890203e-06 9.4830948000890203e-06 9.4830948000890203e-06 9.4830948000890203e-06 9.4830948000890203e-06 9.4830948000890203e-06 9.4830948000890203e-06 9.4830948000890203e-06 9.4830948000890203e-06 9.4830948000890203e-06 9.4830948000890203e-06 9.4830948000890203e-06 9.4830948000890203e-06 9.4830948000890203e-06 9.4830948000890203e-06 9.4830948000890203e-06 9.4830948000890203e-06 9.4830948000890203e-06 9.4830948000890203e-06 9.4830948000890203e-06 9.4830948000890203e-06 9.4830948000890203e-06 9.4830938905943185e-06 9.4717461252002977e-06 0.00019361116574145854 0.10715217888355255 0.99667549133300781 0.99848097562789917 0.99746859073638916 0.99365735054016113 0.98196154832839966 0.98215693235397339 0.99383813142776489 0.99749791622161865 0.99862664937973022 0.99683851003646851 0.10984686017036438 0.00021902740991208702 9.4712067948421463e-06 9.4830938905943185e-06 9.4830948000890203e-06 9.4830948000890203e-06 9.4830948000890203e-06 9.4830948000890203e-06 9.4830948000890203e-06 9.4830948000890203e-06 9.4830948000890203e-06 9.4830948000890203e-06 9.4830948000890203e-06 9.4830948000890203e-06 9.4830948000890203e-06 9.4830948000890203e-06 9.4830948000890203e-06 9.4830948000890203e-06 9.4830948000890203e-06 9.4830948000890203e-06 9.4830948000890203e-06 9.4830948000890203e-06 9.4830948000890203e-06 9.4830948000890203e-06 9.4830948000890203e-06 9.4830948000890203e-06 9.4830948000890203e-06
9.4830948000890203e-06 9.4830948000890203e-06 9.4830948000890203e-06 9.4830948000890203e-06 9.4830948000890203e-06 9.4830948000890203e-06 9.4830948000890203e-06 9.4830948000890203e-06 9.4830948000890203e-06 9.4830948000890203e-06 9.4830948000890203e-06 9.4830948000890203e-06 9.4830948000890203e-06 9.4830948000890203e-06 9.4830948000890203e-06 9.4830948000890203e-06 9.4830948000890203e-06 9.4830948000890203e-06 9.4830948000890203e-06 9.4830948000890203e-06 9.4830948000890203e-06 9.4830948000890203e-06 9.4830948000890203e-06 9.4830938905943185e-06 9.4563865786767565e-06 0.0010145284468308091 0.40224823355674744 0.99774616956710815 0.99845600128173828 0.99614477157592773 0.98171091079711914 0.95673555135726929 0.95762336254119873 0.98204201459884644 0.99613279104232788 0.99842870235443115 0.99772107601165771 0.39075025916099548 0.001077813096344471 9.4588531283079647e-06 9.4830938905943185e-06 9.4830948000890203e-06 9.4830948000890203e-06 9.4830948000890203e-06 9.4830948000890203e-06 9.4830948000890203e-06 9.4830948000890203e-06 9.4830948000890203e-06 9.4830948000890203e-06 9.4830948000890203e-06 9.4830948000890203e-06 9.4830948000890203e-06 9.4830948000890203e-06 9.4830948000890203e-06 9.4830948000890203e-06 9.4830948000890203e-06 9.4830948000890203e-06 9.4830948000890203e-06 9.4830948000890203e-06 9.4830948000890203e-06 9.4830948000890203e-06 9.4830948000890203e-06 9.4830948000890203e-06 9.4830948000890203e-06
9.4830948000890203e-06 9.4830948000890203e-06 9.4830948000890203e-06 9.4830948000890203e-06 9.4830948000890203e-06 9.4830948000890203e-06 9.4830948000890203e-06 9.4830948000890203e-06 9.4830948000890203e-06 9.4830948000890203e-06 9.4830948000890203e-06 9.4830948000890203e-06 9.4830948000890203e-06 9.4830948000890203e-06 9.4830948000890203e-06 9.4830948000890203e-06 9.4830948000890203e-06 9.4830948000890203e-06 9.4830948000890203e-06 9.4830948000890203e-06 9.4830948000890203e-06 9.4830948000890203e-06 9.4830948000890203e-06 9.4830938905943185e-06 9.4638835435034707e-06 0.001193541451357305 0.43640691041946411 0.99797338247299194 0.99855440855026245 0.99618285894393921 0.98189634084701538 0.95686602592468262 0.95702463388442993 0.98190033435821533 0.99620747566223145 0.9985390305519104 0.99806112051010132 0.43241223692893982 0.0011147556360810995 9.4647166406502947e-06 9.4830938905943185e-06 9.4830948000890203e-06 9.4830948000890203e-06 9.4830948000890203e-06 9.4830948000890203e-06 9.4830948000890203e-06 9.4830948000890203e-06 9.4830948000890203e-06 9.4830948000890203e-06 9.4830948000890203e-06 9.4830948000890203e-06 9.4830948000890203e-06 9.4830948000890203e-06 9.4830948000890203e-06 9.4830948000890203e-06 9.4830948000890203e-06 9.4830948000890203e-06 9.4830948000890203e-06 9.4830948000890203e-06 9.4830948000890203e-06 9.4830948000890203e-06 9.4830948000890203e-06 9.4830948000890203e-06 9.4830948000890203e-06
9.4830948000890203e-06 9.4830948000890203e-06 9.4830948000890203e-06 9.4830948000890203e-06 9.4830948000890203e-06 9.4830948000890203e-06 9.4830948000890203e-06 9.4830948000890203e-06 9.4830948000890203e-06 9.4830948000890203e-06 9.4830948000890203e-06 9.4830948000890203e-06 9.4830948000890203e-06 9.4830948000890203e-06 9.4830948000890203e-06 9.4830948000890203e-06 9.4830948000890203e-06 9.4830948000890203e-06 9.4830948000890203e-06 9.4830948000890203e-06 9.4830948000890203e-06 9.4830948000890203e-06 9.4830948000890203e-06 9.4830938905943185e-06 9.4719216576777399e-06 0.00023476342903450131 0.11613642424345016 0.99693590402603149 0.99844485521316528 0.99748134613037109 0.99382609128952026 0.9816175103187561 0.9817044734954834 0.99385952949523926 0.99752658605575562 0.99861431121826172 0.99707883596420288 0.1443399041891098 0.00020381982903927565 9.4703782451688312e-06 9.4830938905943185e-06 9.4830948000890203e-06 9.4830948000890203e-06 9.4830948000890203e-06 9.4830948000890203e-06 9.4830948000890203e-06 9.4830948000890203e-06 9.4830948000890203e-06 9.4830948000890203e-06 9.4830948000890203e-06 9.4830948000890203e-06 9.4830948000890203e-06 9.4830948000890203e-06 9.4830948000890203e-06 9.4830948000890203e-06 9.4830948000890203e-06 9.4830948000890203e-06 9.4830948000890203e-06 9.4830948000890203e-06 9.4830948000890203e-06 9.4830948000890203e-06 9.4830948000890203e-06 9.4830948000890203e-06 9.4830948000890203e-06
9.4830948000890203e-06 9.4830948000890203e-06 9.4830948000890203e-06 9.4830948000890203e-06 9.4830948000890203e-06 9.4830948000890203e-06 9.4830948000890203e-06 9.4830948000890203e-06 9.4830948000890203e-06 9.4830948000890203e-06 9.4830948000890203e-06 9.4830948000890203e-06 9.4830948000890203e-06 9.4830948000890203e-06 9.4830948000890203e-06 9.4830948000890203e-06 9.4830948000890203e-06 9.4830948000890203e-06 9.4830948000890203e-06 9.4830948000890203e-06 9.4830948000890203e-06 9.4830948000890203e-06 9.4830948000890203e-06 9.4830948000890203e-06 9.4830447778804228e-06 9.8456157502369024e-06 0.002328930189833045 0.71847754716873169 0.99808096885681152 0.99822479486465454 0.99747449159622192 0.99619126319885254 0.99609166383743286 0.99747782945632935 0.99825221300125122 0.99806499481201172 0.73977488279342651 0.0025758435949683189 9.9518938441178761e-06 9.4830429588910192e-06 9.4830948000890203e-06 9.4830948000890203e-06 9.4830948000890203e-06 9.4830948000890203e-06 9.4830948000890203e-06 9.4830948000890203e-06 9.4830948000890203e-06 9.4830948000890203e-06 9.4830948000890203e-06 9.4830948000890203e-06 9.4830948000890203e-06 9.4830948000890203e-06 9.4830948000890203e-06 9.4830948000890203e-06 9.4830948000890203e-06 9.4830948000890203e-06 9.4830948000890203e-06 9.4830948000890203e-06 9.4830948000890203e-06 9.4830948000890203e-06 9.4830948000890203e-06 9.4830948000890203e-06 9.4830948000890203e-06 9.4830948000890203e-06
9.4830948000890203e-06 9.4830948000890203e-06 9.4830948000890203e-06 9.4830948000890203e-06 9.4830948000890203e-06 9.4830948000890203e-06 9.4830948000890203e-06 9.4830948000890203e-06 9.4830948000890203e-06 9.4830948000890203e-06 9.4830948000890203e-06 9.4830948000890203e-06 9.4830948000890203e-06 9.4830948000890203e-06 9.4830948000890203e-06 9.4830948000890203e-06 9.4830948000890203e-06 9.4830948000890203e-06 9.4830948000890203e-06 9.4830948000890203e-06 9.4830948000890203e-06 9.4830948000890203e-06 9.4830948000890203e-06 9.4830948000890203e-06 9.4830948000890203e-06 9.482290806772653e-06 1.6373789549106732e-05 0.0053422357887029648 0.95589971542358398 0.99810934066772461 0.99853682518005371 0.99854427576065063 0.99843823909759521 0.99857580661773682 0.99821478128433228 0.95072203874588013 0.0091636497527360916 1.4892013496137224e-05 9.4821734819561243e-06 9.4830948000890203e-06 9.4830948000890203e-06 9.4830948000890203e-06 9.4830948000890203e-06 9.4830948000890203e-06 9.4830948000890203e-06 9.4830948000890203e-06 9.4830948000890203e-06 9.4830948000890203e-06 9.4830948000890203e-06 9.4830948000890203e-06 9.4830948000890203e-06 9.4830948000890203e-06 9.4830948000890203e-06 9.4830948000890203e-06 9.4830948000890203e-06 9.4830948000890203e-06 9.4830948000890203e-06 9.4830948000890203e-06 9.4830948000890203e-06 9.4830948000890203e-06 9.4830948000890203e-06 9.4830948000890203e-06 9.4830948000890203e-06 9.4830948000890203e-06
9.4830948000890203e-06 9.4830948000890203e-06 9.4830948000890203e-06 9.4830948000890203e-06 9.4830948000890203e-06 9.4830948000890203e-06 9.4830948000890203e-06 9.4830948000890203e-06 9.4830948000890203e-06 9.4830948000890203e-06 9.4830948000890203e-06 9.4830948000890203e-06 9.4830948000890203e-06 9.4830948000890203e-06 9.4830948000890203e-06 9.4830948000890203e-06 9.4830948000890203e-06 9.4830948000890203e-06 9.4830948000890203e-06 9.4830948000890203e-06 9.4830948000890203e-06 9.4830948000890203e-06 9.4830948000890203e-06 9.4830948000890203e-06 9.4830948000890203e-06 9.4830948000890203e-06 9.4810438895365223e-06 1.8402448404231109e-05 0.019852118566632271 0.72311055660247803 0.99681276082992554 0.99811834096908569 0.99773865938186646 0.9968448281288147 0.7730172872543335 0.0043088546954095364 1.6543355741305277e-05 9.4810502559994347e-06 9.4830948000890203e-06 9.4830948000890203e-06 9.4830948000890203e-06 9.4830948000890203e-06 9.4830948000890203e-06 9.4830948000890203e-06 9.4830948000890203e-06 9.4830948000890203e-06 9.4830948000890203e-06 9.4830948000890203e-06 9.4830948000890203e-06 9.4830948000890203e-06 9.4830948000890203e-06 9.4830948000890203e-06 9.4830948000890203e-06 9.4830948000890203e-06 9.4830948000890203e-06 9.4830948000890203e-06 9.4830948000890203e-06 9.4830948000890203e-06 9.4830948000890203e-06 9.4830948000890203e-06 9.4830948000890203e-06 9.4830948000890203e-06 9.4830948000890203e-06 9.4830948000890203e-06
9.4830948000890203e-06 9.4830948000890203e-06 9.4830948000890203e-06 9.4830948000890203e-06 9.4830948000890203e-06 9.4830948000890203e-06 9.4830948000890203e-06 9.4830948000890203e-06 9.4830948000890203e-06 9.4830948000890203e-06 9.4830948000890203e-06 9.4830948000890203e-06 9.4830948000890203e-06 9.4830948000890203e-06 9.4830948000890203e-06 9.4830948000890203e-06 9.4830948000890203e-06 9.4830948000890203e-06 9.4830948000890203e-06 9.4830948000890203e-06 9.4830948000890203e-06 9.4830948000890203e-06 9.4830948000890203e-06 9.4830948000890203e-06 9.4830948000890203e-06 9.4830948000890203e-06 9.4830948000890203e-06 9.4812230599927716e-06 1.4806805666012224e-05 0.0025877216830849648 0.12182647734880447 0.44440680742263794 0.41431340575218201 0.11897962540388107 0.0035372241400182247 1.4265175195760094e-05 9.481069355388172e-06 9.4830948000890203e-06 9.4830948000890203e-06 9.4830948000890203e-06 9.4830948000890203e-06 9.4830948000890203e-06 9.4830948000890203e-06 9.4830948000890203e-06 9.4830948000890203e-06 9.4830948000890203e-06 9.4830948000890203e-06 9.4830948000890203e-06 9.4830948000890203e-06 9.4830948000890203e-06 9.4830948000890203e-06 9.4830948000890203e-06 9.4830948000890203e-06 9.4830948000890203e-06 9.4830948000890203e-06 9.4830948000890203e-06 9.4830948000890203e-06 9.4830948000890203e-06 9.4830948000890203e-06 9.4830948000890203e-06 9.4830948000890203e-06 9.4830948000890203e-06 9.4830948000890203e-06 9.4830948000890203e-06
9.4830948000890203e-06 9.4830948000890203e-06 9.4830948000890203e-06 9.4830948000890203e-06 9.4830948000890203e-06 9.4830948000890203e-06 9.4830948000890203e-06 9.4830948000890203e-06 9.4830948000890203e-06 9.4830948000890203e-06 9.4830948000890203e-06 9.4830948000890203e-06 9.4830948000890203e-06 9.4830948000890203e-06 9.4830948000890203e-06 9.4830948000890203e-06 9.4830948000890203e-06 9.4830948000890203e-06 9.4830948000890203e-06 9.4830948000890203e-06 9.4830948000890203e-06 9.4830948000890203e-06 9.4830948000890203e-06 9.4830948000890203e-06 9.4830948000890203e-06 9.4830948000890203e-06 9.4830948000890203e-06 9.4830948000890203e-06 9.4821734819561243e-06 9.9679027698584832e-06 0.00016786147898528725 0.0012136322911828756 0.0012849717168137431 0.00026303387130610645 9.9527869679150172e-06 9.4822007667971775e-06 9.4830948000890203e-06 9.4830948000890203e-06 9.4830948000890203e-06 9.4830948000890203e-06 9.4830948000890203e-06 9.4830948000890203e-06 9.4830948000890203e-06 9.4830948000890203e-06 9.4830948000890203e-06 9.4830948000890203e-06 9.4830948000890203e-06 9.4830948000890203e-06 9.4830948000890203e-06 9.4830948000890203e-06 9.4830948000890203e-06 9.4830948000890203e-06 9.4830948000890203e-06 9.4830948000890203e-06 9.4830948000890203e-06 9.4830948000890203e-06 9.4830948000890203e-06 9.4830948000890203e-06 9.4830948000890203e-06 9.4830948000890203e-06 9.4830948000890203e-06 9.4830948000890203e-06 9.4830948000890203e-06 9.4830948000890203e-06
9.4830948000890203e-06 9.4830948000890203e-06 9.4830948000890203e-06 9.4830948000890203e-06 9.4830948000890203e-06 9.4830948000890203e-06 9.4830948000890203e-06 9.4830948000890203e-06 9.4830948000890203e-06 9.4830948000890203e-06 9.4830948000890203e-06 9.4830948000890203e-06 9.4830948000890203e-06 9.4830948000890203e-06 9.4830948000890203e-06 9.4830948000890203e-06 9.4830948000890203e-06 9.4830948000890203e-06 9.4830948000890203e-06 9.4830948000890203e-06 9.4830948000890203e-06 9.4830948000890203e-06 9.4830948000890203e-06 9.4830948000890203e-06 9.4830948000890203e-06 9.4830948000890203e-06 9.4830948000890203e-06 9.4830948000890203e-06 9.4830948000890203e-06 9.4830475063645281e-06 9.4716715466347523e-06 9.4656952569494024e-06 9.471600606048014e-06 9.4711704150540754e-06 9.4830447778804228e-06 9.4830948000890203e-06 9.4830948000890203e-06 9.4830948000890203e-06 9.4830948000890203e-06 9.4830948000890203e-06 9.4830948000890203e-06 9.4830948000890203e-06 9.4830948000890203e-06 9.4830948000890203e-06 9.4830948000890203e-06 9.4830948000890203e-06 9.4830948000890203e-06 9.4830948000890203e-06 9.4830948000890203e-06 9.4830948000890203e-06 9.4830948000890203e-06 9.4830948000890203e-06 9.4830948000890203e-06 9.4830948000890203e-06 9.4830948000890203e-06 9.4830948000890203e-06 9.4830948000890203e-06 9.4830948000890203e-06 9.4830948000890203e-06 9.4830948000890203e-06 9.4830948000890203e-06 9.4830948000890203e-06 9.4830948000890203e-06 9.4830948000890203e-06
9.4830948000890203e-06 9.4830948000890203e-06 9.4830948000890203e-06 9.4830948000890203e-06 9.4830948000890203e-06 9.4830948000890203e-06 9.4830948000890203e-06 9.4830948000890203e-06 9.4830948000890203e-06 9.4830948000890203e-06 9.4830948000890203e-06 9.4830948000890203e-06 9.4830948000890203e-06 9.4830948000890203e-06 9.4830948000890203e-06 9.4830948000890203e-06 9.4830948000890203e-06 9.4830948000890203e-06 9.4830948000890203e-06 9.4830948000890203e-06 9.4830948000890203e-06 9.4830948000890203e-06 9.4830948000890203e-06 9.4830948000890203e-06 9.4830948000890203e-06 9.4830948000890203e-06 9.4830948000890203e-06 9.4830948000890203e-06 9.4830948000890203e-06 9.4830948000890203e-06 9.4830938905943185e-06 9.4830938905943185e-06 9.4830938905943185e-06 9.4830938905943185e-06 9.4830948000890203e-06 9.4830948000890203e-06 9.4830948000890203e-06 9.4830948000890203e-06 9.4830948000890203e-06 9.4830948000890203e-06 9.4830948000890203e-06 9.4830948000890203e-06 9.4830948000890203e-06 9.4830948000890203e-06 9.4830948000890203e-06 9.4830948000890203e-06 9.4830948000890203e-06 9.4830948000890203e-06 9.4830948000890203e-06 9.4830948000890203e-06 9.4830948000890203e-06 9.4830948000890203e-06 9.4830948000890203e-06 9.4830948000890203e-06 9.4830948000890203e-06 9.4830948000890203e-06 9.4830948000890203e-06 9.4830948000890203e-06 9.4830948000890203e-06 9.4830948000890203e-06 9.4830948000890203e-06 9.4830948000890203e-06 9.4830948000890203e-06 9.4830948000890203e-06
9.4830948000890203e-06 9.4830948000890203e-06 9.4830948000890203e-06 9.4830948000890203e-06 9.4830948000890203e-06 9.4830948000890203e-06 9.4830948000890203e-06 9.4830948000890203e-06 9.4830948000890203e-06 9.4830948000890203e-06 9.4830948000890203e-06 9.4830948000890203e-06 9.4830948000890203e-06 9.4830948000890203e-06 9.4830948000890203e-06 9.4830948000890203e-06 9.4830948000890203e-06 9.4830948000890203e-06 9.4830948000890203e-06 9.4830948000890203e-06 9.4830948000890203e-06 9.4830948000890203e-06 9.4830948000890203e-06 9.4830948000890203e-06 9.4830948000890203e-06 9.4830948000890203e-06 9.4830948000890203e-06 9.4830948000890203e-06 9.4830948000890203e-06 9.4830948000890203e-06 9.4830948000890203e-06 9.4830948000890203e-06 9.4830948000890203e-06 9.4830948000890203e-06 9.4830948000890203e-06 9.4830948000890203e-06 9.4830948000890203e-06 9.4830948000890203e-06 9.4830948000890203e-06 9.4830948000890203e-06 9.4830948000890203e-06 9.4830948000890203e-06 9.4830948000890203e-06 9.4830948000890203e-06 9.4830948000890203e-06 9.4830948000890203e-06 9.4830948000890203e-06 9.4830948000890203e-06 9.4830948000890203e-06 9.4830948000890203e-06 9.4830948000890203e-06 9.4830948000890203e-06 9.4830948000890203e-06 9.4830948000890203e-06 9.4830948000890203e-06 9.4830948000890203e-06 9.4830948000890203e-06 9.4830948000890203e-06 9.4830948000890203e-06 9.4830948000890203e-06 9.4830948000890203e-06 9.4830948000890203e-06 9.4830948000890203e-06 9.4830948000890203e-06
9.4830948000890203e-06 9.4830948000890203e-06 9.4830948000890203e-06 9.4830948000890203e-06 9.4830948000890203e-06 9.4830948000890203e-06 9.4830948000890203e-06 9.4830948000890203e-06 9.4830948000890203e-06 9.4830948000890203e-06 9.4830948000890203e-06 9.4830948000890203e-06 9.4830948000890203e-06 9.4830948000890203e-06 9.4830948000890203e-06 9.4830948000890203e-06 9.4830948000890203e-06 9.4830948000890203e-06 9.4830948000890203e-06 9.4830948000890203e-06 9.4830948000890203e-06 9.4830948000890203e-06 9.4830948000890203e-06 9.4830948000890203e-06 9.4830948000890203e-06 9.4830948000890203e-06 9.4830948000890203e-06 9.4830948000890203e-06 9.4830948000890203e-06 9.4830948000890203e-06 9.4830948000890203e-06 9.4830948000890203e-06 9.4830948000890203e-06 9.4830948000890203e-06 9.4830948000890203e-06 9.4830948000890203e-06 9.4830948000890203e-06 9.4830948000890203e-06 9.4830948000890203e-06 9.4830948000890203e-06 9.4830948000890203e-06 9.4830948000890203e-06 9.4830948000890203e-06 9.4830948000890203e-06 9.4830948000890203e-06 9.4830948000890203e-06 9.4830948000890203e-06 9.4830948000890203e-06 9.4830948000890203e-06 9.4830948000890203e-06 9.4830948000890203e-06 9.4830948000890203e-06 9.4830948000890203e-06 9.4830948000890203e-06 9.4830948000890203e-06 9.4830948000890203e-06 9.4830948000890203e-06 9.4830948000890203e-06 9.4830948000890203e-06 9.4830948000890203e-06 9.4830948000890203e-06 9.4830948000890203e-06 9.4830948000890203e-06 9.4830948000890203e-06
9.4830948000890203e-06 9.4830948000890203e-06 9.4830948000890203e-06 9.4830948000890203e-06 9.4830948000890203e-06 9.4830948000890203e-06 9.4830948000890203e-06 9.4830948000890203e-06 9.4830948000890203e-06 9.4830948000890203e-06 9.4830948000890203e-06 9.4830948000890203e-06 9.4830948000890203e-06 9.4830948000890203e-06 9.4830948000890203e-06 9.4830948000890203e-06 9.4830948000890203e-06 9.4830948000890203e-06 9.4830948000890203e-06 9.4830948000890203e-06 9.4830948000890203e-06 9.4830948000890203e-06 9.4830948000890203e-06 9.4830948000890203e-06 9.4830948000890203e-06 9.4830948000890203e-06 9.4830948000890203e-06 9.4830948000890203e-06 9.4830948000890203e-06 9.4830948000890203e-06 9.4830948000890203e-06 9.4830948000890203e-06 9.4830948000890203e-06 9.4830948000890203e-06 9.4830948000890203e-06 9.4830948000890203e-06 9.4830948000890203e-06 9.4830948000890203e-06 9.4830948000890203e-06 9.4830948000890203e-06 9.4830948000890203e-06 9.4830948000890203e-06 9.4830948000890203e-06 9.4830948000890203e-06 9.4830948000890203e-06 9.4830948000890203e-06 9.4830948000890203e-06 9.4830948000890203e-06 9.4830948000890203e-06 9.4830948000890203e-06 9.4830948000890203e-06 9.4830948000890203e-06 9.4830948000890203e-06 9.4830948000890203e-06 9.4830948000890203e-06 9.4830948000890203e-06 9.4830948000890203e-06 9.4830948000890203e-06 9.4830948000890203e-06 9.4830948000890203e-06 9.4830948000890203e-06 9.4830948000890203e-06 9.4830948000890203e-06 9.4830948000890203e-06
9.4830948000890203e-06 9.4830948000890203e-06 9.4830948000890203e-06 9.4830948000890203e-06 9.4830948000890203e-06 9.4830948000890203e-06 9.4830948000890203e-06 9.4830948000890203e-06 9.4830948000890203e-06 9.4830948000890203e-06 9.4830948000890203e-06 9.4830948000890203e-06 9.4830948000890203e-06 9.4830948000890203e-06 9.4830948000890203e-06 9.4830948000890203e-06 9.4830948000890203e-06 9.4830948000890203e-06 9.4830948000890203e-06 9.4830948000890203e-06 9.4830948000890203e-06 9.4830948000890203e-06 9.4830948000890203e-06 9.4830948000890203e-06 9.4830948000890203e-06 9.4830948000890203e-06 9.4830948000890203e-06 9.4830948000890203e-06 9.4830948000890203e-06 9.4830948000890203e-06 9.4830948000890203e-06 9.4830948000890203e-06 9.4830948000890203e-06 9.4830948000890203e-06 9.4830948000890203e-06 9.4830948000890203e-06 9.4830948000890203e-06 9.4830948000890203e-06 9.4830948000890203e-06 9.4830948000890203e-06 9.4830948000890203e-06 9.4830948000890203e-06 9.4830948000890203e-06 9.4830948000890203e-06 9.4830948000890203e-06 9.4830948000890203e-06 9.4830948000890203e-06 9.4830948000890203e-06 9.4830948000890203e-06 9.4830948000890203e-06 9.4830948000890203e-06 9.4830948000890203e-06 9.4830948000890203e-06 9.4830948000890203e-06 9.4830948000890203e-06 9.4830948000890203e-06 9.4830948000890203e-06 9.4830948000890203e-06 9.4830948000890203e-06 9.4830948000890203e-06 9.4830948000890203e-06 9.4830948000890203e-06 9.4830948000890203e-06 9.4830948000890203e-06
9.4830948000890203e-06 9.4830948000890203e-06 9.4830948000890203e-06 9.4830948000890203e-06 9.4830948000890203e-06 9.4830948000890203e-06 9.4830948000890203e-06 9.4830948000890203e-06 9.4830948000890203e-06 9.4830948000890203e-06 9.4830948000890203e-06 9.4830948000890203e-06 9.4830948000890203e-06 9.4830948000890203e-06 9.4830948000890203e-06 9.4830948000890203e-06 9.4830948000890203e-06 9.4830948000890203e-06 9.4830948000890203e-06 9.4830948000890203e-06 9.4830948000890203e-06 9.4830948000890203e-06 9.4830948000890203e-06 9.4830948000890203e-06 9.4830948000890203e-06 9.4830948000890203e-06 9.4830948000890203e-06 9.4830948000890203e-06 9.4830948000890203e-06 9.4830948000890203e-06 9.4830948000890203e-06 9.4830948000890203e-06 9.4830948000890203e-06 9.4830948000890203e-06 9.4830948000890203e-06 9.4830948000890203e-06 9.4830948000890203e-06 9.4830948000890203e-06 9.4830948000890203e-06 9.4830948000890203e-06 9.4830948000890203e-06 9.4830948000890203e-06 9.4830948000890203e-06 9.4830948000890203e-06 9.4830948000890203e-06 9.4830948000890203e-06 9.4830948000890203e-06 9.4830948000890203e-06 9.4830948000890203e-06 9.4830948000890203e-06 9.4830948000890203e-06 9.4830948000890203e-06 9.4830948000890203e-06 9.4830948000890203e-06 9.4830948000890203e-06 9.4830948000890203e-06 9.4830948000890203e-06 9.4830948000890203e-06 9.4830948000890203e-06 9.4830948000890203e-06 9.4830948000890203e-06 9.4830948000890203e-06 9.4830948000890203e-06 9.4830948000890203e-06
9.4830948000890203e-06 9.4830948000890203e-06 9.4830948000890203e-06 9.4830948000890203e-06 9.4830948000890203e-06 9.4830948000890203e-06 9.4830948000890203e-06 9.4830948000890203e-06 9.4830948000890203e-06 9.4830948000890203e-06 9.4830948000890203e-06 9.4830948000890203e-06 9.4830948000890203e-06 9.4830948000890203e-06 9.4830948000890203e-06 9.4830948000890203e-06 9.4830948000890203e-06 9.4830948000890203e-06 9.4830948000890203e-06 9.4830948000890203e-06 9.4830948000890203e-06 9.4830948000890203e-06 9.4830948000890203e-06 9.4830948000890203e-06 9.4830948000890203e-06 9.4830948000890203e-06 9.4830948000890203e-06 9.4830948000890203e-06 9.4830948000890203e-06 9.4830948000890203e-06 9.4830948000890203e-06 9.4830948000890203e-06 9.4830948000890203e-06 9.4830948000890203e-06 9.4830948000890203e-06 9.4830948000890203e-06 9.4830948000890203e-06 9.4830948000890203e-06 9.4830948000890203e-06 9.4830948000890203e-06 9.4830948000890203e-06 9.4830948000890203e-06 9.4830948000890203e-06 9.4830948000890203e-06 9.4830948000890203e-06 9.4830948000890203e-06 9.4830948000890203e-06 9.4830948000890203e-06 9.4830948000890203e-06 9.4830948000890203e-06 9.4830948000890203e-06 9.4830948000890203e-06 9.4830948000890203e-06 9.4830948000890203e-06 9.4830948000890203e-06 9.4830948000890203e-06 9.4830948000890203e-06 9.4830948000890203e-06 9.4830948000890203e-06 9.4830948000890203e-06 9.4830948000890203e-06 9.4830948000890203e-06 9.4830948000890203e-06 9.4830948000890203e-06
9.4830948000890203e-06 9.4830948000890203e-06 9.4830948000890203e-06 9.4830948000890203e-06 9.4830948000890203e-06 9.4830948000890203e-06 9.4830948000890203e-06 9.4830948000890203e-06 9.4830948000890203e-06 9.4830948000890203e-06 9.4830948000890203e-06 9.4830948000890203e-06 9.4830948000890203e-06 9.4830948000890203e-06 9.4830948000890203e-06 9.4830948000890203e-06 9.4830948000890203e-06 9.4830948000890203e-06 9.4830948000890203e-06 9.4830948000890203e-06 9.4830948000890203e-06 9.4830948000890203e-06 9.4830948000890203e-06 9.4830948000890203e-06 9.4830948000890203e-06 9.4830948000890203e-06 9.4830948000890203e-06 9.4830948000890203e-06 9.4830948000890203e-06 9.4830948000890203e-06 9.4830948000890203e-06 9.4830948000890203e-06 9.4830948000890203e-06 9.4830948000890203e-06 9.4830948000890203e-06 9.4830948000890203e-06 9.4830948000890203e-06 9.4830948000890203e-06 9.4830948000890203e-06 9.4830948000890203e-06 9.4830948000890203e-06 9.4830948000890203e-06 9.4830948000890203e-06 9.4830948000890203e-06 9.4830948000890203e-06 9.4830948000890203e-06 9.4830948000890203e-06 9.4830948000890203e-06 9.4830948000890203e-06 9.4830948000890203e-06 9.4830948000890203e-06 9.4830948000890203e-06 9.4830948000890203e-06 9.4830948000890203e-06 9.4830948000890203e-06 9.4830948000890203e-06 9.4830948000890203e-06 9.4830948000890203e-06 9.4830948000890203e-06 9.4830948000890203e-06 9.4830948000890203e-06 9.4830948000890203e-06 9.4830948000890203e-06 9.4830948000890203e-06
9.4830948000890203e-06 9.4830948000890203e-06 9.4830948000890203e-06 9.4830948000890203e-06 9.4830948000890203e-06 9.4830948000890203e-06 9.4830948000890203e-06 9.4830948000890203e-06 9.4830948000890203e-06 9.4830948000890203e-06 9.4830948000890203e-06 9.4830948000890203e-06 9.4830948000890203e-06 9.4830948000890203e-06 9.4830948000890203e-06 9.4830948000890203e-06 9.4830948000890203e-06 9.4830948000890203e-06 9.4830948000890203e-06 9.4830948000890203e-06 9.4830948000890203e-06 9.4830948000890203e-06 9.4830948000890203e-06 9.4830948000890203e-06 9.4830948000890203e-06 9.4830948000890203e-06 9.4830948000890203e-06 9.4830948000890203e-06 9.4830948000890203e-06 9.4830948000890203e-06 9.4830948000890203e-06 9.4830948000890203e-06 9.4830948000890203e-06 9.4830948000890203e-06 9.4830948000890203e-06 9.4830948000890203e-06 9.4830948000890203e-06 9.4830948000890203e-06 9.4830948000890203e-06 9.4830948000890203e-06 9.4830948000890203e-06 9.4830948000890203e-06 9.4830948000890203e-06 9.4830948000890203e-06 9.4830948000890203e-06 9.4830948000890203e-06 9.4830948000890203e-06 9.4830948000890203e-06 9.4830948000890203e-06 9.4830948000890203e-06 9.4830948000890203e-06 9.4830948000890203e-06 9.4830948000890203e-06 9.4830948000890203e-06 9.4830948000890203e-06 9.4830948000890203e-06 9.4830948000890203e-06 9.4830948000890203e-06 9.4830948000890203e-06 9.4830948000890203e-06 9.4830948000890203e-06 9.4830948000890203e-06 9.4830948000890203e-06 9.4830948000890203e-06
9.4830948000890203e-06 9.4830948000890203e-06 9.4830948000890203e-06 9.4830948000890203e-06 9.4830948000890203e-06 9.4830948000890203e-06 9.4830948000890203e-06 9.4830948000890203e-06 9.4830948000890203e-06 9.4830948000890203e-06 9.4830948000890203e-06 9.4830948000890203e-06 9.4830948000890203e-06 9.4830948000890203e-06 9.4830948000890203e-06 9.4830948000890203e-06 9.4830948000890203e-06 9.4830948000890203e-06 9.4830948000890203e-06 9.4830948000890203e-06 9.4830948000890203e-06 9.4830948000890203e-06 9.4830948000890203e-06 9.4830948000890203e-06 9.4830948000890203e-06 9.4830948000890203e-06 9.4830948000890203e-06 9.4830948000890203e-06 9.4830948000890203e-06 9.4830948000890203e-06 9.4830948000890203e-06 9.4830948000890203e-06 9.4830948000890203e-06 9.4830948000890203e-06 9.4830948000890203e-06 9.4830948000890203e-06 9.4830948000890203e-06 9.4830948000890203e-06 9.4830948000890203e-06 9.4830948000890203e-06 9.4830948000890203e-06 9.4830948000890203e-06 9.4830948000890203e-06 9.4830948000890203e-06 9.4830948000890203e-06 9.4830948000890203e-06 9.4830948000890203e-06 9.4830948000890203e-06 9.4830948000890203e-06 9.4830948000890203e-06 9.4830948000890203e-06 9.4830948000890203e-06 9.4830948000890203e-06 9.4830948000890203e-06 9.4830948000890203e-06 9.4830948000890203e-06 9.4830948000890203e-06 9.4830948000890203e-06 9.4830948000890203e-06 9.4830948000890203e-06 9.4830948000890203e-06 9.4830948000890203e-06 9.4830948000890203e-06 9.4830948000890203e-06
9.4830948000890203e-06 9.4830948000890203e-06 9.4830948000890203e-06 9.4830948000890203e-06 9.4830948000890203e-06 9.4830948000890203e-06 9.4830948000890203e-06 9.4830948000890203e-06 9.4830948000890203e-06 9.4830948000890203e-06 9.4830948000890203e-06 9.4830948000890203e-06 9.4830948000890203e-06 9.4830948000890203e-06 9.4830948000890203e-06 9.4830948000890203e-06 9.4830948000890203e-06 9.4830948000890203e-06 9.4830948000890203e-06 9.4830948000890203e-06 9.4830948000890203e-06 9.4830948000890203e-06 9.4830948000890203e-06 9.4830948000890203e-06 9.4830948000890203e-06 9.4830948000890203e-06 9.4830948000890203e-06 9.4830948000890203e-06 9.4830948000890203e-06 9.4830948000890203e-06 9.4830948000890203e-06 9.4830948000890203e-06 9.4830948000890203e-06 9.4830948000890203e-06 9.4830948000890203e-06 9.4830948000890203e-06 9.4830948000890203e-06 9.4830948000890203e-06 9.4830948000890203e-06 9.4830948000890203e-06 9.4830948000890203e-06 9.4830948000890203e-06 9.4830948000890203e-06 9.4830948000890203e-06 9.4830948000890203e-06 9.4830948000890203e-06 9.4830948000890203e-06 9.4830948000890203e-06 9.4830948000890203e-06 9.4830948000890203e-06 9.4830948000890203e-06 9.4830948000890203e-06 9.4830948000890203e-06 9.4830948000890203e-06 9.4830948000890203e-06 9.4830948000890203e-06 9.4830948000890203e-06 9.4830948000890203e-06 9.4830948000890203e-06 9.4830948000890203e-06 9.4830948000890203e-06 9.4830948000890203e-06 9.4830948000890203e-06 9.4830948000890203e-06
9.4830948000890203e-06 9.4830948000890203e-06 9.4830948000890203e-06 9.4830948000890203e-06 9.4830948000890203e-06 9.4830948000890203e-06 9.4830948000890203e-06 9.4830948000890203e-06 9.4830948000890203e-06 9.4830948000890203e-06 9.4830948000890203e-06 9.4830948000890203e-06 9.4830948000890203e-06 9.4830948000890203e-06 9.4830948000890203e-06 9.4830948000890203e-06 9.4830948000890203e-06 9.4830948000890203e-06 9.4830948000890203e-06 9.4830948000890203e-06 9.4830948000890203e-06 9.4830948000890203e-06 9.4830948000890203e-06 9.4830948000890203e-06 9.4830948000890203e-06 9.4830948000890203e-06 9.4830948000890203e-06 9.4830948000890203e-06 9.4830948000890203e-06 9.4830948000890203e-06 9.4830948000890203e-06 9.4830948000890203e-06 9.4830948000890203e-06 9.4830948000890203e-06 9.4830948000890203e-06 9.4830948000890203e-06 9.4830948000890203e-06 9.4830948000890203e-06 9.4830948000890203e-06 9.4830948000890203e-06 9.4830948000890203e-06 9.4830948000890203e-06 9.4830948000890203e-06 9.4830948000890203e-06 9.4830948000890203e-06 9.4830948000890203e-06 9.4830948000890203e-06 9.4830948000890203e-06 9.4830948000890203e-06 9.4830948000890203e-06 9.4830948000890203e-06 9.4830948000890203e-06 9.4830948000890203e-06 9.4830948000890203e-06 9.4830948000890203e-06 9.4830948000890203e-06 9.4830948000890203e-06 9.4830948000890203e-06 9.4830948000890203e-06 9.4830948000890203e-06 9.4830948000890203e-06 9.4830948000890203e-06 9.4830948000890203e-06 9.4830948000890203e-06
9.4830948000890203e-06 9.4830948000890203e-06 9.4830948000890203e-06 9.4830948000890203e-06 9.4830948000890203e-06 9.4830948000890203e-06 9.4830948000890203e-06 9.4830948000890203e-06 9.4830948000890203e-06 9.4830948000890203e-06 9.4830948000890203e-06 9.4830948000890203e-06 9.4830948000890203e-06 9.4830948000890203e-06 9.4830948000890203e-06 9.4830948000890203e-06 9.4830948000890203e-06 9.4830948000890203e-06 9.4830948000890203e-06 9.4830948000890203e-06 9.4830948000890203e-06 9.4830948000890203e-06 9.4830948000890203e-06 9.4830948000890203e-06 9.4830948000890203e-06 9.4830948000890203e-06 9.4830948000890203e-06 9.4830948000890203e-06 9.4830948000890203e-06 9.4830948000890203e-06 9.4830948000890203e-06 9.4830948000890203e-06 9.4830948000890203e-06 9.4830948000890203e-06 9.4830948000890203e-06 9.4830948000890203e-06 9.4830948000890203e-06 9.4830948000890203e-06 9.4830948000890203e-06 9.4830948000890203e-06 9.4830948000890203e-06 9.4830948000890203e-06 9.4830948000890203e-06 9.4830948000890203e-06 9.4830948000890203e-06 9.4830948000890203e-06 9.4830948000890203e-06 9.4830948000890203e-06 9.4830948000890203e-06 9.4830948000890203e-06 9.4830948000890203e-06 9.4830948000890203e-06 9.4830948000890203e-06 9.4830948000890203e-06 9.4830948000890203e-06 9.4830948000890203e-06 9.4830948000890203e-06 9.4830948000890203e-06 9.4830948000890203e-06 9.4830948000890203e-06 9.4830948000890203e-06 9.4830948000890203e-06 9.4830948000890203e-06 9.4830948000890203e-06
9.4830948000890203e-06 9.4830948000890203e-06 9.4830948000890203e-06 9.4830948000890203e-06 9.4830948000890203e-06 9.4830948000890203e-06 9.4830948000890203e-06 9.4830948000890203e-06 9.4830948000890203e-06 9.4830948000890203e-06 9.4830948000890203e-06 9.4830948000890203e-06 9.4830948000890203e-06 9.4830948000890203e-06 9.4830948000890203e-06 9.4830948000890203e-06 9.4830948000890203e-06 9.4830948000890203e-06 9.4830948000890203e-06 9.4830948000890203e-06 9.4830948000890203e-06 9.4830948000890203e-06 9.4830948000890203e-06 9.4830948000890203e-06 9.4830948000890203e-06 9.4830948000890203e-06 9.4830948000890203e-06 9.4830948000890203e-06 9.4830948000890203e-06 9.4830948000890203e-06 9.4830948000890203e-06 9.4830948000890203e-06 9.4830948000890203e-06 9.4830948000890203e-06 9.4830948000890203e-06 9.4830948000890203e-06 9.4830948000890203e-06 9.4830948000890203e-06 9.4830948000890203e-06 9.4830948000890203e-06 9.4830948000890203e-06 9.4830948000890203e-06 9.4830948000890203e-06 9.4830948000890203e-06 9.4830948000890203e-06 9.4830948000890203e-06 9.4830948000890203e-06 9.4830948000890203e-06 9.4830948000890203e-06 9.4830948000890203e-06 9.4830948000890203e-06 9.4830948000890203e-06 9.4830948000890203e-06 9.4830948000890203e-06 9.4830948000890203e-06 9.4830948000890203e-06 9.4830948000890203e-06 9.4830948000890203e-06 9.4830948000890203e-06 9.4830948000890203e-06 9.4830948000890203e-06 9.4830948000890203e-06 9.4830948000890203e-06 9.4830948000890203e-06
9.4830948000890203e-06 9.4830948000890203e-06 9.4830948000890203e-06 9.4830948000890203e-06 9.4830948000890203e-06 9.4830948000890203e-06 9.4830948000890203e-06 9.4830948000890203e-06 9.4830948000890203e-06 9.4830948000890203e-06 9.4830948000890203e-06 9.4830948000890203e-06 9.4830948000890203e-06 9.4830948000890203e-06 9.4830948000890203e-06 9.4830948000890203e-06 9.4830948000890203e-06 9.4830948000890203e-06 9.4830948000890203e-06 9.4830948000890203e-06 9.4830948000890203e-06 9.4830948000890203e-06 9.4830948000890203e-06 9.4830948000890203e-06 9.4830948000890203e-06 9.4830948000890203e-06 9.4830948000890203e-06 9.4830948000890203e-06 9.4830948000890203e-06 9.4830948000890203e-06 9.4830948000890203e-06 9.4830948000890203e-06 9.4830948000890203e-06 9.4830948000890203e-06 9.4830948000890203e-06 9.4830948000890203e-06 9.4830948000890203e-06 9.4830948000890203e-06 9.4830948000890203e-06 9.4830948000890203e-06 9.4830948000890203e-06 9.4830948000890203e-06 9.4830948000890203e-06 9.4830948000890203e-06 9.4830948000890203e-06 9.4830948000890203e-06 9.4830948000890203e-06 9.4830948000890203e-06 9.4830948000890203e-06 9.4830948000890203e-06 9.4830948000890203e-06 9.4830948000890203e-06 9.4830948000890203e-06 9.4830948000890203e-06 9.4830948000890203e-06 9.4830948000890203e-06 9.4830948000890203e-06 9.4830948000890203e-06 9.4830948000890203e-06 9.4830948000890203e-06 9.4830948000890203e-06 9.4830948000890203e-06 9.4830948000890203e-06 9.4830948000890203e-06
9.4830948000890203e-06 9.4830948000890203e-06 9.4830948000890203e-06 9.4830948000890203e-06 9.4830948000890203e-06 9.4830948000890203e-06 9.4830948000890203e-06 9.4830948000890203e-06 9.4830948000890203e-06 9.4830948000890203e-06 9.4830948000890203e-06 9.4830948000890203e-06 9.4830948000890203e-06 9.4830948000890203e-06 9.4830948000890203e-06 9.4830948000890203e-06 9.4830948000890203e-06 9.4830948000890203e-06 9.4830948000890203e-06 9.4830948000890203e-06 9.4830948000890203e-06 9.4830948000890203e-06 9.4830948000890203e-06 9.4830948000890203e-06 9.4830948000890203e-06 9.4830948000890203e-06 9.4830948000890203e-06 9.4830948000890203e-06 9.4830948000890203e-06 9.4830948000890203e-06 9.4830948000890203e-06 9.4830948000890203e-06 9.4830948000890203e-06 9.4830948000890203e-06 9.4830948000890203e-06 9.4830948000890203e-06 9.4830948000890203e-06 9.4830948000890203e-06 9.4830948000890203e-06 9.4830948000890203e-06 9.4830948000890203e-06 9.4830948000890203e-06 9.4830948000890203e-06 9.4830948000890203e-06 9.4830948000890203e-06 9.4830948000890203e-06 9.4830948000890203e-06 9.4830948000890203e-06 9.4830948000890203e-06 9.4830948000890203e-06 9.4830948000890203e-06 9.4830948000890203e-06 9.4830948000890203e-06 9.4830948000890203e-06 9.4830948000890203e-06 9.4830948000890203e-06 9.4830948000890203e-06 9.4830948000890203e-06 9.4830948000890203e-06 9.4830948000890203e-06 9.4830948000890203e-06 9.4830948000890203e-06 9.4830948000890203e-06 9.4830948000890203e-06
9.4830948000890203e-06 9.4830948000890203e-06 9.4830948000890203e-06 9.4830948000890203e-06 9.4830948000890203e-06 9.4830948000890203e-06 9.4830948000890203e-06 9.4830948000890203e-06 9.4830948000890203e-06 9.4830948000890203e-06 9.4830948000890203e-06 9.4830948000890203e-06 9.4830948000890203e-06 9.4830948000890203e-06 9.4830948000890203e-06 9.4830948000890203e-06 9.4830948000890203e-06 9.4830948000890203e-06 9.4830948000890203e-06 9.4830948000890203e-06 9.4830948000890203e-06 9.4830948000890203e-06 9.4830948000890203e-06 9.4830948000890203e-06 9.4830948000890203e-06 9.4830948000890203e-06 9.4830948000890203e-06 9.4830948000890203e-06 9.4830948000890203e-06 9.4830948000890203e-06 9.4830948000890203e-06 9.4830948000890203e-06 9.4830948000890203e-06 9.4830948000890203e-06 9.4830948000890203e-06 9.4830948000890203e-06 9.4830948000890203e-06 9.4830948000890203e-06 9.4830948000890203e-06 9.4830948000890203e-06 9.4830948000890203e-06 9.4830948000890203e-06 9.4830948000890203e-06 9.4830948000890203e-06 9.4830948000890203e-06 9.4830948000890203e-06 9.4830948000890203e-06 9.4830948000890203e-06 9.4830948000890203e-06 9.4830948000890203e-06 9.4830948000890203e-06 9.4830948000890203e-06 9.4830948000890203e-06 9.4830948000890203e-06 9.4830948000890203e-06 9.4830948000890203e-06 9.4830948000890203e-06 9.4830948000890203e-06 9.4830948000890203e-06 9.4830948000890203e-06 9.4830948000890203e-06 9.4830948000890203e-06 9.4830948000890203e-06 9.4830948000890203e-06
9.4830948000890203e-06 9.4830948000890203e-06 9.4830948000890203e-06 9.4830948000890203e-06 9.4830948000890203e-06 9.4830948000890203e-06 9.4830948000890203e-06 9.4830948000890203e-06 9.4830948000890203e-06 9.4830948000890203e-06 9.4830948000890203e-06 9.4830948000890203e-06 9.4830948000890203e-06 9.4830948000890203e-06 9.4830948000890203e-06 9.4830948000890203e-06 9.4830948000890203e-06 9.4830948000890203e-06 9.4830948000890203e-06 9.4830948000890203e-06 9.4830948000890203e-06 9.4830948000890203e-06 9.4830948000890203e-06 9.4830948000890203e-06 9.4830948000890203e-06 9.4830948000890203e-06 9.4830948000890203e-06 9.4830948000890203e-06 9.4830948000890203e-06 9.4830948000890203e-06 9.4830948000890203e-06 9.4830948000890203e-06 9.4830948000890203e-06 9.4830948000890203e-06 9.4830948000890203e-06 9.4830948000890203e-06 9.4830948000890203e-06 9.4830948000890203e-06 9.4830948000890203e-06 9.4830948000890203e-06 9.4830948000890203e-06 9.4830948000890203e-06 9.4830948000890203e-06 9.4830948000890203e-06 9.4830948000890203e-06 9.4830948000890203e-06 9.4830948000890203e-06 9.4830948000890203e-06 9.4830948000890203e-06 9.4830948000890203e-06 9.4830948000890203e-06 9.4830948000890203e-06 9.4830948000890203e-06 9.4830948000890203e-06 9.4830948000890203e-06 9.4830948000890203e-06 9.4830948000890203e-06 9.4830948000890203e-06 9.4830948000890203e-06 9.4830948000890203e-06 9.4830948000890203e-06 9.4830948000890203e-06 9.4830948000890203e-06 9.4830948000890203e-06
9.4830948000890203e-06 9.4830948000890203e-06 9.4830948000890203e-06 9.4830948000890203e-06 9.4830948000890203e-06 9.4830948000890203e-06 9.4830948000890203e-06 9.4830948000890203e-06 9.4830948000890203e-06 9.4830948000890203e-06 9.4830948000890203e-06 9.4830948000890203e-06 9.4830948000890203e-06 9.4830948000890203e-06 9.4830948000890203e-06 9.4830948000890203e-06 9.4830948000890203e-06 9.4830948000890203e-06 9.4830948000890203e-06 9.4830948000890203e-06 9.4830948000890203e-06 9.4830948000890203e-06 9.4830948000890203e-06 9.4830948000890203e-06 9.4830948000890203e-06 9.4830948000890203e-06 9.4830948000890203e-06 9.4830948000890203e-06 9.4830948000890203e-06 9.4830948000890203e-06 9.4830948000890203e-06 9.4830948000890203e-06 9.4830948000890203e-06 9.4830948000890203e-06 9.4830948000890203e-06 9.4830948000890203e-06 9.4830948000890203e-06 9.4830948000890203e-06 9.4830948000890203e-06 9.4830948000890203e-06 9.4830948000890203e-06 9.4830948000890203e-06 9.4830948000890203e-06 9.4830948000890203e-06 9.4830948000890203e-06 9.4830948000890203e-06 9.4830948000890203e-06 9.4830948000890203e-06 9.4830948000890203e-06 9.4830948000890203e-06 9.4830948000890203e-06 9.4830948000890203e-06 9.4830948000890203e-06 9.4830948000890203e-06 9.4830948000890203e-06 9.4830948000890203e-06 9.4830948000890203e-06 9.4830948000890203e-06 9.4830948000890203e-06 9.4830948000890203e-06 9.4830948000890203e-06 9.4830948000890203e-06 9.4830948000890203e-06 9.4830948000890203e-06
9.4830948000890203e-06 9.4830948000890203e-06 9.4830948000890203e-06 9.4830948000890203e-06 9.4830948000890203e-06 9.4830948000890203e-06 9.4830948000890203e-06 9.4830948000890203e-06 9.4830948000890203e-06 9.4830948000890203e-06 9.4830948000890203e-06 9.4830948000890203e-06 9.4830948000890203e-06 9.4830948000890203e-06 9.4830948000890203e-06 9.4830948000890203e-06 9.4830948000890203e-06 9.4830948000890203e-06 9.4830948000890203e-06 9.4830948000890203e-06 9.4830948000890203e-06 9.4830948000890203e-06 9.4830948000890203e-06 9.4830948000890203e-06 9.4830948000890203e-06 9.4830948000890203e-06 9.4830948000890203e-06 9.4830948000890203e-06 9.4830948000890203e-06 9.4830948000890203e-06 9.4830948000890203e-06 9.4830948000890203e-06 9.4830948000890203e-06 9.4830948000890203e-06 9.4830948000890203e-06 9.4830948000890203e-06 9.4830948000890203e-06 9.4830948000890203e-06 9.4830948000890203e-06 9.4830948000890203e-06 9.4830948000890203e-06 9.4830948000890203e-06 9.4830948000890203e-06 9.4830948000890203e-06 9.4830948000890203e-06 9.4830948000890203e-06 9.4830948000890203e-06 9.4830948000890203e-06 9.4830948000890203e-06 9.4830948000890203e-06 9.4830948000890203e-06 9.4830948000890203e-06 9.4830948000890203e-06 9.4830948000890203e-06 9.4830948000890203e-06 9.4830948000890203e-06 9.4830948000890203e-06 9.4830948000890203e-06 9.4830948000890203e-06 9.4830948000890203e-06 9.4830948000890203e-06 9.4830948000890203e-06 9.4830948000890203e-06 9.4830948000890203e-06
9.4830948000890203e-06 9.4830948000890203e-06 9.4830948000890203e-06 9.4830948000890203e-06 9.4830948000890203e-06 9.4830948000890203e-06 9.4830948000890203e-06 9.4830948000890203e-06 9.4830948000890203e-06 9.4830948000890203e-06 9.4830948000890203e-06 9.4830948000890203e-06 9.4830948000890203e-06 9.4830948000890203e-06 9.4830948000890203e-06 9.4830948000890203e-06 9.4830948000890203e-06 9.4830948000890203e-06 9.4830948000890203e-06 9.4830948000890203e-06 9.4830948000890203e-06 9.4830948000890203e-06 9.4830948000890203e-06 9.4830948000890203e-06 9.4830948000890203e-06 9.4830948000890203e-06 9.4830948000890203e-06 9.4830948000890203e-06 9.4830948000890203e-06 9.4830948000890203e-06 9.4830948000890203e-06 9.4830948000890203e-06 9.4830948000890203e-06 9.4830948000890203e-06 9.4830948000890203e-06 9.4830948000890203e-06 9.4830948000890203e-06 9.4830948000890203e-06 9.4830948000890203e-06 9.4830948000890203e-06 9.4830948000890203e-06 9.4830948000890203e-06 9.4830948000890203e-06 9.4830948000890203e-06 9.4830948000890203e-06 9.4830948000890203e-06 9.4830948000890203e-06 9.4830948000890203e-06 9.4830948000890203e-06 9.4830948000890203e-06 9.4830948000890203e-06 9.4830948000890203e-06 9.4830948000890203e-06 9.4830948000890203e-06 9.4830948000890203e-06 9.4830948000890203e-06 9.4830948000890203e-06 9.4830948000890203e-06 9.4830948000890203e-06 9.4830948000890203e-06 9.4830948000890203e-06 9.4830948000890203e-06 9.4830948000890203e-06 9.4830948000890203e-06
9.4830948000890203e-06 9.4830948000890203e-06 9.4830948000890203e-06 9.4830948000890203e-06 9.4830948000890203e-06 9.4830948000890203e-06 9.4830948000890203e-06 9.4830948000890203e-06 9.4830948000890203e-06 9.4830948000890203e-06 9.4830948000890203e-06 9.4830948000890203e-06 9.4830948000890203e-06 9.4830948000890203e-06 9.4830948000890203e-06 9.4830948000890203e-06 9.4830948000890203e-06 9.4830948000890203e-06 9.4830948000890203e-06 9.4830948000890203e-06 9.4830948000890203e-06 9.4830948000890203e-06 9.4830948000890203e-06 9.4830948000890203e-06 9.4830948000890203e-06 9.4830948000890203e-06 9.4830948000890203e-06 9.4830948000890203e-06 9.4830948000890203e-06 9.4830948000890203e-06 9.4830948000890203e-06 9.4830948000890203e-06 9.4830948000890203e-06 9.4830948000890203e-06 9.4830948000890203e-06 9.4830948000890203e-06 9.4830948000890203e-06 9.4830948000890203e-06 9.4830948000890203e-06 9.4830948000890203e-06 9.4830948000890203e-06 9.4830948000890203e-06 9.4830948000890203e-06 9.4830948000890203e-06 9.4830948000890203e-06 9.4830948000890203e-06 9.4830948000890203e-06 9.4830948000890203e-06 9.4830948000890203e-06 9.4830948000890203e-06 9.4830948000890203e-06 9.4830948000890203e-06 9.4830948000890203e-06 9.4830948000890203e-06 9.4830948000890203e-06 9.4830948000890203e-06 9.4830948000890203e-06 9.4830948000890203e-06 9.4830948000890203e-06 9.4830948000890203e-06 9.4830948000890203e-06 9.4830948000890203e-06 9.4830948000890203e-06 9.4830948000890203e-06
9.4830948000890203e-06 9.4830948000890203e-06 9.4830948000890203e-06 9.4830948000890203e-06 9.4830948000890203e-06 9.4830948000890203e-06 9.4830948000890203e-06 9.4830948000890203e-06 9.4830948000890203e-06 9.4830948000890203e-06 9.4830948000890203e-06 9.4830948000890203e-06 9.4830948000890203e-06 9.4830948000890203e-06 9.4830948000890203e-06 9.4830948000890203e-06 9.4830948000890203e-06 9.4830948000890203e-06 9.4830948000890203e-06 9.4830948000890203e-06 9.4830948000890203e-06 9.4830948000890203e-06 9.4830948000890203e-06 9.4830948000890203e-06 9.4830948000890203e-06 9.4830948000890203e-06 9.4830948000890203e-06 9.4830948000890203e-06 9.4830948000890203e-06 9.4830948000890203e-06 9.4830948000890203e-06 9.4830948000890203e-06 9.4830948000890203e-06 9.4830948000890203e-06 9.4830948000890203e-06 9.4830948000890203e-06 9.4830948000890203e-06 9.4830948000890203e-06 9.4830948000890203e-06 9.4830948000890203e-06 9.4830948000890203e-06 9.4830948000890203e-06 9.4830948000890203e-06 9.4830948000890203e-06 9.4830948000890203e-06 9.4830948000890203e-06 9.4830948000890203e-06 9.4830948000890203e-06 9.4830948000890203e-06 9.4830948000890203e-06 9.4830948000890203e-06 9.4830948000890203e-06 9.4830948000890203e-06 9.4830948000890203e-06 9.4830948000890203e-06 9.4830948000890203e-06 9.4830948000890203e-06 9.4830948000890203e-06 9.4830948000890203e-06 9.4830948000890203e-06 9.4830948000890203e-06 9.4830948000890203e-06 9.4830948000890203e-06 9.4830948000890203e-06
9.4830948000890203e-06 9.4830948000890203e-06 9.4830948000890203e-06 9.4830948000890203e-06 9.4830948000890203e-06 9.4830948000890203e-06 9.4830948000890203e-06 9.4830948000890203e-06 9.4830948000890203e-06 9.4830948000890203e-06 9.4830948000890203e-06 9.4830948000890203e-06 9.4830948000890203e-06 9.4830948000890203e-06 9.4830948000890203e-06 9.4830948000890203e-06 9.4830948000890203e-06 9.4830948000890203e-06 9.4830948000890203e-06 9.4830948000890203e-06 9.4830948000890203e-06 9.4830948000890203e-06 9.4830948000890203e-06 9.4830948000890203e-06 9.4830948000890203e-06 9.4830948000890203e-06 9.4830948000890203e-06 9.4830948000890203e-06 9.4830948000890203e-06 9.4830948000890203e-06 9.4830948000890203e-06 9.4830948000890203e-06 9.4830948000890203e-06 9.4830948000890203e-06 9.4830948000890203e-06 9.4830948000890203e-06 9.4830948000890203e-06 9.4830948000890203e-06 9.4830948000890203e-06 9.4830948000890203e-06 9.4830948000890203e-06 9.4830948000890203e-06 9.4830948000890203e-06 9.4830948000890203e-06 9.4830948000890203e-06 9.4830948000890203e-06 9.4830948000890203e-06 9.4830948000890203e-06 9.4830948000890203e-06 9.4830948000890203e-06 9.4830948000890203e-06 9.4830948000890203e-06 9.4830948000890203e-06 9.4830948000890203e-06 9.4830948000890203e-06 9.4830948000890203e-06 9.4830948000890203e-06 9.4830948000890203e-06 9.4830948000890203e-06 9.4830948000890203e-06 9.4830948000890203e-06 9.4830948000890203e-06 9.4830948000890203e-06 9.4830948000890203e-06
@ time_1 
0.30008134245872498
@ nh_1 64 64
100 100 100 100 100 100 100 100 100 100 100 100 100 100 100 100 100 100 100 100 100 100 100 100 100 100 100 100 100 100 100 100 100 100 100 100 100 100 100 100 100 100 100 100 100 100 100 100 100 100 100 100 100 100 100 100 100 100 100 100 100 100 100 100
100 100 100 100 100 100 100 100 100 100 100 100 100 100 100 100 100 100 100 100 100 100 100 100 100 100 100 100 100 100 100 100 100 100 100 100 100 100 100 100 100 100 100 100 100 100 100 100 100 100 100 100 100 100 100 100 100 100 100 100 100 100 100 100
100 100 100 100 100 100 100 100 100 100 100 100 100 100 100 100 100 100 100 100 100 100 100 100 100 100 100 100 100 100 100 100 100 100 100 100 100 100 100 100 100 100 100 100 100 100 100 100 100 100 100 100 100 100 100 100 100 100 100 100 100 100 100 100
100 100 100 100 100 100 100 100 100 100 100 100 100 100 100 100 100 100 100 100 100 100 100 100 100 100 100 100 100 100 100 100 100 100 100 100 100 100 100 100 100 100 100 100 100 100 100 100 100 100 100 100 100 100 100 100 100 100 100 100 100 100 100 100
100 100 100 100 100 100 100 100 100 100 100 100 100 100 100 100 100 100 100 100 100 100 100 100 100 100 100 100 100 100 100 100 100 100 100 100 100 100 100 100 100 100 100 100 100 100 100 100 100 100 100 100 100 100 100 100 100 100 100 100 100 100 100 100
100 100 100 100 100 100 100 100 100 100 100 100 100 100 100 100 100 100 100 100 100 100 100 100 100 100 100 100 100 100 100 100 100 100 100 100 100 100 100 100 100 100 100 100 100 100 100 100 100 100 100 100 100 100 100 100 100 100 100 100 100 100 100 100
100 100 100 100 100 100 100 100 100 100 100 100 100 100 100 100 100 100 100 100 100 100 100 100 100 100 100 100 100 100 100 100 100 100 100 100 100 100 100 100 100 100 100 100 100 100 100 100 100 100 100 100 100 100 100 100 100 100 100 100 100 100 100 100
100 100 100 100 100 100 100 100 100 100 100 100 100 100 100 100 100 100 100 100 100 100 100 100 100 100 100 100 100 100 100 100 100 100 100 100 100 100 100 100 100 100 100 100 100 100 100 100 100 100 100 100 100 100 100 100 100 100 100 100 100 100 100 100
100 100 100 100 100 100 100 100 100 100 100 100 100 100 100 100 100 100 100 100 100 100 100 100 100 100 100 100 100 100 100 100 100 100 100 100 100 100 100 100 100 100 100 100 100 100 100 100 100 100 100 100 100 100 100 100 100 100 100 100 100 100 100 100
100 100 100 100 100 100 100 100 100 100 100 100 100 100 100 100 100 100 100 100 100 100 100 100 100 100 100 100 100 100 100 100 100 100 100 100 100 100 100 100 100 100 100 100 100 100 100 100 100 100 100 100 100 100 100 100 100 100 100 100 100 100 100 100
100 100 100 100 100 100 100 100 100 100 100 100 100 100 100 100 100 100 100 100 100 100 100 100 100 100 100 100 100 100 100 100 100 100 100 100 100 100 100 100 100 100 100 100 100 100 100 100 100 100 100 100 100 100 100 100 100 100 100 100 100 100 100 100
100 100 100 100 100 100 100 100 100 100 100 100 100 100 100 100 100 100 100 100 100 100 100 100 100 100 100 100 100 100 100 100 100 100 100 100 100 100 100 100 100 100 100 100 100 100 100 100 100 100 100 100 100 100 100 100 100 100 100 100 100 100 100 100
100 100 100 100 100 100 100 100 100 100 100 100 100 100 100 100 100 100 100 100 100 100 100 100 100 100 100 100 100 100 100 100 100 100 100 100 100 100 100 100 100 100 100 100 100 100 100 100 100 100 100 100 100 100 100 100 100 100 100 100 100 100 100 100
100 100 100 100 100 100 100 100 100 100 100 100 100 100 100 100 100 100 100 100 100 100 100 100 100 100 100 100 100 100 100 100 100 100 100 100 100 100 100 100 100 100 100 100 100 100 100 100 100 100 100 100 100 100 100 100 100 100 100 100 100 100 100 100
100 100 100 100 100 100 100 100 100 100 100 100 100 100 100 100 100 100 100 100 100 100 100 100 100 100 100 100 100 100 100 100 100 100 100 100 100 100 100 100 100 100 100 100 100 100 100 100 100 100 100 100 100 100 100 100 100 100 100 100 100 100 100 100
100 100 100 100 100 100 100 100 100 100 100 100 100 100 100 100 100 100 100 100 100 100 100 100 100 100 100 100 100 100 100 100 100 100 100 100 100 100 100 100 100 100 100 100 100 100 100 100 100 100 100 100 100 100 100 100 100 100 100 100 100 100 100 100
100 100 100 100 100 100 100 100 100 100 100 100 100 100 100 100 100 100 100 100 100 100 100 100 100 100 100 100 100 100 100 100 100 100 100 100 100 100 100 100 100 100 100 100 100 100 100 100 100 100 100 100 100 100 100 100 100 100 100 100 100 100 100 100
100 100 100 100 100 100 100 100 100 100 100 100 100 100 100 100 100 100 100 100 100 100 100 100 100 100 100 100 100 100 100 100 100 100 100 100 100 100 100 100 100 100 100 100 100 100 100 100 100 100 100 100 100 100 100 100 100 100 100 100 100 100 100 100
100 100 100 100 100 100 100 100 100 100 100 100 100 100 100 100 100 100 100 100 100 100 100 100 100 100 100 100 100 100 100 100 100 100 100 100 100 100 100 100 100 100 100 100 100 100 100 100 100 100 100 100 100 100 100 100 100 100 100 100 100 100 100 100
100 100 100 100 100 100 100 100 100 100 100 100 100 100 100 100 100 100 100 100 100 100 100 100 100 100 100 100 100 100 100 100 100 100 100 100 100 100 100 100 100 100 100 100 100 100 100 100 100 100 100 100 100 100 100 100 100 100 100 100 100 100 100 100
100 100 100 100 100 100 100 100 100 100 100 100 100 100 100 100 100 100 100 100 100 100 100 100 100 100 100 100 100 100 100.00007629394531 100.00032697405135 100.00039236886161 100.00009809221541 100 100 100 100 100 100 100 100 100 100 100 100 100 100 100 100 100 100 100 100 100 100 100 100 100 100 100 100 100 100
100 100 100 100 100 100 100 100 100 100 100 100 100 100 100 100 100 100 100 100 100 100 100 100 100 100 100 100 100.00022888183594 100.07250104631697 101.27875191824778 103.16054207938059 103.32587105887278 101.43555777413505 100.07970537458148 100.00025068010603 100 100 100 100 100 100 100 100 100 100 100 100 100 100 100 100 100 100 100 100 100 100 100 100 100 100 100 100
100 100 100 100 100 100 100 100 100 100 100 100 100 100 100 100 100 100 100 100 100 100 100 100 100 100 100 100.00518798828125 103.02365984235492 130.19192286900113 167.34929765973774 182.18414306640625 184.07884870256697 168.34105355398998 130.4056113106864 103.13096182686942 100.00591823032924 100 100 100 100 100 100 100 100 100 100 100 100 100 100 100 100 100 100 100 100 100 100 100 100 100 100 100
100 100 100 100 100 100 100 100 100 100 100 100 100 100 100 100 100 100 100 100 100 100 100 100 100 100 100.05395071847099 113.71243068150112 189.48109218052457 208.88826642717635 173.43130929129467 130.34715924944197 139.43465096609933 168.79420689174108 203.72658865792411 189.57935878208707 114.41416059221541 100.05525861467635 100 100 100 100 100 100 100 100 100 100 100 100 100 100 100 100 100 100 100 100 100 100 100 100 100 100
100 100 100 100 100 100 100 100 100 100 100 100 100 100 100 100 100 100 100 100 100 100 100 100 100 100.1120322091239 133.22469438825337 227.3571995326451 156.30728585379464 65.052479335239966 40.888355800083708 34.842057909284321 35.139939444405691 40.351777757917134 61.837343488420764 153.14616612025671 226.20154244559154 133.04486955915181 100.11700221470424 100 100 100 100 100 100 100 100 100 100 100 100 100 100 100 100 100 100 100 100 100 100 100 100 100
100 100 100 100 100 100 100 100 100 100 100 100 100 100 100 100 100 100 100 100 100 100 100 100 100.11608668736049 135.84276471819197 245.39550781250003 102.3617662702288 32.992834363664905 32.591577257428852 33.342680249895373 33.614578247070312 33.502150944301064 33.461954934256418 32.658217293875559 33.207825251988005 96.788929530552466 244.74293300083707 136.89196995326452 100.12059892926898 100 100 100 100 100 100 100 100 100 100 100 100 100 100 100 100 100 100 100 100 100 100 100 100
100 100 100 100 100 100 100 100 100 100 100 100 100 100 100 100 100 100 100 100 100 100 100 100.05711146763393 133.26584952218192 243.89576503208707 76.170174734933042 32.022059304373606 34.07376970563616 34.249270302908762 34.384501320975168 34.526113782610217 34.41703251429967 34.364547729492188 34.37593732561384 34.022219521658762 32.288273402622771 75.939865112304688 245.70242745535717 133.88182503836495 100.05802699497768 100 100 100 100 100 100 100 100 100 100 100 100 100 100 100 100 100 100 100 100 100 100 100
100 100 100 100 100 100 100 100 100 100 100 100 100 100 100 100 100 100 100 100 100 100 100.00616891043528 114.64793613978796 225.85346766880582 96.256779261997778 32.452844892229358 33.485491616385325 34.381343296595986 33.89310564313616 33.364625658307759 32.855309077671599 32.794957842145649 33.348023550851003 33.877263750348774 34.310035705566406 33.365304129464285 32.466466086251394 94.721570696149556 224.33663504464286 114.33262416294643 100.00578744070872 100 100 100 100 100 100 100 100 100 100 100 100 100 100 100 100 100 100 100 100 100 100
100 100 100 100 100 100 100 100 100 100 100 100 100 100 100 100 100 100 100 100 100 100.00023978097099 103.0972617013114 189.71531459263394 155.72036743164062 33.409936087472097 34.114576067243306 34.454119546072825 32.769184112548828 30.959976741245818 29.126968383789066 27.643846784319198 27.621018545968195 29.124821254185271 30.945350102015905 32.755418504987446 34.300182887486052 33.909329005650115 33.026618957519531 150.68168640136719 189.16181291852681 103.17781720842635 100.00026157924108 100 100 100 100 100 100 100 100 100 100 100 100 100 100 100 100 100 100 100 100 100
100 100 100 100 100 100 100 100 100 100 100 100 100 100 100 100 100 100 100 100 100 100.0766100202288 130.43537684849332 207.56790161132812 64.096723284040181 32.500359671456472 34.27883965628488 33.989859989711221 30.98475047520229 27.450267246791295 24.420847211565292 22.618190220424108 22.614374160766602 24.434735434395929 27.441349029541016 30.949445452008931 33.92244611467634 34.085396357945037 32.392727988106863 64.003960745675229 207.56399972098217 130.46658107212613 100.07514953613281 100 100 100 100 100 100 100 100 100 100 100 100 100 100 100 100 100 100 100 100 100
100 100 100 100 100 100 100 100 100 100 100 100 100 100 100 100 100 100 100 100 100.00009809221541 101.3916015625 168.06662423270092 172.39039829799108 40.708950587681365 33.1744384765625 34.380125318254748 33.37984357561384 29.13872037615095 24.422337668282648 20.886331285749165 19.39058031354632 19.395416804722377 20.896325792585102 24.427953447614399 29.123047419956755 33.34439141409738 34.316888536725727 33.309977395193918 40.857707432338174 172.82999311174666 167.59768894740515 101.31870814732143 100.00007629394531 100 100 100 100 100 100 100 100 100 100 100 100 100 100 100 100 100 100 100 100
100 100 100 100 100 100 100 100 100 100 100 100 100 100 100 100 100 100 100 100 100.00040326799666 103.32511901855469 183.25459071568082 134.93165152413505 34.957444327218191 33.380740029471262 34.406029837472097 32.777254922049387 27.592201232910156 22.5895323072161 19.38400949750628 18.513610022408624 18.51414135524205 19.385851451328822 22.598515919276647 27.599645342145649 32.780355725969592 34.436029706682483 33.563134329659597 35.720326559884207 141.43826075962613 182.90714808872769 103.09996468680247 100.00034877232143 100 100 100 100 100 100 100 100 100 100 100 100 100 100 100 100 100 100 100 100
100 100 100 100 100 100 100 100 100 100 100 100 100 100 100 100 100 100 100 100 100.00040326799666 103.20807320731028 183.83571079799108 145.92269897460938 35.97175325666155 33.655569893973215 34.41273825509208 32.716576712472097 27.575928824288507 22.597875595092773 19.393890925816127 18.515242167881556 18.508682250976562 19.382890973772323 22.598389216831755 27.595966884068083 32.744331359863281 34.46179798671178 33.590662819998606 34.911915915352957 139.73775591169087 184.20189993722099 103.37647574288505 100.00042506626674 100 100 100 100 100 100 100 100 100 100 100 100 100 100 100 100 100 100 100 100
100 100 100 100 100 100 100 100 100 100 100 100 100 100 100 100 100 100 100 100 100.00008719308036 101.33181980678015 167.64952523367748 172.87612915039062 41.783477238246377 33.448916843959267 34.394623892647878 33.390554700578967 29.084551674979075 24.418482099260604 20.899752208164763 19.392967224121094 19.382667541503906 20.885229110717773 24.419591086251398 29.114257267543248 33.338982718331472 34.413536616734099 33.633482796805247 39.722660609654021 169.03119768415181 168.17825317382812 101.41890389578684 100.00009809221541 100 100 100 100 100 100 100 100 100 100 100 100 100 100 100 100 100 100 100 100
100 100 100 100 100 100 100 100 100 100 100 100 100 100 100 100 100 100 100 100 100 100.0835200718471 130.80230712890625 204.26901681082592 63.489537920270649 32.742598397391184 34.427334921700613 33.978020804268972 30.935652596609934 27.427937643868585 24.41300528390067 22.602010454450337 22.591725758143834 24.412283216203964 27.439831324986052 30.923892429896764 33.857263837541858 34.232673645019531 32.659827641078408 64.318738664899556 207.34082903180806 129.61648123604911 100.0674765450614 100 100 100 100 100 100 100 100 100 100 100 100 100 100 100 100 100 100 100 100 100
100 100 100 100 100 100 100 100 100 100 100 100 100 100 100 100 100 100 100 100 100 100.00022888183594 102.96833583286831 189.08096313476562 158.77512250627791 33.67731639317104 34.199763706752236 34.502988542829243 32.795707157679971 30.902772630964009 29.048968723842076 27.576375688825337 27.603887830461776 29.117058345249724 30.940952301025394 32.718549455915181 34.31907108851842 33.964794703892302 33.648708888462615 162.81844002859935 189.22173636300224 102.80512128557478 100.00020708356585 100 100 100 100 100 100 100 100 100 100 100 100 100 100 100 100 100 100 100 100 100
100 100 100 100 100 100 100 100 100 100 100 100 100 100 100 100 100 100 100 100 100 100 100.00578744070872 114.50562613351005 229.56045968191967 101.55487060546875 32.118756430489675 33.548216138567248 34.435585566929412 33.830759865897043 33.252833230154856 32.718958173479358 32.783113207135884 33.361214229038787 33.852443695068359 34.340910230364123 33.500467027936665 32.063462393624441 105.70616585867747 228.99741036551342 113.49952697753908 100.00480651855469 100 100 100 100 100 100 100 100 100 100 100 100 100 100 100 100 100 100 100 100 100 100
100 100 100 100 100 100 100 100 100 100 100 100 100 100 100 100 100 100 100 100 100 100 100 100.05348205566406 132.81494140625 246.05974469866072 78.493603297642309 32.257232666015625 33.994993482317248 34.183098929268972 34.35048239571708 34.450607299804688 34.377416883196155 34.380773816789905 34.302444458007812 34.176450456891743 32.373368399483816 82.285815647670205 249.8478698730469 131.36684962681363 100.04433768136161 100 100 100 100 100 100 100 100 100 100 100 100 100 100 100 100 100 100 100 100 100 100 100
100 100 100 100 100 100 100 100 100 100 100 100 100 100 100 100 100 100 100 100 100 100 100 100 100.10767255510603 135.41996547154019 247.71798270089286 104.75726536342077 33.507635934012278 32.429678780691965 33.35990360804967 33.622796194893972 33.268154689243865 33.478736877441406 32.861314501081196 33.869942256382537 103.02576337541853 249.70417567661832 135.11958530970983 100.09589059012278 100 100 100 100 100 100 100 100 100 100 100 100 100 100 100 100 100 100 100 100 100 100 100 100
100 100 100 100 100 100 100 100 100 100 100 100 100 100 100 100 100 100 100 100 100 100 100 100 100 100.10781424386161 132.85719735281808 228.24582781110493 162.38942827497212 68.903585161481587 41.507421221051899 35.355881282261443 34.979141780308318 40.802021026611328 64.782649448939736 162.05652509416853 228.13810076032368 131.74636840820312 100.09942190987724 100 100 100 100 100 100 100 100 100 100 100 100 100 100 100 100 100 100 100 100 100 100 100 100 100
100 100 100 100 100 100 100 100 100 100 100 100 100 100 100 100 100 100 100 100 100 100 100 100 100 100 100.05156380789622 113.59486171177456 189.18805803571431 211.96025303431921 175.23644583565849 140.25517054966519 140.11213030133931 170.14486040387837 208.00726754324779 188.87891496930806 113.79912240164622 100.04653930664062 100 100 100 100 100 100 100 100 100 100 100 100 100 100 100 100 100 100 100 100 100 100 100 100 100 100
100 100 100 100 100 100 100 100 100 100 100 100 100 100 100 100 100 100 100 100 100 100 100 100 100 100 100 100.00504629952567 102.86077226911273 129.67128208705358 167.9835401262556 183.44820295061385 183.9813232421875 166.85283115931921 129.5477512904576 102.8393772670201 100.00515529087612 100 100 100 100 100 100 100 100 100 100 100 100 100 100 100 100 100 100 100 100 100 100 100 100 100 100 100
100 100 100 100 100 100 100 100 100 100 100 100 100 100 100 100 100 100 100 100 100 100 100 100 100 100 100 100 100.00020708356585 100.06506783621653 101.34967258998327 103.187255859375 103.46767970493862 101.29452296665737 100.06784711565291 100.0002179827009 100 100 100 100 100 100 100 100 100 100 100 100 100 100 100 100 100 100 100 100 100 100 100 100 100 100 100 100
100 100 100 100 100 100 100 100 100 100 100 100 100 100 100 100 100 100 100 100 100 100 100 100 100 100 100 100 100 100 100.00008719308036 100.00035967145648 100.00046866280692 100.00007629394531 100 100 100 100 100 100 100 100 100 100 100 100 100 100 100 100 100 100 100 100 100 100 100 100 100 100 100 100 100 100
100 100 100 100 100 100 100 100 100 100 100 100 100 100 100 100 100 100 100 100 100 100 100 100 100 100 100 100 100 100 100 100 100 100 100 100 100 100 100 100 100 100 100 100 100 100 100 100 100 100 100 100 100 100 100 100 100 100 100 100 100 100 100 100
100 100 100 100 100 100 100 100 100 100 100 100 100 100 100 100 100 100 100 100 100 100 100 100 100 100 100 100 100 100 100 100 100 100 100 100 100 100 100 100 100 100 100 100 100 100 100 100 100 100 100 100 100 100 100 100 100 100 100 100 100 100 100 100
100 100 100 100 100 100 100 100 100 100 100 100 100 100 100 100 100 100 100 100 100 100 100 100 100 100 100 100 100 100 100 100 100 100 100 100 100 100 100 100 100 100 100 100 100 100 100 100 100 100 100 100 100 100 100 100 100 100 100 100 100 100 100 100
100 100 100 100 100 100 100 100 100 100 100 100 100 100 100 100 100 100 100 100 100 100 100 100 100 100 100 100 100 100 100 100 100 100 100 100 100 100 100 100 100 100 100 100 100 100 100 100 100 100 100 100 100 100 100 100 100 100 100 100 100 100 100 100
100 100 100 100 100 100 100 100 100 100 100 100 100 100 100 100 100 100 100 100 100 100 100 100 100 100 100 100 100 100 100 100 100 100 100 100 100 100 100 100 100 100 100 100 100 100 100 100 100 100 100 100 100 100 100 100 100 100 100 100 100 100 100 100
100 100 100 100 100 100 100 100 100 100 100 100 100 100 100 100 100 100 100 100 100 100 100 100 100 100 100 100 100 100 100 100 100 100 100 100 100 100 100 100 100 100 100 100 100 100 100 100 100 100 100 100 100 100 100 100 100 100 100 100 100 100 100 100
100 100 100 100 100 100 100 100 100 100 100 100 100 100 100 100 100 100 100 100 100 100 100 100 100 100 100 100 100 100 100 100 100 100 100 100 100 100 100 100 100 100 100 100 100 100 100 100 100 100 100 100 100 100 100 100 100 100 100 100 100 100 100 100
100 100 100 100 100 100 100 100 100 100 100 100 100 100 100 100 100 100 100 100 100 100 100 100 100 100 100 100 100 100 100 100 100 100 100 100 100 100 100 100 100 100 100 100 100 100 100 100 100 100 100 100 100 100 100 100 100 100 100 100 100 100 100 100
100 100 100 100 100 100 100 100 100 100 100 100 100 100 100 100 100 100 100 100 100 100 100 100 100 100 100 100 100 100 100 100 100 100 100 100 100 100 100 100 100 100 100 100 100 100 100 100 100 100 100 100 100 100 100 100 100 100 100 100 100 100 100 100
100 100 100 100 100 100 100 100 100 100 100 100 100 100 100 100 100 100 100 100 100 100 100 100 100 100 100 100 100 100 100 100 100 100 100 100 100 100 100 100 100 100 100 100 100 100 100 100 100 100 100 100 100 100 100 100 100 100 100 100 100 100 100 100
100 100 100 100 100 100 100 100 100 100 100 100 100 100 100 100 100 100 100 100 100 100 100 100 100 100 100 100 100 100 100 100 100 100 100 100 100 100 100 100 100 100 100 100 100 100 100 100 100 100 100 100 100 100 100 100 100 100 100 100 100 100 100 100
100 100 100 100 100 100 100 100 100 100 100 100 100 100 100 100 100 100 100 100 100 100 100 100 100 100 100 100 100 100 100 100 100 100 100 100 100 100 100 100 100 100 100 100 100 100 100 100 100 100 100 100 100 100 100 100 100 100 100 100 100 100 100 100
100 100 100 100 100 100 100 100 100 100 100 100 100 100 100 100 100 100 100 100 100 100 100 100 100 100 100 100 100 100 100 100 100 100 100 100 100 100 100 100 100 100 100 100 100 100 100 100 100 100 100 100 100 100 100 100 100 100 100 100 100 100 100 100
100 100 100 100 100 100 100 100 100 100 100 100 100 100 100 100 100 100 100 100 100 100 100 100 100 100 100 100 100 100 100 100 100 100 100 100 100 100 100 100 100 100 100 100 100 100 100 100 100 100 100 100 100 100 100 100 100 100 100 100 100 100 100 100
100 100 100 100 100 100 100 100 100 100 100 100 100 100 100 100 100 100 100 100 100 100 100 100 100 100 100 100 100 100 100 100 100 100 100 100 100 100 100 100 100 100 100 100 100 100 100 100 100 100 100 100 100 100 100 100 100 100 100 100 100 100 100 100
100 100 100 100 100 100 100 100 100 100 100 100 100 100 100 100 100 100 100 100 100 100 100 100 100 100 100 100 100 100 100 100 100 100 100 100 100 100 100 100 100 100 100 100 100 100 100 100 100 100 100 100 100 100 100 100 100 100 100 100 100 100 100 100
100 100 100 100 100 100 100 100 100 100 100 100 100 100 100 100 100 100 100 100 100 100 100 100 100 100 100 100 100 100 100 100 100 100 100 100 100 100 100 100 100 100 100 100 100 100 100 100 100 100 100 100 100 100 100 100 100 100 100 100 100 100 100 100
100 100 100 100 100 100 100 100 100 100 100 100 100 100 100 100 100 100 100 100 100 100 100 100 100 100 100 100 100 100 100 100 100 100 100 100 100 100 100 100 100 100 100 100 100 100 100 100 100 100 100 100 100 100 100 100 100 100 100 100 100 100 100 100
100 100 100 100 100 100 100 100 100 100 100 100 100 100 100 100 100 100 100 100 100 100 100 100 100 100 100 100 100 100 100 100 100 100 100 100 100 100 100 100 100 100 100 100 100 100 100 100 100 100 100 100 100 100 100 100 100 100 100 100 100 100 100 100
100 100 100 100 100 100 100 100 100 100 100 100 100 100 100 100 100 100 100 100 100 100 100 100 100 100 100 100 100 100 100 100 100 100 100 100 100 100 100 100 100 100 100 100 100 100 100 100 100 100 100 100 100 100 100 100 100 100 100 100 100 100 100 100
@ xhp_1 64 64
9.4830938905943185e-06 9.4830938905943185e-06 9.4830938905943185e-06 9.4830938905943185e-06 9.4830938905943185e-06 9.4830938905943185e-06 9.4830938905943185e-06 9.4830938905943185e-06 9.4830938905943185e-06 9.4830938905943185e-06 9.4830938905943185e-06 9.4830938905943185e-06 9.4830938905943185e-06 9.4830938905943185e-06 9.4830938905943185e-06 9.4830938905943185e-06 9.4830938905943185e-06 9.4830938905943185e-06 9.4830938905943185e-06 9.4830938905943185e-06 9.4830938905943185e-06 9.4830938905943185e-06 9.4830938905943185e-06 9.4830938905943185e-06 9.4830938905943185e-06 9.4830938905943185e-06 9.4830938905943185e-06 9.4830938905943185e-06 9.4830938905943185e-06 9.4830938905943185e-06 9.4830938905943185e-06 9.4830938905943185e-06 9.4830938905943185e-06 9.4830938905943185e-06 9.4830938905943185e-06 9.4830938905943185e-06 9.4830938905943185e-06 9.4830938905943185e-06 9.4830938905943185e-06 9.4830938905943185e-06 9.4830938905943185e-06 9.4830938905943185e-06 9.4830938905943185e-06 9.4830938905943185e-06 9.4830938905943185e-06 9.4830938905943185e-06 9.4830938905943185e-06 9.4830938905943185e-06 9.4830938905943185e-06 9.4830938905943185e-06 9.4830938905943185e-06 9.4830938905943185e-06 9.4830938905943185e-06 9.4830938905943185e-06 9.4830938905943185e-06 9.4830938905943185e-06 9.4830938905943185e-06 9.4830938905943185e-06 9.4830938905943185e-06 9.4830938905943185e-06 9.4830938905943185e-06 9.4830938905943185e-06 9.4830938905943185e-06 9.4830938905943185e-06
9.4830938905943185e-06 9.4830938905943185e-06 9.4830938905943185e-06 9.4830938905943185e-06 9.4830938905943185e-06 9.4830938905943185e-06 9.4830938905943185e-06 9.4830938905943185e-06 9.4830938905943185e-06 9.4830938905943185e-06 9.4830938905943185e-06 9.4830938905943185e-06 9.4830938905943185e-06 9.4830938905943185e-06 9.4830938905943185e-06 9.4830938905943185e-06 9.4830938905943185e-06 9.4830938905943185e-06 9.4830938905943185e-06 9.4830938905943185e-06 9.4830938905943185e-06 9.4830938905943185e-06 9.4830938905943185e-06 9.4830938905943185e-06 9.4830938905943185e-06 9.4830938905943185e-06 9.4830938905943185e-06 9.4830938905943185e-06 9.4830938905943185e-06 9.4830938905943185e-06 9.4830938905943185e-06 9.4830938905943185e-06 9.4830938905943185e-06 9.4830938905943185e-06 9.4830938905943185e-06 9.4830938905943185e-06 9.4830938905943185e-06 9.4830938905943185e-06 9.4830938905943185e-06 9.4830938905943185e-06 9.4830938905943185e-06 9.4830938905943185e-06 9.4830938905943185e-06 9.4830938905943185e-06 9.4830938905943185e-06 9.4830938905943185e-06 9.4830938905943185e-06 9.4830938905943185e-06 9.4830938905943185e-06 9.4830938905943185e-06 9.4830938905943185e-06 9.4830938905943185e-06 9.4830938905943185e-06 9.4830938905943185e-06 9.4830938905943185e-06 9.4830938905943185e-06 9.4830938905943185e-06 9.4830938905943185e-06 9.4830938905943185e-06 9.4830938905943185e-06 9.4830938905943185e-06 9.4830938905943185e-06 9.4830938905943185e-06 9.4830938905943185e-06
9.4830938905943185e-06 9.4830938905943185e-06 9.4830938905943185e-06 9.4830938905943185e-06 9.4830938905943185e-06 9.4830938905943185e-06 9.4830938905943185e-06 9.4830938905943185e-06 9.4830938905943185e-06 9.4830938905943185e-06 9.4830938905943185e-06 9.4830938905943185e-06 9.4830938905943185e-06 9.4830938905943185e-06 9.4830938905943185e-06 9.4830938905943185e-06 9.4830938905943185e-06 9.4830938905943185e-06 9.4830938905943185e-06 9.4830938905943185e-06 9.4830938905943185e-06 9.4830938905943185e-06 9.4830938905943185e-06 9.4830938905943185e-06 9.4830938905943185e-06 9.4830938905943185e-06 9.4830938905943185e-06 9.4830938905943185e-06 9.4830938905943185e-06 9.4830938905943185e-06 9.4830938905943185e-06 9.4830938905943185e-06 9.4830938905943185e-06 9.4830938905943185e-06 9.4830938905943185e-06 9.4830938905943185e-06 9.4830938905943185e-06 9.4830938905943185e-06 9.4830938905943185e-06 9.4830938905943185e-06 9.4830938905943185e-06 9.4830938905943185e-06 9.4830938905943185e-06 9.4830938905943185e-06 9.4830938905943185e-06 9.4830938905943185e-06 9.4830938905943185e-06 9.4830938905943185e-06 9.4830938905943185e-06 9.4830938905943185e-06 9.4830938905943185e-06 9.4830938905943185e-06 9.4830938905943185e-06 9.4830938905943185e-06 9.4830938905943185e-06 9.4830938905943185e-06 9.4830938905943185e-06 9.4830938905943185e-06 9.4830938905943185e-06 9.4830938905943185e-06 9.4830938905943185e-06 9.4830938905943185e-06 9.4830938905943185e-06 9.4830938905943185e-06
9.4830938905943185e-06 9.4830938905943185e-06 9.4830938905943185e-06 9.4830938905943185e-06 9.4830938905943185e-06 9.4830938905943185e-06 9.4830938905943185e-06 9.4830938905943185e-06 9.4830938905943185e-06 9.4830938905943185e-06 9.4830938905943185e-06 9.4830938905943185e-06 9.4830938905943185e-06 9.4830938905943185e-06 9.4830938905943185e-06 9.4830938905943185e-06 9.4830938905943185e-06 9.4830938905943185e-06 9.4830938905943185e-06 9.4830938905943185e-06 9.4830938905943185e-06 9.4830938905943185e-06 9.4830938905943185e-06 9.4830938905943185e-06 9.4830938905943185e-06 9.4830938905943185e-06 9.4830938905943185e-06 9.4830938905943185e-06 9.4830938905943185e-06 9.4830938905943185e-06 9.4830938905943185e-06 9.4830938905943185e-06 9.4830938905943185e-06 9.4830938905943185e-06 9.4830938905943185e-06 9.4830938905943185e-06 9.4830938905943185e-06 9.4830938905943185e-06 9.4830938905943185e-06 9.4830938905943185e-06 9.4830938905943185e-06 9.4830938905943185e-06 9.4830938905943185e-06 9.4830938905943185e-06 9.4830938905943185e-06 9.4830938905943185e-06 9.4830938905943185e-06 9.4830938905943185e-06 9.4830938905943185e-06 9.4830938905943185e-06 9.4830938905943185e-06 9.4830938905943185e-06 9.4830938905943185e-06 9.4830938905943185e-06 9.4830938905943185e-06 9.4830938905943185e-06 9.4830938905943185e-06 9.4830938905943185e-06 9.4830938905943185e-06 9.4830938905943185e-06 9.4830938905943185e-06 9.4830938905943185e-06 9.4830938905943185e-06 9.4830938905943185e-06
9.4830938905943185e-06 9.4830938905943185e-06 9.4830938905943185e-06 9.4830938905943185e-06 9.4830938905943185e-06 9.4830938905943185e-06 9.4830938905943185e-06 9.4830938905943185e-06 9.4830938905943185e-06 9.4830938905943185e-06 9.4830938905943185e-06 9.4830938905943185e-06 9.4830938905943185e-06 9.4830938905943185e-06 9.4830938905943185e-06 9.4830938905943185e-06 9.4830938905943185e-06 9.4830938905943185e-06 9.4830938905943185e-06 9.4830938905943185e-06 9.4830938905943185e-06 9.4830938905943185e-06 9.4830938905943185e-06 9.4830938905943185e-06 9.4830938905943185e-06 9.4830938905943185e-06 9.4830938905943185e-06 9.4830938905943185e-06 9.4830938905943185e-06 9.4830938905943185e-06 9.4830938905943185e-06 9.4830938905943185e-06 9.4830938905943185e-06 9.4830938905943185e-06 9.4830938905943185e-06 9.4830938905943185e-06 9.4830938905943185e-06 9.4830938905943185e-06 9.4830938905943185e-06 9.4830938905943185e-06 9.4830938905943185e-06 9.4830938905943185e-06 9.4830938905943185e-06 9.4830938905943185e-06 9.4830938905943185e-06 9.4830938905943185e-06 9.4830938905943185e-06 9.4830938905943185e-06 9.4830938905943185e-06 9.4830938905943185e-06 9.4830938905943185e-06 9.4830938905943185e-06 9.4830938905943185e-06 9.4830938905943185e-06 9.4830938905943185e-06 9.4830938905943185e-06 9.4830938905943185e-06 9.4830938905943185e-06 9.4830938905943185e-06 9.4830938905943185e-06 9.4830938905943185e-06 9.4830938905943185e-06 9.4830938905943185e-06 9.4830938905943185e-06
9.4830938905943185e-06 9.4830938905943185e-06 9.4830938905943185e-06 9.4830938905943185e-06 9.4830938905943185e-06 9.4830938905943185e-06 9.4830938905943185e-06 9.4830938905943185e-06 9.4830938905943185e-06 9.4830938905943185e-06 9.4830938905943185e-06 9.4830938905943185e-06 9.4830938905943185e-06 9.4830938905943185e-06 9.4830938905943185e-06 9.4830938905943185e-06 9.4830938905943185e-06 9.4830938905943185e-06 9.4830938905943185e-06 9.4830938905943185e-06 9.4830938905943185e-06 9.4830938905943185e-06 9.4830938905943185e-06 9.4830938905943185e-06 9.4830938905943185e-06 9.4830938905943185e-06 9.4830938905943185e-06 9.4830938905943185e-06 9.4830938905943185e-06 9.4830938905943185e-06 9.4830938905943185e-06 9.4830938905943185e-06 9.4830938905943185e-06 9.4830938905943185e-06 9.4830938905943185e-06 9.4830938905943185e-06 9.4830938905943185e-06 9.4830938905943185e-06 9.4830938905943185e-06 9.4830938905943185e-06 9.4830938905943185e-06 9.4830938905943185e-06 9.4830938905943185e-06 9.4830938905943185e-06 9.4830938905943185e-06 9.4830938905943185e-06 9.4830938905943185e-06 9.4830938905943185e-06 9.4830938905943185e-06 9.4830938905943185e-06 9.4830938905943185e-06 9.4830938905943185e-06 9.4830938905943185e-06 9.4830938905943185e-06 9.4830938905943185e-06 9.4830938905943185e-06 9.4830938905943185e-06 9.4830938905943185e-06 9.4830938905943185e-06 9.4830938905943185e-06 9.4830938905943185e-06 9.4830938905943185e-06 9.4830938905943185e-06 9.4830938905943185e-06
9.4830938905943185e-06 9.4830938905943185e-06 9.4830938905943185e-06 9.4830938905943185e-06 9.4830938905943185e-06 9.4830938905943185e-06 9.4830938905943185e-06 9.4830938905943185e-06 9.4830938905943185e-06 9.4830938905943185e-06 9.4830938905943185e-06 9.4830938905943185e-06 9.4830938905943185e-06 9.4830938905943185e-06 9.4830938905943185e-06 9.4830938905943185e-06 9.4830938905943185e-06 9.4830938905943185e-06 9.4830938905943185e-06 9.4830938905943185e-06 9.4830938905943185e-06 9.4830938905943185e-06 9.4830938905943185e-06 9.4830938905943185e-06 9.4830938905943185e-06 9.4830938905943185e-06 9.4830938905943185e-06 9.4830938905943185e-06 9.4830938905943185e-06 9.4830938905943185e-06 9.4830938905943185e-06 9.4830938905943185e-06 9.4830938905943185e-06 9.4830938905943185e-06 9.4830938905943185e-06 9.4830938905943185e-06 9.4830938905943185e-06 9.4830938905943185e-06 9.4830938905943185e-06 9.4830938905943185e-06 9.4830938905943185e-06 9.4830938905943185e-06 9.4830938905943185e-06 9.4830938905943185e-06 9.4830938905943185e-06 9.4830938905943185e-06 9.4830938905943185e-06 9.4830938905943185e-06 9.4830938905943185e-06 9.4830938905943185e-06 9.4830938905943185e-06 9.4830938905943185e-06 9.4830938905943185e-06 9.4830938905943185e-06 9.4830938905943185e-06 9.4830938905943185e-06 9.4830938905943185e-06 9.4830938905943185e-06 9.4830938905943185e-06 9.4830938905943185e-06 9.4830938905943185e-06 9.4830938905943185e-06 9.4830938905943185e-06 9.4830938905943185e-06
9.4830938905943185e-06 9.4830938905943185e-06 9.4830938905943185e-06 9.4830938905943185e-06 9.4830938905943185e-06 9.4830938905943185e-06 9.4830938905943185e-06 9.4830938905943185e-06 9.4830938905943185e-06 9.4830938905943185e-06 9.4830938905943185e-06 9.4830938905943185e-06 9.4830938905943185e-06 9.4830938905943185e-06 9.4830938905943185e-06 9.4830938905943185e-06 9.4830938905943185e-06 9.4830938905943185e-06 9.4830938905943185e-06 9.4830938905943185e-06 9.4830938905943185e-06 9.4830938905943185e-06 9.4830938905943185e-06 9.4830938905943185e-06 9.4830938905943185e-06 9.4830938905943185e-06 9.4830938905943185e-06 9.4830938905943185e-06 9.4830938905943185e-06 9.4830938905943185e-06 9.4830938905943185e-06 9.4830938905943185e-06 9.4830938905943185e-06 9.4830938905943185e-06 9.4830938905943185e-06 9.4830938905943185e-06 9.4830938905943185e-06 9.4830938905943185e-06 9.4830938905943185e-06 9.4830938905943185e-06 9.4830938905943185e-06 9.4830938905943185e-06 9.4830938905943185e-06 9.4830938905943185e-06 9.4830938905943185e-06 9.4830938905943185e-06 9.4830938905943185e-06 9.4830938905943185e-06 9.4830938905943185e-06 9.4830938905943185e-06 9.4830938905943185e-06 9.4830938905943185e-06 9.4830938905943185e-06 9.4830938905943185e-06 9.4830938905943185e-06 9.4830938905943185e-06 9.4830938905943185e-06 9.4830938905943185e-06 9.4830938905943185e-06 9.4830938905943185e-06 9.4830938905943185e-06 9.4830938905943185e-06 9.4830938905943185e-06 9.4830938905943185e-06
9.4830938905943185e-06 9.4830938905943185e-06 9.4830938905943185e-06 9.4830938905943185e-06 9.4830938905943185e-06 9.4830938905943185e-06 9.4830938905943185e-06 9.4830938905943185e-06 9.4830938905943185e-06 9.4830938905943185e-06 9.4830938905943185e-06 9.4830938905943185e-06 9.4830938905943185e-06 9.4830938905943185e-06 9.4830938905943185e-06 9.4830938905943185e-06 9.4830938905943185e-06 9.4830938905943185e-06 9.4830938905943185e-06 9.4830938905943185e-06 9.4830938905943185e-06 9.4830938905943185e-06 9.4830938905943185e-06 9.4830938905943185e-06 9.4830938905943185e-06 9.4830938905943185e-06 9.4830938905943185e-06 9.4830938905943185e-06 9.4830938905943185e-06 9.4830938905943185e-06 9.4830938905943185e-06 9.4830938905943185e-06 9.4830938905943185e-06 9.4830938905943185e-06 9.4830938905943185e-06 9.4830938905943185e-06 9.4830938905943185e-06 9.4830938905943185e-06 9.4830938905943185e-06 9.4830938905943185e-06 9.4830938905943185e-06 9.4830938905943185e-06 9.4830938905943185e-06 9.4830938905943185e-06 9.4830938905943185e-06 9.4830938905943185e-06 9.4830938905943185e-06 9.4830938905943185e-06 9.4830938905943185e-06 9.4830938905943185e-06 9.4830938905943185e-06 9.4830938905943185e-06 9.4830938905943185e-06 9.4830938905943185e-06 9.4830938905943185e-06 9.4830938905943185e-06 9.4830938905943185e-06 9.4830938905943185e-06 9.4830938905943185e-06 9.4830938905943185e-06 9.4830938905943185e-06 9.4830938905943185e-06 9.4830938905943185e-06 9.4830938905943185e-06
9.4830938905943185e-06 9.4830938905943185e-06 9.4830938905943185e-06 9.4830938905943185e-06 9.4830938905943185e-06 9.4830938905943185e-06 9.4830938905943185e-06 9.4830938905943185e-06 9.4830938905943185e-06 9.4830938905943185e-06 9.4830938905943185e-06 9.4830938905943185e-06 9.4830938905943185e-06 9.4830938905943185e-06 9.4830938905943185e-06 9.4830938905943185e-06 9.4830938905943185e-06 9.4830938905943185e-06 9.4830938905943185e-06 9.4830938905943185e-06 9.4830938905943185e-06 9.4830938905943185e-06 9.4830938905943185e-06 9.4830938905943185e-06 9.4830938905943185e-06 9.4830938905943185e-06 9.4830938905943185e-06 9.4830938905943185e-06 9.4830938905943185e-06 9.4830938905943185e-06 9.4830938905943185e-06 9.4830938905943185e-06 9.4830938905943185e-06 9.4830938905943185e-06 9.4830938905943185e-06 9.4830938905943185e-06 9.4830938905943185e-06 9.4830938905943185e-06 9.4830938905943185e-06 9.4830938905943185e-06 9.4830938905943185e-06 9.4830938905943185e-06 9.4830938905943185e-06 9.4830938905943185e-06 9.4830938905943185e-06 9.4830938905943185e-06 9.4830938905943185e-06 9.4830938905943185e-06 9.4830938905943185e-06 9.4830938905943185e-06 9.4830938905943185e-06 9.4830938905943185e-06 9.4830938905943185e-06 9.4830938905943185e-06 9.4830938905943185e-06 9.4830938905943185e-06 9.4830938905943185e-06 9.4830938905943185e-06 9.4830938905943185e-06 9.4830938905943185e-06 9.4830938905943185e-06 9.4830938905943185e-06 9.4830938905943185e-06 9.4830938905943185e-06
9.4830938905943185e-06 9.4830938905943185e-06 9.4830938905943185e-06 9.4830938905943185e-06 9.4830938905943185e-06 9.4830938905943185e-06 9.4830938905943185e-06 9.4830938905943185e-06 9.4830938905943185e-06 9.4830938905943185e-06 9.4830938905943185e-06 9.4830938905943185e-06 9.4830938905943185e-06 9.4830938905943185e-06 9.4830938905943185e-06 9.4830938905943185e-06 9.4830938905943185e-06 9.4830938905943185e-06 9.4830938905943185e-06 9.4830938905943185e-06 9.4830938905943185e-06 9.4830938905943185e-06 9.4830938905943185e-06 9.4830938905943185e-06 9.4830938905943185e-06 9.4830938905943185e-06 9.4830938905943185e-06 9.4830938905943185e-06 9.4830938905943185e-06 9.4830938905943185e-06 9.4830938905943185e-06 9.4830938905943185e-06 9.4830938905943185e-06 9.4830938905943185e-06 9.4830938905943185e-06 9.4830938905943185e-06 9.4830938905943185e-06 9.4830938905943185e-06 9.4830938905943185e-06 9.4830938905943185e-06 9.4830938905943185e-06 9.4830938905943185e-06 9.4830938905943185e-06 9.4830938905943185e-06 9.4830938905943185e-06 9.4830938905943185e-06 9.4830938905943185e-06 9.4830938905943185e-06 9.4830938905943185e-06 9.4830938905943185e-06 9.4830938905943185e-06 9.4830938905943185e-06 9.4830938905943185e-06 9.4830938905943185e-06 9.4830938905943185e-06 9.4830938905943185e-06 9.4830938905943185e-06 9.4830938905943185e-06 9.4830938905943185e-06 9.4830938905943185e-06 9.4830938905943185e-06 9.4830938905943185e-06 9.4830938905943185e-06 9.4830938905943185e-06
9.4830938905943185e-06 9.4830938905943185e-06 9.4830938905943185e-06 9.4830938905943185e-06 9.4830938905943185e-06 9.4830938905943185e-06 9.4830938905943185e-06 9.4830938905943185e-06 9.4830938905943185e-06 9.4830938905943185e-06 9.4830938905943185e-06 9.4830938905943185e-06 9.4830938905943185e-06 9.4830938905943185e-06 9.4830938905943185e-06 9.4830938905943185e-06 9.4830938905943185e-06 9.4830938905943185e-06 9.4830938905943185e-06 9.4830938905943185e-06 9.4830938905943185e-06 9.4830938905943185e-06 9.4830938905943185e-06 9.4830938905943185e-06 9.4830938905943185e-06 9.4830938905943185e-06 9.4830938905943185e-06 9.4830938905943185e-06 9.4830938905943185e-06 9.4830938905943185e-06 9.4830938905943185e-06 9.4830938905943185e-06 9.4830938905943185e-06 9.4830938905943185e-06 9.4830938905943185e-06 9.4830938905943185e-06 9.4830938905943185e-06 9.4830938905943185e-06 9.4830938905943185e-06 9.4830938905943185e-06 9.4830938905943185e-06 9.4830938905943185e-06 9.4830938905943185e-06 9.4830938905943185e-06 9.4830938905943185e-06 9.4830938905943185e-06 9.4830938905943185e-06 9.4830938905943185e-06 9.4830938905943185e-06 9.4830938905943185e-06 9.4830938905943185e-06 9.4830938905943185e-06 9.4830938905943185e-06 9.4830938905943185e-06 9.4830938905943185e-06 9.4830938905943185e-06 9.4830938905943185e-06 9.4830938905943185e-06 9.4830938905943185e-06 9.4830938905943185e-06 9.4830938905943185e-06 9.4830938905943185e-06 9.4830938905943185e-06 9.4830938905943185e-06
9.4830938905943185e-06 9.4830938905943185e-06 9.4830938905943185e-06 9.4830938905943185e-06 9.4830938905943185e-06 9.4830938905943185e-06 9.4830938905943185e-06 9.4830938905943185e-06 9.4830938905943185e-06 9.4830938905943185e-06 9.4830938905943185e-06 9.4830938905943185e-06 9.4830938905943185e-06 9.4830938905943185e-06 9.4830938905943185e-06 9.4830938905943185e-06 9.4830938905943185e-06 9.4830938905943185e-06 9.4830938905943185e-06 9.4830938905943185e-06 9.4830938905943185e-06 9.4830938905943185e-06 9.4830938905943185e-06 9.4830938905943185e-06 9.4830938905943185e-06 9.4830938905943185e-06 9.4830938905943185e-06 9.4830938905943185e-06 9.4830938905943185e-06 9.4830938905943185e-06 9.4830938905943185e-06 9.4830938905943185e-06 9.4830938905943185e-06 9.4830938905943185e-06 9.4830938905943185e-06 9.4830938905943185e-06 9.4830938905943185e-06 9.4830938905943185e-06 9.4830938905943185e-06 9.4830938905943185e-06 9.4830938905943185e-06 9.4830938905943185e-06 9.4830938905943185e-06 9.4830938905943185e-06 9.4830938905943185e-06 9.4830938905943185e-06 9.4830938905943185e-06 9.4830938905943185e-06 9.4830938905943185e-06 9.4830938905943185e-06 9.4830938905943185e-06 9.4830938905943185e-06 9.4830938905943185e-06 9.4830938905943185e-06 9.4830938905943185e-06 9.4830938905943185e-06 9.4830938905943185e-06 9.4830938905943185e-06 9.4830938905943185e-06 9.4830938905943185e-06 9.4830938905943185e-06 9.4830938905943185e-06 9.4830938905943185e-06 9.4830938905943185e-06
9.4830938905943185e-06 9.4830938905943185e-06 9.4830938905943185e-06 9.4830938905943185e-06 9.4830938905943185e-06 9.4830938905943185e-06 9.4830938905943185e-06 9.4830938905943185e-06 9.4830938905943185e-06 9.4830938905943185e-06 9.4830938905943185e-06 9.4830938905943185e-06 9.4830938905943185e-06 9.4830938905943185e-06 9.4830938905943185e-06 9.4830938905943185e-06 9.4830938905943185e-06 9.4830938905943185e-06 9.4830938905943185e-06 9.4830938905943185e-06 9.4830938905943185e-06 9.4830938905943185e-06 9.4830938905943185e-06 9.4830938905943185e-06 9.4830938905943185e-06 9.4830938905943185e-06 9.4830938905943185e-06 9.4830938905943185e-06 9.4830938905943185e-06 9.4830938905943185e-06 9.4830938905943185e-06 9.4830938905943185e-06 9.4830938905943185e-06 9.4830938905943185e-06 9.4830938905943185e-06 9.4830938905943185e-06 9.4830938905943185e-06 9.4830938905943185e-06 9.4830938905943185e-06 9.4830938905943185e-06 9.4830938905943185e-06 9.4830938905943185e-06 9.4830938905943185e-06 9.4830938905943185e-06 9.4830938905943185e-06 9.4830938905943185e-06 9.4830938905943185e-06 9.4830938905943185e-06 9.4830938905943185e-06 9.4830938905943185e-06 9.4830938905943185e-06 9.4830938905943185e-06 9.4830938905943185e-06 9.4830938905943185e-06 9.4830938905943185e-06 9.4830938905943185e-06 9.4830938905943185e-06 9.4830938905943185e-06 9.4830938905943185e-06 9.4830938905943185e-06 9.4830938905943185e-06 9.4830938905943185e-06 9.4830938905943185e-06 9.4830938905943185e-06
9.4830938905943185e-06 9.4830938905943185e-06 9.4830938905943185e-06 9.4830938905943185e-06 9.4830938905943185e-06 9.4830938905943185e-06 9.4830938905943185e-06 9.4830938905943185e-06 9.4830938905943185e-06 9.4830938905943185e-06 9.4830938905943185e-06 9.4830938905943185e-06 9.4830938905943185e-06 9.4830938905943185e-06 9.4830938905943185e-06 9.4830938905943185e-06 9.4830938905943185e-06 9.4830938905943185e-06 9.4830938905943185e-06 9.4830938905943185e-06 9.4830938905943185e-06 9.4830938905943185e-06 9.4830938905943185e-06 9.4830938905943185e-06 9.4830938905943185e-06 9.4830938905943185e-06 9.4830938905943185e-06 9.4830938905943185e-06 9.4830938905943185e-06 9.4830938905943185e-06 9.4830938905943185e-06 9.4830938905943185e-06 9.4830938905943185e-06 9.4830938905943185e-06 9.4830938905943185e-06 9.4830938905943185e-06 9.4830938905943185e-06 9.4830938905943185e-06 9.4830938905943185e-06 9.4830938905943185e-06 9.4830938905943185e-06 9.4830938905943185e-06 9.4830938905943185e-06 9.4830938905943185e-06 9.4830938905943185e-06 9.4830938905943185e-06 9.4830938905943185e-06 9.4830938905943185e-06 9.4830938905943185e-06 9.4830938905943185e-06 9.4830938905943185e-06 9.4830938905943185e-06 9.4830938905943185e-06 9.4830938905943185e-06 9.4830938905943185e-06 9.4830938905943185e-06 9.4830938905943185e-06 9.4830938905943185e-06 9.4830938905943185e-06 9.4830938905943185e-06 9.4830938905943185e-06 9.4830938905943185e-06 9.4830938905943185e-06 9.4830938905943185e-06
9.4830938905943185e-06 9.4830938905943185e-06 9.4830938905943185e-06 9.4830938905943185e-06 9.4830938905943185e-06 9.4830938905943185e-06 9.4830938905943185e-06 9.4830938905943185e-06 9.4830938905943185e-06 9.4830938905943185e-06 9.4830938905943185e-06 9.4830938905943185e-06 9.4830938905943185e-06 9.4830938905943185e-06 9.4830938905943185e-06 9.4830938905943185e-06 9.4830938905943185e-06 9.4830938905943185e-06 9.4830938905943185e-06 9.4830938905943185e-06 9.4830938905943185e-06 9.4830938905943185e-06 9.4830938905943185e-06 9.4830938905943185e-06 9.4830938905943185e-06 9.4830938905943185e-06 9.4830938905943185e-06 9.4830938905943185e-06 9.4830938905943185e-06 9.4830938905943185e-06 9.4830938905943185e-06 9.4830938905943185e-06 9.4830938905943185e-06 9.4830938905943185e-06 9.4830938905943185e-06 9.4830938905943185e-06 9.4830938905943185e-06 9.4830938905943185e-06 9.4830938905943185e-06 9.4830938905943185e-06 9.4830938905943185e-06 9.4830938905943185e-06 9.4830938905943185e-06 9.4830938905943185e-06 9.4830938905943185e-06 9.4830938905943185e-06 9.4830938905943185e-06 9.4830938905943185e-06 9.4830938905943185e-06 9.4830938905943185e-06 9.4830938905943185e-06 9.4830938905943185e-06 9.4830938905943185e-06 9.4830938905943185e-06 9.4830938905943185e-06 9.4830938905943185e-06 9.4830938905943185e-06 9.4830938905943185e-06 9.4830938905943185e-06 9.4830938905943185e-06 9.4830938905943185e-06 9.4830938905943185e-06 9.4830938905943185e-06 9.4830938905943185e-06
9.4830938905943185e-06 9.4830938905943185e-06 9.4830938905943185e-06 9.4830938905943185e-06 9.4830938905943185e-06 9.4830938905943185e-06 9.4830938905943185e-06 9.4830938905943185e-06 9.4830938905943185e-06 9.4830938905943185e-06 9.4830938905943185e-06 9.4830938905943185e-06 9.4830938905943185e-06 9.4830938905943185e-06 9.4830938905943185e-06 9.4830938905943185e-06 9.4830938905943185e-06 9.4830938905943185e-06 9.4830938905943185e-06 9.4830938905943185e-06 9.4830938905943185e-06 9.4830938905943185e-06 9.4830938905943185e-06 9.4830938905943185e-06 9.4830938905943185e-06 9.4830938905943185e-06 9.4830938905943185e-06 9.4830938905943185e-06 9.4830938905943185e-06 9.4830938905943185e-06 9.4830938905943185e-06 9.4830938905943185e-06 9.4830938905943185e-06 9.4830938905943185e-06 9.4830938905943185e-06 9.4830938905943185e-06 9.4830938905943185e-06 9.4830938905943185e-06 9.4830938905943185e-06 9.4830938905943185e-06 9.4830938905943185e-06 9.4830938905943185e-06 9.4830938905943185e-06 9.4830938905943185e-06 9.4830938905943185e-06 9.4830938905943185e-06 9.4830938905943185e-06 9.4830938905943185e-06 9.4830938905943185e-06 9.4830938905943185e-06 9.4830938905943185e-06 9.4830938905943185e-06 9.4830938905943185e-06 9.4830938905943185e-06 9.4830938905943185e-06 9.4830938905943185e-06 9.4830938905943185e-06 9.4830938905943185e-06 9.4830938905943185e-06 9.4830938905943185e-06 9.4830938905943185e-06 9.4830938905943185e-06 9.4830938905943185e-06 9.4830938905943185e-06
9.4830938905943185e-06 9.4830938905943185e-06 9.4830938905943185e-06 9.4830938905943185e-06 9.4830938905943185e-06 9.4830938905943185e-06 9.4830938905943185e-06 9.4830938905943185e-06 9.4830938905943185e-06 9.4830938905943185e-06 9.4830938905943185e-06 9.4830938905943185e-06 9.4830938905943185e-06 9.4830938905943185e-06 9.4830938905943185e-06 9.4830938905943185e-06 9.4830938905943185e-06 9.4830938905943185e-06 9.4830938905943185e-06 9.4830938905943185e-06 9.4830938905943185e-06 9.4830938905943185e-06 9.4830938905943185e-06 9.4830938905943185e-06 9.4830938905943185e-06 9.4830938905943185e-06 9.4830938905943185e-06 9.4830938905943185e-06 9.4830938905943185e-06 9.4830938905943185e-06 9.4830938905943185e-06 9.4830938905943185e-06 9.4830938905943185e-06 9.4830938905943185e-06 9.4830938905943185e-06 9.4830938905943185e-06 9.4830938905943185e-06 9.4830938905943185e-06 9.4830938905943185e-06 9.4830938905943185e-06 9.4830938905943185e-06 9.4830938905943185e-06 9.4830938905943185e-06 9.4830938905943185e-06 9.4830938905943185e-06 9.4830938905943185e-06 9.4830938905943185e-06 9.4830938905943185e-06 9.4830938905943185e-06 9.4830938905943185e-06 9.4830938905943185e-06 9.4830938905943185e-06 9.4830938905943185e-06 9.4830938905943185e-06 9.4830938905943185e-06 9.4830938905943185e-06 9.4830938905943185e-06 9.4830938905943185e-06 9.4830938905943185e-06 9.4830938905943185e-06 9.4830938905943185e-06 9.4830938905943185e-06 9.4830938905943185e-06 9.4830938905943185e-06
9.4830938905943185e-06 9.4830938905943185e-06 9.4830938905943185e-06 9.4830938905943185e-06 9.4830938905943185e-06 9.4830938905943185e-06 9.4830938905943185e-06 9.4830938905943185e-06 9.4830938905943185e-06 9.4830938905943185e-06 9.4830938905943185e-06 9.4830938905943185e-06 9.4830938905943185e-06 9.4830938905943185e-06 9.4830938905943185e-06 9.4830938905943185e-06 9.4830938905943185e-06 9.4830938905943185e-06 9.4830938905943185e-06 9.4830938905943185e-06 9.4830938905943185e-06 9.4830938905943185e-06 9.4830938905943185e-06 9.4830938905943185e-06 9.4830938905943185e-06 9.4830938905943185e-06 9.4830938905943185e-06 9.4830938905943185e-06 9.4830938905943185e-06 9.4830938905943185e-06 9.4830938905943185e-06 9.4830938905943185e-06 9.4830938905943185e-06 9.4830938905943185e-06 9.4830938905943185e-06 9.4830938905943185e-06 9.4830938905943185e-06 9.4830938905943185e-06 9.4830938905943185e-06 9.4830938905943185e-06 9.4830938905943185e-06 9.4830938905943185e-06 9.4830938905943185e-06 9.4830938905943185e-06 9.4830938905943185e-06 9.4830938905943185e-06 9.4830938905943185e-06 9.4830938905943185e-06 9.4830938905943185e-06 9.4830938905943185e-06 9.4830938905943185e-06 9.4830938905943185e-06 9.4830938905943185e-06 9.4830938905943185e-06 9.4830938905943185e-06 9.4830938905943185e-06 9.4830938905943185e-06 9.4830938905943185e-06 9.4830938905943185e-06 9.4830938905943185e-06 9.4830938905943185e-06 9.4830938905943185e-06 9.4830938905943185e-06 9.4830938905943185e-06
9.4830938905943185e-06 9.4830938905943185e-06 9.4830938905943185e-06 9.4830938905943185e-06 9.4830938905943185e-06 9.4830938905943185e-06 9.4830938905943185e-06 9.4830938905943185e-06 9.4830938905943185e-06 9.4830938905943185e-06 9.4830938905943185e-06 9.4830938905943185e-06 9.4830938905943185e-06 9.4830938905943185e-06 9.4830938905943185e-06 9.4830938905943185e-06 9.4830938905943185e-06 9.4830938905943185e-06 9.4830938905943185e-06 9.4830938905943185e-06 9.4830938905943185e-06 9.4830938905943185e-06 9.4830938905943185e-06 9.4830938905943185e-06 9.4830938905943185e-06 9.4830938905943185e-06 9.4830938905943185e-06 9.4830938905943185e-06 9.4830938905943185e-06 9.4830938905943185e-06 9.4830938905943185e-06 9.4830938905943185e-06 9.4830938905943185e-06 9.4830938905943185e-06 9.4830938905943185e-06 9.4830938905943185e-06 9.4830938905943185e-06 9.4830938905943185e-06 9.4830938905943185e-06 9.4830938905943185e-06 9.4830938905943185e-06 9.4830938905943185e-06 9.4830938905943185e-06 9.4830938905943185e-06 9.4830938905943185e-06 9.4830938905943185e-06 9.4830938905943185e-06 9.4830938905943185e-06 9.4830938905943185e-06 9.4830938905943185e-06 9.4830938905943185e-06 9.4830938905943185e-06 9.4830938905943185e-06 9.4830938905943185e-06 9.4830938905943185e-06 9.4830938905943185e-06 9.4830938905943185e-06 9.4830938905943185e-06 9.4830938905943185e-06 9.4830938905943185e-06 9.4830938905943185e-06 9.4830938905943185e-06 9.4830938905943185e-06 9.4830938905943185e-06
9.4830938905943185e-06 9.4830938905943185e-06 9.4830938905943185e-06 9.4830938905943185e-06 9.4830938905943185e-06 9.4830938905943185e-06 9.4830938905943185e-06 9.4830938905943185e-06 9.4830938905943185e-06 9.4830938905943185e-06 9.4830938905943185e-06 9.4830938905943185e-06 9.4830938905943185e-06 9.4830938905943185e-06 9.4830938905943185e-06 9.4830938905943185e-06 9.4830938905943185e-06 9.4830938905943185e-06 9.4830938905943185e-06 9.4830938905943185e-06 9.4830938905943185e-06 9.4830938905943185e-06 9.4830938905943185e-06 9.4830938905943185e-06 9.4830938905943185e-06 9.4830938905943185e-06 9.4830938905943185e-06 9.4830938905943185e-06 9.4830938905943185e-06 9.4830938905943185e-06 9.4830884336261079e-06 9.4830684247426689e-06 9.4830629677744582e-06 9.4830866146367043e-06 9.4830938905943185e-06 9.4830938905943185e-06 9.4830938905943185e-06 9.4830938905943185e-06 9.4830938905943185e-06 9.4830938905943185e-06 9.4830938905943185e-06 9.4830938905943185e-06 9.4830938905943185e-06 9.4830938905943185e-06 9.4830938905943185e-06 9.4830938905943185e-06 9.4830938905943185e-06 9.4830938905943185e-06 9.4830938905943185e-06 9.4830938905943185e-06 9.4830938905943185e-06 9.4830938905943185e-06 9.4830938905943185e-06 9.4830938905943185e-06 9.4830938905943185e-06 9.4830938905943185e-06 9.4830938905943185e-06 9.4830938905943185e-06 9.4830938905943185e-06 9.4830938905943185e-06 9.4830938905943185e-06 9.4830938905943185e-06 9.4830938905943185e-06 9.4830938905943185e-06
9.4830938905943185e-06 9.4830938905943185e-06 9.4830938905943185e-06 9.4830938905943185e-06 9.4830938905943185e-06 9.4830938905943185e-06 9.4830938905943185e-06 9.4830938905943185e-06 9.4830938905943185e-06 9.4830938905943185e-06 9.4830938905943185e-06 9.4830938905943185e-06 9.4830938905943185e-06 9.4830938905943185e-06 9.4830938905943185e-06 9.4830938905943185e-06 9.4830938905943185e-06 9.4830938905943185e-06 9.4830938905943185e-06 9.4830938905943185e-06 9.4830938905943185e-06 9.4830938905943185e-06 9.4830938905943185e-06 9.4830938905943185e-06 9.4830938905943185e-06 9.4830938905943185e-06 9.4830938905943185e-06 9.4830938905943185e-06 9.4830775196896866e-06 9.4773777163936757e-06 9.3647795438300818e-06 9.2191121439100243e-06 9.2012533059460111e-06 9.3496437330031767e-06 9.4767992777633481e-06 9.4830757007002831e-06 9.4830938905943185e-06 9.4830938905943185e-06 9.4830938905943185e-06 9.4830938905943185e-06 9.4830938905943185e-06 9.4830938905943185e-06 9.4830938905943185e-06 9.4830938905943185e-06 9.4830938905943185e-06 9.4830938905943185e-06 9.4830938905943185e-06 9.4830938905943185e-06 9.4830938905943185e-06 9.4830938905943185e-06 9.4830938905943185e-06 9.4830938905943185e-06 9.4830938905943185e-06 9.4830938905943185e-06 9.4830938905943185e-06 9.4830938905943185e-06 9.4830938905943185e-06 9.4830938905943185e-06 9.4830938905943185e-06 9.4830938905943185e-06 9.4830938905943185e-06 9.4830938905943185e-06 9.4830938905943185e-06 9.4830938905943185e-06
9.4830938905943185e-06 9.4830938905943185e-06 9.4830938905943185e-06 9.4830938905943185e-06 9.4830938905943185e-06 9.4830938905943185e-06 9.4830938905943185e-06 9.4830938905943185e-06 9.4830938905943185e-06 9.4830938905943185e-06 9.4830938905943185e-06 9.4830938905943185e-06 9.4830938905943185e-06 9.4830938905943185e-06 9.4830938905943185e-06 9.4830938905943185e-06 9.4830938905943185e-06 9.4830938905943185e-06 9.4830938905943185e-06 9.4830938905943185e-06 9.4830938905943185e-06 9.4830938905943185e-06 9.4830938905943185e-06 9.4830938905943185e-06 9.4830938905943185e-06 9.4830938905943185e-06 9.4830938905943185e-06 9.4827028078725561e-06 9.2497457444551401e-06 7.8386829045484774e-06 7.5667417149816174e-06 8.7801905465312302e-05 6.5276311943307519e-05 7.8338489402085543e-06 7.874247785366606e-06 9.2403888629633002e-06 9.4826600616215728e-06 9.4830938905943185e-06 9.4830938905943185e-06 9.4830938905943185e-06 9.4830938905943185e-06 9.4830938905943185e-06 9.4830938905943185e-06 9.4830938905943185e-06 9.4830938905943185e-06 9.4830938905943185e-06 9.4830938905943185e-06 9.4830938905943185e-06 9.4830938905943185e-06 9.4830938905943185e-06 9.4830938905943185e-06 9.4830938905943185e-06 9.4830938905943185e-06 9.4830938905943185e-06 9.4830938905943185e-06 9.4830938905943185e-06 9.4830938905943185e-06 9.4830938905943185e-06 9.4830938905943185e-06 9.4830938905943185e-06 9.4830938905943185e-06 9.4830938905943185e-06 9.4830938905943185e-06 9.4830938905943185e-06
9.4830938905943185e-06 9.4830938905943185e-06 9.4830938905943185e-06 9.4830938905943185e-06 9.4830938905943185e-06 9.4830938905943185e-06 9.4830938905943185e-06 9.4830938905943185e-06 9.4830938905943185e-06 9.4830938905943185e-06 9.4830938905943185e-06 9.4830938905943185e-06 9.4830938905943185e-06 9.4830938905943185e-06 9.4830938905943185e-06 9.4830938905943185e-06 9.4830938905943185e-06 9.4830938905943185e-06 9.4830938905943185e-06 9.4830938905943185e-06 9.4830938905943185e-06 9.4830938905943185e-06 9.4830938905943185e-06 9.4830938905943185e-06 9.4830938905943185e-06 9.4830938905943185e-06 9.4790393632138148e-06 8.6276022557285614e-06 7.3697010520845652e-05 0.00083941849879920483 0.0027010345365852118 0.07778804749250412 0.071794070303440094 0.0076022455468773842 0.00088594446424394846 8.3706676377914846e-05 8.6149138951441273e-06 9.4789875220158137e-06 9.4830938905943185e-06 9.4830938905943185e-06 9.4830938905943185e-06 9.4830938905943185e-06 9.4830938905943185e-06 9.4830938905943185e-06 9.4830938905943185e-06 9.4830938905943185e-06 9.4830938905943185e-06 9.4830938905943185e-06 9.4830938905943185e-06 9.4830938905943185e-06 9.4830938905943185e-06 9.4830938905943185e-06 9.4830938905943185e-06 9.4830938905943185e-06 9.4830938905943185e-06 9.4830938905943185e-06 9.4830938905943185e-06 9.4830938905943185e-06 9.4830938905943185e-06 9.4830938905943185e-06 9.4830938905943185e-06 9.4830938905943185e-06 9.4830938905943185e-06 9.4830938905943185e-06
9.4830938905943185e-06 9.4830938905943185e-06 9.4830938905943185e-06 9.4830938905943185e-06 9.4830938905943185e-06 9.4830938905943185e-06 9.4830938905943185e-06 9.4830938905943185e-06 9.4830938905943185e-06 9.4830938905943185e-06 9.4830938905943185e-06 9.4830938905943185e-06 9.4830938905943185e-06 9.4830938905943185e-06 9.4830938905943185e-06 9.4830938905943185e-06 9.4830938905943185e-06 9.4830938905943185e-06 9.4830938905943185e-06 9.4830938905943185e-06 9.4830938905943185e-06 9.4830938905943185e-06 9.4830938905943185e-06 9.4830938905943185e-06 9.4830938905943185e-06 9.4745319074718282e-06 7.9709107012604363e-06 0.00034334955853410065 0.083374351263046265 0.57138550281524658 0.9821893572807312 0.99487787485122681 0.99624150991439819 0.98940539360046387 0.59496563673019409 0.084894634783267975 0.00065184937557205558 8.1939688243437558e-06 9.4742435976513661e-06 9.4830938905943185e-06 9.4830938905943185e-06 9.4830938905943185e-06 9.4830938905943185e-06 9.4830938905943185e-06 9.4830938905943185e-06 9.4830938905943185e-06 9.4830938905943185e-06 9.4830938905943185e-06 9.4830938905943185e-06 9.4830938905943185e-06 9.4830938905943185e-06 9.4830938905943185e-06 9.4830938905943185e-06 9.4830938905943185e-06 9.4830938905943185e-06 9.4830938905943185e-06 9.4830938905943185e-06 9.4830938905943185e-06 9.4830938905943185e-06 9.4830938905943185e-06 9.4830938905943185e-06 9.4830938905943185e-06 9.4830938905943185e-06 9.4830938905943185e-06
9.4830938905943185e-06 9.4830938905943185e-06 9.4830938905943185e-06 9.4830938905943185e-06 9.4830938905943185e-06 9.4830938905943185e-06 9.4830938905943185e-06 9.4830938905943185e-06 9.4830938905943185e-06 9.4830938905943185e-06 9.4830938905943185e-06 9.4830938905943185e-06 9.4830938905943185e-06 9.4830938905943185e-06 9.4830938905943185e-06 9.4830938905943185e-06 9.4830938905943185e-06 9.4830938905943185e-06 9.4830938905943185e-06 9.4830938905943185e-06 9.4830938905943185e-06 9.4830938905943185e-06 9.4830938905943185e-06 9.4830938905943185e-06 9.4743054432910867e-06 8.4392986536840908e-06 0.0006153915892355144 0.34549480676651001 0.99672341346740723 0.99744367599487305 0.99807584285736084 0.99842536449432373 0.99837929010391235 0.99840497970581055 0.99733430147171021 0.99715942144393921 0.38057145476341248 0.00077439763117581606 8.6931331679807045e-06 9.4739962150924839e-06 9.4830938905943185e-06 9.4830938905943185e-06 9.4830938905943185e-06 9.4830938905943185e-06 9.4830938905943185e-06 9.4830938905943185e-06 9.4830938905943185e-06 9.4830938905943185e-06 9.4830938905943185e-06 9.4830938905943185e-06 9.4830938905943185e-06 9.4830938905943185e-06 9.4830938905943185e-06 9.4830938905943185e-06 9.4830938905943185e-06 9.4830938905943185e-06 9.4830938905943185e-06 9.4830938905943185e-06 9.4830938905943185e-06 9.4830938905943185e-06 9.4830938905943185e-06 9.4830938905943185e-06 9.4830938905943185e-06 9.4830938905943185e-06
9.4830938905943185e-06 9.4830938905943185e-06 9.4830938905943185e-06 9.4830938905943185e-06 9.4830938905943185e-06 9.4830938905943185e-06 9.4830938905943185e-06 9.4830938905943185e-06 9.4830938905943185e-06 9.4830938905943185e-06 9.4830938905943185e-06 9.4830938905943185e-06 9.4830938905943185e-06 9.4830938905943185e-06 9.4830938905943185e-06 9.4830938905943185e-06 9.4830938905943185e-06 9.4830938905943185e-06 9.4830938905943185e-06 9.4830938905943185e-06 9.4830938905943185e-06 9.4830938905943185e-06 9.4830938905943185e-06 9.4788865681039169e-06 8.3120230556232855e-06 0.00071692594792693853 0.55199611186981201 0.99724167585372925 0.99825268983840942 0.9987407922744751 0.99894160032272339 0.99900060892105103 0.99917179346084595 0.99904662370681763 0.998820960521698 0.99835890531539917 0.99748468399047852 0.59204131364822388 0.0008178890566341579 8.5384472185978666e-06 9.4788410933688283e-06 9.4830938905943185e-06 9.4830938905943185e-06 9.4830938905943185e-06 9.4830938905943185e-06 9.4830938905943185e-06 9.4830938905943185e-06 9.4830938905943185e-06 9.4830938905943185e-06 9.4830938905943185e-06 9.4830938905943185e-06 9.4830938905943185e-06 9.4830938905943185e-06 9.4830938905943185e-06 9.4830938905943185e-06 9.4830938905943185e-06 9.4830938905943185e-06 9.4830938905943185e-06 9.4830938905943185e-06 9.4830938905943185e-06 9.4830938905943185e-06 9.4830938905943185e-06 9.4830938905943185e-06 9.4830938905943185e-06
9.4830938905943185e-06 9.4830938905943185e-06 9.4830938905943185e-06 9.4830938905943185e-06 9.4830938905943185e-06 9.4830938905943185e-06 9.4830938905943185e-06 9.4830938905943185e-06 9.4830938905943185e-06 9.4830938905943185e-06 9.4830938905943185e-06 9.4830938905943185e-06 9.4830938905943185e-06 9.4830938905943185e-06 9.4830938905943185e-06 9.4830938905943185e-06 9.4830938905943185e-06 9.4830938905943185e-06 9.4830938905943185e-06 9.4830938905943185e-06 9.4830938905943185e-06 9.4830938905943185e-06 9.4826455097063445e-06 8.6822637967998162e-06 0.00050142331747338176 0.39730125665664673 0.99728971719741821 0.9982103705406189 0.99881792068481445 0.99911731481552124 0.99895477294921875 0.99875020980834961 0.99883013963699341 0.99898457527160645 0.99910861253738403 0.99894368648529053 0.99850183725357056 0.99751049280166626 0.40231209993362427 0.0005257721059024334 8.7391736087738536e-06 9.4826709755579941e-06 9.4830938905943185e-06 9.4830938905943185e-06 9.4830938905943185e-06 9.4830938905943185e-06 9.4830938905943185e-06 9.4830938905943185e-06 9.4830938905943185e-06 9.4830938905943185e-06 9.4830938905943185e-06 9.4830938905943185e-06 9.4830938905943185e-06 9.4830938905943185e-06 9.4830938905943185e-06 9.4830938905943185e-06 9.4830938905943185e-06 9.4830938905943185e-06 9.4830938905943185e-06 9.4830938905943185e-06 9.4830938905943185e-06 9.4830938905943185e-06 9.4830938905943185e-06 9.4830938905943185e-06
9.4830938905943185e-06 9.4830938905943185e-06 9.4830938905943185e-06 9.4830938905943185e-06 9.4830938905943185e-06 9.4830938905943185e-06 9.4830938905943185e-06 9.4830938905943185e-06 9.4830938905943185e-06 9.4830938905943185e-06 9.4830938905943185e-06 9.4830938905943185e-06 9.4830938905943185e-06 9.4830938905943185e-06 9.4830938905943185e-06 9.4830938905943185e-06 9.4830938905943185e-06 9.4830938905943185e-06 9.4830938905943185e-06 9.4830938905943185e-06 9.4830938905943185e-06 9.4830766101949848e-06 9.2446316557470709e-06 9.6040959761012346e-05 0.067025691270828247 0.99632024765014648 0.99804437160491943 0.99869710206985474 0.99888932704925537 0.99800097942352295 0.99625688791275024 0.99452698230743408 0.99456238746643066 0.99628961086273193 0.99801266193389893 0.99891722202301025 0.99893766641616821 0.99849826097488403 0.99689686298370361 0.081951327621936798 7.2305680077988654e-05 9.2347481768229045e-06 9.4830747912055813e-06 9.4830938905943185e-06 9.4830938905943185e-06 9.4830938905943185e-06 9.4830938905943185e-06 9.4830938905943185e-06 9.4830938905943185e-06 9.4830938905943185e-06 9.4830938905943185e-06 9.4830938905943185e-06 9.4830938905943185e-06 9.4830938905943185e-06 9.4830938905943185e-06 9.4830938905943185e-06 9.4830938905943185e-06 9.4830938905943185e-06 9.4830938905943185e-06 9.4830938905943185e-06 9.4830938905943185e-06 9.4830938905943185e-06 9.4830938905943185e-06 9.4830938905943185e-06
9.4830938905943185e-06 9.4830938905943185e-06 9.4830938905943185e-06 9.4830938905943185e-06 9.4830938905943185e-06 9.4830938905943185e-06 9.4830938905943185e-06 9.4830938905943185e-06 9.4830938905943185e-06 9.4830938905943185e-06 9.4830938905943185e-06 9.4830938905943185e-06 9.4830938905943185e-06 9.4830938905943185e-06 9.4830938905943185e-06 9.4830938905943185e-06 9.4830938905943185e-06 9.4830938905943185e-06 9.4830938905943185e-06 9.4830938905943185e-06 9.4830938905943185e-06 9.4770348368911073e-06 7.7505346780526452e-06 0.00076041714055463672 0.55437856912612915 0.99758398532867432 0.99858289957046509 0.99902701377868652 0.99794971942901611 0.99401521682739258 0.98715460300445557 0.98199379444122314 0.98209834098815918 0.987335205078125 0.99412566423416138 0.99802929162979126 0.99905920028686523 0.99883496761322021 0.99780541658401489 0.58273470401763916 0.00080584373790770769 7.7780450737918727e-06 9.4771503427182324e-06 9.4830938905943185e-06 9.4830938905943185e-06 9.4830938905943185e-06 9.4830938905943185e-06 9.4830938905943185e-06 9.4830938905943185e-06 9.4830938905943185e-06 9.4830938905943185e-06 9.4830938905943185e-06 9.4830938905943185e-06 9.4830938905943185e-06 9.4830938905943185e-06 9.4830938905943185e-06 9.4830938905943185e-06 9.4830938905943185e-06 9.4830938905943185e-06 9.4830938905943185e-06 9.4830938905943185e-06 9.4830938905943185e-06 9.4830938905943185e-06 9.4830938905943185e-06
9.4830938905943185e-06 9.4830938905943185e-06 9.4830938905943185e-06 9.4830938905943185e-06 9.4830938905943185e-06 9.4830938905943185e-06 9.4830938905943185e-06 9.4830938905943185e-06 9.4830938905943185e-06 9.4830938905943185e-06 9.4830938905943185e-06 9.4830938905943185e-06 9.4830938905943185e-06 9.4830938905943185e-06 9.4830938905943185e-06 9.4830938905943185e-06 9.4830938905943185e-06 9.4830938905943185e-06 9.4830938905943185e-06 9.4830938905943185e-06 9.4830875241314061e-06 9.3525468400912359e-06 7.4657127697719261e-06 0.0030623092316091061 0.98292511701583862 0.99817961454391479 0.99915963411331177 0.99894893169403076 0.99623149633407593 0.98708659410476685 0.9737468957901001 0.96586257219314575 0.96609413623809814 0.97415298223495483 0.98736262321472168 0.99629908800125122 0.99896305799484253 0.99907469749450684 0.99776214361190796 0.98029392957687378 0.005454301368445158 7.5559773904387839e-06 9.3612197815673426e-06 9.4830884336261079e-06 9.4830938905943185e-06 9.4830938905943185e-06 9.4830938905943185e-06 9.4830938905943185e-06 9.4830938905943185e-06 9.4830938905943185e-06 9.4830938905943185e-06 9.4830938905943185e-06 9.4830938905943185e-06 9.4830938905943185e-06 9.4830938905943185e-06 9.4830938905943185e-06 9.4830938905943185e-06 9.4830938905943185e-06 9.4830938905943185e-06 9.4830938905943185e-06 9.4830938905943185e-06 9.4830938905943185e-06 9.4830938905943185e-06 9.4830938905943185e-06
9.4830938905943185e-06 9.4830938905943185e-06 9.4830938905943185e-06 9.4830938905943185e-06 9.4830938905943185e-06 9.4830938905943185e-06 9.4830938905943185e-06 9.4830938905943185e-06 9.4830938905943185e-06 9.4830938905943185e-06 9.4830938905943185e-06 9.4830938905943185e-06 9.4830938905943185e-06 9.4830938905943185e-06 9.4830938905943185e-06 9.4830938905943185e-06 9.4830938905943185e-06 9.4830938905943185e-06 9.4830938905943185e-06 9.4830938905943185e-06 9.4830620582797565e-06 9.1996025730622932e-06 4.2459632823010907e-05 0.063842445611953735 0.9969821572303772 0.99872088432312012 0.99907511472702026 0.99884623289108276 0.99449902772903442 0.98190832138061523 0.9658125638961792 0.95729488134384155 0.95752006769180298 0.96617496013641357 0.98217076063156128 0.99456191062927246 0.99876594543457031 0.99891883134841919 0.9981006383895874 0.99502754211425781 0.059524968266487122 4.9248839786741883e-05 9.2190903160371818e-06 9.4830656962585635e-06 9.4830938905943185e-06 9.4830938905943185e-06 9.4830938905943185e-06 9.4830938905943185e-06 9.4830938905943185e-06 9.4830938905943185e-06 9.4830938905943185e-06 9.4830938905943185e-06 9.4830938905943185e-06 9.4830938905943185e-06 9.4830938905943185e-06 9.4830938905943185e-06 9.4830938905943185e-06 9.4830938905943185e-06 9.4830938905943185e-06 9.4830938905943185e-06 9.4830938905943185e-06 9.4830938905943185e-06 9.4830938905943185e-06 9.4830938905943185e-06
9.4830938905943185e-06 9.4830938905943185e-06 9.4830938905943185e-06 9.4830938905943185e-06 9.4830938905943185e-06 9.4830938905943185e-06 9.4830938905943185e-06 9.4830938905943185e-06 9.4830938905943185e-06 9.4830938905943185e-06 9.4830938905943185e-06 9.4830938905943185e-06 9.4830938905943185e-06 9.4830938905943185e-06 9.4830938905943185e-06 9.4830938905943185e-06 9.4830938905943185e-06 9.4830938905943185e-06 9.4830938905943185e-06 9.4830938905943185e-06 9.4830620582797565e-06 9.2045347628300078e-06 4.3476069549797103e-05 0.05995207279920578 0.99528282880783081 0.99771803617477417 0.99892842769622803 0.99869745969772339 0.99449360370635986 0.98197269439697266 0.96587657928466797 0.95736366510391235 0.95741277933120728 0.96597450971603394 0.98205053806304932 0.99454843997955322 0.99883365631103516 0.99911147356033325 0.99876523017883301 0.99637532234191895 0.048760924488306046 3.9787813875591382e-05 9.1934771262458526e-06 9.4830602392903529e-06 9.4830938905943185e-06 9.4830938905943185e-06 9.4830938905943185e-06 9.4830938905943185e-06 9.4830938905943185e-06 9.4830938905943185e-06 9.4830938905943185e-06 9.4830938905943185e-06 9.4830938905943185e-06 9.4830938905943185e-06 9.4830938905943185e-06 9.4830938905943185e-06 9.4830938905943185e-06 9.4830938905943185e-06 9.4830938905943185e-06 9.4830938905943185e-06 9.4830938905943185e-06 9.4830938905943185e-06 9.4830938905943185e-06 9.4830938905943185e-06
9.4830938905943185e-06 9.4830938905943185e-06 9.4830938905943185e-06 9.4830938905943185e-06 9.4830938905943185e-06 9.4830938905943185e-06 9.4830938905943185e-06 9.4830938905943185e-06 9.4830938905943185e-06 9.4830938905943185e-06 9.4830938905943185e-06 9.4830938905943185e-06 9.4830938905943185e-06 9.4830938905943185e-06 9.4830938905943185e-06 9.4830938905943185e-06 9.4830938905943185e-06 9.4830938905943185e-06 9.4830938905943185e-06 9.4830938905943185e-06 9.4830875241314061e-06 9.3581493274541572e-06 7.8002130976528861e-06 0.0073535339906811714 0.98338651657104492 0.99799448251724243 0.99909007549285889 0.99899470806121826 0.99626857042312622 0.98719698190689087 0.97382217645645142 0.96587395668029785 0.96589356660842896 0.97384446859359741 0.98722833395004272 0.9963107705116272 0.99896848201751709 0.9990462064743042 0.99760329723358154 0.98719322681427002 0.0069318166933953762 7.9569354056729935e-06 9.3509434009320103e-06 9.4830866146367043e-06 9.4830938905943185e-06 9.4830938905943185e-06 9.4830938905943185e-06 9.4830938905943185e-06 9.4830938905943185e-06 9.4830938905943185e-06 9.4830938905943185e-06 9.4830938905943185e-06 9.4830938905943185e-06 9.4830938905943185e-06 9.4830938905943185e-06 9.4830938905943185e-06 9.4830938905943185e-06 9.4830938905943185e-06 9.4830938905943185e-06 9.4830938905943185e-06 9.4830938905943185e-06 9.4830938905943185e-06 9.4830938905943185e-06 9.4830938905943185e-06
9.4830938905943185e-06 9.4830938905943185e-06 9.4830938905943185e-06 9.4830938905943185e-06 9.4830938905943185e-06 9.4830938905943185e-06 9.4830938905943185e-06 9.4830938905943185e-06 9.4830938905943185e-06 9.4830938905943185e-06 9.4830938905943185e-06 9.4830938905943185e-06 9.4830938905943185e-06 9.4830938905943185e-06 9.4830938905943185e-06 9.4830938905943185e-06 9.4830938905943185e-06 9.4830938905943185e-06 9.4830938905943185e-06 9.4830938905943185e-06 9.4830938905943185e-06 9.4764782261336222e-06 7.8606408351333812e-06 0.00097138655837625265 0.61692839860916138 0.9976341724395752 0.99887311458587646 0.99902838468551636 0.99801367521286011 0.99408036470413208 0.98717761039733887 0.98191255331039429 0.98190414905548096 0.98713529109954834 0.99409323930740356 0.99808096885681152 0.99910950660705566 0.9989587664604187 0.99789416790008545 0.6279529333114624 0.00093800225295126438 7.9258152254624292e-06 9.4777597041684203e-06 9.4830938905943185e-06 9.4830938905943185e-06 9.4830938905943185e-06 9.4830938905943185e-06 9.4830938905943185e-06 9.4830938905943185e-06 9.4830938905943185e-06 9.4830938905943185e-06 9.4830938905943185e-06 9.4830938905943185e-06 9.4830938905943185e-06 9.4830938905943185e-06 9.4830938905943185e-06 9.4830938905943185e-06 9.4830938905943185e-06 9.4830938905943185e-06 9.4830938905943185e-06 9.4830938905943185e-06 9.4830938905943185e-06 9.4830938905943185e-06 9.4830938905943185e-06
9.4830938905943185e-06 9.4830938905943185e-06 9.4830938905943185e-06 9.4830938905943185e-06 9.4830938905943185e-06 9.4830938905943185e-06 9.4830938905943185e-06 9.4830938905943185e-06 9.4830938905943185e-06 9.4830938905943185e-06 9.4830938905943185e-06 9.4830938905943185e-06 9.4830938905943185e-06 9.4830938905943185e-06 9.4830938905943185e-06 9.4830938905943185e-06 9.4830938905943185e-06 9.4830938905943185e-06 9.4830938905943185e-06 9.4830938905943185e-06 9.4830938905943185e-06 9.4830775196896866e-06 9.2536283773370087e-06 8.3529703260865062e-05 0.070189930498600006 0.99635332822799683 0.99797344207763672 0.99896317720413208 0.99894958734512329 0.99801087379455566 0.99626201391220093 0.99446630477905273 0.9944756031036377 0.99624210596084595 0.99801969528198242 0.99902069568634033 0.9990885853767395 0.99868941307067871 0.99688667058944702 0.065049931406974792 6.4719868532847613e-05 9.2651662271237001e-06 9.4830793386790901e-06 9.4830938905943185e-06 9.4830938905943185e-06 9.4830938905943185e-06 9.4830938905943185e-06 9.4830938905943185e-06 9.4830938905943185e-06 9.4830938905943185e-06 9.4830938905943185e-06 9.4830938905943185e-06 9.4830938905943185e-06 9.4830938905943185e-06 9.4830938905943185e-06 9.4830938905943185e-06 9.4830938905943185e-06 9.4830938905943185e-06 9.4830938905943185e-06 9.4830938905943185e-06 9.4830938905943185e-06 9.4830938905943185e-06 9.4830938905943185e-06 9.4830938905943185e-06
9.4830938905943185e-06 9.4830938905943185e-06 9.4830938905943185e-06 9.4830938905943185e-06 9.4830938905943185e-06 9.4830938905943185e-06 9.4830938905943185e-06 9.4830938905943185e-06 9.4830938905943185e-06 9.4830938905943185e-06 9.4830938905943185e-06 9.4830938905943185e-06 9.4830938905943185e-06 9.4830938905943185e-06 9.4830938905943185e-06 9.4830938905943185e-06 9.4830938905943185e-06 9.4830938905943185e-06 9.4830938905943185e-06 9.4830938905943185e-06 9.4830938905943185e-06 9.4830938905943185e-06 9.4826664280844852e-06 8.628885552752763e-06 0.00046912604011595249 0.38995283842086792 0.99802476167678833 0.99863237142562866 0.9990047812461853 0.99903678894042969 0.9989820122718811 0.9987640380859375 0.99879121780395508 0.99900209903717041 0.99909228086471558 0.99906718730926514 0.99884289503097534 0.99822837114334106 0.39084601402282715 0.00035641618887893856 8.6540921984123997e-06 9.4827373686712235e-06 9.4830938905943185e-06 9.4830938905943185e-06 9.4830938905943185e-06 9.4830938905943185e-06 9.4830938905943185e-06 9.4830938905943185e-06 9.4830938905943185e-06 9.4830938905943185e-06 9.4830938905943185e-06 9.4830938905943185e-06 9.4830938905943185e-06 9.4830938905943185e-06 9.4830938905943185e-06 9.4830938905943185e-06 9.4830938905943185e-06 9.4830938905943185e-06 9.4830938905943185e-06 9.4830938905943185e-06 9.4830938905943185e-06 9.4830938905943185e-06 9.4830938905943185e-06 9.4830938905943185e-06
9.4830938905943185e-06 9.4830938905943185e-06 9.4830938905943185e-06 9.4830938905943185e-06 9.4830938905943185e-06 9.4830938905943185e-06 9.4830938905943185e-06 9.4830938905943185e-06 9.4830938905943185e-06 9.4830938905943185e-06 9.4830938905943185e-06 9.4830938905943185e-06 9.4830938905943185e-06 9.4830938905943185e-06 9.4830938905943185e-06 9.4830938905943185e-06 9.4830938905943185e-06 9.4830938905943185e-06 9.4830938905943185e-06 9.4830938905943185e-06 9.4830938905943185e-06 9.4830938905943185e-06 9.4830938905943185e-06 9.4791084848111495e-06 8.2567421486601233e-06 0.001917175599373877 0.61243218183517456 0.9979318380355835 0.99833828210830688 0.99876046180725098 0.99902510643005371 0.99907362461090088 0.99906021356582642 0.99904423952102661 0.99868392944335938 0.99830108880996704 0.99815380573272705 0.5985984206199646 0.00068044074578210711 8.2186043073306791e-06 9.479791515332181e-06 9.4830938905943185e-06 9.4830938905943185e-06 9.4830938905943185e-06 9.4830938905943185e-06 9.4830938905943185e-06 9.4830938905943185e-06 9.4830938905943185e-06 9.4830938905943185e-06 9.4830938905943185e-06 9.4830938905943185e-06 9.4830938905943185e-06 9.4830938905943185e-06 9.4830938905943185e-06 9.4830938905943185e-06 9.4830938905943185e-06 9.4830938905943185e-06 9.4830938905943185e-06 9.4830938905943185e-06 9.4830938905943185e-06 9.4830938905943185e-06 9.4830938905943185e-06 9.4830938905943185e-06 9.4830938905943185e-06
9.4830938905943185e-06 9.4830938905943185e-06 9.4830938905943185e-06 9.4830938905943185e-06 9.4830938905943185e-06 9.4830938905943185e-06 9.4830938905943185e-06 9.4830938905943185e-06 9.4830938905943185e-06 9.4830938905943185e-06 9.4830938905943185e-06 9.4830938905943185e-06 9.4830938905943185e-06 9.4830938905943185e-06 9.4830938905943185e-06 9.4830938905943185e-06 9.4830938905943185e-06 9.4830938905943185e-06 9.4830938905943185e-06 9.4830938905943185e-06 9.4830938905943185e-06 9.4830938905943185e-06 9.4830938905943185e-06 9.4830938905943185e-06 9.474841135670431e-06 8.5364890765049495e-06 0.00070246553514152765 0.36748465895652771 0.99591243267059326 0.99810487031936646 0.9977726936340332 0.998302161693573 0.99826925992965698 0.99837148189544678 0.99807602167129517 0.99679237604141235 0.408730149269104 0.00074846699135378003 8.6175250544329174e-06 9.4757961051072925e-06 9.4830938905943185e-06 9.4830938905943185e-06 9.4830938905943185e-06 9.4830938905943185e-06 9.4830938905943185e-06 9.4830938905943185e-06 9.4830938905943185e-06 9.4830938905943185e-06 9.4830938905943185e-06 9.4830938905943185e-06 9.4830938905943185e-06 9.4830938905943185e-06 9.4830938905943185e-06 9.4830938905943185e-06 9.4830938905943185e-06 9.4830938905943185e-06 9.4830938905943185e-06 9.4830938905943185e-06 9.4830938905943185e-06 9.4830938905943185e-06 9.4830938905943185e-06 9.4830938905943185e-06 9.4830938905943185e-06 9.4830938905943185e-06
9.4830938905943185e-06 9.4830938905943185e-06 9.4830938905943185e-06 9.4830938905943185e-06 9.4830938905943185e-06 9.4830938905943185e-06 9.4830938905943185e-06 9.4830938905943185e-06 9.4830938905943185e-06 9.4830938905943185e-06 9.4830938905943185e-06 9.4830938905943185e-06 9.4830938905943185e-06 9.4830938905943185e-06 9.4830938905943185e-06 9.4830938905943185e-06 9.4830938905943185e-06 9.4830938905943185e-06 9.4830938905943185e-06 9.4830938905943185e-06 9.4830938905943185e-06 9.4830938905943185e-06 9.4830938905943185e-06 9.4830938905943185e-06 9.4830938905943185e-06 9.4748093033558689e-06 8.0890031313174404e-06 0.00040244319825433195 0.079965539276599884 0.54986590147018433 0.96444666385650635 0.99576658010482788 0.99545234441757202 0.97675877809524536 0.60440659523010254 0.084699012339115143 0.00046817297697998583 8.4415032688411884e-06 9.475545994064305e-06 9.4830938905943185e-06 9.4830938905943185e-06 9.4830938905943185e-06 9.4830938905943185e-06 9.4830938905943185e-06 9.4830938905943185e-06 9.4830938905943185e-06 9.4830938905943185e-06 9.4830938905943185e-06 9.4830938905943185e-06 9.4830938905943185e-06 9.4830938905943185e-06 9.4830938905943185e-06 9.4830938905943185e-06 9.4830938905943185e-06 9.4830938905943185e-06 9.4830938905943185e-06 9.4830938905943185e-06 9.4830938905943185e-06 9.4830938905943185e-06 9.4830938905943185e-06 9.4830938905943185e-06 9.4830938905943185e-06 9.4830938905943185e-06 9.4830938905943185e-06
9.4830938905943185e-06 9.4830938905943185e-06 9.4830938905943185e-06 9.4830938905943185e-06 9.4830938905943185e-06 9.4830938905943185e-06 9.4830938905943185e-06 9.4830938905943185e-06 9.4830938905943185e-06 9.4830938905943185e-06 9.4830938905943185e-06 9.4830938905943185e-06 9.4830938905943185e-06 9.4830938905943185e-06 9.4830938905943185e-06 9.4830938905943185e-06 9.4830938905943185e-06 9.4830938905943185e-06 9.4830938905943185e-06 9.4830938905943185e-06 9.4830938905943185e-06 9.4830938905943185e-06 9.4830938905943185e-06 9.4830938905943185e-06 9.4830938905943185e-06 9.4830938905943185e-06 9.4792249001329765e-06 8.6399859355879016e-06 8.2884740550071001e-05 0.00069527473533526063 0.0021594061981886625 0.062386564910411835 0.058475412428379059 0.003086727112531662 0.00091671606060117483 6.6444423282518983e-05 8.6838372226338834e-06 9.4796569101163186e-06 9.4830938905943185e-06 9.4830938905943185e-06 9.4830938905943185e-06 9.4830938905943185e-06 9.4830938905943185e-06 9.4830938905943185e-06 9.4830938905943185e-06 9.4830938905943185e-06 9.4830938905943185e-06 9.4830938905943185e-06 9.4830938905943185e-06 9.4830938905943185e-06 9.4830938905943185e-06 9.4830938905943185e-06 9.4830938905943185e-06 9.4830938905943185e-06 9.4830938905943185e-06 9.4830938905943185e-06 9.4830938905943185e-06 9.4830938905943185e-06 9.4830938905943185e-06 9.4830938905943185e-06 9.4830938905943185e-06 9.4830938905943185e-06 9.4830938905943185e-06 9.4830938905943185e-06
9.4830938905943185e-06 9.4830938905943185e-06 9.4830938905943185e-06 9.4830938905943185e-06 9.4830938905943185e-06 9.4830938905943185e-06 9.4830938905943185e-06 9.4830938905943185e-06 9.4830938905943185e-06 9.4830938905943185e-06 9.4830938905943185e-06 9.4830938905943185e-06 9.4830938905943185e-06 9.4830938905943185e-06 9.4830938905943185e-06 9.4830938905943185e-06 9.4830938905943185e-06 9.4830938905943185e-06 9.4830938905943185e-06 9.4830938905943185e-06 9.4830938905943185e-06 9.4830938905943185e-06 9.4830938905943185e-06 9.4830938905943185e-06 9.4830938905943185e-06 9.4830938905943185e-06 9.4830938905943185e-06 9.4827164502930827e-06 9.2601940195891075e-06 7.7226859502843581e-06 7.3754863478825428e-06 5.0017861212836578e-05 4.1236293327528983e-05 7.6484593591885641e-06 7.9429455581703223e-06 9.2623367891064845e-06 9.4827164502930827e-06 9.4830938905943185e-06 9.4830938905943185e-06 9.4830938905943185e-06 9.4830938905943185e-06 9.4830938905943185e-06 9.4830938905943185e-06 9.4830938905943185e-06 9.4830938905943185e-06 9.4830938905943185e-06 9.4830938905943185e-06 9.4830938905943185e-06 9.4830938905943185e-06 9.4830938905943185e-06 9.4830938905943185e-06 9.4830938905943185e-06 9.4830938905943185e-06 9.4830938905943185e-06 9.4830938905943185e-06 9.4830938905943185e-06 9.4830938905943185e-06 9.4830938905943185e-06 9.4830938905943185e-06 9.4830938905943185e-06 9.4830938905943185e-06 9.4830938905943185e-06 9.4830938905943185e-06 9.4830938905943185e-06
9.4830938905943185e-06 9.4830938905943185e-06 9.4830938905943185e-06 9.4830938905943185e-06 9.4830938905943185e-06 9.4830938905943185e-06 9.4830938905943185e-06 9.4830938905943185e-06 9.4830938905943185e-06 9.4830938905943185e-06 9.4830938905943185e-06 9.4830938905943185e-06 9.4830938905943185e-06 9.4830938905943185e-06 9.4830938905943185e-06 9.4830938905943185e-06 9.4830938905943185e-06 9.4830938905943185e-06 9.4830938905943185e-06 9.4830938905943185e-06 9.4830938905943185e-06 9.4830938905943185e-06 9.4830938905943185e-06 9.4830938905943185e-06 9.4830938905943185e-06 9.4830938905943185e-06 9.4830938905943185e-06 9.4830938905943185e-06 9.4830784291843884e-06 9.4779397841193713e-06 9.3562684924108908e-06 9.2128966571181081e-06 9.1826905190828256e-06 9.3624730652663857e-06 9.4777915364829823e-06 9.4830784291843884e-06 9.4830938905943185e-06 9.4830938905943185e-06 9.4830938905943185e-06 9.4830938905943185e-06 9.4830938905943185e-06 9.4830938905943185e-06 9.4830938905943185e-06 9.4830938905943185e-06 9.4830938905943185e-06 9.4830938905943185e-06 9.4830938905943185e-06 9.4830938905943185e-06 9.4830938905943185e-06 9.4830938905943185e-06 9.4830938905943185e-06 9.4830938905943185e-06 9.4830938905943185e-06 9.4830938905943185e-06 9.4830938905943185e-06 9.4830938905943185e-06 9.4830938905943185e-06 9.4830938905943185e-06 9.4830938905943185e-06 9.4830938905943185e-06 9.4830938905943185e-06 9.4830938905943185e-06 9.4830938905943185e-06 9.4830938905943185e-06
9.4830938905943185e-06 9.4830938905943185e-06 9.4830938905943185e-06 9.4830938905943185e-06 9.4830938905943185e-06 9.4830938905943185e-06 9.4830938905943185e-06 9.4830938905943185e-06 9.4830938905943185e-06 9.4830938905943185e-06 9.4830938905943185e-06 9.4830938905943185e-06 9.4830938905943185e-06 9.4830938905943185e-06 9.4830938905943185e-06 9.4830938905943185e-06 9.4830938905943185e-06 9.4830938905943185e-06 9.4830938905943185e-06 9.4830938905943185e-06 9.4830938905943185e-06 9.4830938905943185e-06 9.4830938905943185e-06 9.4830938905943185e-06 9.4830938905943185e-06 9.4830938905943185e-06 9.4830938905943185e-06 9.4830938905943185e-06 9.4830938905943185e-06 9.4830938905943185e-06 9.4830875241314061e-06 9.4830656962585635e-06 9.483055691816844e-06 9.4830884336261079e-06 9.4830938905943185e-06 9.4830938905943185e-06 9.4830938905943185e-06 9.4830938905943185e-06 9.4830938905943185e-06 9.4830938905943185e-06 9.4830938905943185e-06 9.4830938905943185e-06 9.4830938905943185e-06 9.4830938905943185e-06 9.4830938905943185e-06 9.4830938905943185e-06 9.4830938905943185e-06 9.4830938905943185e-06 9.4830938905943185e-06 9.4830938905943185e-06 9.4830938905943185e-06 9.4830938905943185e-06 9.4830938905943185e-06 9.4830938905943185e-06 9.4830938905943185e-06 9.4830938905943185e-06 9.4830938905943185e-06 9.4830938905943185e-06 9.4830938905943185e-06 9.4830938905943185e-06 9.4830938905943185e-06 9.4830938905943185e-06 9.4830938905943185e-06 9.4830938905943185e-06
9.4830938905943185e-06 9.4830938905943185e-06 9.4830938905943185e-06 9.4830938905943185e-06 9.4830938905943185e-06 9.4830938905943185e-06 9.4830938905943185e-06 9.4830938905943185e-06 9.4830938905943185e-06 9.4830938905943185e-06 9.4830938905943185e-06 9.4830938905943185e-06 9.4830938905943185e-06 9.4830938905943185e-06 9.4830938905943185e-06 9.4830938905943185e-06 9.4830938905943185e-06 9.4830938905943185e-06 9.4830938905943185e-06 9.4830938905943185e-06 9.4830938905943185e-06 9.4830938905943185e-06 9.4830938905943185e-06 9.4830938905943185e-06 9.4830938905943185e-06 9.4830938905943185e-06 9.4830938905943185e-06 9.4830938905943185e-06 9.4830938905943185e-06 9.4830938905943185e-06 9.4830938905943185e-06 9.4830938905943185e-06 9.4830938905943185e-06 9.4830938905943185e-06 9.4830938905943185e-06 9.4830938905943185e-06 9.4830938905943185e-06 9.4830938905943185e-06 9.4830938905943185e-06 9.4830938905943185e-06 9.4830938905943185e-06 9.4830938905943185e-06 9.4830938905943185e-06 9.4830938905943185e-06 9.4830938905943185e-06 9.4830938905943185e-06 9.4830938905943185e-06 9.4830938905943185e-06 9.4830938905943185e-06 9.4830938905943185e-06 9.4830938905943185e-06 9.4830938905943185e-06 9.4830938905943185e-06 9.4830938905943185e-06 9.4830938905943185e-06 9.4830938905943185e-06 9.4830938905943185e-06 9.4830938905943185e-06 9.4830938905943185e-06 9.4830938905943185e-06 9.4830938905943185e-06 9.4830938905943185e-06 9.4830938905943185e-06 9.4830938905943185e-06
9.4830938905943185e-06 9.4830938905943185e-06 9.4830938905943185e-06 9.4830938905943185e-06 9.4830938905943185e-06 9.4830938905943185e-06 9.4830938905943185e-06 9.4830938905943185e-06 9.4830938905943185e-06 9.4830938905943185e-06 9.4830938905943185e-06 9.4830938905943185e-06 9.4830938905943185e-06 9.4830938905943185e-06 9.4830938905943185e-06 9.4830938905943185e-06 9.4830938905943185e-06 9.4830938905943185e-06 9.4830938905943185e-06 9.4830938905943185e-06 9.4830938905943185e-06 9.4830938905943185e-06 9.4830938905943185e-06 9.4830938905943185e-06 9.4830938905943185e-06 9.4830938905943185e-06 9.4830938905943185e-06 9.4830938905943185e-06 9.4830938905943185e-06 9.4830938905943185e-06 9.4830938905943185e-06 9.4830938905943185e-06 9.4830938905943185e-06 9.4830938905943185e-06 9.4830938905943185e-06 9.4830938905943185e-06 9.4830938905943185e-06 9.4830938905943185e-06 9.4830938905943185e-06 9.4830938905943185e-06 9.4830938905943185e-06 9.4830938905943185e-06 9.4830938905943185e-06 9.4830938905943185e-06 9.4830938905943185e-06 9.4830938905943185e-06 9.4830938905943185e-06 9.4830938905943185e-06 9.4830938905943185e-06 9.4830938905943185e-06 9.4830938905943185e-06 9.4830938905943185e-06 9.4830938905943185e-06 9.4830938905943185e-06 9.4830938905943185e-06 9.4830938905943185e-06 9.4830938905943185e-06 9.4830938905943185e-06 9.4830938905943185e-06 9.4830938905943185e-06 9.4830938905943185e-06 9.4830938905943185e-06 9.4830938905943185e-06 9.4830938905943185e-06
9.4830938905943185e-06 9.4830938905943185e-06 9.4830938905943185e-06 9.4830938905943185e-06 9.4830938905943185e-06 9.4830938905943185e-06 9.4830938905943185e-06 9.4830938905943185e-06 9.4830938905943185e-06 9.4830938905943185e-06 9.4830938905943185e-06 9.4830938905943185e-06 9.4830938905943185e-06 9.4830938905943185e-06 9.4830938905943185e-06 9.4830938905943185e-06 9.4830938905943185e-06 9.4830938905943185e-06 9.4830938905943185e-06 9.4830938905943185e-06 9.4830938905943185e-06 9.4830938905943185e-06 9.4830938905943185e-06 9.4830938905943185e-06 9.4830938905943185e-06 9.4830938905943185e-06 9.4830938905943185e-06 9.4830938905943185e-06 9.4830938905943185e-06 9.4830938905943185e-06 9.4830938905943185e-06 9.4830938905943185e-06 9.4830938905943185e-06 9.4830938905943185e-06 9.4830938905943185e-06 9.4830938905943185e-06 9.4830938905943185e-06 9.4830938905943185e-06 9.4830938905943185e-06 9.4830938905943185e-06 9.4830938905943185e-06 9.4830938905943185e-06 9.4830938905943185e-06 9.4830938905943185e-06 9.4830938905943185e-06 9.4830938905943185e-06 9.4830938905943185e-06 9.4830938905943185e-06 9.4830938905943185e-06 9.4830938905943185e-06 9.4830938905943185e-06 9.4830938905943185e-06 9.4830938905943185e-06 9.4830938905943185e-06 9.4830938905943185e-06 9.4830938905943185e-06 9.4830938905943185e-06 9.4830938905943185e-06 9.4830938905943185e-06 9.4830938905943185e-06 9.4830938905943185e-06 9.4830938905943185e-06 9.4830938905943185e-06 9.4830938905943185e-06
9.4830938905943185e-06 9.4830938905943185e-06 9.4830938905943185e-06 9.4830938905943185e-06 9.4830938905943185e-06 9.4830938905943185e-06 9.4830938905943185e-06 9.4830938905943185e-06 9.4830938905943185e-06 9.4830938905943185e-06 9.4830938905943185e-06 9.4830938905943185e-06 9.4830938905943185e-06 9.4830938905943185e-06 9.4830938905943185e-06 9.4830938905943185e-06 9.4830938905943185e-06 9.4830938905943185e-06 9.4830938905943185e-06 9.4830938905943185e-06 9.4830938905943185e-06 9.4830938905943185e-06 9.4830938905943185e-06 9.4830938905943185e-06 9.4830938905943185e-06 9.4830938905943185e-06 9.4830938905943185e-06 9.4830938905943185e-06 9.4830938905943185e-06 9.4830938905943185e-06 9.4830938905943185e-06 9.4830938905943185e-06 9.4830938905943185e-06 9.4830938905943185e-06 9.4830938905943185e-06 9.4830938905943185e-06 9.4830938905943185e-06 9.4830938905943185e-06 9.4830938905943185e-06 9.4830938905943185e-06 9.4830938905943185e-06 9.4830938905943185e-06 9.4830938905943185e-06 9.4830938905943185e-06 9.4830938905943185e-06 9.4830938905943185e-06 9.4830938905943185e-06 9.4830938905943185e-06 9.4830938905943185e-06 9.4830938905943185e-06 9.4830938905943185e-06 9.4830938905943185e-06 9.4830938905943185e-06 9.4830938905943185e-06 9.4830938905943185e-06 9.4830938905943185e-06 9.4830938905943185e-06 9.4830938905943185e-06 9.4830938905943185e-06 9.4830938905943185e-06 9.4830938905943185e-06 9.4830938905943185e-06 9.4830938905943185e-06 9.4830938905943185e-06
9.4830938905943185e-06 9.4830938905943185e-06 9.4830938905943185e-06 9.4830938905943185e-06 9.4830938905943185e-06 9.4830938905943185e-06 9.4830938905943185e-06 9.4830938905943185e-06 9.4830938905943185e-06 9.4830938905943185e-06 9.4830938905943185e-06 9.4830938905943185e-06 9.4830938905943185e-06 9.4830938905943185e-06 9.4830938905943185e-06 9.4830938905943185e-06 9.4830938905943185e-06 9.4830938905943185e-06 9.4830938905943185e-06 9.4830938905943185e-06 9.4830938905943185e-06 9.4830938905943185e-06 9.4830938905943185e-06 9.4830938905943185e-06 9.4830938905943185e-06 9.4830938905943185e-06 9.4830938905943185e-06 9.4830938905943185e-06 9.4830938905943185e-06 9.4830938905943185e-06 9.4830938905943185e-06 9.4830938905943185e-06 9.4830938905943185e-06 9.4830938905943185e-06 9.4830938905943185e-06 9.4830938905943185e-06 9.4830938905943185e-06 9.4830938905943185e-06 9.4830938905943185e-06 9.4830938905943185e-06 9.4830938905943185e-06 9.4830938905943185e-06 9.4830938905943185e-06 9.4830938905943185e-06 9.4830938905943185e-06 9.4830938905943185e-06 9.4830938905943185e-06 9.4830938905943185e-06 9.4830938905943185e-06 9.4830938905943185e-06 9.4830938905943185e-06 9.4830938905943185e-06 9.4830938905943185e-06 9.4830938905943185e-06 9.4830938905943185e-06 9.4830938905943185e-06 9.4830938905943185e-06 9.4830938905943185e-06 9.4830938905943185e-06 9.4830938905943185e-06 9.4830938905943185e-06 9.4830938905943185e-06 9.4830938905943185e-06 9.4830938905943185e-06
9.4830938905943185e-06 9.4830938905943185e-06 9.4830938905943185e-06 9.4830938905943185e-06 9.4830938905943185e-06 9.4830938905943185e-06 9.4830938905943185e-06 9.4830938905943185e-06 9.4830938905943185e-06 9.4830938905943185e-06 9.4830938905943185e-06 9.4830938905943185e-06 9.4830938905943185e-06 9.4830938905943185e-06 9.4830938905943185e-06 9.4830938905943185e-06 9.4830938905943185e-06 9.4830938905943185e-06 9.4830938905943185e-06 9.4830938905943185e-06 9.4830938905943185e-06 9.4830938905943185e-06 9.4830938905943185e-06 9.4830938905943185e-06 9.4830938905943185e-06 9.4830938905943185e-06 9.4830938905943185e-06 9.4830938905943185e-06 9.4830938905943185e-06 9.4830938905943185e-06 9.4830938905943185e-06 9.4830938905943185e-06 9.4830938905943185e-06 9.4830938905943185e-06 9.4830938905943185e-06 9.4830938905943185e-06 9.4830938905943185e-06 9.4830938905943185e-06 9.4830938905943185e-06 9.4830938905943185e-06 9.4830938905943185e-06 9.4830938905943185e-06 9.4830938905943185e-06 9.4830938905943185e-06 9.4830938905943185e-06 9.4830938905943185e-06 9.4830938905943185e-06 9.4830938905943185e-06 9.4830938905943185e-06 9.4830938905943185e-06 9.4830938905943185e-06 9.4830938905943185e-06 9.4830938905943185e-06 9.4830938905943185e-06 9.4830938905943185e-06 9.4830938905943185e-06 9.4830938905943185e-06 9.4830938905943185e-06 9.4830938905943185e-06 9.4830938905943185e-06 9.4830938905943185e-06 9.4830938905943185e-06 9.4830938905943185e-06 9.4830938905943185e-06
9.4830938905943185e-06 9.4830938905943185e-06 9.4830938905943185e-06 9.4830938905943185e-06 9.4830938905943185e-06 9.4830938905943185e-06 9.4830938905943185e-06 9.4830938905943185e-06 9.4830938905943185e-06 9.4830938905943185e-06 9.4830938905943185e-06 9.4830938905943185e-06 9.4830938905943185e-06 9.4830938905943185e-06 9.4830938905943185e-06 9.4830938905943185e-06 9.4830938905943185e-06 9.4830938905943185e-06 9.4830938905943185e-06 9.4830938905943185e-06 9.4830938905943185e-06 9.4830938905943185e-06 9.4830938905943185e-06 9.4830938905943185e-06 9.4830938905943185e-06 9.4830938905943185e-06 9.4830938905943185e-06 9.4830938905943185e-06 9.4830938905943185e-06 9.4830938905943185e-06 9.4830938905943185e-06 9.4830938905943185e-06 9.4830938905943185e-06 9.4830938905943185e-06 9.4830938905943185e-06 9.4830938905943185e-06 9.4830938905943185e-06 9.4830938905943185e-06 9.4830938905943185e-06 9.4830938905943185e-06 9.4830938905943185e-06 9.4830938905943185e-06 9.4830938905943185e-06 9.4830938905943185e-06 9.4830938905943185e-06 9.4830938905943185e-06 9.4830938905943185e-06 9.4830938905943185e-06 9.4830938905943185e-06 9.4830938905943185e-06 9.4830938905943185e-06 9.4830938905943185e-06 9.4830938905943185e-06 9.4830938905943185e-06 9.4830938905943185e-06 9.4830938905943185e-06 9.4830938905943185e-06 9.4830938905943185e-06 9.4830938905943185e-06 9.4830938905943185e-06 9.4830938905943185e-06 9.4830938905943185e-06 9.4830938905943185e-06 9.4830938905943185e-06
9.4830938905943185e-06 9.4830938905943185e-06 9.4830938905943185e-06 9.4830938905943185e-06 9.4830938905943185e-06 9.4830938905943185e-06 9.4830938905943185e-06 9.4830938905943185e-06 9.4830938905943185e-06 9.4830938905943185e-06 9.4830938905943185e-06 9.4830938905943185e-06 9.4830938905943185e-06 9.4830938905943185e-06 9.4830938905943185e-06 9.4830938905943185e-06 9.4830938905943185e-06 9.4830938905943185e-06 9.4830938905943185e-06 9.4830938905943185e-06 9.4830938905943185e-06 9.4830938905943185e-06 9.4830938905943185e-06 9.4830938905943185e-06 9.4830938905943185e-06 9.4830938905943185e-06 9.4830938905943185e-06 9.4830938905943185e-06 9.4830938905943185e-06 9.4830938905943185e-06 9.4830938905943185e-06 9.4830938905943185e-06 9.4830938905943185e-06 9.4830938905943185e-06 9.4830938905943185e-06 9.4830938905943185e-06 9.4830938905943185e-06 9.4830938905943185e-06 9.4830938905943185e-06 9.4830938905943185e-06 9.4830938905943185e-06 9.4830938905943185e-06 9.4830938905943185e-06 9.4830938905943185e-06 9.4830938905943185e-06 9.4830938905943185e-06 9.4830938905943185e-06 9.4830938905943185e-06 9.4830938905943185e-06 9.4830938905943185e-06 9.4830938905943185e-06 9.4830938905943185e-06 9.4830938905943185e-06 9.4830938905943185e-06 9.4830938905943185e-06 9.4830938905943185e-06 9.4830938905943185e-06 9.4830938905943185e-06 9.4830938905943185e-06 9.4830938905943185e-06 9.4830938905943185e-06 9.4830938905943185e-06 9.4830938905943185e-06 9.4830938905943185e-06
9.4830938905943185e-06 9.4830938905943185e-06 9.4830938905943185e-06 9.4830938905943185e-06 9.4830938905943185e-06 9.4830938905943185e-06 9.4830938905943185e-06 9.4830938905943185e-06 9.4830938905943185e-06 9.4830938905943185e-06 9.4830938905943185e-06 9.4830938905943185e-06 9.4830938905943185e-06 9.4830938905943185e-06 9.4830938905943185e-06 9.4830938905943185e-06 9.4830938905943185e-06 9.4830938905943185e-06 9.4830938905943185e-06 9.4830938905943185e-06 9.4830938905943185e-06 9.4830938905943185e-06 9.4830938905943185e-06 9.4830938905943185e-06 9.4830938905943185e-06 9.4830938905943185e-06 9.4830938905943185e-06 9.4830938905943185e-06 9.4830938905943185e-06 9.4830938905943185e-06 9.4830938905943185e-06 9.4830938905943185e-06 9.4830938905943185e-06 9.4830938905943185e-06 9.4830938905943185e-06 9.4830938905943185e-06 9.4830938905943185e-06 9.4830938905943185e-06 9.4830938905943185e-06 9.4830938905943185e-06 9.4830938905943185e-06 9.4830938905943185e-06 9.4830938905943185e-06 9.4830938905943185e-06 9.4830938905943185e-06 9.4830938905943185e-06 9.4830938905943185e-06 9.4830938905943185e-06 9.4830938905943185e-06 9.4830938905943185e-06 9.4830938905943185e-06 9.4830938905943185e-06 9.4830938905943185e-06 9.4830938905943185e-06 9.4830938905943185e-06 9.4830938905943185e-06 9.4830938905943185e-06 9.4830938905943185e-06 9.4830938905943185e-06 9.4830938905943185e-06 9.4830938905943185e-06 9.4830938905943185e-06 9.4830938905943185e-06 9.4830938905943185e-06
9.4830938905943185e-06 9.4830938905943185e-06 9.4830938905943185e-06 9.4830938905943185e-06 9.4830938905943185e-06 9.4830938905943185e-06 9.4830938905943185e-06 9.4830938905943185e-06 9.4830938905943185e-06 9.4830938905943185e-06 9.4830938905943185e-06 9.4830938905943185e-06 9.4830938905943185e-06 9.4830938905943185e-06 9.4830938905943185e-06 9.4830938905943185e-06 9.4830938905943185e-06 9.4830938905943185e-06 9.4830938905943185e-06 9.4830938905943185e-06 9.4830938905943185e-06 9.4830938905943185e-06 9.4830938905943185e-06 9.4830938905943185e-06 9.4830938905943185e-06 9.4830938905943185e-06 9.4830938905943185e-06 9.4830938905943185e-06 9.4830938905943185e-06 9.4830938905943185e-06 9.4830938905943185e-06 9.4830938905943185e-06 9.4830938905943185e-06 9.4830938905943185e-06 9.4830938905943185e-06 9.4830938905943185e-06 9.4830938905943185e-06 9.4830938905943185e-06 9.4830938905943185e-06 9.4830938905943185e-06 9.4830938905943185e-06 9.4830938905943185e-06 9.4830938905943185e-06 9.4830938905943185e-06 9.4830938905943185e-06 9.4830938905943185e-06 9.4830938905943185e-06 9.4830938905943185e-06 9.4830938905943185e-06 9.4830938905943185e-06 9.4830938905943185e-06 9.4830938905943185e-06 9.4830938905943185e-06 9.4830938905943185e-06 9.4830938905943185e-06 9.4830938905943185e-06 9.4830938905943185e-06 9.4830938905943185e-06 9.4830938905943185e-06 9.4830938905943185e-06 9.4830938905943185e-06 9.4830938905943185e-06 9.4830938905943185e-06 9.4830938905943185e-06
9.4830938905943185e-06 9.4830938905943185e-06 9.4830938905943185e-06 9.4830938905943185e-06 9.4830938905943185e-06 9.4830938905943185e-06 9.4830938905943185e-06 9.4830938905943185e-06 9.4830938905943185e-06 9.4830938905943185e-06 9.4830938905943185e-06 9.4830938905943185e-06 9.4830938905943185e-06 9.4830938905943185e-06 9.4830938905943185e-06 9.4830938905943185e-06 9.4830938905943185e-06 9.4830938905943185e-06 9.4830938905943185e-06 9.4830938905943185e-06 9.4830938905943185e-06 9.4830938905943185e-06 9.4830938905943185e-06 9.4830938905943185e-06 9.4830938905943185e-06 9.4830938905943185e-06 9.4830938905943185e-06 9.4830938905943185e-06 9.4830938905943185e-06 9.4830938905943185e-06 9.4830938905943185e-06 9.4830938905943185e-06 9.4830938905943185e-06 9.4830938905943185e-06 9.4830938905943185e-06 9.4830938905943185e-06 9.4830938905943185e-06 9.4830938905943185e-06 9.4830938905943185e-06 9.4830938905943185e-06 9.4830938905943185e-06 9.4830938905943185e-06 9.4830938905943185e-06 9.4830938905943185e-06 9.4830938905943185e-06 9.4830938905943185e-06 9.4830938905943185e-06 9.4830938905943185e-06 9.4830938905943185e-06 9.4830938905943185e-06 9.4830938905943185e-06 9.4830938905943185e-06 9.4830938905943185e-06 9.4830938905943185e-06 9.4830938905943185e-06 9.4830938905943185e-06 9.4830938905943185e-06 9.4830938905943185e-06 9.4830938905943185e-06 9.4830938905943185e-06 9.4830938905943185e-06 9.4830938905943185e-06 9.4830938905943185e-06 9.4830938905943185e-06
9.4830938905943185e-06 9.4830938905943185e-06 9.4830938905943185e-06 9.4830938905943185e-06 9.4830938905943185e-06 9.4830938905943185e-06 9.4830938905943185e-06 9.4830938905943185e-06 9.4830938905943185e-06 9.4830938905943185e-06 9.4830938905943185e-06 9.4830938905943185e-06 9.4830938905943185e-06 9.4830938905943185e-06 9.4830938905943185e-06 9.4830938905943185e-06 9.4830938905943185e-06 9.4830938905943185e-06 9.4830938905943185e-06 9.4830938905943185e-06 9.4830938905943185e-06 9.4830938905943185e-06 9.4830938905943185e-06 9.4830938905943185e-06 9.4830938905943185e-06 9.4830938905943185e-06 9.4830938905943185e-06 9.4830938905943185e-06 9.4830938905943185e-06 9.4830938905943185e-06 9.4830938905943185e-06 9.4830938905943185e-06 9.4830938905943185e-06 9.4830938905943185e-06 9.4830938905943185e-06 9.4830938905943185e-06 9.4830938905943185e-06 9.4830938905943185e-06 9.4830938905943185e-06 9.4830938905943185e-06 9.4830938905943185e-06 9.4830938905943185e-06 9.4830938905943185e-06 9.4830938905943185e-06 9.4830938905943185e-06 9.4830938905943185e-06 9.4830938905943185e-06 9.4830938905943185e-06 9.4830938905943185e-06 9.4830938905943185e-06 9.4830938905943185e-06 9.4830938905943185e-06 9.4830938905943185e-06 9.4830938905943185e-06 9.4830938905943185e-06 9.4830938905943185e-06 9.4830938905943185e-06 9.4830938905943185e-06 9.4830938905943185e-06 9.4830938905943185e-06 9.4830938905943185e-06 9.4830938905943185e-06 9.4830938905943185e-06 9.4830938905943185e-06
9.4830938905943185e-06 9.4830938905943185e-06 9.4830938905943185e-06 9.4830938905943185e-06 9.4830938905943185e-06 9.4830938905943185e-06 9.4830938905943185e-06 9.4830938905943185e-06 9.4830938905943185e-06 9.4830938905943185e-06 9.4830938905943185e-06 9.4830938905943185e-06 9.4830938905943185e-06 9.4830938905943185e-06 9.4830938905943185e-06 9.4830938905943185e-06 9.4830938905943185e-06 9.4830938905943185e-06 9.4830938905943185e-06 9.4830938905943185e-06 9.4830938905943185e-06 9.4830938905943185e-06 9.4830938905943185e-06 9.4830938905943185e-06 9.4830938905943185e-06 9.4830938905943185e-06 9.4830938905943185e-06 9.4830938905943185e-06 9.4830938905943185e-06 9.4830938905943185e-06 9.4830938905943185e-06 9.4830938905943185e-06 9.4830938905943185e-06 9.4830938905943185e-06 9.4830938905943185e-06 9.4830938905943185e-06 9.4830938905943185e-06 9.4830938905943185e-06 9.4830938905943185e-06 9.4830938905943185e-06 9.4830938905943185e-06 9.4830938905943185e-06 9.4830938905943185e-06 9.4830938905943185e-06 9.4830938905943185e-06 9.4830938905943185e-06 9.4830938905943185e-06 9.4830938905943185e-06 9.4830938905943185e-06 9.4830938905943185e-06 9.4830938905943185e-06 9.4830938905943185e-06 9.4830938905943185e-06 9.4830938905943185e-06 9.4830938905943185e-06 9.4830938905943185e-06 9.4830938905943185e-06 9.4830938905943185e-06 9.4830938905943185e-06 9.4830938905943185e-06 9.4830938905943185e-06 9.4830938905943185e-06 9.4830938905943185e-06 9.4830938905943185e-06
9.4830938905943185e-06 9.4830938905943185e-06 9.4830938905943185e-06 9.4830938905943185e-06 9.4830938905943185e-06 9.4830938905943185e-06 9.4830938905943185e-06 9.4830938905943185e-06 9.4830938905943185e-06 9.4830938905943185e-06 9.4830938905943185e-06 9.4830938905943185e-06 9.4830938905943185e-06 9.4830938905943185e-06 9.4830938905943185e-06 9.4830938905943185e-06 9.4830938905943185e-06 9.4830938905943185e-06 9.4830938905943185e-06 9.4830938905943185e-06 9.4830938905943185e-06 9.4830938905943185e-06 9.4830938905943185e-06 9.4830938905943185e-06 9.4830938905943185e-06 9.4830938905943185e-06 9.4830938905943185e-06 9.4830938905943185e-06 9.4830938905943185e-06 9.4830938905943185e-06 9.4830938905943185e-06 9.4830938905943185e-06 9.4830938905943185e-06 9.4830938905943185e-06 9.4830938905943185e-06 9.4830938905943185e-06 9.4830938905943185e-06 9.4830938905943185e-06 9.4830938905943185e-06 9.4830938905943185e-06 9.4830938905943185e-06 9.4830938905943185e-06 9.4830938905943185e-06 9.4830938905943185e-06 9.4830938905943185e-06 9.4830938905943185e-06 9.4830938905943185e-06 9.4830938905943185e-06 9.4830938905943185e-06 9.4830938905943185e-06 9.4830938905943185e-06 9.4830938905943185e-06 9.4830938905943185e-06 9.4830938905943185e-06 9.4830938905943185e-06 9.4830938905943185e-06 9.4830938905943185e-06 9.4830938905943185e-06 9.4830938905943185e-06 9.4830938905943185e-06 9.4830938905943185e-06 9.4830938905943185e-06 9.4830938905943185e-06 9.4830938905943185e-06
9.4830938905943185e-06 9.4830938905943185e-06 9.4830938905943185e-06 9.4830938905943185e-06 9.4830938905943185e-06 9.4830938905943185e-06 9.4830938905943185e-06 9.4830938905943185e-06 9.4830938905943185e-06 9.4830938905943185e-06 9.4830938905943185e-06 9.4830938905943185e-06 9.4830938905943185e-06 9.4830938905943185e-06 9.4830938905943185e-06 9.4830938905943185e-06 9.4830938905943185e-06 9.4830938905943185e-06 9.4830938905943185e-06 9.4830938905943185e-06 9.4830938905943185e-06 9.4830938905943185e-06 9.4830938905943185e-06 9.4830938905943185e-06 9.4830938905943185e-06 9.4830938905943185e-06 9.4830938905943185e-06 9.4830938905943185e-06 9.4830938905943185e-06 9.4830938905943185e-06 9.4830938905943185e-06 9.4830938905943185e-06 9.4830938905943185e-06 9.4830938905943185e-06 9.4830938905943185e-06 9.4830938905943185e-06 9.4830938905943185e-06 9.4830938905943185e-06 9.4830938905943185e-06 9.4830938905943185e-06 9.4830938905943185e-06 9.4830938905943185e-06 9.4830938905943185e-06 9.4830938905943185e-06 9.4830938905943185e-06 9.4830938905943185e-06 9.4830938905943185e-06 9.4830938905943185e-06 9.4830938905943185e-06 9.4830938905943185e-06 9.4830938905943185e-06 9.4830938905943185e-06 9.4830938905943185e-06 9.4830938905943185e-06 9.4830938905943185e-06 9.4830938905943185e-06 9.4830938905943185e-06 9.4830938905943185e-06 9.4830938905943185e-06 9.4830938905943185e-06 9.4830938905943185e-06 9.4830938905943185e-06 9.4830938905943185e-06 9.4830938905943185e-06
9.4830938905943185e-06 9.4830938905943185e-06 9.4830938905943185e-06 9.4830938905943185e-06 9.4830938905943185e-06 9.4830938905943185e-06 9.4830938905943185e-06 9.4830938905943185e-06 9.4830938905943185e-06 9.4830938905943185e-06 9.4830938905943185e-06 9.4830938905943185e-06 9.4830938905943185e-06 9.4830938905943185e-06 9.4830938905943185e-06 9.4830938905943185e-06 9.4830938905943185e-06 9.4830938905943185e-06 9.4830938905943185e-06 9.4830938905943185e-06 9.4830938905943185e-06 9.4830938905943185e-06 9.4830938905943185e-06 9.4830938905943185e-06 9.4830938905943185e-06 9.4830938905943185e-06 9.4830938905943185e-06 9.4830938905943185e-06 9.4830938905943185e-06 9.4830938905943185e-06 9.4830938905943185e-06 9.4830938905943185e-06 9.4830938905943185e-06 9.4830938905943185e-06 9.4830938905943185e-06 9.4830938905943185e-06 9.4830938905943185e-06 9.4830938905943185e-06 9.4830938905943185e-06 9.4830938905943185e-06 9.4830938905943185e-06 9.4830938905943185e-06 9.4830938905943185e-06 9.4830938905943185e-06 9.4830938905943185e-06 9.4830938905943185e-06 9.4830938905943185e-06 9.4830938905943185e-06 9.4830938905943185e-06 9.4830938905943185e-06 9.4830938905943185e-06 9.4830938905943185e-06 9.4830938905943185e-06 9.4830938905943185e-06 9.4830938905943185e-06 9.4830938905943185e-06 9.4830938905943185e-06 9.4830938905943185e-06 9.4830938905943185e-06 9.4830938905943185e-06 9.4830938905943185e-06 9.4830938905943185e-06 9.4830938905943185e-06 9.4830938905943185e-06
9.4830938905943185e-06 9.4830938905943185e-06 9.4830938905943185e-06 9.4830938905943185e-06 9.4830938905943185e-06 9.4830938905943185e-06 9.4830938905943185e-06 9.4830938905943185e-06 9.4830938905943185e-06 9.4830938905943185e-06 9.4830938905943185e-06 9.4830938905943185e-06 9.4830938905943185e-06 9.4830938905943185e-06 9.4830938905943185e-06 9.4830938905943185e-06 9.4830938905943185e-06 9.4830938905943185e-06 9.4830938905943185e-06 9.4830938905943185e-06 9.4830938905943185e-06 9.4830938905943185e-06 9.4830938905943185e-06 9.4830938905943185e-06 9.4830938905943185e-06 9.4830938905943185e-06 9.4830938905943185e-06 9.4830938905943185e-06 9.4830938905943185e-06 9.4830938905943185e-06 9.4830938905943185e-06 9.4830938905943185e-06 9.4830938905943185e-06 9.4830938905943185e-06 9.4830938905943185e-06 9.4830938905943185e-06 9.4830938905943185e-06 9.4830938905943185e-06 9.4830938905943185e-06 9.4830938905943185e-06 9.4830938905943185e-06 9.4830938905943185e-06 9.4830938905943185e-06 9.4830938905943185e-06 9.4830938905943185e-06 9.4830938905943185e-06 9.4830938905943185e-06 9.4830938905943185e-06 9.4830938905943185e-06 9.4830938905943185e-06 9.4830938905943185e-06 9.4830938905943185e-06 9.4830938905943185e-06 9.4830938905943185e-06 9.4830938905943185e-06 9.4830938905943185e-06 9.4830938905943185e-06 9.4830938905943185e-06 9.4830938905943185e-06 9.4830938905943185e-06 9.4830938905943185e-06 9.4830938905943185e-06 9.4830938905943185e-06 9.4830938905943185e-06
9.4830938905943185e-06 9.4830938905943185e-06 9.4830938905943185e-06 9.4830938905943185e-06 9.4830938905943185e-06 9.4830938905943185e-06 9.4830938905943185e-06 9.4830938905943185e-06 9.4830938905943185e-06 9.4830938905943185e-06 9.4830938905943185e-06 9.4830938905943185e-06 9.4830938905943185e-06 9.4830938905943185e-06 9.4830938905943185e-06 9.4830938905943185e-06 9.4830938905943185e-06 9.4830938905943185e-06 9.4830938905943185e-06 9.4830938905943185e-06 9.4830938905943185e-06 9.4830938905943185e-06 9.4830938905943185e-06 9.4830938905943185e-06 9.4830938905943185e-06 9.4830938905943185e-06 9.4830938905943185e-06 9.4830938905943185e-06 9.4830938905943185e-06 9.4830938905943185e-06 9.4830938905943185e-06 9.4830938905943185e-06 9.4830938905943185e-06 9.4830938905943185e-06 9.4830938905943185e-06 9.4830938905943185e-06 9.4830938905943185e-06 9.4830938905943185e-06 9.4830938905943185e-06 9.4830938905943185e-06 9.4830938905943185e-06 9.4830938905943185e-06 9.4830938905943185e-06 9.4830938905943185e-06 9.4830938905943185e-06 9.4830938905943185e-06 9.4830938905943185e-06 9.4830938905943185e-06 9.4830938905943185e-06 9.4830938905943185e-06 9.4830938905943185e-06 9.4830938905943185e-06 9.4830938905943185e-06 9.4830938905943185e-06 9.4830938905943185e-06 9.4830938905943185e-06 9.4830938905943185e-06 9.4830938905943185e-06 9.4830938905943185e-06 9.4830938905943185e-06 9.4830938905943185e-06 9.4830938905943185e-06 9.4830938905943185e-06 9.4830938905943185e-06
9.4830938905943185e-06 9.4830938905943185e-06 9.4830938905943185e-06 9.4830938905943185e-06 9.4830938905943185e-06 9.4830938905943185e-06 9.4830938905943185e-06 9.4830938905943185e-06 9.4830938905943185e-06 9.4830938905943185e-06 9.4830938905943185e-06 9.4830938905943185e-06 9.4830938905943185e-06 9.4830938905943185e-06 9.4830938905943185e-06 9.4830938905943185e-06 9.4830938905943185e-06 9.4830938905943185e-06 9.4830938905943185e-06 9.4830938905943185e-06 9.4830938905943185e-06 9.4830938905943185e-06 9.4830938905943185e-06 9.4830938905943185e-06 9.4830938905943185e-06 9.4830938905943185e-06 9.4830938905943185e-06 9.4830938905943185e-06 9.4830938905943185e-06 9.4830938905943185e-06 9.4830938905943185e-06 9.4830938905943185e-06 9.4830938905943185e-06 9.4830938905943185e-06 9.4830938905943185e-06 9.4830938905943185e-06 9.4830938905943185e-06 9.4830938905943185e-06 9.4830938905943185e-06 9.4830938905943185e-06 9.4830938905943185e-06 9.4830938905943185e-06 9.4830938905943185e-06 9.4830938905943185e-06 9.4830938905943185e-06 9.4830938905943185e-06 9.4830938905943185e-06 9.4830938905943185e-06 9.4830938905943185e-06 9.4830938905943185e-06 9.4830938905943185e-06 9.4830938905943185e-06 9.4830938905943185e-06 9.4830938905943185e-06 9.4830938905943185e-06 9.4830938905943185e-06 9.4830938905943185e-06 9.4830938905943185e-06 9.4830938905943185e-06 9.4830938905943185e-06 9.4830938905943185e-06 9.4830938905943185e-06 9.4830938905943185e-06 9.4830938905943185e-06
9.4830938905943185e-06 9.4830938905943185e-06 9.4830938905943185e-06 9.4830938905943185e-06 9.4830938905943185e-06 9.4830938905943185e-06 9.4830938905943185e-06 9.4830938905943185e-06 9.4830938905943185e-06 9.4830938905943185e-06 9.4830938905943185e-06 9.4830938905943185e-06 9.4830938905943185e-06 9.4830938905943185e-06 9.4830938905943185e-06 9.4830938905943185e-06 9.4830938905943185e-06 9.4830938905943185e-06 9.4830938905943185e-06 9.4830938905943185e-06 9.4830938905943185e-06 9.4830938905943185e-06 9.4830938905943185e-06 9.4830938905943185e-06 9.4830938905943185e-06 9.4830938905943185e-06 9.4830938905943185e-06 9.4830938905943185e-06 9.4830938905943185e-06 9.4830938905943185e-06 9.4830938905943185e-06 9.4830938905943185e-06 9.4830938905943185e-06 9.4830938905943185e-06 9.4830938905943185e-06 9.4830938905943185e-06 9.4830938905943185e-06 9.4830938905943185e-06 9.4830938905943185e-06 9.4830938905943185e-06 9.4830938905943185e-06 9.4830938905943185e-06 9.4830938905943185e-06 9.4830938905943185e-06 9.4830938905943185e-06 9.4830938905943185e-06 9.4830938905943185e-06 9.4830938905943185e-06 9.4830938905943185e-06 9.4830938905943185e-06 9.4830938905943185e-06 9.4830938905943185e-06 9.4830938905943185e-06 9.4830938905943185e-06 9.4830938905943185e-06 9.4830938905943185e-06 9.4830938905943185e-06 9.4830938905943185e-06 9.4830938905943185e-06 9.4830938905943185e-06 9.4830938905943185e-06 9.4830938905943185e-06 9.4830938905943185e-06 9.4830938905943185e-06
@ time_2 
0.60461175441741943
@ nh_2 64 64
100 100 100 100 100 100 100 100 100 100 100 100 100 100 100 100 100 100 100 100 100 100 100 100 100 100 100 100 100 100 100 100 100 100 100 100 100 100 100 100 100 100 100 100 100 100 100 100 100 100 100 100 100 100 100 100 100 100 100 100 100 100 100 100
100 100 100 100 100 100 100 100 100 100 100 100 100 100 100 100 100 100 100 100 100 100 100 100 100 100 100 100 100 100 100 100 100 100 100 100 100 100 100 100 100 100 100 100 100 100 100 100 100 100 100 100 100 100 100 100 100 100 100 100 100 100 100 100
100 100 100 100 100 100 100 100 100 100 100 100 100 100 100 100 100 100 100 100 100 100 100 100 100 100 100 100 100 100 100 100 100 100 100 100 100 100 100 100 100 100 100 100 100 100 100 100 100 100 100 100 100 100 100 100 100 100 100 100 100 100 100 100
100 100 100 100 100 100 100 100 100 100 100 100 100 100 100 100 100 100 100 100 100 100 100 100 100 100 100 100 100 100 100 100 100 100 100 100 100 100 100 100 100 100 100 100 100 100 100 100 100 100 100 100 100 100 100 100 100 100 100 100 100 100 100 100
100 100 100 100 100 100 100 100 100 100 100 100 100 100 100 100 100 100 100 100 100 100 100 100 100 100 100 100 100 100 100 100 100 100 100 100 100 100 100 100 100 100 100 100 100 100 100 100 100 100 100 100 100 100 100 100 100 100 100 100 100 100 100 100
100 100 100 100 100 100 100 100 100 100 100 100 100 100 100 100 100 100 100 100 100 100 100 100 100 100 100 100 100 100 100 100 100 100 100 100 100 100 100 100 100 100 100 100 100 100 100 100 100 100 100 100 100 100 100 100 100 100 100 100 100 100 100 100
100 100 100 100 100 100 100 100 100 100 100 100 100 100 100 100 100 100 100 100 100 100 100 100 100 100 100 100 100 100 100 100 100 100 100 100 100 100 100 100 100 100 100 100 100 100 100 100 100 100 100 100 100 100 100 100 100 100 100 100 100 100 100 100
100 100 100 100 100 100 100 100 100 100 100 100 100 100 100 100 100 100 100 100 100 100 100 100 100 100 100 100 100 100 100 100 100 100 100 100 100 100 100 100 100 100 100 100 100 100 100 100 100 100 100 100 100 100 100 100 100 100 100 100 100 100 100 100
100 100 100 100 100 100 100 100 100 100 100 100 100 100 100 100 100 100 100 100 100 100 100 100 100 100 100 100 100 100 100 100 100 100 100 100 100 100 100 100 100 100 100 100 100 100 100 100 100 100 100 100 100 100 100 100 100 100 100 100 100 100 100 100
100 100 100 100 100 100 100 100 100 100 100 100 100 100 100 100 100 100 100 100 100 100 100 100 100 100 100 100 100 100 100 100 100 100 100 100 100 100 100 100 100 100 100 100 100 100 100 100 100 100 100 100 100 100 100 100 100 100 100 100 100 100 100 100
100 100 100 100 100 100 100 100 100 100 100 100 100 100 100 100 100 100 100 100 100 100 100 100 100 100 100 100 100 100 100 100 100 100 100 100 100 100 100 100 100 100 100 100 100 100 100 100 100 100 100 100 100 100 100 100 100 100 100 100 100 100 100 100
100 100 100 100 100 100 100 100 100 100 100 100 100 100 100 100 100 100 100 100 100 100 100 100 100 100 100 100 100 100 100 100 100 100 100 100 100 100 100 100 100 100 100 100 100 100 100 100 100 100 100 100 100 100 100 100 100 100 100 100 100 100 100 100
100 100 100 100 100 100 100 100 100 100 100 100 100 100 100 100 100 100 100 100 100 100 100 100 100 100 100 100 100 100 100 100 100 100 100 100 100 100 100 100 100 100 100 100 100 100 100 100 100 100 100 100 100 100 100 100 100 100 100 100 100 100 100 100
100 100 100 100 100 100 100 100 100 100 100 100 100 100 100 100 100 100 100 100 100 100 100 100 100 100 100 100 100 100 100 100 100 100 100 100 100 100 100 100 100 100 100 100 100 100 100 100 100 100 100 100 100 100 100 100 100 100 100 100 100 100 100 100
100 100 100 100 100 100 100 100 100 100 100 100 100 100 100 100 100 100 100 100 100 100 100 100 100 100 100 100 100 100 100 100 100 100 100 100 100 100 100 100 100 100 100 100 100 100 100 100 100 100 100 100 100 100 100 100 100 100 100 100 100 100 100 100
100 100 100 100 100 100 100 100 100 100 100 100 100 100 100 100 100 100 100 100 100 100 100 100 100 100 100 100 100 100 100 100 100 100 100 100 100 100 100 100 100 100 100 100 100 100 100 100 100 100 100 100 100 100 100 100 100 100 100 100 100 100 100 100
100 100 100 100 100 100 100 100 100 100 100 100 100 100 100 100 100 100 100 100 100 100 100 100 100 100 100 100 100 100 100 100 100 100 100 100 100 100 100 100 100 100 100 100 100 100 100 100 100 100 100 100 100 100 100 100 100 100 100 100 100 100 100 100
100 100 100 100 100 100 100 100 100 100 100 100 100 100 100 100 100 100 100 100 100 100 100 100 100 100 100 100 100.00001089913505 100.0015367780413 100.01459394182478 100.02757481166296 100.03047398158483 100.0152805873326 100.00136239188059 100.00001089913505 100 100 100 100 100 100 100 100 100 100 100 100 100 100 100 100 100 100 100 100 100 100 100 100 100 100 100 100
100 100 100 100 100 100 100 100 100 100 100 100 100 100 100 100 100 100 100 100 100 100 100 100 100 100 100.00001089913505 100.00774928501674 100.40386744907924 106.05343409946987 116.64578029087612 121.42096383231028 122.72222246442523 116.96857997349331 105.70734296526228 100.41082109723773 100.00745500837054 100.00001089913505 100 100 100 100 100 100 100 100 100 100 100 100 100 100 100 100 100 100 100 100 100 100 100 100 100 100
100 100 100 100 100 100 100 100 100 100 100 100 100 100 100 100 100 100 100 100 100 100 100 100 100 100.00023978097099 100.24550301688059 114.02592250279018 168.37124415806363 237.90952410016743 268.59935215541299 265.16834803989957 275.00647408621654 270.79722813197549 233.97282191685269 168.35830688476562 113.87791224888393 100.24222237723215 100.0002179827009 100 100 100 100 100 100 100 100 100 100 100 100 100 100 100 100 100 100 100 100 100 100 100 100 100
100 100 100 100 100 100 100 100 100 100 100 100 100 100 100 100 100 100 100 100 100 100 100 100 100.00245230538505 102.62196132114956 160.72217668805806 269.36514718191967 273.87052263532365 207.960205078125 144.23397609165738 111.42195565359934 118.49484034946987 146.76272800990515 203.67298671177457 270.02042497907365 267.44966779436385 160.31559535435269 102.5722394670759 100.00235421316965 100 100 100 100 100 100 100 100 100 100 100 100 100 100 100 100 100 100 100 100 100 100 100 100
100 100 100 100 100 100 100 100 100 100 100 100 100 100 100 100 100 100 100 100 100 100 100 100.0078364780971 108.83086068289622 239.77497645786832 304.30363246372769 153.39100428989957 49.994779314313618 25.716797964913507 19.832598822457452 18.507610048566548 18.671361378261022 19.906749725341797 25.243255070277623 48.021447317940854 148.72506277901786 298.64879063197549 237.72371564592635 108.85350908551898 100.00768389020648 100 100 100 100 100 100 100 100 100 100 100 100 100 100 100 100 100 100 100 100 100 100 100
100 100 100 100 100 100 100 100 100 100 100 100 100 100 100 100 100 100 100 100 100 100 100.01246861049108 114.68211582728796 282.20306396484375 279.32196480887279 61.988214765276233 17.575577327183314 17.46194703238351 18.275372641427179 18.403275353567942 18.2419981275286 18.434743881225586 18.486318588256836 18.235995428902765 17.451086044311523 17.580679484776088 59.209153311593198 273.61805507114957 280.54175240652904 114.60423060825893 100.01223972865515 100 100 100 100 100 100 100 100 100 100 100 100 100 100 100 100 100 100 100 100 100 100
100 100 100 100 100 100 100 100 100 100 100 100 100 100 100 100 100 100 100 100 100 100.00779288155692 114.61502075195314 304.44085257393976 234.14746965680806 31.188354492187504 17.622894559587753 18.231285640171595 18.074160984584264 18.345955439976283 18.597140993390767 18.627935137067524 18.743550436837335 18.59809058053153 18.331094469342915 18.056994846888951 18.14616884504046 17.733862740652903 30.403093610491073 228.05642264229911 302.03970772879467 114.71532549176898 100.00770568847656 100 100 100 100 100 100 100 100 100 100 100 100 100 100 100 100 100 100 100 100 100
100 100 100 100 100 100 100 100 100 100 100 100 100 100 100 100 100 100 100 100 100.00231061662947 108.70281764439174 281.57237461635049 233.63606044224332 25.389575958251953 18.823066438947407 18.076963424682617 18.658579417637416 18.79734992980957 18.858262470790319 18.965098517281671 19.042698996407648 19.18893677847726 19.014911651611328 18.8407530103411 18.731049128941127 18.587771824428014 18.043719700404576 18.844693047659739 24.729527064732146 229.01415143694197 281.63931710379467 108.91820635114398 100.00236511230469 100 100 100 100 100 100 100 100 100 100 100 100 100 100 100 100 100 100 100 100
100 100 100 100 100 100 100 100 100 100 100 100 100 100 100 100 100 100 100 100.00020708356585 102.51743861607143 238.28558785574779 276.80718558175226 31.398773193359379 18.738302503313339 18.190078735351562 18.720711299351283 18.901312691824778 19.240333012172155 19.611225128173828 19.826789583478657 19.979581832885742 20.107496806553435 19.932490757533483 19.57136562892369 19.20342309134347 18.849691663469589 18.630593163626536 18.215035029820033 18.933974674769811 30.720195770263675 275.85359845842635 237.82876150948661 102.48056684221541 100.00020708356585 100 100 100 100 100 100 100 100 100 100 100 100 100 100 100 100 100 100 100
100 100 100 100 100 100 100 100 100 100 100 100 100 100 100 100 100 100 100.00001089913505 100.25153023856028 161.19586399623327 302.79209681919644 60.592150006975452 17.574430193219868 18.010308401925226 18.694868087768555 19.10203116280692 19.394587108067103 19.877985545567103 20.53921972002302 21.168075289045063 21.483249664306641 21.577790124075754 21.206502914428711 20.543037142072407 19.893159866333008 19.355757577078684 19.067880085536412 18.659118924822128 18.052049364362446 17.79738289969308 59.367681230817524 294.34060232979914 157.4966539655413 100.218505859375 100.00001089913505 100 100 100 100 100 100 100 100 100 100 100 100 100 100 100 100 100 100
100 100 100 100 100 100 100 100 100 100 100 100 100 100 100 100 100 100 100.0075422014509 113.83341108049666 266.71953473772322 149.27909851074219 17.484017780848912 18.140820094517299 18.624815259660995 18.915991101946151 19.394867760794504 20.05637986319406 20.946058545793807 21.89797810145787 22.907624925885884 23.482998439243865 23.570096152169366 22.952812739780974 21.941815784999303 20.925054550170898 20.035547528948104 19.339914321899414 18.891529355730331 18.63935879298619 18.130302429199219 17.348683220999582 144.01878356933594 264.44771902901789 113.70274135044643 100.00732421875 100 100 100 100 100 100 100 100 100 100 100 100 100 100 100 100 100 100
100 100 100 100 100 100 100 100 100 100 100 100 100 100 100 100 100 100.0000217982701 100.45055934361049 170.65167018345426 270.55934361049111 47.623078482491636 17.519636154174805 18.053524834769114 18.778806413922993 19.224758148193359 19.92377417428153 20.935934611729216 22.157986504690989 23.620360238211497 25.126604352678573 26.140651702880859 26.198376246861052 25.174707685198104 23.66304125104632 22.185442788260325 20.9153379712786 19.892381940569198 19.239027840750559 18.789667401994979 18.034665243966241 17.281505039760045 49.797009059361052 273.76746041434154 168.67598397391185 100.40774754115515 100.00001089913505 100 100 100 100 100 100 100 100 100 100 100 100 100 100 100 100 100
100 100 100 100 100 100 100 100 100 100 100 100 100 100 100 100 100 100.00150408063617 106.00090026855469 236.87142508370536 206.88738141741072 25.746890476771764 18.254228319440571 18.336234773908345 18.861966814313618 19.615253720964706 20.559729167393279 21.903577532087056 23.617812565394811 25.641141619001118 27.674980163574219 28.88281958443778 28.916677747453964 27.708846500941686 25.698236737932479 23.652079445975168 21.916535241263254 20.599031448364258 19.581163951328822 18.865251541137695 18.325539997645787 18.198069163731166 26.046823774065292 208.8244846888951 236.28816877092635 105.82354954310827 100.00141688755581 100 100 100 100 100 100 100 100 100 100 100 100 100 100 100 100 100
100 100 100 100 100 100 100 100 100 100 100 100 100 100 100 100 100 100.01567295619421 117.2287314278739 270.28230939592635 143.18416050502233 19.917922701154438 18.459232875279017 18.576530729021346 19.001930781773158 19.885857445853098 21.162297385079523 22.9205322265625 25.145356314522882 27.698072705950057 30.194342476981028 31.671913691929412 31.678030831473215 30.202290671212335 27.727473122732981 25.170653206961497 22.923049926757812 21.169895444597518 19.874696731567383 18.965015411376953 18.563093457903182 18.453032629830499 20.14272281101772 153.16864013671875 272.63892037527904 116.67037963867189 100.01449584960938 100 100 100 100 100 100 100 100 100 100 100 100 100 100 100 100 100
100 100 100 100 100 100 100 100 100 100 100 100 100 100 100 100 100 100.03118242536273 122.73296901157924 273.1170654296875 117.96612330845424 18.727299826485773 18.454529898507257 18.7416866847447 19.058181217738561 20.018629346575057 21.540415627615793 23.52714811052595 26.170842306954523 28.922726767403741 31.679998125348774 34.152025495256702 34.150349753243582 31.687444959368026 28.924127306256977 26.173251015799387 23.52954319545201 21.52505329677037 20.036351340157648 19.091884068080358 18.810683659144811 18.513495581490655 18.861502238682338 126.97149004255023 280.23433140345986 123.40152195521765 100.03311157226562 100 100 100 100 100 100 100 100 100 100 100 100 100 100 100 100 100
100 100 100 100 100 100 100 100 100 100 100 100 100 100 100 100 100 100.0340815952846 123.65243094308036 281.71349661690851 127.92337690080916 18.876368658883234 18.518246241978236 18.747376033238002 19.088217871529718 20.053505216326034 21.561881474086217 23.58201163155692 26.21009009225028 28.92892292567662 31.675169808523997 34.154739379882812 34.159205300467356 31.686812809535436 28.929486955915181 26.175945826939177 23.526510511125839 21.516204561506001 20.0223936353411 19.173966816493444 18.740874699183873 18.410610471452987 18.679248264857701 121.18196759905135 276.08248029436385 122.9928697858538 100.03216334751674 100 100 100 100 100 100 100 100 100 100 100 100 100 100 100 100 100
100 100 100 100 100 100 100 100 100 100 100 100 100 100 100 100 100 100.0149645124163 116.92381722586497 275.19319806780135 156.58976963588171 20.367056982857843 18.505815778459823 18.647768838065012 19.020137786865234 19.945211410522461 21.215968813214985 22.947226933070592 25.183124542236328 27.714928218296599 30.200413295200896 31.676507677350727 31.666861942836217 30.206481388636998 27.69648143223354 25.121541704450337 22.887605939592635 21.136083602905273 19.861760820661274 18.968629837036133 18.610211781093053 18.537874221801758 20.143752779279438 151.52420043945312 271.15737915039062 116.49606977190291 100.01428876604353 100 100 100 100 100 100 100 100 100 100 100 100 100 100 100 100 100
100 100 100 100 100 100 100 100 100 100 100 100 100 100 100 100 100 100.00142778669085 105.86236136300224 236.45032610212056 208.48506382533483 26.366479056222101 18.198443821498326 18.338384628295898 18.853109904697963 19.582233428955078 20.579538345336914 21.923418045043945 23.652692522321431 25.712522779192245 27.715778350830078 28.915756770542693 28.889269147600448 27.672500610351562 25.644528525216241 23.591414860316686 21.886035374232701 20.490544182913645 19.546995162963867 18.88861383710589 18.379245485578267 18.272451673235214 26.180670601981028 209.51381138392858 235.85222516741072 105.68067278180804 100.00134059361049 100 100 100 100 100 100 100 100 100 100 100 100 100 100 100 100 100
100 100 100 100 100 100 100 100 100 100 100 100 100 100 100 100 100 100.00001089913505 100.39952959333148 167.59571620396207 269.77913992745539 48.898053850446431 17.379418781825475 18.018375124250142 18.800787244524276 19.176946367536274 19.842175074986049 20.937188012259348 22.222037996564595 23.662071228027344 25.186732155936106 26.194349016462056 26.169286455426899 25.119675227573943 23.58405249459403 22.176513671875 20.917697634015767 19.834060668945312 19.233739035470148 18.793926239013672 18.052046639578684 17.316355024065292 51.561159406389514 276.52260916573664 169.02772086007255 100.40889195033483 100.00001089913505 100 100 100 100 100 100 100 100 100 100 100 100 100 100 100 100 100
100 100 100 100 100 100 100 100 100 100 100 100 100 100 100 100 100 100 100.00748770577567 113.79488263811385 268.7848118373326 153.41788155691964 17.668861661638534 18.179089682442804 18.602132797241211 18.839684895106725 19.354985100882395 20.117665699550084 20.949858256748747 21.965024130684991 22.964888981410436 23.560156141008651 23.547504970005583 22.904881068638396 21.894193376813618 20.902402060372491 20.154944828578405 19.429449353899276 18.911140986851283 18.641913277762278 18.142573492867609 17.305280140468053 152.29944501604353 271.53771536690851 114.68380519321987 100.0088827950614 100 100 100 100 100 100 100 100 100 100 100 100 100 100 100 100 100 100
100 100 100 100 100 100 100 100 100 100 100 100 100 100 100 100 100 100 100.00001089913505 100.25327410016742 161.71245029994421 303.32342965262279 60.453213282993865 17.707553591047017 18.095568248203822 18.643369674682617 19.057585852486749 19.403054373604913 19.887110846383234 20.605527332850865 21.202660969325475 21.568975448608398 21.592315946306503 21.219359806605748 20.518444606236052 19.835165568760463 19.376888275146484 19.135253088814874 18.76502173287528 18.112681252615793 17.546314511980331 63.286710466657368 303.00733293805803 159.53786577497212 100.23328508649554 100.00001089913505 100 100 100 100 100 100 100 100 100 100 100 100 100 100 100 100 100 100
100 100 100 100 100 100 100 100 100 100 100 100 100 100 100 100 100 100 100 100.00023978097099 102.6629856654576 238.71697562081474 274.96069771902904 30.44674737112863 18.848261151994979 18.150212424142023 18.657039914812362 18.84312084742955 19.240296227591379 19.637433460780553 19.880940573556085 20.087558201381139 20.062341690063477 19.882835660661971 19.569178989955358 19.201972143990655 18.840607234409877 18.661014011928014 18.233130318777903 18.889289583478657 31.489026205880304 282.15185982840404 240.77684674944197 102.59776524135046 100.00022888183594 100 100 100 100 100 100 100 100 100 100 100 100 100 100 100 100 100 100 100
100 100 100 100 100 100 100 100 100 100 100 100 100 100 100 100 100 100 100 100 100.00247410365515 108.88530186244421 281.2091282435826 230.9228733607701 24.994771139962335 18.81051880972726 18.033764702933176 18.588217326572963 18.800074713570734 18.878894533429829 18.951718466622491 19.127804892403741 19.150292532784601 19.052662168230331 18.808736801147461 18.778013501848495 18.579203741891046 17.973255429949081 18.764159338814874 25.944810594831196 238.37759835379467 282.60807582310269 108.73837062290737 100.00236511230469 100 100 100 100 100 100 100 100 100 100 100 100 100 100 100 100 100 100 100 100
100 100 100 100 100 100 100 100 100 100 100 100 100 100 100 100 100 100 100 100 100 100.00792367117747 114.81546674455916 303.83281162806924 232.16474260602681 31.335596357073104 17.536950792585102 18.140772410801478 18.009095873151509 18.307763508387975 18.597457068307062 18.713854381016322 18.763271059308735 18.646000453404017 18.326771599905832 18.060851778302876 18.127555847167969 17.505658013480051 32.125707353864399 238.69240897042411 306.51698521205361 114.55614362444197 100.00767299107143 100 100 100 100 100 100 100 100 100 100 100 100 100 100 100 100 100 100 100 100 100
100 100 100 100 100 100 100 100 100 100 100 100 100 100 100 100 100 100 100 100 100 100 100.01291547502791 114.86373901367189 283.06067330496654 281.8408421107701 63.651373726981028 17.350443431309291 17.25514956883022 18.236250196184432 18.507092339651926 18.40853009905134 18.401963370186945 18.515945162091938 18.284673690795898 17.403452736990793 17.426150185721262 62.445564270019538 281.75569806780135 282.67244611467635 114.62162562779018 100.01240321568081 100 100 100 100 100 100 100 100 100 100 100 100 100 100 100 100 100 100 100 100 100 100
100 100 100 100 100 100 100 100 100 100 100 100 100 100 100 100 100 100 100 100 100 100 100 100.00821794782367 109.11139351981028 242.1728733607701 304.45580618722101 152.68234252929688 52.236197335379465 26.687504904610773 20.179414749145508 18.724001475742885 18.62555231366839 20.013871874128071 25.916407448904856 50.30997685023717 153.02852085658483 303.93818446568082 238.01709856305806 108.54937962123327 100.00761849539622 100 100 100 100 100 100 100 100 100 100 100 100 100 100 100 100 100 100 100 100 100 100 100
100 100 100 100 100 100 100 100 100 100 100 100 100 100 100 100 100 100 100 100 100 100 100 100 100.00255039760046 102.70579746791296 160.28149196079801 270.07311139787947 279.68218122209822 215.15980311802457 153.25747898646765 120.30272347586497 121.93192618233817 150.76472691127233 207.99654279436385 274.23812866210938 270.56355067661832 159.95934622628349 102.4725341796875 100.00223432268416 100 100 100 100 100 100 100 100 100 100 100 100 100 100 100 100 100 100 100 100 100 100 100 100
100 100 100 100 100 100 100 100 100 100 100 100 100 100 100 100 100 100 100 100 100 100 100 100 100 100.00025068010603 100.24495806012835 114.28705487932478 169.31255885532926 238.7060764857701 273.33088466099332 275.12039184570312 278.14790998186385 271.25961303710938 237.14510236467635 169.31486947195873 114.33215550013952 100.23970467703684 100.0002179827009 100 100 100 100 100 100 100 100 100 100 100 100 100 100 100 100 100 100 100 100 100 100 100 100 100
100 100 100 100 100 100 100 100 100 100 100 100 100 100 100 100 100 100 100 100 100 100 100 100 100 100 100.00001089913505 100.00830514090403 100.41013445172992 105.77830723353796 116.64659772600447 123.11700003487724 123.51098196847099 116.70750209263393 105.97878592354911 100.42018345424108 100.00823974609375 100.00001089913505 100 100 100 100 100 100 100 100 100 100 100 100 100 100 100 100 100 100 100 100 100 100 100 100 100 100
100 100 100 100 100 100 100 100 100 100 100 100 100 100 100 100 100 100 100 100 100 100 100 100 100 100 100 100 100.00001089913505 100.00136239188059 100.01417977469309 100.03290448869978 100.0339072091239 100.01465933663505 100.00148228236608 100.00001089913505 100 100 100 100 100 100 100 100 100 100 100 100 100 100 100 100 100 100 100 100 100 100 100 100 100 100 100 100
100 100 100 100 100 100 100 100 100 100 100 100 100 100 100 100 100 100 100 100 100 100 100 100 100 100 100 100 100 100 100 100 100 100 100 100 100 100 100 100 100 100 100 100 100 100 100 100 100 100 100 100 100 100 100 100 100 100 100 100 100 100 100 100
100 100 100 100 100 100 100 100 100 100 100 100 100 100 100 100 100 100 100 100 100 100 100 100 100 100 100 100 100 100 100 100 100 100 100 100 100 100 100 100 100 100 100 100 100 100 100 100 100 100 100 100 100 100 100 100 100 100 100 100 100 100 100 100
100 100 100 100 100 100 100 100 100 100 100 100 100 100 100 100 100 100 100 100 100 100 100 100 100 100 100 100 100 100 100 100 100 100 100 100 100 100 100 100 100 100 100 100 100 100 100 100 100 100 100 100 100 100 100 100 100 100 100 100 100 100 100 100
100 100 100 100 100 100 100 100 100 100 100 100 100 100 100 100 100 100 100 100 100 100 100 100 100 100 100 100 100 100 100 100 100 100 100 100 100 100 100 100 100 100 100 100 100 100 100 100 100 100 100 100 100 100 100 100 100 100 100 100 100 100 100 100
100 100 100 100 100 100 100 100 100 100 100 100 100 100 100 100 100 100 100 100 100 100 100 100 100 100 100 100 100 100 100 100 100 100 100 100 100 100 100 100 100 100 100 100 100 100 100 100 100 100 100 100 100 100 100 100 100 100 100 100 100 100 100 100
100 100 100 100 100 100 100 100 100 100 100 100 100 100 100 100 100 100 100 100 100 100 100 100 100 100 100 100 100 100 100 100 100 100 100 100 100 100 100 100 100 100 100 100 100 100 100 100 100 100 100 100 100 100 100 100 100 100 100 100 100 100 100 100
100 100 100 100 100 100 100 100 100 100 100 100 100 100 100 100 100 100 100 100 100 100 100 100 100 100 100 100 100 100 100 100 100 100 100 100 100 100 100 100 100 100 100 100 100 100 100 100 100 100 100 100 100 100 100 100 100 100 100 100 100 100 100 100
100 100 100 100 100 100 100 100 100 100 100 100 100 100 100 100 100 100 100 100 100 100 100 100 100 100 100 100 100 100 100 100 100 100 100 100 100 100 100 100 100 100 100 100 100 100 100 100 100 100 100 100 100 100 100 100 100 100 100 100 100 100 100 100
100 100 100 100 100 100 100 100 100 100 100 100 100 100 100 100 100 100 100 100 100 100 100 100 100 100 100 100 100 100 100 100 100 100 100 100 100 100 100 100 100 100 100 100 100 100 100 100 100 100 100 100 100 100 100 100 100 100 100 100 100 100 100 100
100 100 100 100 100 100 100 100 100 100 100 100 100 100 100 100 100 100 100 100 100 100 100 100 100 100 100 100 100 100 100 100 100 100 100 100 100 100 100 100 100 100 100 100 100 100 100 100 100 100 100 100 100 100 100 100 100 100 100 100 100 100 100 100
100 100 100 100 100 100 100 100 100 100 100 100 100 100 100 100 100 100 100 100 100 100 100 100 100 100 100 100 100 100 100 100 100 100 100 100 100 100 100 100 100 100 100 100 100 100 100 100 100 100 100 100 100 100 100 100 100 100 100 100 100 100 100 100
100 100 100 100 100 100 100 100 100 100 100 100 100 100 100 100 100 100 100 100 100 100 100 100 100 100 100 100 100 100 100 100 100 100 100 100 100 100 100 100 100 100 100 100 100 100 100 100 100 100 100 100 100 100 100 100 100 100 100 100 100 100 100 100
100 100 100 100 100 100 100 100 100 100 100 100 100 100 100 100 100 100 100 100 100 100 100 100 100 100 100 100 100 100 100 100 100 100 100 100 100 100 100 100 100 100 100 100 100 100 100 100 100 100 100 100 100 100 100 100 100 100 100 100 100 100 100 100
100 100 100 100 100 100 100 100 100 100 100 100 100 100 100 100 100 100 100 100 100 100 100 100 100 100 100 100 100 100 100 100 100 100 100 100 100 100 100 100 100 100 100 100 100 100 100 100 100 100 100 100 100 100 100 100 100 100 100 100 100 100 100 100
100 100 100 100 100 100 100 100 100 100 100 100 100 100 100 100 100 100 100 100 100 100 100 100 100 100 100 100 100 100 100 100 100 100 100 100 100 100 100 100 100 100 100 100 100 100 100 100 100 100 100 100 100 100 100 100 100 100 100 100 100 100 100 100
100 100 100 100 100 100 100 100 100 100 100 100 100 100 100 100 100 100 100 100 100 100 100 100 100 100 100 100 100 100 100 100 100 100 100 100 100 100 100 100 100 100 100 100 100 100 100 100 100 100 100 100 100 100 100 100 100 100 100 100 100 100 100 100
100 100 100 100 100 100 100 100 100 100 100 100 100 100 100 100 100 100 100 100 100 100 100 100 100 100 100 100 100 100 100 100 100 100 100 100 100 100 100 100 100 100 100 100 100 100 100 100 100 100 100 100 100 100 100 100 100 100 100 100 100 100 100 100
@ xhp_2 64 64
9.4830938905943185e-06 9.4830938905943185e-06 9.4830938905943185e-06 9.4830938905943185e-06 9.4830938905943185e-06 9.4830938905943185e-06 9.4830938905943185e-06 9.4830938905943185e-06 9.4830938905943185e-06 9.4830938905943185e-06 9.4830938905943185e-06 9.4830938905943185e-06 9.4830938905943185e-06 9.4830938905943185e-06 9.4830938905943185e-06 9.4830938905943185e-06 9.4830938905943185e-06 9.4830938905943185e-06 9.4830938905943185e-06 9.4830938905943185e-06 9.4830938905943185e-06 9.4830938905943185e-06 9.4830938905943185e-06 9.4830938905943185e-06 9.4830938905943185e-06 9.4830938905943185e-06 9.4830938905943185e-06 9.4830938905943185e-06 9.4830938905943185e-06 9.4830938905943185e-06 9.4830938905943185e-06 9.4830938905943185e-06 9.4830938905943185e-06 9.4830938905943185e-06 9.4830938905943185e-06 9.4830938905943185e-06 9.4830938905943185e-06 9.4830938905943185e-06 9.4830938905943185e-06 9.4830938905943185e-06 9.4830938905943185e-06 9.4830938905943185e-06 9.4830938905943185e-06 9.4830938905943185e-06 9.4830938905943185e-06 9.4830938905943185e-06 9.4830938905943185e-06 9.4830938905943185e-06 9.4830938905943185e-06 9.4830938905943185e-06 9.4830938905943185e-06 9.4830938905943185e-06 9.4830938905943185e-06 9.4830938905943185e-06 9.4830938905943185e-06 9.4830938905943185e-06 9.4830938905943185e-06 9.4830938905943185e-06 9.4830938905943185e-06 9.4830938905943185e-06 9.4830938905943185e-06 9.4830938905943185e-06 9.4830938905943185e-06 9.4830938905943185e-06
9.4830938905943185e-06 9.4830938905943185e-06 9.4830938905943185e-06 9.4830938905943185e-06 9.4830938905943185e-06 9.4830938905943185e-06 9.4830938905943185e-06 9.4830938905943185e-06 9.4830938905943185e-06 9.4830938905943185e-06 9.4830938905943185e-06 9.4830938905943185e-06 9.4830938905943185e-06 9.4830938905943185e-06 9.4830938905943185e-06 9.4830938905943185e-06 9.4830938905943185e-06 9.4830938905943185e-06 9.4830938905943185e-06 9.4830938905943185e-06 9.4830938905943185e-06 9.4830938905943185e-06 9.4830938905943185e-06 9.4830938905943185e-06 9.4830938905943185e-06 9.4830938905943185e-06 9.4830938905943185e-06 9.4830938905943185e-06 9.4830938905943185e-06 9.4830938905943185e-06 9.4830938905943185e-06 9.4830938905943185e-06 9.4830938905943185e-06 9.4830938905943185e-06 9.4830938905943185e-06 9.4830938905943185e-06 9.4830938905943185e-06 9.4830938905943185e-06 9.4830938905943185e-06 9.4830938905943185e-06 9.4830938905943185e-06 9.4830938905943185e-06 9.4830938905943185e-06 9.4830938905943185e-06 9.4830938905943185e-06 9.4830938905943185e-06 9.4830938905943185e-06 9.4830938905943185e-06 9.4830938905943185e-06 9.4830938905943185e-06 9.4830938905943185e-06 9.4830938905943185e-06 9.4830938905943185e-06 9.4830938905943185e-06 9.4830938905943185e-06 9.4830938905943185e-06 9.4830938905943185e-06 9.4830938905943185e-06 9.4830938905943185e-06 9.4830938905943185e-06 9.4830938905943185e-06 9.4830938905943185e-06 9.4830938905943185e-06 9.4830938905943185e-06
9.4830938905943185e-06 9.4830938905943185e-06 9.4830938905943185e-06 9.4830938905943185e-06 9.4830938905943185e-06 9.4830938905943185e-06 9.4830938905943185e-06 9.4830938905943185e-06 9.4830938905943185e-06 9.4830938905943185e-06 9.4830938905943185e-06 9.4830938905943185e-06 9.4830938905943185e-06 9.4830938905943185e-06 9.4830938905943185e-06 9.4830938905943185e-06 9.4830938905943185e-06 9.4830938905943185e-06 9.4830938905943185e-06 9.4830938905943185e-06 9.4830938905943185e-06 9.4830938905943185e-06 9.4830938905943185e-06 9.4830938905943185e-06 9.4830938905943185e-06 9.4830938905943185e-06 9.4830938905943185e-06 9.4830938905943185e-06 9.4830938905943185e-06 9.4830938905943185e-06 9.4830938905943185e-06 9.4830938905943185e-06 9.4830938905943185e-06 9.4830938905943185e-06 9.4830938905943185e-06 9.4830938905943185e-06 9.4830938905943185e-06 9.4830938905943185e-06 9.4830938905943185e-06 9.4830938905943185e-06 9.4830938905943185e-06 9.4830938905943185e-06 9.4830938905943185e-06 9.4830938905943185e-06 9.4830938905943185e-06 9.4830938905943185e-06 9.4830938905943185e-06 9.4830938905943185e-06 9.4830938905943185e-06 9.4830938905943185e-06 9.4830938905943185e-06 9.4830938905943185e-06 9.4830938905943185e-06 9.4830938905943185e-06 9.4830938905943185e-06 9.4830938905943185e-06 9.4830938905943185e-06 9.4830938905943185e-06 9.4830938905943185e-06 9.4830938905943185e-06 9.4830938905943185e-06 9.4830938905943185e-06 9.4830938905943185e-06 9.4830938905943185e-06
9.4830938905943185e-06 9.4830938905943185e-06 9.4830938905943185e-06 9.4830938905943185e-06 9.4830938905943185e-06 9.4830938905943185e-06 9.4830938905943185e-06 9.4830938905943185e-06 9.4830938905943185e-06 9.4830938905943185e-06 9.4830938905943185e-06 9.4830938905943185e-06 9.4830938905943185e-06 9.4830938905943185e-06 9.4830938905943185e-06 9.4830938905943185e-06 9.4830938905943185e-06 9.4830938905943185e-06 9.4830938905943185e-06 9.4830938905943185e-06 9.4830938905943185e-06 9.4830938905943185e-06 9.4830938905943185e-06 9.4830938905943185e-06 9.4830938905943185e-06 9.4830938905943185e-06 9.4830938905943185e-06 9.4830938905943185e-06 9.4830938905943185e-06 9.4830938905943185e-06 9.4830938905943185e-06 9.4830938905943185e-06 9.4830938905943185e-06 9.4830938905943185e-06 9.4830938905943185e-06 9.4830938905943185e-06 9.4830938905943185e-06 9.4830938905943185e-06 9.4830938905943185e-06 9.4830938905943185e-06 9.4830938905943185e-06 9.4830938905943185e-06 9.4830938905943185e-06 9.4830938905943185e-06 9.4830938905943185e-06 9.4830938905943185e-06 9.4830938905943185e-06 9.4830938905943185e-06 9.4830938905943185e-06 9.4830938905943185e-06 9.4830938905943185e-06 9.4830938905943185e-06 9.4830938905943185e-06 9.4830938905943185e-06 9.4830938905943185e-06 9.4830938905943185e-06 9.4830938905943185e-06 9.4830938905943185e-06 9.4830938905943185e-06 9.4830938905943185e-06 9.4830938905943185e-06 9.4830938905943185e-06 9.4830938905943185e-06 9.4830938905943185e-06
9.4830938905943185e-06 9.4830938905943185e-06 9.4830938905943185e-06 9.4830938905943185e-06 9.4830938905943185e-06 9.4830938905943185e-06 9.4830938905943185e-06 9.4830938905943185e-06 9.4830938905943185e-06 9.4830938905943185e-06 9.4830938905943185e-06 9.4830938905943185e-06 9.4830938905943185e-06 9.4830938905943185e-06 9.4830938905943185e-06 9.4830938905943185e-06 9.4830938905943185e-06 9.4830938905943185e-06 9.4830938905943185e-06 9.4830938905943185e-06 9.4830938905943185e-06 9.4830938905943185e-06 9.4830938905943185e-06 9.4830938905943185e-06 9.4830938905943185e-06 9.4830938905943185e-06 9.4830938905943185e-06 9.4830938905943185e-06 9.4830938905943185e-06 9.4830938905943185e-06 9.4830938905943185e-06 9.4830938905943185e-06 9.4830938905943185e-06 9.4830938905943185e-06 9.4830938905943185e-06 9.4830938905943185e-06 9.4830938905943185e-06 9.4830938905943185e-06 9.4830938905943185e-06 9.4830938905943185e-06 9.4830938905943185e-06 9.4830938905943185e-06 9.4830938905943185e-06 9.4830938905943185e-06 9.4830938905943185e-06 9.4830938905943185e-06 9.4830938905943185e-06 9.4830938905943185e-06 9.4830938905943185e-06 9.4830938905943185e-06 9.4830938905943185e-06 9.4830938905943185e-06 9.4830938905943185e-06 9.4830938905943185e-06 9.4830938905943185e-06 9.4830938905943185e-06 9.4830938905943185e-06 9.4830938905943185e-06 9.4830938905943185e-06 9.4830938905943185e-06 9.4830938905943185e-06 9.4830938905943185e-06 9.4830938905943185e-06 9.4830938905943185e-06
9.4830938905943185e-06 9.4830938905943185e-06 9.4830938905943185e-06 9.4830938905943185e-06 9.4830938905943185e-06 9.4830938905943185e-06 9.4830938905943185e-06 9.4830938905943185e-06 9.4830938905943185e-06 9.4830938905943185e-06 9.4830938905943185e-06 9.4830938905943185e-06 9.4830938905943185e-06 9.4830938905943185e-06 9.4830938905943185e-06 9.4830938905943185e-06 9.4830938905943185e-06 9.4830938905943185e-06 9.4830938905943185e-06 9.4830938905943185e-06 9.4830938905943185e-06 9.4830938905943185e-06 9.4830938905943185e-06 9.4830938905943185e-06 9.4830938905943185e-06 9.4830938905943185e-06 9.4830938905943185e-06 9.4830938905943185e-06 9.4830938905943185e-06 9.4830938905943185e-06 9.4830938905943185e-06 9.4830938905943185e-06 9.4830938905943185e-06 9.4830938905943185e-06 9.4830938905943185e-06 9.4830938905943185e-06 9.4830938905943185e-06 9.4830938905943185e-06 9.4830938905943185e-06 9.4830938905943185e-06 9.4830938905943185e-06 9.4830938905943185e-06 9.4830938905943185e-06 9.4830938905943185e-06 9.4830938905943185e-06 9.4830938905943185e-06 9.4830938905943185e-06 9.4830938905943185e-06 9.4830938905943185e-06 9.4830938905943185e-06 9.4830938905943185e-06 9.4830938905943185e-06 9.4830938905943185e-06 9.4830938905943185e-06 9.4830938905943185e-06 9.4830938905943185e-06 9.4830938905943185e-06 9.4830938905943185e-06 9.4830938905943185e-06 9.4830938905943185e-06 9.4830938905943185e-06 9.4830938905943185e-06 9.4830938905943185e-06 9.4830938905943185e-06
9.4830938905943185e-06 9.4830938905943185e-06 9.4830938905943185e-06 9.4830938905943185e-06 9.4830938905943185e-06 9.4830938905943185e-06 9.4830938905943185e-06 9.4830938905943185e-06 9.4830938905943185e-06 9.4830938905943185e-06 9.4830938905943185e-06 9.4830938905943185e-06 9.4830938905943185e-06 9.4830938905943185e-06 9.4830938905943185e-06 9.4830938905943185e-06 9.4830938905943185e-06 9.4830938905943185e-06 9.4830938905943185e-06 9.4830938905943185e-06 9.4830938905943185e-06 9.4830938905943185e-06 9.4830938905943185e-06 9.4830938905943185e-06 9.4830938905943185e-06 9.4830938905943185e-06 9.4830938905943185e-06 9.4830938905943185e-06 9.4830938905943185e-06 9.4830938905943185e-06 9.4830938905943185e-06 9.4830938905943185e-06 9.4830938905943185e-06 9.4830938905943185e-06 9.4830938905943185e-06 9.4830938905943185e-06 9.4830938905943185e-06 9.4830938905943185e-06 9.4830938905943185e-06 9.4830938905943185e-06 9.4830938905943185e-06 9.4830938905943185e-06 9.4830938905943185e-06 9.4830938905943185e-06 9.4830938905943185e-06 9.4830938905943185e-06 9.4830938905943185e-06 9.4830938905943185e-06 9.4830938905943185e-06 9.4830938905943185e-06 9.4830938905943185e-06 9.4830938905943185e-06 9.4830938905943185e-06 9.4830938905943185e-06 9.4830938905943185e-06 9.4830938905943185e-06 9.4830938905943185e-06 9.4830938905943185e-06 9.4830938905943185e-06 9.4830938905943185e-06 9.4830938905943185e-06 9.4830938905943185e-06 9.4830938905943185e-06 9.4830938905943185e-06
9.4830938905943185e-06 9.4830938905943185e-06 9.4830938905943185e-06 9.4830938905943185e-06 9.4830938905943185e-06 9.4830938905943185e-06 9.4830938905943185e-06 9.4830938905943185e-06 9.4830938905943185e-06 9.4830938905943185e-06 9.4830938905943185e-06 9.4830938905943185e-06 9.4830938905943185e-06 9.4830938905943185e-06 9.4830938905943185e-06 9.4830938905943185e-06 9.4830938905943185e-06 9.4830938905943185e-06 9.4830938905943185e-06 9.4830938905943185e-06 9.4830938905943185e-06 9.4830938905943185e-06 9.4830938905943185e-06 9.4830938905943185e-06 9.4830938905943185e-06 9.4830938905943185e-06 9.4830938905943185e-06 9.4830938905943185e-06 9.4830938905943185e-06 9.4830938905943185e-06 9.4830938905943185e-06 9.4830938905943185e-06 9.4830938905943185e-06 9.4830938905943185e-06 9.4830938905943185e-06 9.4830938905943185e-06 9.4830938905943185e-06 9.4830938905943185e-06 9.4830938905943185e-06 9.4830938905943185e-06 9.4830938905943185e-06 9.4830938905943185e-06 9.4830938905943185e-06 9.4830938905943185e-06 9.4830938905943185e-06 9.4830938905943185e-06 9.4830938905943185e-06 9.4830938905943185e-06 9.4830938905943185e-06 9.4830938905943185e-06 9.4830938905943185e-06 9.4830938905943185e-06 9.4830938905943185e-06 9.4830938905943185e-06 9.4830938905943185e-06 9.4830938905943185e-06 9.4830938905943185e-06 9.4830938905943185e-06 9.4830938905943185e-06 9.4830938905943185e-06 9.4830938905943185e-06 9.4830938905943185e-06 9.4830938905943185e-06 9.4830938905943185e-06
9.4830938905943185e-06 9.4830938905943185e-06 9.4830938905943185e-06 9.4830938905943185e-06 9.4830938905943185e-06 9.4830938905943185e-06 9.4830938905943185e-06 9.4830938905943185e-06 9.4830938905943185e-06 9.4830938905943185e-06 9.4830938905943185e-06 9.4830938905943185e-06 9.4830938905943185e-06 9.4830938905943185e-06 9.4830938905943185e-06 9.4830938905943185e-06 9.4830938905943185e-06 9.4830938905943185e-06 9.4830938905943185e-06 9.4830938905943185e-06 9.4830938905943185e-06 9.4830938905943185e-06 9.4830938905943185e-06 9.4830938905943185e-06 9.4830938905943185e-06 9.4830938905943185e-06 9.4830938905943185e-06 9.4830938905943185e-06 9.4830938905943185e-06 9.4830938905943185e-06 9.4830938905943185e-06 9.4830938905943185e-06 9.4830938905943185e-06 9.4830938905943185e-06 9.4830938905943185e-06 9.4830938905943185e-06 9.4830938905943185e-06 9.4830938905943185e-06 9.4830938905943185e-06 9.4830938905943185e-06 9.4830938905943185e-06 9.4830938905943185e-06 9.4830938905943185e-06 9.4830938905943185e-06 9.4830938905943185e-06 9.4830938905943185e-06 9.4830938905943185e-06 9.4830938905943185e-06 9.4830938905943185e-06 9.4830938905943185e-06 9.4830938905943185e-06 9.4830938905943185e-06 9.4830938905943185e-06 9.4830938905943185e-06 9.4830938905943185e-06 9.4830938905943185e-06 9.4830938905943185e-06 9.4830938905943185e-06 9.4830938905943185e-06 9.4830938905943185e-06 9.4830938905943185e-06 9.4830938905943185e-06 9.4830938905943185e-06 9.4830938905943185e-06
9.4830938905943185e-06 9.4830938905943185e-06 9.4830938905943185e-06 9.4830938905943185e-06 9.4830938905943185e-06 9.4830938905943185e-06 9.4830938905943185e-06 9.4830938905943185e-06 9.4830938905943185e-06 9.4830938905943185e-06 9.4830938905943185e-06 9.4830938905943185e-06 9.4830938905943185e-06 9.4830938905943185e-06 9.4830938905943185e-06 9.4830938905943185e-06 9.4830938905943185e-06 9.4830938905943185e-06 9.4830938905943185e-06 9.4830938905943185e-06 9.4830938905943185e-06 9.4830938905943185e-06 9.4830938905943185e-06 9.4830938905943185e-06 9.4830938905943185e-06 9.4830938905943185e-06 9.4830938905943185e-06 9.4830938905943185e-06 9.4830938905943185e-06 9.4830938905943185e-06 9.4830938905943185e-06 9.4830938905943185e-06 9.4830938905943185e-06 9.4830938905943185e-06 9.4830938905943185e-06 9.4830938905943185e-06 9.4830938905943185e-06 9.4830938905943185e-06 9.4830938905943185e-06 9.4830938905943185e-06 9.4830938905943185e-06 9.4830938905943185e-06 9.4830938905943185e-06 9.4830938905943185e-06 9.4830938905943185e-06 9.4830938905943185e-06 9.4830938905943185e-06 9.4830938905943185e-06 9.4830938905943185e-06 9.4830938905943185e-06 9.4830938905943185e-06 9.4830938905943185e-06 9.4830938905943185e-06 9.4830938905943185e-06 9.4830938905943185e-06 9.4830938905943185e-06 9.4830938905943185e-06 9.4830938905943185e-06 9.4830938905943185e-06 9.4830938905943185e-06 9.4830938905943185e-06 9.4830938905943185e-06 9.4830938905943185e-06 9.4830938905943185e-06
9.4830938905943185e-06 9.4830938905943185e-06 9.4830938905943185e-06 9.4830938905943185e-06 9.4830938905943185e-06 9.4830938905943185e-06 9.4830938905943185e-06 9.4830938905943185e-06 9.4830938905943185e-06 9.4830938905943185e-06 9.4830938905943185e-06 9.4830938905943185e-06 9.4830938905943185e-06 9.4830938905943185e-06 9.4830938905943185e-06 9.4830938905943185e-06 9.4830938905943185e-06 9.4830938905943185e-06 9.4830938905943185e-06 9.4830938905943185e-06 9.4830938905943185e-06 9.4830938905943185e-06 9.4830938905943185e-06 9.4830938905943185e-06 9.4830938905943185e-06 9.4830938905943185e-06 9.4830938905943185e-06 9.4830938905943185e-06 9.4830938905943185e-06 9.4830938905943185e-06 9.4830938905943185e-06 9.4830938905943185e-06 9.4830938905943185e-06 9.4830938905943185e-06 9.4830938905943185e-06 9.4830938905943185e-06 9.4830938905943185e-06 9.4830938905943185e-06 9.4830938905943185e-06 9.4830938905943185e-06 9.4830938905943185e-06 9.4830938905943185e-06 9.4830938905943185e-06 9.4830938905943185e-06 9.4830938905943185e-06 9.4830938905943185e-06 9.4830938905943185e-06 9.4830938905943185e-06 9.4830938905943185e-06 9.4830938905943185e-06 9.4830938905943185e-06 9.4830938905943185e-06 9.4830938905943185e-06 9.4830938905943185e-06 9.4830938905943185e-06 9.4830938905943185e-06 9.4830938905943185e-06 9.4830938905943185e-06 9.4830938905943185e-06 9.4830938905943185e-06 9.4830938905943185e-06 9.4830938905943185e-06 9.4830938905943185e-06 9.4830938905943185e-06
9.4830938905943185e-06 9.4830938905943185e-06 9.4830938905943185e-06 9.4830938905943185e-06 9.4830938905943185e-06 9.4830938905943185e-06 9.4830938905943185e-06 9.4830938905943185e-06 9.4830938905943185e-06 9.4830938905943185e-06 9.4830938905943185e-06 9.4830938905943185e-06 9.4830938905943185e-06 9.4830938905943185e-06 9.4830938905943185e-06 9.4830938905943185e-06 9.4830938905943185e-06 9.4830938905943185e-06 9.4830938905943185e-06 9.4830938905943185e-06 9.4830938905943185e-06 9.4830938905943185e-06 9.4830938905943185e-06 9.4830938905943185e-06 9.4830938905943185e-06 9.4830938905943185e-06 9.4830938905943185e-06 9.4830938905943185e-06 9.4830938905943185e-06 9.4830938905943185e-06 9.4830938905943185e-06 9.4830938905943185e-06 9.4830938905943185e-06 9.4830938905943185e-06 9.4830938905943185e-06 9.4830938905943185e-06 9.4830938905943185e-06 9.4830938905943185e-06 9.4830938905943185e-06 9.4830938905943185e-06 9.4830938905943185e-06 9.4830938905943185e-06 9.4830938905943185e-06 9.4830938905943185e-06 9.4830938905943185e-06 9.4830938905943185e-06 9.4830938905943185e-06 9.4830938905943185e-06 9.4830938905943185e-06 9.4830938905943185e-06 9.4830938905943185e-06 9.4830938905943185e-06 9.4830938905943185e-06 9.4830938905943185e-06 9.4830938905943185e-06 9.4830938905943185e-06 9.4830938905943185e-06 9.4830938905943185e-06 9.4830938905943185e-06 9.4830938905943185e-06 9.4830938905943185e-06 9.4830938905943185e-06 9.4830938905943185e-06 9.4830938905943185e-06
9.4830938905943185e-06 9.4830938905943185e-06 9.4830938905943185e-06 9.4830938905943185e-06 9.4830938905943185e-06 9.4830938905943185e-06 9.4830938905943185e-06 9.4830938905943185e-06 9.4830938905943185e-06 9.4830938905943185e-06 9.4830938905943185e-06 9.4830938905943185e-06 9.4830938905943185e-06 9.4830938905943185e-06 9.4830938905943185e-06 9.4830938905943185e-06 9.4830938905943185e-06 9.4830938905943185e-06 9.4830938905943185e-06 9.4830938905943185e-06 9.4830938905943185e-06 9.4830938905943185e-06 9.4830938905943185e-06 9.4830938905943185e-06 9.4830938905943185e-06 9.4830938905943185e-06 9.4830938905943185e-06 9.4830938905943185e-06 9.4830938905943185e-06 9.4830938905943185e-06 9.4830938905943185e-06 9.4830938905943185e-06 9.4830938905943185e-06 9.4830938905943185e-06 9.4830938905943185e-06 9.4830938905943185e-06 9.4830938905943185e-06 9.4830938905943185e-06 9.4830938905943185e-06 9.4830938905943185e-06 9.4830938905943185e-06 9.4830938905943185e-06 9.4830938905943185e-06 9.4830938905943185e-06 9.4830938905943185e-06 9.4830938905943185e-06 9.4830938905943185e-06 9.4830938905943185e-06 9.4830938905943185e-06 9.4830938905943185e-06 9.4830938905943185e-06 9.4830938905943185e-06 9.4830938905943185e-06 9.4830938905943185e-06 9.4830938905943185e-06 9.4830938905943185e-06 9.4830938905943185e-06 9.4830938905943185e-06 9.4830938905943185e-06 9.4830938905943185e-06 9.4830938905943185e-06 9.4830938905943185e-06 9.4830938905943185e-06 9.4830938905943185e-06
9.4830938905943185e-06 9.4830938905943185e-06 9.4830938905943185e-06 9.4830938905943185e-06 9.4830938905943185e-06 9.4830938905943185e-06 9.4830938905943185e-06 9.4830938905943185e-06 9.4830938905943185e-06 9.4830938905943185e-06 9.4830938905943185e-06 9.4830938905943185e-06 9.4830938905943185e-06 9.4830938905943185e-06 9.4830938905943185e-06 9.4830938905943185e-06 9.4830938905943185e-06 9.4830938905943185e-06 9.4830938905943185e-06 9.4830938905943185e-06 9.4830938905943185e-06 9.4830938905943185e-06 9.4830938905943185e-06 9.4830938905943185e-06 9.4830938905943185e-06 9.4830938905943185e-06 9.4830938905943185e-06 9.4830938905943185e-06 9.4830938905943185e-06 9.4830938905943185e-06 9.4830938905943185e-06 9.4830938905943185e-06 9.4830938905943185e-06 9.4830938905943185e-06 9.4830938905943185e-06 9.4830938905943185e-06 9.4830938905943185e-06 9.4830938905943185e-06 9.4830938905943185e-06 9.4830938905943185e-06 9.4830938905943185e-06 9.4830938905943185e-06 9.4830938905943185e-06 9.4830938905943185e-06 9.4830938905943185e-06 9.4830938905943185e-06 9.4830938905943185e-06 9.4830938905943185e-06 9.4830938905943185e-06 9.4830938905943185e-06 9.4830938905943185e-06 9.4830938905943185e-06 9.4830938905943185e-06 9.4830938905943185e-06 9.4830938905943185e-06 9.4830938905943185e-06 9.4830938905943185e-06 9.4830938905943185e-06 9.4830938905943185e-06 9.4830938905943185e-06 9.4830938905943185e-06 9.4830938905943185e-06 9.4830938905943185e-06 9.4830938905943185e-06
9.4830938905943185e-06 9.4830938905943185e-06 9.4830938905943185e-06 9.4830938905943185e-06 9.4830938905943185e-06 9.4830938905943185e-06 9.4830938905943185e-06 9.4830938905943185e-06 9.4830938905943185e-06 9.4830938905943185e-06 9.4830938905943185e-06 9.4830938905943185e-06 9.4830938905943185e-06 9.4830938905943185e-06 9.4830938905943185e-06 9.4830938905943185e-06 9.4830938905943185e-06 9.4830938905943185e-06 9.4830938905943185e-06 9.4830938905943185e-06 9.4830938905943185e-06 9.4830938905943185e-06 9.4830938905943185e-06 9.4830938905943185e-06 9.4830938905943185e-06 9.4830938905943185e-06 9.4830938905943185e-06 9.4830938905943185e-06 9.4830938905943185e-06 9.4830938905943185e-06 9.4830938905943185e-06 9.4830938905943185e-06 9.4830938905943185e-06 9.4830938905943185e-06 9.4830938905943185e-06 9.4830938905943185e-06 9.4830938905943185e-06 9.4830938905943185e-06 9.4830938905943185e-06 9.4830938905943185e-06 9.4830938905943185e-06 9.4830938905943185e-06 9.4830938905943185e-06 9.4830938905943185e-06 9.4830938905943185e-06 9.4830938905943185e-06 9.4830938905943185e-06 9.4830938905943185e-06 9.4830938905943185e-06 9.4830938905943185e-06 9.4830938905943185e-06 9.4830938905943185e-06 9.4830938905943185e-06 9.4830938905943185e-06 9.4830938905943185e-06 9.4830938905943185e-06 9.4830938905943185e-06 9.4830938905943185e-06 9.4830938905943185e-06 9.4830938905943185e-06 9.4830938905943185e-06 9.4830938905943185e-06 9.4830938905943185e-06 9.4830938905943185e-06
9.4830938905943185e-06 9.4830938905943185e-06 9.4830938905943185e-06 9.4830938905943185e-06 9.4830938905943185e-06 9.4830938905943185e-06 9.4830938905943185e-06 9.4830938905943185e-06 9.4830938905943185e-06 9.4830938905943185e-06 9.4830938905943185e-06 9.4830938905943185e-06 9.4830938905943185e-06 9.4830938905943185e-06 9.4830938905943185e-06 9.4830938905943185e-06 9.4830938905943185e-06 9.4830938905943185e-06 9.4830938905943185e-06 9.4830938905943185e-06 9.4830938905943185e-06 9.4830938905943185e-06 9.4830938905943185e-06 9.4830938905943185e-06 9.4830938905943185e-06 9.4830938905943185e-06 9.4830938905943185e-06 9.4830938905943185e-06 9.4830938905943185e-06 9.4830938905943185e-06 9.4830938905943185e-06 9.4830938905943185e-06 9.4830938905943185e-06 9.4830938905943185e-06 9.4830938905943185e-06 9.4830938905943185e-06 9.4830938905943185e-06 9.4830938905943185e-06 9.4830938905943185e-06 9.4830938905943185e-06 9.4830938905943185e-06 9.4830938905943185e-06 9.4830938905943185e-06 9.4830938905943185e-06 9.4830938905943185e-06 9.4830938905943185e-06 9.4830938905943185e-06 9.4830938905943185e-06 9.4830938905943185e-06 9.4830938905943185e-06 9.4830938905943185e-06 9.4830938905943185e-06 9.4830938905943185e-06 9.4830938905943185e-06 9.4830938905943185e-06 9.4830938905943185e-06 9.4830938905943185e-06 9.4830938905943185e-06 9.4830938905943185e-06 9.4830938905943185e-06 9.4830938905943185e-06 9.4830938905943185e-06 9.4830938905943185e-06 9.4830938905943185e-06
9.4830938905943185e-06 9.4830938905943185e-06 9.4830938905943185e-06 9.4830938905943185e-06 9.4830938905943185e-06 9.4830938905943185e-06 9.4830938905943185e-06 9.4830938905943185e-06 9.4830938905943185e-06 9.4830938905943185e-06 9.4830938905943185e-06 9.4830938905943185e-06 9.4830938905943185e-06 9.4830938905943185e-06 9.4830938905943185e-06 9.4830938905943185e-06 9.4830938905943185e-06 9.4830938905943185e-06 9.4830938905943185e-06 9.4830938905943185e-06 9.4830938905943185e-06 9.4830938905943185e-06 9.4830938905943185e-06 9.4830938905943185e-06 9.4830938905943185e-06 9.4830938905943185e-06 9.4830938905943185e-06 9.4830938905943185e-06 9.4830938905943185e-06 9.4830938905943185e-06 9.4830938905943185e-06 9.4830938905943185e-06 9.4830938905943185e-06 9.4830938905943185e-06 9.4830938905943185e-06 9.4830938905943185e-06 9.4830938905943185e-06 9.4830938905943185e-06 9.4830938905943185e-06 9.4830938905943185e-06 9.4830938905943185e-06 9.4830938905943185e-06 9.4830938905943185e-06 9.4830938905943185e-06 9.4830938905943185e-06 9.4830938905943185e-06 9.4830938905943185e-06 9.4830938905943185e-06 9.4830938905943185e-06 9.4830938905943185e-06 9.4830938905943185e-06 9.4830938905943185e-06 9.4830938905943185e-06 9.4830938905943185e-06 9.4830938905943185e-06 9.4830938905943185e-06 9.4830938905943185e-06 9.4830938905943185e-06 9.4830938905943185e-06 9.4830938905943185e-06 9.4830938905943185e-06 9.4830938905943185e-06 9.4830938905943185e-06 9.4830938905943185e-06
9.4830938905943185e-06 9.4830938905943185e-06 9.4830938905943185e-06 9.4830938905943185e-06 9.4830938905943185e-06 9.4830938905943185e-06 9.4830938905943185e-06 9.4830938905943185e-06 9.4830938905943185e-06 9.4830938905943185e-06 9.4830938905943185e-06 9.4830938905943185e-06 9.4830938905943185e-06 9.4830938905943185e-06 9.4830938905943185e-06 9.4830938905943185e-06 9.4830938905943185e-06 9.4830938905943185e-06 9.4830938905943185e-06 9.4830938905943185e-06 9.4830938905943185e-06 9.4830938905943185e-06 9.4830938905943185e-06 9.4830938905943185e-06 9.4830938905943185e-06 9.4830938905943185e-06 9.4830938905943185e-06 9.4830938905943185e-06 9.483092071604915e-06 9.4829601948731579e-06 9.4817150966264307e-06 9.4803799584042281e-06 9.480088010604959e-06 9.481645975029096e-06 9.4829747467883863e-06 9.483092071604915e-06 9.4830938905943185e-06 9.4830938905943185e-06 9.4830938905943185e-06 9.4830938905943185e-06 9.4830938905943185e-06 9.4830938905943185e-06 9.4830938905943185e-06 9.4830938905943185e-06 9.4830938905943185e-06 9.4830938905943185e-06 9.4830938905943185e-06 9.4830938905943185e-06 9.4830938905943185e-06 9.4830938905943185e-06 9.4830938905943185e-06 9.4830938905943185e-06 9.4830938905943185e-06 9.4830938905943185e-06 9.4830938905943185e-06 9.4830938905943185e-06 9.4830938905943185e-06 9.4830938905943185e-06 9.4830938905943185e-06 9.4830938905943185e-06 9.4830938905943185e-06 9.4830938905943185e-06 9.4830938905943185e-06 9.4830938905943185e-06
9.4830938905943185e-06 9.4830938905943185e-06 9.4830938905943185e-06 9.4830938905943185e-06 9.4830938905943185e-06 9.4830938905943185e-06 9.4830938905943185e-06 9.4830938905943185e-06 9.4830938905943185e-06 9.4830938905943185e-06 9.4830938905943185e-06 9.4830938905943185e-06 9.4830938905943185e-06 9.4830938905943185e-06 9.4830938905943185e-06 9.4830938905943185e-06 9.4830938905943185e-06 9.4830938905943185e-06 9.4830938905943185e-06 9.4830938905943185e-06 9.4830938905943185e-06 9.4830938905943185e-06 9.4830938905943185e-06 9.4830938905943185e-06 9.4830938905943185e-06 9.4830938905943185e-06 9.4830929810996167e-06 9.4823744802852161e-06 9.440707799512893e-06 8.8636597865843214e-06 7.9734463724889793e-06 7.6497090049088001e-06 7.5587763603834901e-06 7.9409664976992644e-06 8.8983069872483611e-06 9.4399210865958594e-06 9.4824017651262693e-06 9.4830929810996167e-06 9.4830938905943185e-06 9.4830938905943185e-06 9.4830938905943185e-06 9.4830938905943185e-06 9.4830938905943185e-06 9.4830938905943185e-06 9.4830938905943185e-06 9.4830938905943185e-06 9.4830938905943185e-06 9.4830938905943185e-06 9.4830938905943185e-06 9.4830938905943185e-06 9.4830938905943185e-06 9.4830938905943185e-06 9.4830938905943185e-06 9.4830938905943185e-06 9.4830938905943185e-06 9.4830938905943185e-06 9.4830938905943185e-06 9.4830938905943185e-06 9.4830938905943185e-06 9.4830938905943185e-06 9.4830938905943185e-06 9.4830938905943185e-06 9.4830938905943185e-06 9.4830938905943185e-06
9.4830938905943185e-06 9.4830938905943185e-06 9.4830938905943185e-06 9.4830938905943185e-06 9.4830938905943185e-06 9.4830938905943185e-06 9.4830938905943185e-06 9.4830938905943185e-06 9.4830938905943185e-06 9.4830938905943185e-06 9.4830938905943185e-06 9.4830938905943185e-06 9.4830938905943185e-06 9.4830938905943185e-06 9.4830938905943185e-06 9.4830938905943185e-06 9.4830938905943185e-06 9.4830938905943185e-06 9.4830938905943185e-06 9.4830938905943185e-06 9.4830938905943185e-06 9.4830938905943185e-06 9.4830938905943185e-06 9.4830938905943185e-06 9.4830938905943185e-06 9.4830729722161777e-06 9.4575188995804638e-06 8.2733786257449538e-06 5.9282519941916689e-06 5.0834250941989012e-06 6.3787633735046256e-06 1.1743646609829739e-05 9.7642623586580157e-06 6.5978410930256359e-06 5.1566285037552007e-06 5.948318175796885e-06 8.2915121311089024e-06 9.4579854703624733e-06 9.4830747912055813e-06 9.4830938905943185e-06 9.4830938905943185e-06 9.4830938905943185e-06 9.4830938905943185e-06 9.4830938905943185e-06 9.4830938905943185e-06 9.4830938905943185e-06 9.4830938905943185e-06 9.4830938905943185e-06 9.4830938905943185e-06 9.4830938905943185e-06 9.4830938905943185e-06 9.4830938905943185e-06 9.4830938905943185e-06 9.4830938905943185e-06 9.4830938905943185e-06 9.4830938905943185e-06 9.4830938905943185e-06 9.4830938905943185e-06 9.4830938905943185e-06 9.4830938905943185e-06 9.4830938905943185e-06 9.4830938905943185e-06 9.4830938905943185e-06 9.4830938905943185e-06
9.4830938905943185e-06 9.4830938905943185e-06 9.4830938905943185e-06 9.4830938905943185e-06 9.4830938905943185e-06 9.4830938905943185e-06 9.4830938905943185e-06 9.4830938905943185e-06 9.4830938905943185e-06 9.4830938905943185e-06 9.4830938905943185e-06 9.4830938905943185e-06 9.4830938905943185e-06 9.4830938905943185e-06 9.4830938905943185e-06 9.4830938905943185e-06 9.4830938905943185e-06 9.4830938905943185e-06 9.4830938905943185e-06 9.4830938905943185e-06 9.4830938905943185e-06 9.4830938905943185e-06 9.4830938905943185e-06 9.4830938905943185e-06 9.4828847068129107e-06 9.2146901806700043e-06 6.1370501498458907e-06 8.6939544416964054e-06 4.8256792069878429e-05 0.00062449794495478272 0.024758473038673401 0.069976389408111572 0.0539403036236763 0.026229502633213997 0.00054696202278137207 5.5783042625989765e-05 1.0126155757461675e-05 6.1838059082219843e-06 9.222293556376826e-06 9.4828928922652267e-06 9.4830938905943185e-06 9.4830938905943185e-06 9.4830938905943185e-06 9.4830938905943185e-06 9.4830938905943185e-06 9.4830938905943185e-06 9.4830938905943185e-06 9.4830938905943185e-06 9.4830938905943185e-06 9.4830938905943185e-06 9.4830938905943185e-06 9.4830938905943185e-06 9.4830938905943185e-06 9.4830938905943185e-06 9.4830938905943185e-06 9.4830938905943185e-06 9.4830938905943185e-06 9.4830938905943185e-06 9.4830938905943185e-06 9.4830938905943185e-06 9.4830938905943185e-06 9.4830938905943185e-06 9.4830938905943185e-06 9.4830938905943185e-06
9.4830938905943185e-06 9.4830938905943185e-06 9.4830938905943185e-06 9.4830938905943185e-06 9.4830938905943185e-06 9.4830938905943185e-06 9.4830938905943185e-06 9.4830938905943185e-06 9.4830938905943185e-06 9.4830938905943185e-06 9.4830938905943185e-06 9.4830938905943185e-06 9.4830938905943185e-06 9.4830938905943185e-06 9.4830938905943185e-06 9.4830938905943185e-06 9.4830938905943185e-06 9.4830938905943185e-06 9.4830938905943185e-06 9.4830938905943185e-06 9.4830938905943185e-06 9.4830938905943185e-06 9.4830938905943185e-06 9.4824235929991119e-06 8.6419513536384329e-06 5.0578846639837138e-06 3.1024788768263534e-05 0.03894767165184021 0.40684837102890015 0.93977999687194824 0.99276936054229736 0.99552750587463379 0.99407631158828735 0.9937671422958374 0.94154816865921021 0.45022356510162354 0.044470574706792831 3.2602616556687281e-05 5.1156544031982776e-06 8.6466434368048795e-06 9.4824381449143402e-06 9.4830938905943185e-06 9.4830938905943185e-06 9.4830938905943185e-06 9.4830938905943185e-06 9.4830938905943185e-06 9.4830938905943185e-06 9.4830938905943185e-06 9.4830938905943185e-06 9.4830938905943185e-06 9.4830938905943185e-06 9.4830938905943185e-06 9.4830938905943185e-06 9.4830938905943185e-06 9.4830938905943185e-06 9.4830938905943185e-06 9.4830938905943185e-06 9.4830938905943185e-06 9.4830938905943185e-06 9.4830938905943185e-06 9.4830938905943185e-06 9.4830938905943185e-06 9.4830938905943185e-06 9.4830938905943185e-06
9.4830938905943185e-06 9.4830938905943185e-06 9.4830938905943185e-06 9.4830938905943185e-06 9.4830938905943185e-06 9.4830938905943185e-06 9.4830938905943185e-06 9.4830938905943185e-06 9.4830938905943185e-06 9.4830938905943185e-06 9.4830938905943185e-06 9.4830938905943185e-06 9.4830938905943185e-06 9.4830938905943185e-06 9.4830938905943185e-06 9.4830938905943185e-06 9.4830938905943185e-06 9.4830938905943185e-06 9.4830938905943185e-06 9.4830938905943185e-06 9.4830938905943185e-06 9.4830938905943185e-06 9.4820325102773495e-06 8.1665884863468818e-06 5.0310300139244646e-06 0.0011179593857377768 0.35843724012374878 0.99574100971221924 0.99654722213745117 0.99685055017471313 0.99714171886444092 0.9974551796913147 0.99718213081359863 0.99705123901367188 0.99699622392654419 0.99640583992004395 0.99499279260635376 0.38942873477935791 0.00091101170983165503 5.1590832299552858e-06 8.1729576777433977e-06 9.4820525191607885e-06 9.4830938905943185e-06 9.4830938905943185e-06 9.4830938905943185e-06 9.4830938905943185e-06 9.4830938905943185e-06 9.4830938905943185e-06 9.4830938905943185e-06 9.4830938905943185e-06 9.4830938905943185e-06 9.4830938905943185e-06 9.4830938905943185e-06 9.4830938905943185e-06 9.4830938905943185e-06 9.4830938905943185e-06 9.4830938905943185e-06 9.4830938905943185e-06 9.4830938905943185e-06 9.4830938905943185e-06 9.4830938905943185e-06 9.4830938905943185e-06 9.4830938905943185e-06 9.4830938905943185e-06
9.4830938905943185e-06 9.4830938905943185e-06 9.4830938905943185e-06 9.4830938905943185e-06 9.4830938905943185e-06 9.4830938905943185e-06 9.4830938905943185e-06 9.4830938905943185e-06 9.4830938905943185e-06 9.4830938905943185e-06 9.4830938905943185e-06 9.4830938905943185e-06 9.4830938905943185e-06 9.4830938905943185e-06 9.4830938905943185e-06 9.4830938905943185e-06 9.4830938905943185e-06 9.4830938905943185e-06 9.4830938905943185e-06 9.4830938905943185e-06 9.4830938905943185e-06 9.4824263214832172e-06 8.168161912180949e-06 4.9400709940528031e-06 0.0014628655044361949 0.84130281209945679 0.99595576524734497 0.99708467721939087 0.99788635969161987 0.99805247783660889 0.99824446439743042 0.998343825340271 0.99822348356246948 0.99816697835922241 0.99811208248138428 0.99768251180648804 0.9972040057182312 0.9966009259223938 0.89409232139587402 0.0028525039087980986 5.0924318202305585e-06 8.1810667325044051e-06 9.4824354164302349e-06 9.4830938905943185e-06 9.4830938905943185e-06 9.4830938905943185e-06 9.4830938905943185e-06 9.4830938905943185e-06 9.4830938905943185e-06 9.4830938905943185e-06 9.4830938905943185e-06 9.4830938905943185e-06 9.4830938905943185e-06 9.4830938905943185e-06 9.4830938905943185e-06 9.4830938905943185e-06 9.4830938905943185e-06 9.4830938905943185e-06 9.4830938905943185e-06 9.4830938905943185e-06 9.4830938905943185e-06 9.4830938905943185e-06 9.4830938905943185e-06 9.4830938905943185e-06
9.4830938905943185e-06 9.4830938905943185e-06 9.4830938905943185e-06 9.4830938905943185e-06 9.4830938905943185e-06 9.4830938905943185e-06 9.4830938905943185e-06 9.4830938905943185e-06 9.4830938905943185e-06 9.4830938905943185e-06 9.4830938905943185e-06 9.4830938905943185e-06 9.4830938905943185e-06 9.4830938905943185e-06 9.4830938905943185e-06 9.4830938905943185e-06 9.4830938905943185e-06 9.4830938905943185e-06 9.4830938905943185e-06 9.4830938905943185e-06 9.4828965302440338e-06 8.6556729002040811e-06 5.0453486437618267e-06 0.0034079302567988634 0.96141475439071655 0.99642050266265869 0.9976080060005188 0.99810183048248291 0.99855250120162964 0.99884092807769775 0.99877363443374634 0.99878013134002686 0.99887925386428833 0.99881124496459961 0.99879348278045654 0.99842703342437744 0.99817192554473877 0.99778032302856445 0.9966694712638855 0.97191554307937622 0.0029759297613054514 5.1780702960968483e-06 8.6446561908815056e-06 9.4828928922652267e-06 9.4830938905943185e-06 9.4830938905943185e-06 9.4830938905943185e-06 9.4830938905943185e-06 9.4830938905943185e-06 9.4830938905943185e-06 9.4830938905943185e-06 9.4830938905943185e-06 9.4830938905943185e-06 9.4830938905943185e-06 9.4830938905943185e-06 9.4830938905943185e-06 9.4830938905943185e-06 9.4830938905943185e-06 9.4830938905943185e-06 9.4830938905943185e-06 9.4830938905943185e-06 9.4830938905943185e-06 9.4830938905943185e-06 9.4830938905943185e-06
9.4830938905943185e-06 9.4830938905943185e-06 9.4830938905943185e-06 9.4830938905943185e-06 9.4830938905943185e-06 9.4830938905943185e-06 9.4830938905943185e-06 9.4830938905943185e-06 9.4830938905943185e-06 9.4830938905943185e-06 9.4830938905943185e-06 9.4830938905943185e-06 9.4830938905943185e-06 9.4830938905943185e-06 9.4830938905943185e-06 9.4830938905943185e-06 9.4830938905943185e-06 9.4830938905943185e-06 9.4830938905943185e-06 9.4830757007002831e-06 9.2278742158669047e-06 5.1230558710813057e-06 8.973439980763942e-05 0.84027934074401855 0.99624687433242798 0.99771410226821899 0.99820846319198608 0.99861717224121094 0.99884605407714844 0.99917304515838623 0.99914926290512085 0.99922263622283936 0.99920409917831421 0.99916791915893555 0.99915069341659546 0.99883502721786499 0.99874305725097656 0.99837130308151245 0.99771738052368164 0.99641543626785278 0.8828694224357605 0.0023090054746717215 5.1681035984074697e-06 9.232270713255275e-06 9.4830757007002831e-06 9.4830938905943185e-06 9.4830938905943185e-06 9.4830938905943185e-06 9.4830938905943185e-06 9.4830938905943185e-06 9.4830938905943185e-06 9.4830938905943185e-06 9.4830938905943185e-06 9.4830938905943185e-06 9.4830938905943185e-06 9.4830938905943185e-06 9.4830938905943185e-06 9.4830938905943185e-06 9.4830938905943185e-06 9.4830938905943185e-06 9.4830938905943185e-06 9.4830938905943185e-06 9.4830938905943185e-06 9.4830938905943185e-06
9.4830938905943185e-06 9.4830938905943185e-06 9.4830938905943185e-06 9.4830938905943185e-06 9.4830938905943185e-06 9.4830938905943185e-06 9.4830938905943185e-06 9.4830938905943185e-06 9.4830938905943185e-06 9.4830938905943185e-06 9.4830938905943185e-06 9.4830938905943185e-06 9.4830938905943185e-06 9.4830938905943185e-06 9.4830938905943185e-06 9.4830938905943185e-06 9.4830938905943185e-06 9.4830938905943185e-06 9.4830929810996167e-06 9.4568767963210121e-06 6.1173032008809969e-06 3.8440299249486998e-05 0.41658955812454224 0.99658268690109253 0.99750703573226929 0.9982256293296814 0.99873054027557373 0.99898797273635864 0.9991193413734436 0.99928534030914307 0.99936217069625854 0.99933671951293945 0.9993356466293335 0.99937516450881958 0.99931889772415161 0.99916023015975952 0.99901771545410156 0.99873751401901245 0.99828994274139404 0.99764186143875122 0.99646151065826416 0.39372193813323975 0.00045141874579712749 6.269232471822761e-06 9.4604829428135417e-06 9.4830929810996167e-06 9.4830938905943185e-06 9.4830938905943185e-06 9.4830938905943185e-06 9.4830938905943185e-06 9.4830938905943185e-06 9.4830938905943185e-06 9.4830938905943185e-06 9.4830938905943185e-06 9.4830938905943185e-06 9.4830938905943185e-06 9.4830938905943185e-06 9.4830938905943185e-06 9.4830938905943185e-06 9.4830938905943185e-06 9.4830938905943185e-06 9.4830938905943185e-06 9.4830938905943185e-06 9.4830938905943185e-06
9.4830938905943185e-06 9.4830938905943185e-06 9.4830938905943185e-06 9.4830938905943185e-06 9.4830938905943185e-06 9.4830938905943185e-06 9.4830938905943185e-06 9.4830938905943185e-06 9.4830938905943185e-06 9.4830938905943185e-06 9.4830938905943185e-06 9.4830938905943185e-06 9.4830938905943185e-06 9.4830938905943185e-06 9.4830938905943185e-06 9.4830938905943185e-06 9.4830938905943185e-06 9.4830938905943185e-06 9.4823926701792516e-06 8.2915421444340609e-06 9.658360795583576e-06 0.039828386157751083 0.99504297971725464 0.99728065729141235 0.99820595979690552 0.99861156940460205 0.9989970326423645 0.9991154670715332 0.99925601482391357 0.99914580583572388 0.9990696907043457 0.99885070323944092 0.99887675046920776 0.99908679723739624 0.99913966655731201 0.99924951791763306 0.99922317266464233 0.99902212619781494 0.99872088432312012 0.99814629554748535 0.99725151062011719 0.99547535181045532 0.044094201177358627 1.0800462405313738e-05 8.304518814838957e-06 9.4824117695679888e-06 9.4830938905943185e-06 9.4830938905943185e-06 9.4830938905943185e-06 9.4830938905943185e-06 9.4830938905943185e-06 9.4830938905943185e-06 9.4830938905943185e-06 9.4830938905943185e-06 9.4830938905943185e-06 9.4830938905943185e-06 9.4830938905943185e-06 9.4830938905943185e-06 9.4830938905943185e-06 9.4830938905943185e-06 9.4830938905943185e-06 9.4830938905943185e-06 9.4830938905943185e-06 9.4830938905943185e-06
9.4830938905943185e-06 9.4830938905943185e-06 9.4830938905943185e-06 9.4830938905943185e-06 9.4830938905943185e-06 9.4830938905943185e-06 9.4830938905943185e-06 9.4830938905943185e-06 9.4830938905943185e-06 9.4830938905943185e-06 9.4830938905943185e-06 9.4830938905943185e-06 9.4830938905943185e-06 9.4830938905943185e-06 9.4830938905943185e-06 9.4830938905943185e-06 9.4830938905943185e-06 9.483092071604915e-06 9.4356937552220188e-06 5.8480072766542435e-06 5.5731139582348987e-05 0.47537913918495178 0.99654954671859741 0.99774730205535889 0.99843299388885498 0.99900788068771362 0.99926507472991943 0.99924403429031372 0.99892574548721313 0.99814689159393311 0.99722236394882202 0.99620050191879272 0.99623709917068481 0.99725514650344849 0.99814122915267944 0.99893611669540405 0.99927860498428345 0.99922531843185425 0.99889868497848511 0.99851304292678833 0.99780929088592529 0.99665522575378418 0.43556642532348633 4.7952329623512924e-05 5.8865775827143807e-06 9.4400875241262838e-06 9.483092071604915e-06 9.4830938905943185e-06 9.4830938905943185e-06 9.4830938905943185e-06 9.4830938905943185e-06 9.4830938905943185e-06 9.4830938905943185e-06 9.4830938905943185e-06 9.4830938905943185e-06 9.4830938905943185e-06 9.4830938905943185e-06 9.4830938905943185e-06 9.4830938905943185e-06 9.4830938905943185e-06 9.4830938905943185e-06 9.4830938905943185e-06 9.4830938905943185e-06 9.4830938905943185e-06
9.4830938905943185e-06 9.4830938905943185e-06 9.4830938905943185e-06 9.4830938905943185e-06 9.4830938905943185e-06 9.4830938905943185e-06 9.4830938905943185e-06 9.4830938905943185e-06 9.4830938905943185e-06 9.4830938905943185e-06 9.4830938905943185e-06 9.4830938905943185e-06 9.4830938905943185e-06 9.4830938905943185e-06 9.4830938905943185e-06 9.4830938905943185e-06 9.4830938905943185e-06 9.4829629233572632e-06 8.8673195932642557e-06 5.0778244258253835e-06 0.0002379386278335005 0.91975665092468262 0.99666392803192139 0.99810338020324707 0.99866491556167603 0.99903303384780884 0.99933260679244995 0.99921458959579468 0.99814772605895996 0.9954681396484375 0.99146878719329834 0.9878770112991333 0.98796540498733521 0.99158024787902832 0.99551814794540405 0.99815487861633301 0.99917024374008179 0.99932330846786499 0.99911952018737793 0.9986920952796936 0.99807846546173096 0.99678713083267212 0.92557054758071899 0.00026134087238460779 5.0665216804191004e-06 8.8843280536821112e-06 9.4829711088095792e-06 9.4830938905943185e-06 9.4830938905943185e-06 9.4830938905943185e-06 9.4830938905943185e-06 9.4830938905943185e-06 9.4830938905943185e-06 9.4830938905943185e-06 9.4830938905943185e-06 9.4830938905943185e-06 9.4830938905943185e-06 9.4830938905943185e-06 9.4830938905943185e-06 9.4830938905943185e-06 9.4830938905943185e-06 9.4830938905943185e-06 9.4830938905943185e-06 9.4830938905943185e-06
9.4830938905943185e-06 9.4830938905943185e-06 9.4830938905943185e-06 9.4830938905943185e-06 9.4830938905943185e-06 9.4830938905943185e-06 9.4830938905943185e-06 9.4830938905943185e-06 9.4830938905943185e-06 9.4830938905943185e-06 9.4830938905943185e-06 9.4830938905943185e-06 9.4830938905943185e-06 9.4830938905943185e-06 9.4830938905943185e-06 9.4830938905943185e-06 9.4830938905943185e-06 9.4816023192834109e-06 7.932300832180772e-06 7.157580057537416e-06 0.031903564929962158 0.99356251955032349 0.99722838401794434 0.99819952249526978 0.99890702962875366 0.99927353858947754 0.99938184022903442 0.99905902147293091 0.99722933769226074 0.99147117137908936 0.98123526573181152 0.97273385524749756 0.97292912006378174 0.98153311014175415 0.99161064624786377 0.99726122617721558 0.99907898902893066 0.99939101934432983 0.99927717447280884 0.99879491329193115 0.99813640117645264 0.99721288681030273 0.99323827028274536 0.026695149019360542 5.6559156291768886e-06 7.9598303273087367e-06 9.4817305580363609e-06 9.4830938905943185e-06 9.4830938905943185e-06 9.4830938905943185e-06 9.4830938905943185e-06 9.4830938905943185e-06 9.4830938905943185e-06 9.4830938905943185e-06 9.4830938905943185e-06 9.4830938905943185e-06 9.4830938905943185e-06 9.4830938905943185e-06 9.4830938905943185e-06 9.4830938905943185e-06 9.4830938905943185e-06 9.4830938905943185e-06 9.4830938905943185e-06 9.4830938905943185e-06
9.4830938905943185e-06 9.4830938905943185e-06 9.4830938905943185e-06 9.4830938905943185e-06 9.4830938905943185e-06 9.4830938905943185e-06 9.4830938905943185e-06 9.4830938905943185e-06 9.4830938905943185e-06 9.4830938905943185e-06 9.4830938905943185e-06 9.4830938905943185e-06 9.4830938905943185e-06 9.4830938905943185e-06 9.4830938905943185e-06 9.4830938905943185e-06 9.4830938905943185e-06 9.4800143415341154e-06 7.5529433161136694e-06 1.0390016541350633e-05 0.052249178290367126 0.99436342716217041 0.99713850021362305 0.9982265830039978 0.99896109104156494 0.9992261528968811 0.99936002492904663 0.99886596202850342 0.99618035554885864 0.98781174421310425 0.97265249490737915 0.96107369661331177 0.96129155158996582 0.97298794984817505 0.9879988431930542 0.99624627828598022 0.99887228012084961 0.99933964014053345 0.99917131662368774 0.99898403882980347 0.9983333945274353 0.99722695350646973 0.99474447965621948 0.049079220741987228 1.0020389709097799e-05 7.4975769166485406e-06 9.4798351710778661e-06 9.4830938905943185e-06 9.4830938905943185e-06 9.4830938905943185e-06 9.4830938905943185e-06 9.4830938905943185e-06 9.4830938905943185e-06 9.4830938905943185e-06 9.4830938905943185e-06 9.4830938905943185e-06 9.4830938905943185e-06 9.4830938905943185e-06 9.4830938905943185e-06 9.4830938905943185e-06 9.4830938905943185e-06 9.4830938905943185e-06 9.4830938905943185e-06 9.4830938905943185e-06
9.4830938905943185e-06 9.4830938905943185e-06 9.4830938905943185e-06 9.4830938905943185e-06 9.4830938905943185e-06 9.4830938905943185e-06 9.4830938905943185e-06 9.4830938905943185e-06 9.4830938905943185e-06 9.4830938905943185e-06 9.4830938905943185e-06 9.4830938905943185e-06 9.4830938905943185e-06 9.4830938905943185e-06 9.4830938905943185e-06 9.4830938905943185e-06 9.4830938905943185e-06 9.4797405836288817e-06 7.4691292866191361e-06 7.3257306212326512e-06 0.039842896163463593 0.9943576455116272 0.99709713459014893 0.99826353788375854 0.9987758994102478 0.99924725294113159 0.99937057495117188 0.99885177612304688 0.99618971347808838 0.98785847425460815 0.9727017879486084 0.96109414100646973 0.9611738920211792 0.97280514240264893 0.9879191517829895 0.99620521068572998 0.9988594651222229 0.9993588924407959 0.99923151731491089 0.99880146980285645 0.99839460849761963 0.99742156267166138 0.99511915445327759 0.053246423602104187 9.6536723503959365e-06 7.5283169280737638e-06 9.4799279395374469e-06 9.4830938905943185e-06 9.4830938905943185e-06 9.4830938905943185e-06 9.4830938905943185e-06 9.4830938905943185e-06 9.4830938905943185e-06 9.4830938905943185e-06 9.4830938905943185e-06 9.4830938905943185e-06 9.4830938905943185e-06 9.4830938905943185e-06 9.4830938905943185e-06 9.4830938905943185e-06 9.4830938905943185e-06 9.4830938905943185e-06 9.4830938905943185e-06 9.4830938905943185e-06
9.4830938905943185e-06 9.4830938905943185e-06 9.4830938905943185e-06 9.4830938905943185e-06 9.4830938905943185e-06 9.4830938905943185e-06 9.4830938905943185e-06 9.4830938905943185e-06 9.4830938905943185e-06 9.4830938905943185e-06 9.4830938905943185e-06 9.4830938905943185e-06 9.4830938905943185e-06 9.4830938905943185e-06 9.4830938905943185e-06 9.4830938905943185e-06 9.4830938905943185e-06 9.4816887212800793e-06 7.9277688200818375e-06 5.3977751122147311e-06 0.017898852005600929 0.99129283428192139 0.99714547395706177 0.99826931953430176 0.99873656034469604 0.99909865856170654 0.99931490421295166 0.99905014038085938 0.99722516536712646 0.9914976954460144 0.98124837875366211 0.97266453504562378 0.97271668910980225 0.98127400875091553 0.99153202772140503 0.99725812673568726 0.99907910823822021 0.99933457374572754 0.9990803599357605 0.99871885776519775 0.99823564291000366 0.99713480472564697 0.99287188053131104 0.020486859604716301 5.5799137044232339e-06 7.9688124969834462e-06 9.4817514764145017e-06 9.4830938905943185e-06 9.4830938905943185e-06 9.4830938905943185e-06 9.4830938905943185e-06 9.4830938905943185e-06 9.4830938905943185e-06 9.4830938905943185e-06 9.4830938905943185e-06 9.4830938905943185e-06 9.4830938905943185e-06 9.4830938905943185e-06 9.4830938905943185e-06 9.4830938905943185e-06 9.4830938905943185e-06 9.4830938905943185e-06 9.4830938905943185e-06 9.4830938905943185e-06
9.4830938905943185e-06 9.4830938905943185e-06 9.4830938905943185e-06 9.4830938905943185e-06 9.4830938905943185e-06 9.4830938905943185e-06 9.4830938905943185e-06 9.4830938905943185e-06 9.4830938905943185e-06 9.4830938905943185e-06 9.4830938905943185e-06 9.4830938905943185e-06 9.4830938905943185e-06 9.4830938905943185e-06 9.4830938905943185e-06 9.4830938905943185e-06 9.4830938905943185e-06 9.4829701993148774e-06 8.8794977273209952e-06 5.0319354159000795e-06 0.00024247716646641493 0.92184990644454956 0.99680757522583008 0.99797636270523071 0.99874496459960938 0.99900162220001221 0.99931269884109497 0.99919450283050537 0.99816673994064331 0.99550348520278931 0.99149608612060547 0.98781079053878784 0.98780405521392822 0.99146783351898193 0.99549806118011475 0.99818378686904907 0.99915969371795654 0.9993138313293457 0.99903994798660278 0.99878716468811035 0.99800211191177368 0.99704921245574951 0.93477308750152588 0.00032710804953239858 5.0780345191014931e-06 8.8989818323170766e-06 9.4829774752724916e-06 9.4830938905943185e-06 9.4830938905943185e-06 9.4830938905943185e-06 9.4830938905943185e-06 9.4830938905943185e-06 9.4830938905943185e-06 9.4830938905943185e-06 9.4830938905943185e-06 9.4830938905943185e-06 9.4830938905943185e-06 9.4830938905943185e-06 9.4830938905943185e-06 9.4830938905943185e-06 9.4830938905943185e-06 9.4830938905943185e-06 9.4830938905943185e-06 9.4830938905943185e-06
9.4830938905943185e-06 9.4830938905943185e-06 9.4830938905943185e-06 9.4830938905943185e-06 9.4830938905943185e-06 9.4830938905943185e-06 9.4830938905943185e-06 9.4830938905943185e-06 9.4830938905943185e-06 9.4830938905943185e-06 9.4830938905943185e-06 9.4830938905943185e-06 9.4830938905943185e-06 9.4830938905943185e-06 9.4830938905943185e-06 9.4830938905943185e-06 9.4830938905943185e-06 9.483092071604915e-06 9.4411552709061652e-06 5.9366111599956639e-06 5.1103063015034422e-05 0.412933349609375 0.9962579607963562 0.99772191047668457 0.99841731786727905 0.99889940023422241 0.9992329478263855 0.99928593635559082 0.99895948171615601 0.99817168712615967 0.99722582101821899 0.99617189168930054 0.99617260694503784 0.99721372127532959 0.99816852807998657 0.99898511171340942 0.99934667348861694 0.99915480613708496 0.99888789653778076 0.99850022792816162 0.99785590171813965 0.99644732475280762 0.3815588653087616 4.5797660277457908e-05 5.9019789659942035e-06 9.4400174930342473e-06 9.483092071604915e-06 9.4830938905943185e-06 9.4830938905943185e-06 9.4830938905943185e-06 9.4830938905943185e-06 9.4830938905943185e-06 9.4830938905943185e-06 9.4830938905943185e-06 9.4830938905943185e-06 9.4830938905943185e-06 9.4830938905943185e-06 9.4830938905943185e-06 9.4830938905943185e-06 9.4830938905943185e-06 9.4830938905943185e-06 9.4830938905943185e-06 9.4830938905943185e-06 9.4830938905943185e-06
9.4830938905943185e-06 9.4830938905943185e-06 9.4830938905943185e-06 9.4830938905943185e-06 9.4830938905943185e-06 9.4830938905943185e-06 9.4830938905943185e-06 9.4830938905943185e-06 9.4830938905943185e-06 9.4830938905943185e-06 9.4830938905943185e-06 9.4830938905943185e-06 9.4830938905943185e-06 9.4830938905943185e-06 9.4830938905943185e-06 9.4830938905943185e-06 9.4830938905943185e-06 9.4830938905943185e-06 9.4823981271474622e-06 8.2926599134225398e-06 9.1874444478889927e-06 0.041539326310157776 0.99515789747238159 0.9971655011177063 0.99812889099121094 0.99869608879089355 0.99903243780136108 0.99927008152008057 0.99931418895721436 0.99920344352722168 0.999042809009552 0.99885648488998413 0.9988672137260437 0.99903994798660278 0.99921554327011108 0.99932384490966797 0.99929624795913696 0.99920612573623657 0.99879390001296997 0.99805474281311035 0.99727487564086914 0.9956095814704895 0.045268919318914413 9.5000978035386652e-06 8.2176229625474662e-06 9.4822626124368981e-06 9.4830938905943185e-06 9.4830938905943185e-06 9.4830938905943185e-06 9.4830938905943185e-06 9.4830938905943185e-06 9.4830938905943185e-06 9.4830938905943185e-06 9.4830938905943185e-06 9.4830938905943185e-06 9.4830938905943185e-06 9.4830938905943185e-06 9.4830938905943185e-06 9.4830938905943185e-06 9.4830938905943185e-06 9.4830938905943185e-06 9.4830938905943185e-06 9.4830938905943185e-06 9.4830938905943185e-06
9.4830938905943185e-06 9.4830938905943185e-06 9.4830938905943185e-06 9.4830938905943185e-06 9.4830938905943185e-06 9.4830938905943185e-06 9.4830938905943185e-06 9.4830938905943185e-06 9.4830938905943185e-06 9.4830938905943185e-06 9.4830938905943185e-06 9.4830938905943185e-06 9.4830938905943185e-06 9.4830938905943185e-06 9.4830938905943185e-06 9.4830938905943185e-06 9.4830938905943185e-06 9.4830938905943185e-06 9.4830929810996167e-06 9.4568267741124146e-06 6.1227569858601782e-06 2.9487860956578515e-05 0.38133725523948669 0.99624341726303101 0.99767231941223145 0.99839973449707031 0.99877667427062988 0.99910956621170044 0.99927645921707153 0.99929988384246826 0.9993172287940979 0.99937337636947632 0.99938631057739258 0.99934113025665283 0.9993051290512085 0.9992789626121521 0.99917680025100708 0.99882209300994873 0.998424232006073 0.99780821800231934 0.99617624282836914 0.34268346428871155 2.8835640478064306e-05 6.1687137531407643e-06 9.4588531283079647e-06 9.4830929810996167e-06 9.4830938905943185e-06 9.4830938905943185e-06 9.4830938905943185e-06 9.4830938905943185e-06 9.4830938905943185e-06 9.4830938905943185e-06 9.4830938905943185e-06 9.4830938905943185e-06 9.4830938905943185e-06 9.4830938905943185e-06 9.4830938905943185e-06 9.4830938905943185e-06 9.4830938905943185e-06 9.4830938905943185e-06 9.4830938905943185e-06 9.4830938905943185e-06 9.4830938905943185e-06 9.4830938905943185e-06
9.4830938905943185e-06 9.4830938905943185e-06 9.4830938905943185e-06 9.4830938905943185e-06 9.4830938905943185e-06 9.4830938905943185e-06 9.4830938905943185e-06 9.4830938905943185e-06 9.4830938905943185e-06 9.4830938905943185e-06 9.4830938905943185e-06 9.4830938905943185e-06 9.4830938905943185e-06 9.4830938905943185e-06 9.4830938905943185e-06 9.4830938905943185e-06 9.4830938905943185e-06 9.4830938905943185e-06 9.4830938905943185e-06 9.4830729722161777e-06 9.212376426148694e-06 5.1256306505820248e-06 0.00015177366731222719 0.87705391645431519 0.99672240018844604 0.99786168336868286 0.99827545881271362 0.99873477220535278 0.99902999401092529 0.99901002645492554 0.99918156862258911 0.99926626682281494 0.99917584657669067 0.99918568134307861 0.99902373552322388 0.99910783767700195 0.99878305196762085 0.99843651056289673 0.99780350923538208 0.99674618244171143 0.88205373287200928 0.00012807079474441707 5.0056551117449999e-06 9.2177861006348394e-06 9.4830738817108795e-06 9.4830938905943185e-06 9.4830938905943185e-06 9.4830938905943185e-06 9.4830938905943185e-06 9.4830938905943185e-06 9.4830938905943185e-06 9.4830938905943185e-06 9.4830938905943185e-06 9.4830938905943185e-06 9.4830938905943185e-06 9.4830938905943185e-06 9.4830938905943185e-06 9.4830938905943185e-06 9.4830938905943185e-06 9.4830938905943185e-06 9.4830938905943185e-06 9.4830938905943185e-06 9.4830938905943185e-06 9.4830938905943185e-06
9.4830938905943185e-06 9.4830938905943185e-06 9.4830938905943185e-06 9.4830938905943185e-06 9.4830938905943185e-06 9.4830938905943185e-06 9.4830938905943185e-06 9.4830938905943185e-06 9.4830938905943185e-06 9.4830938905943185e-06 9.4830938905943185e-06 9.4830938905943185e-06 9.4830938905943185e-06 9.4830938905943185e-06 9.4830938905943185e-06 9.4830938905943185e-06 9.4830938905943185e-06 9.4830938905943185e-06 9.4830938905943185e-06 9.4830938905943185e-06 9.4828828878235072e-06 8.6380068751168437e-06 5.0719600039883517e-06 0.0039663929492235184 0.96970975399017334 0.99648499488830566 0.9976269006729126 0.99811661243438721 0.99851983785629272 0.99871307611465454 0.99870723485946655 0.99902236461639404 0.99889391660690308 0.99869424104690552 0.99862343072891235 0.99842244386672974 0.9982903003692627 0.99774038791656494 0.99689584970474243 0.963398277759552 0.0048303739167749882 4.9901882448466495e-06 8.6495547293452546e-06 9.4828919827705249e-06 9.4830938905943185e-06 9.4830938905943185e-06 9.4830938905943185e-06 9.4830938905943185e-06 9.4830938905943185e-06 9.4830938905943185e-06 9.4830938905943185e-06 9.4830938905943185e-06 9.4830938905943185e-06 9.4830938905943185e-06 9.4830938905943185e-06 9.4830938905943185e-06 9.4830938905943185e-06 9.4830938905943185e-06 9.4830938905943185e-06 9.4830938905943185e-06 9.4830938905943185e-06 9.4830938905943185e-06 9.4830938905943185e-06 9.4830938905943185e-06
9.4830938905943185e-06 9.4830938905943185e-06 9.4830938905943185e-06 9.4830938905943185e-06 9.4830938905943185e-06 9.4830938905943185e-06 9.4830938905943185e-06 9.4830938905943185e-06 9.4830938905943185e-06 9.4830938905943185e-06 9.4830938905943185e-06 9.4830938905943185e-06 9.4830938905943185e-06 9.4830938905943185e-06 9.4830938905943185e-06 9.4830938905943185e-06 9.4830938905943185e-06 9.4830938905943185e-06 9.4830938905943185e-06 9.4830938905943185e-06 9.4830938905943185e-06 9.482419045525603e-06 8.1613243310130201e-06 5.807439265481662e-06 0.0023992112837731838 0.87132591009140015 0.99633020162582397 0.99730420112609863 0.99778956174850464 0.99807745218276978 0.99833577871322632 0.99838638305664062 0.99820774793624878 0.99813628196716309 0.9980933666229248 0.9976351261138916 0.99716156721115112 0.99684840440750122 0.85799288749694824 0.0011287321103736758 4.8492720452486537e-06 8.1680564107955433e-06 9.4824399639037438e-06 9.4830938905943185e-06 9.4830938905943185e-06 9.4830938905943185e-06 9.4830938905943185e-06 9.4830938905943185e-06 9.4830938905943185e-06 9.4830938905943185e-06 9.4830938905943185e-06 9.4830938905943185e-06 9.4830938905943185e-06 9.4830938905943185e-06 9.4830938905943185e-06 9.4830938905943185e-06 9.4830938905943185e-06 9.4830938905943185e-06 9.4830938905943185e-06 9.4830938905943185e-06 9.4830938905943185e-06 9.4830938905943185e-06 9.4830938905943185e-06 9.4830938905943185e-06
9.4830938905943185e-06 9.4830938905943185e-06 9.4830938905943185e-06 9.4830938905943185e-06 9.4830938905943185e-06 9.4830938905943185e-06 9.4830938905943185e-06 9.4830938905943185e-06 9.4830938905943185e-06 9.4830938905943185e-06 9.4830938905943185e-06 9.4830938905943185e-06 9.4830938905943185e-06 9.4830938905943185e-06 9.4830938905943185e-06 9.4830938905943185e-06 9.4830938905943185e-06 9.4830938905943185e-06 9.4830938905943185e-06 9.4830938905943185e-06 9.4830938905943185e-06 9.4830938905943185e-06 9.4819988589733839e-06 8.1519547165953554e-06 5.0643202484934591e-06 0.00028666283469647169 0.37787103652954102 0.99556863307952881 0.99669474363327026 0.99679040908813477 0.99714744091033936 0.99743950366973877 0.99716460704803467 0.99704605340957642 0.99661540985107422 0.99653398990631104 0.99509257078170776 0.41845503449440002 0.00092064769705757499 4.9990758270723745e-06 8.1698117355699651e-06 9.4820416052243672e-06 9.4830938905943185e-06 9.4830938905943185e-06 9.4830938905943185e-06 9.4830938905943185e-06 9.4830938905943185e-06 9.4830938905943185e-06 9.4830938905943185e-06 9.4830938905943185e-06 9.4830938905943185e-06 9.4830938905943185e-06 9.4830938905943185e-06 9.4830938905943185e-06 9.4830938905943185e-06 9.4830938905943185e-06 9.4830938905943185e-06 9.4830938905943185e-06 9.4830938905943185e-06 9.4830938905943185e-06 9.4830938905943185e-06 9.4830938905943185e-06 9.4830938905943185e-06 9.4830938905943185e-06
9.4830938905943185e-06 9.4830938905943185e-06 9.4830938905943185e-06 9.4830938905943185e-06 9.4830938905943185e-06 9.4830938905943185e-06 9.4830938905943185e-06 9.4830938905943185e-06 9.4830938905943185e-06 9.4830938905943185e-06 9.4830938905943185e-06 9.4830938905943185e-06 9.4830938905943185e-06 9.4830938905943185e-06 9.4830938905943185e-06 9.4830938905943185e-06 9.4830938905943185e-06 9.4830938905943185e-06 9.4830938905943185e-06 9.4830938905943185e-06 9.4830938905943185e-06 9.4830938905943185e-06 9.4830938905943185e-06 9.4823935796739534e-06 8.618600077170413e-06 4.9493510232423432e-06 2.8796142942155711e-05 0.040351260453462601 0.41814538836479187 0.91265541315078735 0.99303346872329712 0.99508160352706909 0.99379616975784302 0.99289977550506592 0.92183095216751099 0.43555641174316406 0.035369701683521271 4.8249024985125288e-05 5.0455296332074795e-06 8.6676845967303962e-06 9.4824426923878491e-06 9.4830938905943185e-06 9.4830938905943185e-06 9.4830938905943185e-06 9.4830938905943185e-06 9.4830938905943185e-06 9.4830938905943185e-06 9.4830938905943185e-06 9.4830938905943185e-06 9.4830938905943185e-06 9.4830938905943185e-06 9.4830938905943185e-06 9.4830938905943185e-06 9.4830938905943185e-06 9.4830938905943185e-06 9.4830938905943185e-06 9.4830938905943185e-06 9.4830938905943185e-06 9.4830938905943185e-06 9.4830938905943185e-06 9.4830938905943185e-06 9.4830938905943185e-06 9.4830938905943185e-06 9.4830938905943185e-06
9.4830938905943185e-06 9.4830938905943185e-06 9.4830938905943185e-06 9.4830938905943185e-06 9.4830938905943185e-06 9.4830938905943185e-06 9.4830938905943185e-06 9.4830938905943185e-06 9.4830938905943185e-06 9.4830938905943185e-06 9.4830938905943185e-06 9.4830938905943185e-06 9.4830938905943185e-06 9.4830938905943185e-06 9.4830938905943185e-06 9.4830938905943185e-06 9.4830938905943185e-06 9.4830938905943185e-06 9.4830938905943185e-06 9.4830938905943185e-06 9.4830938905943185e-06 9.4830938905943185e-06 9.4830938905943185e-06 9.4830938905943185e-06 9.4828774308552966e-06 9.2060754468548112e-06 6.1221935538924299e-06 9.4533143055741675e-06 4.3546795495785773e-05 0.00020057895744685084 0.023465944454073906 0.060030274093151093 0.044073328375816345 0.023141779005527496 0.00022858416195958853 4.8307225370081142e-05 9.6521307568764314e-06 6.146076884760987e-06 9.2291938926791772e-06 9.482903806201648e-06 9.4830938905943185e-06 9.4830938905943185e-06 9.4830938905943185e-06 9.4830938905943185e-06 9.4830938905943185e-06 9.4830938905943185e-06 9.4830938905943185e-06 9.4830938905943185e-06 9.4830938905943185e-06 9.4830938905943185e-06 9.4830938905943185e-06 9.4830938905943185e-06 9.4830938905943185e-06 9.4830938905943185e-06 9.4830938905943185e-06 9.4830938905943185e-06 9.4830938905943185e-06 9.4830938905943185e-06 9.4830938905943185e-06 9.4830938905943185e-06 9.4830938905943185e-06 9.4830938905943185e-06 9.4830938905943185e-06 9.4830938905943185e-06
9.4830938905943185e-06 9.4830938905943185e-06 9.4830938905943185e-06 9.4830938905943185e-06 9.4830938905943185e-06 9.4830938905943185e-06 9.4830938905943185e-06 9.4830938905943185e-06 9.4830938905943185e-06 9.4830938905943185e-06 9.4830938905943185e-06 9.4830938905943185e-06 9.4830938905943185e-06 9.4830938905943185e-06 9.4830938905943185e-06 9.4830938905943185e-06 9.4830938905943185e-06 9.4830938905943185e-06 9.4830938905943185e-06 9.4830938905943185e-06 9.4830938905943185e-06 9.4830938905943185e-06 9.4830938905943185e-06 9.4830938905943185e-06 9.4830938905943185e-06 9.483072062721476e-06 9.4575643743155524e-06 8.2530195868457668e-06 5.8540799727779813e-06 4.9581653911445756e-06 5.735439572163159e-06 1.0402974112366792e-05 9.1826486823265441e-06 5.6501880862924736e-06 5.0763947001541965e-06 5.8956616157956887e-06 8.2519318311824463e-06 9.4581355369882658e-06 9.4830747912055813e-06 9.4830938905943185e-06 9.4830938905943185e-06 9.4830938905943185e-06 9.4830938905943185e-06 9.4830938905943185e-06 9.4830938905943185e-06 9.4830938905943185e-06 9.4830938905943185e-06 9.4830938905943185e-06 9.4830938905943185e-06 9.4830938905943185e-06 9.4830938905943185e-06 9.4830938905943185e-06 9.4830938905943185e-06 9.4830938905943185e-06 9.4830938905943185e-06 9.4830938905943185e-06 9.4830938905943185e-06 9.4830938905943185e-06 9.4830938905943185e-06 9.4830938905943185e-06 9.4830938905943185e-06 9.4830938905943185e-06 9.4830938905943185e-06 9.4830938905943185e-06
9.4830938905943185e-06 9.4830938905943185e-06 9.4830938905943185e-06 9.4830938905943185e-06 9.4830938905943185e-06 9.4830938905943185e-06 9.4830938905943185e-06 9.4830938905943185e-06 9.4830938905943185e-06 9.4830938905943185e-06 9.4830938905943185e-06 9.4830938905943185e-06 9.4830938905943185e-06 9.4830938905943185e-06 9.4830938905943185e-06 9.4830938905943185e-06 9.4830938905943185e-06 9.4830938905943185e-06 9.4830938905943185e-06 9.4830938905943185e-06 9.4830938905943185e-06 9.4830938905943185e-06 9.4830938905943185e-06 9.4830938905943185e-06 9.4830938905943185e-06 9.4830938905943185e-06 9.4830929810996167e-06 9.482319001108408e-06 9.4397564680548385e-06 8.8886354205897078e-06 7.9649917097412981e-06 7.5185894274909515e-06 7.4935196607839316e-06 7.9565661508240737e-06 8.8709566625766456e-06 9.4388969955616631e-06 9.4823253675713204e-06 9.4830929810996167e-06 9.4830938905943185e-06 9.4830938905943185e-06 9.4830938905943185e-06 9.4830938905943185e-06 9.4830938905943185e-06 9.4830938905943185e-06 9.4830938905943185e-06 9.4830938905943185e-06 9.4830938905943185e-06 9.4830938905943185e-06 9.4830938905943185e-06 9.4830938905943185e-06 9.4830938905943185e-06 9.4830938905943185e-06 9.4830938905943185e-06 9.4830938905943185e-06 9.4830938905943185e-06 9.4830938905943185e-06 9.4830938905943185e-06 9.4830938905943185e-06 9.4830938905943185e-06 9.4830938905943185e-06 9.4830938905943185e-06 9.4830938905943185e-06 9.4830938905943185e-06 9.4830938905943185e-06
9.4830938905943185e-06 9.4830938905943185e-06 9.4830938905943185e-06 9.4830938905943185e-06 9.4830938905943185e-06 9.4830938905943185e-06 9.4830938905943185e-06 9.4830938905943185e-06 9.4830938905943185e-06 9.4830938905943185e-06 9.4830938905943185e-06 9.4830938905943185e-06 9.4830938905943185e-06 9.4830938905943185e-06 9.4830938905943185e-06 9.4830938905943185e-06 9.4830938905943185e-06 9.4830938905943185e-06 9.4830938905943185e-06 9.4830938905943185e-06 9.4830938905943185e-06 9.4830938905943185e-06 9.4830938905943185e-06 9.4830938905943185e-06 9.4830938905943185e-06 9.4830938905943185e-06 9.4830938905943185e-06 9.4830938905943185e-06 9.483092071604915e-06 9.4829747467883863e-06 9.4817605713615194e-06 9.4798460850142874e-06 9.4797496785758995e-06 9.4817114586476237e-06 9.4829647423466668e-06 9.483092071604915e-06 9.4830938905943185e-06 9.4830938905943185e-06 9.4830938905943185e-06 9.4830938905943185e-06 9.4830938905943185e-06 9.4830938905943185e-06 9.4830938905943185e-06 9.4830938905943185e-06 9.4830938905943185e-06 9.4830938905943185e-06 9.4830938905943185e-06 9.4830938905943185e-06 9.4830938905943185e-06 9.4830938905943185e-06 9.4830938905943185e-06 9.4830938905943185e-06 9.4830938905943185e-06 9.4830938905943185e-06 9.4830938905943185e-06 9.4830938905943185e-06 9.4830938905943185e-06 9.4830938905943185e-06 9.4830938905943185e-06 9.4830938905943185e-06 9.4830938905943185e-06 9.4830938905943185e-06 9.4830938905943185e-06 9.4830938905943185e-06
9.4830938905943185e-06 9.4830938905943185e-06 9.4830938905943185e-06 9.4830938905943185e-06 9.4830938905943185e-06 9.4830938905943185e-06 9.4830938905943185e-06 9.4830938905943185e-06 9.4830938905943185e-06 9.4830938905943185e-06 9.4830938905943185e-06 9.4830938905943185e-06 9.4830938905943185e-06 9.4830938905943185e-06 9.4830938905943185e-06 9.4830938905943185e-06 9.4830938905943185e-06 9.4830938905943185e-06 9.4830938905943185e-06 9.4830938905943185e-06 9.4830938905943185e-06 9.4830938905943185e-06 9.4830938905943185e-06 9.4830938905943185e-06 9.4830938905943185e-06 9.4830938905943185e-06 9.4830938905943185e-06 9.4830938905943185e-06 9.4830938905943185e-06 9.4830938905943185e-06 9.4830938905943185e-06 9.4830938905943185e-06 9.4830938905943185e-06 9.4830938905943185e-06 9.4830938905943185e-06 9.4830938905943185e-06 9.4830938905943185e-06 9.4830938905943185e-06 9.4830938905943185e-06 9.4830938905943185e-06 9.4830938905943185e-06 9.4830938905943185e-06 9.4830938905943185e-06 9.4830938905943185e-06 9.4830938905943185e-06 9.4830938905943185e-06 9.4830938905943185e-06 9.4830938905943185e-06 9.4830938905943185e-06 9.4830938905943185e-06 9.4830938905943185e-06 9.4830938905943185e-06 9.4830938905943185e-06 9.4830938905943185e-06 9.4830938905943185e-06 9.4830938905943185e-06 9.4830938905943185e-06 9.4830938905943185e-06 9.4830938905943185e-06 9.4830938905943185e-06 9.4830938905943185e-06 9.4830938905943185e-06 9.4830938905943185e-06 9.4830938905943185e-06
9.4830938905943185e-06 9.4830938905943185e-06 9.4830938905943185e-06 9.4830938905943185e-06 9.4830938905943185e-06 9.4830938905943185e-06 9.4830938905943185e-06 9.4830938905943185e-06 9.4830938905943185e-06 9.4830938905943185e-06 9.4830938905943185e-06 9.4830938905943185e-06 9.4830938905943185e-06 9.4830938905943185e-06 9.4830938905943185e-06 9.4830938905943185e-06 9.4830938905943185e-06 9.4830938905943185e-06 9.4830938905943185e-06 9.4830938905943185e-06 9.4830938905943185e-06 9.4830938905943185e-06 9.4830938905943185e-06 9.4830938905943185e-06 9.4830938905943185e-06 9.4830938905943185e-06 9.4830938905943185e-06 9.4830938905943185e-06 9.4830938905943185e-06 9.4830938905943185e-06 9.4830938905943185e-06 9.4830938905943185e-06 9.4830938905943185e-06 9.4830938905943185e-06 9.4830938905943185e-06 9.4830938905943185e-06 9.4830938905943185e-06 9.4830938905943185e-06 9.4830938905943185e-06 9.4830938905943185e-06 9.4830938905943185e-06 9.4830938905943185e-06 9.4830938905943185e-06 9.4830938905943185e-06 9.4830938905943185e-06 9.4830938905943185e-06 9.4830938905943185e-06 9.4830938905943185e-06 9.4830938905943185e-06 9.4830938905943185e-06 9.4830938905943185e-06 9.4830938905943185e-06 9.4830938905943185e-06 9.4830938905943185e-06 9.4830938905943185e-06 9.4830938905943185e-06 9.4830938905943185e-06 9.4830938905943185e-06 9.4830938905943185e-06 9.4830938905943185e-06 9.4830938905943185e-06 9.4830938905943185e-06 9.4830938905943185e-06 9.4830938905943185e-06
9.4830938905943185e-06 9.4830938905943185e-06 9.4830938905943185e-06 9.4830938905943185e-06 9.4830938905943185e-06 9.4830938905943185e-06 9.4830938905943185e-06 9.4830938905943185e-06 9.4830938905943185e-06 9.4830938905943185e-06 9.4830938905943185e-06 9.4830938905943185e-06 9.4830938905943185e-06 9.4830938905943185e-06 9.4830938905943185e-06 9.4830938905943185e-06 9.4830938905943185e-06 9.4830938905943185e-06 9.4830938905943185e-06 9.4830938905943185e-06 9.4830938905943185e-06 9.4830938905943185e-06 9.4830938905943185e-06 9.4830938905943185e-06 9.4830938905943185e-06 9.4830938905943185e-06 9.4830938905943185e-06 9.4830938905943185e-06 9.4830938905943185e-06 9.4830938905943185e-06 9.4830938905943185e-06 9.4830938905943185e-06 9.4830938905943185e-06 9.4830938905943185e-06 9.4830938905943185e-06 9.4830938905943185e-06 9.4830938905943185e-06 9.4830938905943185e-06 9.4830938905943185e-06 9.4830938905943185e-06 9.4830938905943185e-06 9.4830938905943185e-06 9.4830938905943185e-06 9.4830938905943185e-06 9.4830938905943185e-06 9.4830938905943185e-06 9.4830938905943185e-06 9.4830938905943185e-06 9.4830938905943185e-06 9.4830938905943185e-06 9.4830938905943185e-06 9.4830938905943185e-06 9.4830938905943185e-06 9.4830938905943185e-06 9.4830938905943185e-06 9.4830938905943185e-06 9.4830938905943185e-06 9.4830938905943185e-06 9.4830938905943185e-06 9.4830938905943185e-06 9.4830938905943185e-06 9.4830938905943185e-06 9.4830938905943185e-06 9.4830938905943185e-06
9.4830938905943185e-06 9.4830938905943185e-06 9.4830938905943185e-06 9.4830938905943185e-06 9.4830938905943185e-06 9.4830938905943185e-06 9.4830938905943185e-06 9.4830938905943185e-06 9.4830938905943185e-06 9.4830938905943185e-06 9.4830938905943185e-06 9.4830938905943185e-06 9.4830938905943185e-06 9.4830938905943185e-06 9.4830938905943185e-06 9.4830938905943185e-06 9.4830938905943185e-06 9.4830938905943185e-06 9.4830938905943185e-06 9.4830938905943185e-06 9.4830938905943185e-06 9.4830938905943185e-06 9.4830938905943185e-06 9.4830938905943185e-06 9.4830938905943185e-06 9.4830938905943185e-06 9.4830938905943185e-06 9.4830938905943185e-06 9.4830938905943185e-06 9.4830938905943185e-06 9.4830938905943185e-06 9.4830938905943185e-06 9.4830938905943185e-06 9.4830938905943185e-06 9.4830938905943185e-06 9.4830938905943185e-06 9.4830938905943185e-06 9.4830938905943185e-06 9.4830938905943185e-06 9.4830938905943185e-06 9.4830938905943185e-06 9.4830938905943185e-06 9.4830938905943185e-06 9.4830938905943185e-06 9.4830938905943185e-06 9.4830938905943185e-06 9.4830938905943185e-06 9.4830938905943185e-06 9.4830938905943185e-06 9.4830938905943185e-06 9.4830938905943185e-06 9.4830938905943185e-06 9.4830938905943185e-06 9.4830938905943185e-06 9.4830938905943185e-06 9.4830938905943185e-06 9.4830938905943185e-06 9.4830938905943185e-06 9.4830938905943185e-06 9.4830938905943185e-06 9.4830938905943185e-06 9.4830938905943185e-06 9.4830938905943185e-06 9.4830938905943185e-06
9.4830938905943185e-06 9.4830938905943185e-06 9.4830938905943185e-06 9.4830938905943185e-06 9.4830938905943185e-06 9.4830938905943185e-06 9.4830938905943185e-06 9.4830938905943185e-06 9.4830938905943185e-06 9.4830938905943185e-06 9.4830938905943185e-06 9.4830938905943185e-06 9.4830938905943185e-06 9.4830938905943185e-06 9.4830938905943185e-06 9.4830938905943185e-06 9.4830938905943185e-06 9.4830938905943185e-06 9.4830938905943185e-06 9.4830938905943185e-06 9.4830938905943185e-06 9.4830938905943185e-06 9.4830938905943185e-06 9.4830938905943185e-06 9.4830938905943185e-06 9.4830938905943185e-06 9.4830938905943185e-06 9.4830938905943185e-06 9.4830938905943185e-06 9.4830938905943185e-06 9.4830938905943185e-06 9.4830938905943185e-06 9.4830938905943185e-06 9.4830938905943185e-06 9.4830938905943185e-06 9.4830938905943185e-06 9.4830938905943185e-06 9.4830938905943185e-06 9.4830938905943185e-06 9.4830938905943185e-06 9.4830938905943185e-06 9.4830938905943185e-06 9.4830938905943185e-06 9.4830938905943185e-06 9.4830938905943185e-06 9.4830938905943185e-06 9.4830938905943185e-06 9.4830938905943185e-06 9.4830938905943185e-06 9.4830938905943185e-06 9.4830938905943185e-06 9.4830938905943185e-06 9.4830938905943185e-06 9.4830938905943185e-06 9.4830938905943185e-06 9.4830938905943185e-06 9.4830938905943185e-06 9.4830938905943185e-06 9.4830938905943185e-06 9.4830938905943185e-06 9.4830938905943185e-06 9.4830938905943185e-06 9.4830938905943185e-06 9.4830938905943185e-06
9.4830938905943185e-06 9.4830938905943185e-06 9.4830938905943185e-06 9.4830938905943185e-06 9.4830938905943185e-06 9.4830938905943185e-06 9.4830938905943185e-06 9.4830938905943185e-06 9.4830938905943185e-06 9.4830938905943185e-06 9.4830938905943185e-06 9.4830938905943185e-06 9.4830938905943185e-06 9.4830938905943185e-06 9.4830938905943185e-06 9.4830938905943185e-06 9.4830938905943185e-06 9.4830938905943185e-06 9.4830938905943185e-06 9.4830938905943185e-06 9.4830938905943185e-06 9.4830938905943185e-06 9.4830938905943185e-06 9.4830938905943185e-06 9.4830938905943185e-06 9.4830938905943185e-06 9.4830938905943185e-06 9.4830938905943185e-06 9.4830938905943185e-06 9.4830938905943185e-06 9.4830938905943185e-06 9.4830938905943185e-06 9.4830938905943185e-06 9.4830938905943185e-06 9.4830938905943185e-06 9.4830938905943185e-06 9.4830938905943185e-06 9.4830938905943185e-06 9.4830938905943185e-06 9.4830938905943185e-06 9.4830938905943185e-06 9.4830938905943185e-06 9.4830938905943185e-06 9.4830938905943185e-06 9.4830938905943185e-06 9.4830938905943185e-06 9.4830938905943185e-06 9.4830938905943185e-06 9.4830938905943185e-06 9.4830938905943185e-06 9.4830938905943185e-06 9.4830938905943185e-06 9.4830938905943185e-06 9.4830938905943185e-06 9.4830938905943185e-06 9.4830938905943185e-06 9.4830938905943185e-06 9.4830938905943185e-06 9.4830938905943185e-06 9.4830938905943185e-06 9.4830938905943185e-06 9.4830938905943185e-06 9.4830938905943185e-06 9.4830938905943185e-06
9.4830938905943185e-06 9.4830938905943185e-06 9.4830938905943185e-06 9.4830938905943185e-06 9.4830938905943185e-06 9.4830938905943185e-06 9.4830938905943185e-06 9.4830938905943185e-06 9.4830938905943185e-06 9.4830938905943185e-06 9.4830938905943185e-06 9.4830938905943185e-06 9.4830938905943185e-06 9.4830938905943185e-06 9.4830938905943185e-06 9.4830938905943185e-06 9.4830938905943185e-06 9.4830938905943185e-06 9.4830938905943185e-06 9.4830938905943185e-06 9.4830938905943185e-06 9.4830938905943185e-06 9.4830938905943185e-06 9.4830938905943185e-06 9.4830938905943185e-06 9.4830938905943185e-06 9.4830938905943185e-06 9.4830938905943185e-06 9.4830938905943185e-06 9.4830938905943185e-06 9.4830938905943185e-06 9.4830938905943185e-06 9.4830938905943185e-06 9.4830938905943185e-06 9.4830938905943185e-06 9.4830938905943185e-06 9.4830938905943185e-06 9.4830938905943185e-06 9.4830938905943185e-06 9.4830938905943185e-06 9.4830938905943185e-06 9.4830938905943185e-06 9.4830938905943185e-06 9.4830938905943185e-06 9.4830938905943185e-06 9.4830938905943185e-06 9.4830938905943185e-06 9.4830938905943185e-06 9.4830938905943185e-06 9.4830938905943185e-06 9.4830938905943185e-06 9.4830938905943185e-06 9.4830938905943185e-06 9.4830938905943185e-06 9.4830938905943185e-06 9.4830938905943185e-06 9.4830938905943185e-06 9.4830938905943185e-06 9.4830938905943185e-06 9.4830938905943185e-06 9.4830938905943185e-06 9.4830938905943185e-06 9.4830938905943185e-06 9.4830938905943185e-06
9.4830938905943185e-06 9.4830938905943185e-06 9.4830938905943185e-06 9.4830938905943185e-06 9.4830938905943185e-06 9.4830938905943185e-06 9.4830938905943185e-06 9.4830938905943185e-06 9.4830938905943185e-06 9.4830938905943185e-06 9.4830938905943185e-06 9.4830938905943185e-06 9.4830938905943185e-06 9.4830938905943185e-06 9.4830938905943185e-06 9.4830938905943185e-06 9.4830938905943185e-06 9.4830938905943185e-06 9.4830938905943185e-06 9.4830938905943185e-06 9.4830938905943185e-06 9.4830938905943185e-06 9.4830938905943185e-06 9.4830938905943185e-06 9.4830938905943185e-06 9.4830938905943185e-06 9.4830938905943185e-06 9.4830938905943185e-06 9.4830938905943185e-06 9.4830938905943185e-06 9.4830938905943185e-06 9.4830938905943185e-06 9.4830938905943185e-06 9.4830938905943185e-06 9.4830938905943185e-06 9.4830938905943185e-06 9.4830938905943185e-06 9.4830938905943185e-06 9.4830938905943185e-06 9.4830938905943185e-06 9.4830938905943185e-06 9.4830938905943185e-06 9.4830938905943185e-06 9.4830938905943185e-06 9.4830938905943185e-06 9.4830938905943185e-06 9.4830938905943185e-06 9.4830938905943185e-06 9.4830938905943185e-06 9.4830938905943185e-06 9.4830938905943185e-06 9.4830938905943185e-06 9.4830938905943185e-06 9.4830938905943185e-06 9.4830938905943185e-06 9.4830938905943185e-06 9.4830938905943185e-06 9.4830938905943185e-06 9.4830938905943185e-06 9.4830938905943185e-06 9.4830938905943185e-06 9.4830938905943185e-06 9.4830938905943185e-06 9.4830938905943185e-06
9.4830938905943185e-06 9.4830938905943185e-06 9.4830938905943185e-06 9.4830938905943185e-06 9.4830938905943185e-06 9.4830938905943185e-06 9.4830938905943185e-06 9.4830938905943185e-06 9.4830938905943185e-06 9.4830938905943185e-06 9.4830938905943185e-06 9.4830938905943185e-06 9.4830938905943185e-06 9.4830938905943185e-06 9.4830938905943185e-06 9.4830938905943185e-06 9.4830938905943185e-06 9.4830938905943185e-06 9.4830938905943185e-06 9.4830938905943185e-06 9.4830938905943185e-06 9.4830938905943185e-06 9.4830938905943185e-06 9.4830938905943185e-06 9.4830938905943185e-06 9.4830938905943185e-06 9.4830938905943185e-06 9.4830938905943185e-06 9.4830938905943185e-06 9.4830938905943185e-06 9.4830938905943185e-06 9.4830938905943185e-06 9.4830938905943185e-06 9.4830938905943185e-06 9.4830938905943185e-06 9.4830938905943185e-06 9.4830938905943185e-06 9.4830938905943185e-06 9.4830938905943185e-06 9.4830938905943185e-06 9.4830938905943185e-06 9.4830938905943185e-06 9.4830938905943185e-06 9.4830938905943185e-06 9.4830938905943185e-06 9.4830938905943185e-06 9.4830938905943185e-06 9.4830938905943185e-06 9.4830938905943185e-06 9.4830938905943185e-06 9.4830938905943185e-06 9.4830938905943185e-06 9.4830938905943185e-06 9.4830938905943185e-06 9.4830938905943185e-06 9.4830938905943185e-06 9.4830938905943185e-06 9.4830938905943185e-06 9.4830938905943185e-06 9.4830938905943185e-06 9.4830938905943185e-06 9.4830938905943185e-06 9.4830938905943185e-06 9.4830938905943185e-06
9.4830938905943185e-06 9.4830938905943185e-06 9.4830938905943185e-06 9.4830938905943185e-06 9.4830938905943185e-06 9.4830938905943185e-06 9.4830938905943185e-06 9.4830938905943185e-06 9.4830938905943185e-06 9.4830938905943185e-06 9.4830938905943185e-06 9.4830938905943185e-06 9.4830938905943185e-06 9.4830938905943185e-06 9.4830938905943185e-06 9.4830938905943185e-06 9.4830938905943185e-06 9.4830938905943185e-06 9.4830938905943185e-06 9.4830938905943185e-06 9.4830938905943185e-06 9.4830938905943185e-06 9.4830938905943185e-06 9.4830938905943185e-06 9.4830938905943185e-06 9.4830938905943185e-06 9.4830938905943185e-06 9.4830938905943185e-06 9.4830938905943185e-06 9.4830938905943185e-06 9.4830938905943185e-06 9.4830938905943185e-06 9.4830938905943185e-06 9.4830938905943185e-06 9.4830938905943185e-06 9.4830938905943185e-06 9.4830938905943185e-06 9.4830938905943185e-06 9.4830938905943185e-06 9.4830938905943185e-06 9.4830938905943185e-06 9.4830938905943185e-06 9.4830938905943185e-06 9.4830938905943185e-06 9.4830938905943185e-06 9.4830938905943185e-06 9.4830938905943185e-06 9.4830938905943185e-06 9.4830938905943185e-06 9.4830938905943185e-06 9.4830938905943185e-06 9.4830938905943185e-06 9.4830938905943185e-06 9.4830938905943185e-06 9.4830938905943185e-06 9.4830938905943185e-06 9.4830938905943185e-06 9.4830938905943185e-06 9.4830938905943185e-06 9.4830938905943185e-06 9.4830938905943185e-06 9.4830938905943185e-06 9.4830938905943185e-06 9.4830938905943185e-06
9.4830938905943185e-06 9.4830938905943185e-06 9.4830938905943185e-06 9.4830938905943185e-06 9.4830938905943185e-06 9.4830938905943185e-06 9.4830938905943185e-06 9.4830938905943185e-06 9.4830938905943185e-06 9.4830938905943185e-06 9.4830938905943185e-06 9.4830938905943185e-06 9.4830938905943185e-06 9.4830938905943185e-06 9.4830938905943185e-06 9.4830938905943185e-06 9.4830938905943185e-06 9.4830938905943185e-06 9.4830938905943185e-06 9.4830938905943185e-06 9.4830938905943185e-06 9.4830938905943185e-06 9.4830938905943185e-06 9.4830938905943185e-06 9.4830938905943185e-06 9.4830938905943185e-06 9.4830938905943185e-06 9.4830938905943185e-06 9.4830938905943185e-06 9.4830938905943185e-06 9.4830938905943185e-06 9.4830938905943185e-06 9.4830938905943185e-06 9.4830938905943185e-06 9.4830938905943185e-06 9.4830938905943185e-06 9.4830938905943185e-06 9.4830938905943185e-06 9.4830938905943185e-06 9.4830938905943185e-06 9.4830938905943185e-06 9.4830938905943185e-06 9.4830938905943185e-06 9.4830938905943185e-06 9.4830938905943185e-06 9.4830938905943185e-06 9.4830938905943185e-06 9.4830938905943185e-06 9.4830938905943185e-06 9.4830938905943185e-06 9.4830938905943185e-06 9.4830938905943185e-06 9.4830938905943185e-06 9.4830938905943185e-06 9.4830938905943185e-06 9.4830938905943185e-06 9.4830938905943185e-06 9.4830938905943185e-06 9.4830938905943185e-06 9.4830938905943185e-06 9.4830938905943185e-06 9.4830938905943185e-06 9.4830938905943185e-06 9.4830938905943185e-06
9.4830938905943185e-06 9.4830938905943185e-06 9.4830938905943185e-06 9.4830938905943185e-06 9.4830938905943185e-06 9.4830938905943185e-06 9.4830938905943185e-06 9.4830938905943185e-06 9.4830938905943185e-06 9.4830938905943185e-06 9.4830938905943185e-06 9.4830938905943185e-06 9.4830938905943185e-06 9.4830938905943185e-06 9.4830938905943185e-06 9.4830938905943185e-06 9.4830938905943185e-06 9.4830938905943185e-06 9.4830938905943185e-06 9.4830938905943185e-06 9.4830938905943185e-06 9.4830938905943185e-06 9.4830938905943185e-06 9.4830938905943185e-06 9.4830938905943185e-06 9.4830938905943185e-06 9.4830938905943185e-06 9.4830938905943185e-06 9.4830938905943185e-06 9.4830938905943185e-06 9.4830938905943185e-06 9.4830938905943185e-06 9.4830938905943185e-06 9.4830938905943185e-06 9.4830938905943185e-06 9.4830938905943185e-06 9.4830938905943185e-06 9.4830938905943185e-06 9.4830938905943185e-06 9.4830938905943185e-06 9.4830938905943185e-06 9.4830938905943185e-06 9.4830938905943185e-06 9.4830938905943185e-06 9.4830938905943185e-06 9.4830938905943185e-06 9.4830938905943185e-06 9.4830938905943185e-06 9.4830938905943185e-06 9.4830938905943185e-06 9.4830938905943185e-06 9.4830938905943185e-06 9.4830938905943185e-06 9.4830938905943185e-06 9.4830938905943185e-06 9.4830938905943185e-06 9.4830938905943185e-06 9.4830938905943185e-06 9.4830938905943185e-06 9.4830938905943185e-06 9.4830938905943185e-06 9.4830938905943185e-06 9.4830938905943185e-06 9.4830938905943185e-06
9.4830938905943185e-06 9.4830938905943185e-06 9.4830938905943185e-06 9.4830938905943185e-06 9.4830938905943185e-06 9.4830938905943185e-06 9.4830938905943185e-06 9.4830938905943185e-06 9.4830938905943185e-06 9.4830938905943185e-06 9.4830938905943185e-06 9.4830938905943185e-06 9.4830938905943185e-06 9.4830938905943185e-06 9.4830938905943185e-06 9.4830938905943185e-06 9.4830938905943185e-06 9.4830938905943185e-06 9.4830938905943185e-06 9.4830938905943185e-06 9.4830938905943185e-06 9.4830938905943185e-06 9.4830938905943185e-06 9.4830938905943185e-06 9.4830938905943185e-06 9.4830938905943185e-06 9.4830938905943185e-06 9.4830938905943185e-06 9.4830938905943185e-06 9.4830938905943185e-06 9.4830938905943185e-06 9.4830938905943185e-06 9.4830938905943185e-06 9.4830938905943185e-06 9.4830938905943185e-06 9.4830938905943185e-06 9.4830938905943185e-06 9.4830938905943185e-06 9.4830938905943185e-06 9.4830938905943185e-06 9.4830938905943185e-06 9.4830938905943185e-06 9.4830938905943185e-06 9.4830938905943185e-06 9.4830938905943185e-06 9.4830938905943185e-06 9.4830938905943185e-06 9.4830938905943185e-06 9.4830938905943185e-06 9.4830938905943185e-06 9.4830938905943185e-06 9.4830938905943185e-06 9.4830938905943185e-06 9.4830938905943185e-06 9.4830938905943185e-06 9.4830938905943185e-06 9.4830938905943185e-06 9.4830938905943185e-06 9.4830938905943185e-06 9.4830938905943185e-06 9.4830938905943185e-06 9.4830938905943185e-06 9.4830938905943185e-06 9.4830938905943185e-06
9.4830938905943185e-06 9.4830938905943185e-06 9.4830938905943185e-06 9.4830938905943185e-06 9.4830938905943185e-06 9.4830938905943185e-06 9.4830938905943185e-06 9.4830938905943185e-06 9.4830938905943185e-06 9.4830938905943185e-06 9.4830938905943185e-06 9.4830938905943185e-06 9.4830938905943185e-06 9.4830938905943185e-06 9.4830938905943185e-06 9.4830938905943185e-06 9.4830938905943185e-06 9.4830938905943185e-06 9.4830938905943185e-06 9.4830938905943185e-06 9.4830938905943185e-06 9.4830938905943185e-06 9.4830938905943185e-06 9.4830938905943185e-06 9.4830938905943185e-06 9.4830938905943185e-06 9.4830938905943185e-06 9.4830938905943185e-06 9.4830938905943185e-06 9.4830938905943185e-06 9.4830938905943185e-06 9.4830938905943185e-06 9.4830938905943185e-06 9.4830938905943185e-06 9.4830938905943185e-06 9.4830938905943185e-06 9.4830938905943185e-06 9.4830938905943185e-06 9.4830938905943185e-06 9.4830938905943185e-06 9.4830938905943185e-06 9.4830938905943185e-06 9.4830938905943185e-06 9.4830938905943185e-06 9.4830938905943185e-06 9.4830938905943185e-06 9.4830938905943185e-06 9.4830938905943185e-06 9.4830938905943185e-06 9.4830938905943185e-06 9.4830938905943185e-06 9.4830938905943185e-06 9.4830938905943185e-06 9.4830938905943185e-06 9.4830938905943185e-06 9.4830938905943185e-06 9.4830938905943185e-06 9.4830938905943185e-06 9.4830938905943185e-06 9.4830938905943185e-06 9.4830938905943185e-06 9.4830938905943185e-06 9.4830938905943185e-06 9.4830938905943185e-06
9.4830938905943185e-06 9.4830938905943185e-06 9.4830938905943185e-06 9.4830938905943185e-06 9.4830938905943185e-06 9.4830938905943185e-06 9.4830938905943185e-06 9.4830938905943185e-06 9.4830938905943185e-06 9.4830938905943185e-06 9.4830938905943185e-06 9.4830938905943185e-06 9.4830938905943185e-06 9.4830938905943185e-06 9.4830938905943185e-06 9.4830938905943185e-06 9.4830938905943185e-06 9.4830938905943185e-06 9.4830938905943185e-06 9.4830938905943185e-06 9.4830938905943185e-06 9.4830938905943185e-06 9.4830938905943185e-06 9.4830938905943185e-06 9.4830938905943185e-06 9.4830938905943185e-06 9.4830938905943185e-06 9.4830938905943185e-06 9.4830938905943185e-06 9.4830938905943185e-06 9.4830938905943185e-06 9.4830938905943185e-06 9.4830938905943185e-06 9.4830938905943185e-06 9.4830938905943185e-06 9.4830938905943185e-06 9.4830938905943185e-06 9.4830938905943185e-06 9.4830938905943185e-06 9.4830938905943185e-06 9.4830938905943185e-06 9.4830938905943185e-06 9.4830938905943185e-06 9.4830938905943185e-06 9.4830938905943185e-06 9.4830938905943185e-06 9.4830938905943185e-06 9.4830938905943185e-06 9.4830938905943185e-06 9.4830938905943185e-06 9.4830938905943185e-06 9.4830938905943185e-06 9.4830938905943185e-06 9.4830938905943185e-06 9.4830938905943185e-06 9.4830938905943185e-06 9.4830938905943185e-06 9.4830938905943185e-06 9.4830938905943185e-06 9.4830938905943185e-06 9.4830938905943185e-06 9.4830938905943185e-06 9.4830938905943185e-06 9.4830938905943185e-06
9.4830938905943185e-06 9.4830938905943185e-06 9.4830938905943185e-06 9.4830938905943185e-06 9.4830938905943185e-06 9.4830938905943185e-06 9.4830938905943185e-06 9.4830938905943185e-06 9.4830938905943185e-06 9.4830938905943185e-06 9.4830938905943185e-06 9.4830938905943185e-06 9.4830938905943185e-06 9.4830938905943185e-06 9.4830938905943185e-06 9.4830938905943185e-06 9.4830938905943185e-06 9.4830938905943185e-06 9.4830938905943185e-06 9.4830938905943185e-06 9.4830938905943185e-06 9.4830938905943185e-06 9.4830938905943185e-06 9.4830938905943185e-06 9.4830938905943185e-06 9.4830938905943185e-06 9.4830938905943185e-06 9.4830938905943185e-06 9.4830938905943185e-06 9.4830938905943185e-06 9.4830938905943185e-06 9.4830938905943185e-06 9.4830938905943185e-06 9.4830938905943185e-06 9.4830938905943185e-06 9.4830938905943185e-06 9.4830938905943185e-06 9.4830938905943185e-06 9.4830938905943185e-06 9.4830938905943185e-06 9.4830938905943185e-06 9.4830938905943185e-06 9.4830938905943185e-06 9.4830938905943185e-06 9.4830938905943185e-06 9.4830938905943185e-06 9.4830938905943185e-06 9.4830938905943185e-06 9.4830938905943185e-06 9.4830938905943185e-06 9.4830938905943185e-06 9.4830938905943185e-06 9.4830938905943185e-06 9.4830938905943185e-06 9.4830938905943185e-06 9.4830938905943185e-06 9.4830938905943185e-06 9.4830938905943185e-06 9.4830938905943185e-06 9.4830938905943185e-06 9.4830938905943185e-06 9.4830938905943185e-06 9.4830938905943185e-06 9.4830938905943185e-06
9.4830938905943185e-06 9.4830938905943185e-06 9.4830938905943185e-06 9.4830938905943185e-06 9.4830938905943185e-06 9.4830938905943185e-06 9.4830938905943185e-06 9.4830938905943185e-06 9.4830938905943185e-06 9.4830938905943185e-06 9.4830938905943185e-06 9.4830938905943185e-06 9.4830938905943185e-06 9.4830938905943185e-06 9.4830938905943185e-06 9.4830938905943185e-06 9.4830938905943185e-06 9.4830938905943185e-06 9.4830938905943185e-06 9.4830938905943185e-06 9.4830938905943185e-06 9.4830938905943185e-06 9.4830938905943185e-06 9.4830938905943185e-06 9.4830938905943185e-06 9.4830938905943185e-06 9.4830938905943185e-06 9.4830938905943185e-06 9.4830938905943185e-06 9.4830938905943185e-06 9.4830938905943185e-06 9.4830938905943185e-06 9.4830938905943185e-06 9.4830938905943185e-06 9.4830938905943185e-06 9.4830938905943185e-06 9.4830938905943185e-06 9.4830938905943185e-06 9.4830938905943185e-06 9.4830938905943185e-06 9.4830938905943185e-06 9.4830938905943185e-06 9.4830938905943185e-06 9.4830938905943185e-06 9.4830938905943185e-06 9.4830938905943185e-06 9.4830938905943185e-06 9.4830938905943185e-06 9.4830938905943185e-06 9.4830938905943185e-06 9.4830938905943185e-06 9.4830938905943185e-06 9.4830938905943185e-06 9.4830938905943185e-06 9.4830938905943185e-06 9.4830938905943185e-06 9.4830938905943185e-06 9.4830938905943185e-06 9.4830938905943185e-06 9.4830938905943185e-06 9.4830938905943185e-06 9.4830938905943185e-06 9.4830938905943185e-06 9.4830938905943185e-06
@ time_3 
1
@ nh_3 64 64
100 100 100 100 100 100 100 100 100 100 100 100 100 100 100 100 100 100 100 100 100 100 100 100 100 100 100 100 100 100 100 100 100 100 100 100 100 100 100 100 100 100 100 100 100 100 100 100 100 100 100 100 100 100 100 100 100 100 100 100 100 100 100 100
100 100 100 100 100 100 100 100 100 100 100 100 100 100 100 100 100 100 100 100 100 100 100 100 100 100 100 100 100 100 100 100 100 100 100 100 100 100 100 100 100 100 100 100 100 100 100 100 100 100 100 100 100 100 100 100 100 100 100 100 100 100 100 100
100 100 100 100 100 100 100 100 100 100 100 100 100 100 100 100 100 100 100 100 100 100 100 100 100 100 100 100 100 100 100 100 100 100 100 100 100 100 100 100 100 100 100 100 100 100 100 100 100 100 100 100 100 100 100 100 100 100 100 100 100 100 100 100
100 100 100 100 100 100 100 100 100 100 100 100 100 100 100 100 100 100 100 100 100 100 100 100 100 100 100 100 100 100 100 100 100 100 100 100 100 100 100 100 100 100 100 100 100 100 100 100 100 100 100 100 100 100 100 100 100 100 100 100 100 100 100 100
100 100 100 100 100 100 100 100 100 100 100 100 100 100 100 100 100 100 100 100 100 100 100 100 100 100 100 100 100 100 100 100 100 100 100 100 100 100 100 100 100 100 100 100 100 100 100 100 100 100 100 100 100 100 100 100 100 100 100 100 100 100 100 100
100 100 100 100 100 100 100 100 100 100 100 100 100 100 100 100 100 100 100 100 100 100 100 100 100 100 100 100 100 100 100 100 100 100 100 100 100 100 100 100 100 100 100 100 100 100 100 100 100 100 100 100 100 100 100 100 100 100 100 100 100 100 100 100
100 100 100 100 100 100 100 100 100 100 100 100 100 100 100 100 100 100 100 100 100 100 100 100 100 100 100 100 100 100 100 100 100 100 100 100 100 100 100 100 100 100 100 100 100 100 100 100 100 100 100 100 100 100 100 100 100 100 100 100 100 100 100 100
100 100 100 100 100 100 100 100 100 100 100 100 100 100 100 100 100 100 100 100 100 100 100 100 100 100 100 100 100 100 100 100 100 100 100 100 100 100 100 100 100 100 100 100 100 100 100 100 100 100 100 100 100 100 100 100 100 100 100 100 100 100 100 100
100 100 100 100 100 100 100 100 100 100 100 100 100 100 100 100 100 100 100 100 100 100 100 100 100 100 100 100 100 100 100 100 100 100 100 100 100 100 100 100 100 100 100 100 100 100 100 100 100 100 100 100 100 100 100 100 100 100 100 100 100 100 100 100
100 100 100 100 100 100 100 100 100 100 100 100 100 100 100 100 100 100 100 100 100 100 100 100 100 100 100 100 100 100 100 100 100 100 100 100 100 100 100 100 100 100 100 100 100 100 100 100 100 100 100 100 100 100 100 100 100 100 100 100 100 100 100 100
100 100 100 100 100 100 100 100 100 100 100 100 100 100 100 100 100 100 100 100 100 100 100 100 100 100 100 100 100 100 100 100 100 100 100 100 100 100 100 100 100 100 100 100 100 100 100 100 100 100 100 100 100 100 100 100 100 100 100 100 100 100 100 100
100 100 100 100 100 100 100 100 100 100 100 100 100 100 100 100 100 100 100 100 100 100 100 100 100 100 100 100 100 100 100 100 100 100 100 100 100 100 100 100 100 100 100 100 100 100 100 100 100 100 100 100 100 100 100 100 100 100 100 100 100 100 100 100
100 100 100 100 100 100 100 100 100 100 100 100 100 100 100 100 100 100 100 100 100 100 100 100 100 100 100 100 100 100 100 100 100 100 100 100 100 100 100 100 100 100 100 100 100 100 100 100 100 100 100 100 100 100 100 100 100 100 100 100 100 100 100 100
100 100 100 100 100 100 100 100 100 100 100 100 100 100 100 100 100 100 100 100 100 100 100 100 100 100 100 100 100 100.00001089913505 100.00005449567523 100.00008719308036 100.00008719308036 100.00005449567523 100.00001089913505 100 100 100 100 100 100 100 100 100 100 100 100 100 100 100 100 100 100 100 100 100 100 100 100 100 100 100 100 100
100 100 100 100 100 100 100 100 100 100 100 100 100 100 100 100 100 100 100 100 100 100 100 100 100 100 100 100.00054495675224 100.03183637346541 100.286865234375 100.59838431222099 100.7900129045759 100.81218174525671 100.6332724434989 100.24462018694197 100.02993992396765 100.00053405761719 100 100 100 100 100 100 100 100 100 100 100 100 100 100 100 100 100 100 100 100 100 100 100 100 100 100 100
100 100 100 100 100 100 100 100 100 100 100 100 100 100 100 100 100 100 100 100 100 100 100 100 100 100.00068664550781 100.15539986746653 102.99872262137278 123.60621861049108 158.94887651715962 179.06998770577567 186.81158883231029 188.42673165457592 180.41712079729353 155.30388968331474 123.10351780482702 102.86932809012278 100.14893668038505 100.00059945242747 100 100 100 100 100 100 100 100 100 100 100 100 100 100 100 100 100 100 100 100 100 100 100 100 100
100 100 100 100 100 100 100 100 100 100 100 100 100 100 100 100 100 100 100 100 100 100 100 100.0000217982701 100.04210335867747 103.51063319614956 147.53532409667969 240.01379830496654 326.15862165178572 361.44566127232144 356.9549560546875 342.161865234375 351.04590279715404 356.42059326171875 357.06355503627236 323.916015625 239.56475394112724 146.89186096191406 103.16069466727122 100.03764561244421 100.0000217982701 100 100 100 100 100 100 100 100 100 100 100 100 100 100 100 100 100 100 100 100 100 100 100
100 100 100 100 100 100 100 100 100 100 100 100 100 100 100 100 100 100 100 100 100 100 100.00019618443081 100.3999982561384 129.79714529854911 261.78789411272322 345.79088483537947 283.86805943080361 190.61305454799108 116.25377110072546 85.138130187988281 69.140641348702573 75.247639247349341 84.791837419782368 117.5393785749163 190.08122035435269 289.58964756556924 345.77782767159601 256.05601719447549 128.79076276506697 100.39287022181921 100.00018528529577 100 100 100 100 100 100 100 100 100 100 100 100 100 100 100 100 100 100 100 100 100 100
100 100 100 100 100 100 100 100 100 100 100 100 100 100 100 100 100 100 100 100 100 100.00087193080358 101.63843427385603 180.46311514718192 380.80509730747769 314.725341796875 109.50377328055247 30.083321162632537 16.515986578805109 13.284526552472796 12.243859427315849 12.103531701224192 11.842778069632395 12.186088562011719 13.189612797328405 16.384369986397882 31.222215379987446 111.11643110002791 313.68536812918529 378.33465576171875 179.66013227190291 101.56563895089286 100.00079563685827 100 100 100 100 100 100 100 100 100 100 100 100 100 100 100 100 100 100 100 100 100
100 100 100 100 100 100 100 100 100 100 100 100 100 100 100 100 100 100 100 100 100.00177655901228 103.8139888218471 243.25219290597099 425.36917550223217 207.34065464564733 29.208924429757257 11.861343383789062 13.184071949550084 14.117920739310129 14.268309729439872 14.214710508074081 14.207897186279299 14.096596581595286 14.177622113909042 14.209267752511161 14.172804696219309 13.081565584455218 11.812635149274554 30.23129326956613 205.25863647460938 418.902587890625 239.41281999860493 103.60399518694197 100.00162397112166 100 100 100 100 100 100 100 100 100 100 100 100 100 100 100 100 100 100 100 100
100 100 100 100 100 100 100 100 100 100 100 100 100 100 100 100 100 100 100 100.00175476074219 104.85881260463171 281.77019391741072 430.63380650111611 112.50652858189174 13.631895610264371 13.521949223109655 13.565078462873187 13.637049538748606 14.098945345197405 14.477915082659042 14.676478249686106 14.696649823869979 14.651885713849749 14.629708698817662 14.499224254063199 14.16886193411691 13.49487032209124 13.494875771658762 13.461080278669085 13.621375220162529 108.46491132463728 423.66965157645092 278.17744663783486 104.61693899972099 100.00161307198661 100 100 100 100 100 100 100 100 100 100 100 100 100 100 100 100 100 100 100
100 100 100 100 100 100 100 100 100 100 100 100 100 100 100 100 100 100 100.00085013253349 103.74371119907924 280.90253557477678 418.97260393415183 73.314497811453691 11.087283406938827 13.658789225987027 13.899804524012975 14.360434668404716 14.421448026384628 14.484747477940152 14.728777749197825 14.829823630196708 14.895661217825754 14.903253827776229 14.849170957292831 14.744896207536971 14.538544246128629 14.395062582833427 14.340754917689733 13.852863311767578 13.654147556849889 10.930395807538714 74.067769731794087 417.18532017299111 276.81128365652904 103.58654567173549 100.00078473772322 100 100 100 100 100 100 100 100 100 100 100 100 100 100 100 100 100 100
100 100 100 100 100 100 100 100 100 100 100 100 100 100 100 100 100 100.00019618443081 101.63017272949219 240.94981602260046 422.85413469587058 72.816036769321997 10.689442498343332 13.29793793814523 14.370788846697128 14.389960425240654 14.718446731567385 14.964838027954103 15.024632045200894 15.014677047729494 15.093359266008651 15.142124720982144 15.132446289062502 15.104063579014371 15.1072325025286 15.021922247750419 14.963987895420621 14.677595411028182 14.335872105189733 14.333957944597518 13.227240698678154 10.729878289358957 73.392502920968198 423.45899309430808 239.85124860491072 101.58323015485492 100.00018528529577 100 100 100 100 100 100 100 100 100 100 100 100 100 100 100 100 100
100 100 100 100 100 100 100 100 100 100 100 100 100 100 100 100 100.0000217982701 100.40569850376674 180.5230930873326 415.67256382533486 104.75338527134487 10.926254817417691 13.288228171212333 14.500132969447545 14.5373044695173 14.749437059674944 14.952917098999025 15.143849509102958 15.205287933349611 15.25531360081264 15.329630715506418 15.329533985682897 15.32970564705985 15.341332299368723 15.27824946812221 15.210259301321848 15.112675258091519 14.896300179617747 14.717029844011581 14.423874446323941 14.506767817905972 13.227254322596959 10.948905944824219 108.070068359375 419.00181361607144 180.19541059221541 100.40042332240515 100.0000217982701 100 100 100 100 100 100 100 100 100 100 100 100 100 100 100 100
100 100 100 100 100 100 100 100 100 100 100 100 100 100 100 100 100.04222324916296 129.8239244733538 378.78365652901789 202.47081211635046 13.331887381417411 13.600196838378906 14.387719290597099 14.483702523367747 14.72867284502302 15.014884131295341 15.06509508405413 15.084886550903322 15.171328953334264 15.230825969151089 15.2862971169608 15.280276707240514 15.348151070731028 15.270346232822964 15.242686952863421 15.174725396292551 15.091965539114817 15.083712169102261 14.999089922223773 14.740306309291295 14.462995529174806 14.382456370762418 13.621015548706055 13.424617222377233 201.93468366350447 375.82942417689736 129.4873264857701 100.04107883998327 100 100 100 100 100 100 100 100 100 100 100 100 100 100 100 100
100 100 100 100 100 100 100 100 100 100 100 100 100 100 100 100.0006103515625 103.25003487723215 258.56377737862726 315.0286865234375 29.781766619001118 13.5524777003697 13.961035864693779 14.405024392264231 14.711092540196011 14.960092817034042 15.0457273210798 15.038092476981028 14.995916911533902 14.995039531162808 15.000775200980051 15.019226074218752 15.030190604073661 15.057992935180666 15.019930430821011 14.999241147722518 15.003036771501815 14.97302600315639 15.035276412963869 15.088660376412529 15.000453676496234 14.714648383004326 14.376200267246793 13.966477257864817 13.700219563075475 28.352919987269811 305.70643833705361 254.60924421037947 103.21817670549666 100.00057765415737 100 100 100 100 100 100 100 100 100 100 100 100 100 100 100
100 100 100 100 100 100 100 100 100 100 100 100 100 100 100 100.1565660749163 148.35170200892858 349.78321620396207 110.51470075334822 11.953905650547574 13.654390062604632 14.448633193969728 14.7497068132673 14.949631009783065 15.035023008074081 15.02856799534389 14.95314053126744 14.82998847961426 14.716897691999163 14.664663587297714 14.625483921595983 14.580078125000002 14.600336892264231 14.622443062918528 14.67050007411412 14.723761422293528 14.844931193760464 14.978032793317523 15.055725915091379 15.080214909144811 14.936853136335101 14.70247268676758 14.359494618007115 13.624369757516044 11.938119615827288 108.77538408551898 338.74932425362726 144.84837123325894 100.13508387974331 100 100 100 100 100 100 100 100 100 100 100 100 100 100 100
100 100 100 100 100 100 100 100 100 100 100 100 100 100 100.00052315848215 102.8938947405134 238.73726981026786 286.25137329101562 30.8205441066197 13.208374295915878 13.703061512538365 14.565541403634208 15.026299612862724 15.130766459873746 15.083585466657366 14.99349730355399 14.799900054931642 14.620744160243444 14.417775017874582 14.2279475075858 14.086739676339286 13.99270738874163 14.01707104274205 14.107686451503209 14.231982912336077 14.416848591395787 14.675812040056503 14.871635437011721 15.011260168892997 15.113965443202428 15.155360358101982 14.956348964146207 14.415904453822545 13.579056603567942 13.224180766514371 31.715534755161833 294.0753173828125 246.4270237513951 103.26747349330358 100.00062125069755 100 100 100 100 100 100 100 100 100 100 100 100 100 100
100 100 100 100 100 100 100 100 100 100 100 100 100 100 100.03865923200335 125.45873369489398 327.96831403459822 182.68482753208707 15.789059230259488 14.11282811846052 14.192722865513394 14.644087382725308 15.099167142595565 15.270945685250419 15.209494999476842 15.009078979492189 14.768355233328684 14.411875861031669 14.053895132882255 13.75814301627023 13.568777356828964 13.450953619820732 13.467559814453125 13.590023858206614 13.786325454711914 14.093351364135744 14.442578724452428 14.735814503261022 14.98532295227051 15.19012178693499 15.233005796160018 15.042349951607841 14.521891730172294 14.122048786708287 14.19163158961705 17.270014626639231 202.46102469308036 333.08589390345986 123.9810507638114 100.03232683454242 100 100 100 100 100 100 100 100 100 100 100 100 100 100
100 100 100 100 100 100 100 100 100 100 100 100 100 100.00001089913505 100.27555193219867 158.11031886509488 358.85476248604914 115.15594482421876 13.244761058262418 14.271719796316965 14.498281478881838 14.794280188424247 15.098161697387697 15.298564093453544 15.280583245413645 15.022911344255721 14.653906141008651 14.225418908255442 13.760168892996653 13.404985155378069 13.215100424630302 13.149903161185129 13.155971254621234 13.23981421334403 13.4407833644322 13.784392220633372 14.223899841308596 14.67400142124721 15.031679698399136 15.270932061331614 15.283942903791155 15.063973835536412 14.712731497628349 14.447916575840543 14.300588880266464 13.551488603864398 117.74562290736608 360.35563877650674 155.92520577566964 100.24693080357143 100.00001089913505 100 100 100 100 100 100 100 100 100 100 100 100 100
100 100 100 100 100 100 100 100 100 100 100 100 100 100.00005449567523 100.61139787946429 178.39059012276786 348.08343069893976 82.121233258928584 12.374832970755442 14.204883575439455 14.63181631905692 14.82156481061663 15.134848185947964 15.342739650181363 15.319129398890905 15.047412599836077 14.638276781354632 14.086227416992189 13.558188847133092 13.21324348449707 13.102645874023438 13.161521639142718 13.16293443952288 13.120446886335101 13.223721640450615 13.571596145629883 14.103024346487864 14.631124223981585 15.049815859113421 15.315504074096681 15.342501231602261 15.155301775251116 14.854247229439872 14.696211133684432 14.212664195469449 12.380612237112864 81.724466596330927 354.00279453822549 179.74227905273438 100.61521257672992 100.00005449567523 100 100 100 100 100 100 100 100 100 100 100 100 100
100 100 100 100 100 100 100 100 100 100 100 100 100 100.00009809221541 100.86237226213728 189.79073660714286 341.91866193498885 66.692662920270649 12.178291593279159 14.18470791407994 14.675436019897463 14.959193638392858 15.187260763985771 15.392411095755442 15.370618275233678 15.070739473615374 14.6114376613072 13.994806834629605 13.454978125435966 13.141636167253768 13.158972603934153 13.595845358712333 13.596715927124023 13.160392216273717 13.141764232090543 13.443036760602679 13.983027594430107 14.555755342755999 15.054397583007814 15.287149974278043 15.398420606340682 15.222370965140207 15.005916867937362 14.806205204554967 14.289975847516741 12.024192810058594 75.041787283761167 359.61227416992188 193.47950526646207 100.8981432233538 100.00010899135046 100 100 100 100 100 100 100 100 100 100 100 100 100
100 100 100 100 100 100 100 100 100 100 100 100 100 100.00013078962054 101.0214342389788 196.82449340820312 361.4465550013951 77.425237383161274 11.75100190298898 13.996381759643555 14.535462515694755 14.852545601981028 15.118383680071151 15.29845918927874 15.326990400041854 15.058071953909739 14.609347752162389 13.995998927525113 13.452810559953964 13.139478138514928 13.158050264630999 13.59492301940918 13.594387599400113 13.155441284179688 13.137223379952568 13.446411405290878 14.001459394182479 14.590018136160715 15.08847781590053 15.346228735787529 15.377122334071569 15.194060461861747 14.949460710797991 14.759070532662529 14.26398277282715 12.12232998439244 74.197698320661274 355.03999982561385 190.32424926757812 100.82950047084265 100.00008719308036 100 100 100 100 100 100 100 100 100 100 100 100 100
100 100 100 100 100 100 100 100 100 100 100 100 100 100.00007629394531 100.78358241489956 188.02832467215404 364.68355451311385 84.450334821428584 12.233687809535436 14.180363246372769 14.586871010916575 14.845296314784459 15.141969408307757 15.35684313092913 15.325750623430526 15.041224615914482 14.633970260620119 14.108892168317523 13.586255482264928 13.232529503958567 13.116418293544225 13.162862232753209 13.157790047781809 13.105479649135045 13.205191748482841 13.557496752057757 14.078401838030135 14.614564350673131 15.02917698451451 15.291144507271904 15.389674050467356 15.178249904087613 14.885725293840682 14.701042175292971 14.294795989990236 12.403456824166435 83.259424482073115 358.17694527762279 181.60114833286832 100.64554486955916 100.00005449567523 100 100 100 100 100 100 100 100 100 100 100 100 100
100 100 100 100 100 100 100 100 100 100 100 100 100 100.00001089913505 100.28153555733817 159.42358834402901 369.09375871930808 123.06150163922992 13.486971173967635 14.326986585344589 14.588270187377931 14.722670146397183 15.121424538748606 15.315508161272323 15.268238612583707 15.039826801845006 14.683747972760882 14.257580893380302 13.789189202444895 13.431972776140487 13.232063565935409 13.160555703299387 13.148608888898577 13.217597688947405 13.409553255353655 13.744540895734515 14.206236430576871 14.652239935738701 14.983061381748746 15.235090255737306 15.307671683175224 15.083819798060826 14.751565115792411 14.55716133117676 14.356531415666854 13.458708354404996 123.73955862862724 368.76046316964289 157.75210789271765 100.26233128138952 100.00001089913505 100 100 100 100 100 100 100 100 100 100 100 100 100
100 100 100 100 100 100 100 100 100 100 100 100 100 100 100.0313459123884 123.65703037806921 328.66217476981029 194.54818725585938 16.712946210588729 14.241463797433036 14.137531008039202 14.545249938964846 15.052096503121513 15.251447132655553 15.201967784336636 15.019664764404299 14.769037791660855 14.419957569667272 14.074454988752093 13.787164688110352 13.584788186209543 13.474043437412808 13.453127997262138 13.566141128540039 13.756585802350726 14.060510907854354 14.39267430986677 14.688719340733121 14.958955219813756 15.155165536063059 15.20232881818499 14.994114467075894 14.507414954049247 14.12048067365374 14.236055101667132 17.080563136509486 203.66714477539062 335.06384713309154 124.1812242780413 100.03279549734934 100 100 100 100 100 100 100 100 100 100 100 100 100 100
100 100 100 100 100 100 100 100 100 100 100 100 100 100 100.0005122593471 102.82586233956474 239.14661952427457 291.53108869280135 32.13460104806083 13.344888687133789 13.652482713971819 14.440299442836217 14.977329799107144 15.132312774658205 15.079768044607981 14.97943469456264 14.822297777448382 14.616094316755023 14.423528398786273 14.227634157453265 14.115289960588729 14.016301291329521 14.004655565534319 14.088268280029299 14.211442129952568 14.404401779174806 14.641280855451312 14.811526707240514 14.943205969674247 15.043415342058456 15.112333297729494 14.931970323835101 14.369848796299527 13.477542059762138 13.000729424612864 33.724223545619424 299.27313668387279 243.96451677594868 103.03277151925224 100.0006103515625 100 100 100 100 100 100 100 100 100 100 100 100 100 100
100 100 100 100 100 100 100 100 100 100 100 100 100 100 100 100.13436453683036 145.40819440569197 348.69618007114957 115.00726972307478 12.105162484305247 13.700862612043109 14.334369386945452 14.618562970842635 14.888054983956474 15.046016148158483 15.049076080322267 14.928971699305944 14.834894452776229 14.743502480643137 14.642139162336077 14.651402064732144 14.613696507045201 14.572576795305526 14.606967653547015 14.663873400006976 14.73742893763951 14.814299174717496 14.935554776872909 15.040537970406669 15.056646892002652 14.898452758789064 14.64080538068499 14.303874969482424 13.502201352800643 11.851753507341659 114.41443307059153 345.12789045061385 144.99639238630024 100.13423374720983 100 100 100 100 100 100 100 100 100 100 100 100 100 100 100
100 100 100 100 100 100 100 100 100 100 100 100 100 100 100 100.00064304896765 103.42553274972099 261.55016217912947 318.21027483258928 30.061037881033762 13.66152082170759 13.905608313424247 14.338171822684153 14.734745025634767 15.024938583374025 15.084774834769114 15.055695942470006 14.998765672956194 14.985494613647463 15.032766887119839 15.016653878348215 15.065909794398717 15.02997398376465 15.060309001377652 14.985344750540598 14.964821679251536 14.9785886492048 15.040437153407506 15.085682187761581 15.023536682128908 14.739467075892858 14.318139212472099 13.901205062866211 13.574852262224471 32.030683244977681 320.66759381975447 257.82562255859375 103.19660731724331 100.00058855329242 100 100 100 100 100 100 100 100 100 100 100 100 100 100 100
100 100 100 100 100 100 100 100 100 100 100 100 100 100 100 100 100.03646850585938 128.28289576939176 377.91874476841519 208.63784790039062 13.740177154541016 13.621992383684432 14.307300022670201 14.48281696864537 14.719471250261581 15.04676001412528 15.085007803780693 15.122849600655693 15.195020948137557 15.255783626011441 15.308292933872769 15.331431797572545 15.268007005964007 15.259580612182619 15.220913205827987 15.189526421683176 15.1001398903983 15.095942361014231 15.024792807442802 14.757450648716519 14.470942361014231 14.326071058000839 13.649575369698661 14.073493140084404 218.09592110770092 386.76055908203125 129.02139936174666 100.03851754324778 100 100 100 100 100 100 100 100 100 100 100 100 100 100 100 100
100 100 100 100 100 100 100 100 100 100 100 100 100 100 100 100 100.0000217982701 100.38111005510603 179.03984069824219 420.177001953125 108.68204389299666 11.021613393511092 13.197845731462753 14.464337485177177 14.494620731898717 14.742322649274554 14.981512342180526 15.158393042428154 15.290733064923968 15.315378734043668 15.345418112618583 15.372189113071988 15.322479520525253 15.303294318062919 15.298359734671457 15.246083395821708 15.126239231654576 14.920740127563478 14.749010631016324 14.466851098196848 14.537124633789064 13.22535378592355 10.997785159519742 112.07330976213728 428.75374930245539 182.22843715122769 100.40484837123327 100.0000217982701 100 100 100 100 100 100 100 100 100 100 100 100 100 100 100 100
100 100 100 100 100 100 100 100 100 100 100 100 100 100 100 100 100 100.00019618443081 101.63539341517858 241.72823224748885 419.14890834263394 68.808675493512837 10.873114722115654 13.226066316877093 14.335370744977679 14.373340606689455 14.730743680681503 15.005272456577847 15.093044553484237 15.097870145525253 15.161642347063339 15.160357611519951 15.1108946119036 15.102540424891881 15.112746102469309 15.030648367745536 15.007049015590123 14.66036115373884 14.360681261335101 14.381441388811385 13.219190325055804 10.749964714050293 70.476668221609941 423.46466064453125 243.90202113560269 101.69021606445312 100.00020708356585 100 100 100 100 100 100 100 100 100 100 100 100 100 100 100 100 100
100 100 100 100 100 100 100 100 100 100 100 100 100 100 100 100 100 100 100.00086103166853 103.78336225237166 279.99579293387279 407.25790841238842 66.854509626116069 11.052034923008511 13.635753904070175 13.998237337384905 14.411908558436803 14.492622103009905 14.581759316580637 14.742190497262138 14.855397088187082 14.960902077811106 14.871011461530413 14.890604019165041 14.775495529174806 14.535442079816546 14.469064985002792 14.344184058053154 13.89352253505162 13.626553671700615 11.012707437787737 71.309400285993306 413.99183000837058 280.27572631835938 103.78529139927456 100.00087193080358 100 100 100 100 100 100 100 100 100 100 100 100 100 100 100 100 100 100
100 100 100 100 100 100 100 100 100 100 100 100 100 100 100 100 100 100 100 100.00176565987724 104.85329764229911 278.12495640345986 416.03546142578125 107.47992379324778 13.733916963849749 13.660165241786412 13.662527629307339 13.597819464547294 14.122047424316408 14.498173849923271 14.626560211181642 14.754922049386161 14.695878710065569 14.706935882568361 14.54702513558524 14.200525283813478 13.599173682076591 13.696970258440292 13.491213662283762 13.64189420427595 108.19909232003349 424.09236363002236 282.38065447126115 104.91776602608817 100.00178745814733 100 100 100 100 100 100 100 100 100 100 100 100 100 100 100 100 100 100 100
100 100 100 100 100 100 100 100 100 100 100 100 100 100 100 100 100 100 100 100 100.00174386160715 103.74390738351005 243.25635637555806 426.20348249162947 212.11327689034599 29.659551892961776 12.034420285906112 13.168601989746094 14.153517314365933 14.277200698852541 14.20078686305455 14.240905216761998 14.206536156790598 14.169721603393556 14.285538537161692 14.318466186523439 13.186325345720565 12.089881896972656 31.723303113664901 210.46611240931921 421.60443987165183 244.74108014787947 103.9382062639509 100.00184195382255 100 100 100 100 100 100 100 100 100 100 100 100 100 100 100 100 100 100 100 100
100 100 100 100 100 100 100 100 100 100 100 100 100 100 100 100 100 100 100 100 100 100.00086103166853 101.71619960239956 184.07492501395092 385.14195033482144 313.58492170061385 113.51719447544643 33.907576969691689 16.40580313546317 13.368188313075475 12.467464719499862 12.102440425327847 11.942781720842635 12.259653636387418 13.346038545880999 16.295013427734375 32.61507306780134 117.59300231933595 325.03537859235496 383.10520717075894 180.89470999581474 101.71884809221541 100.0009264264788 100 100 100 100 100 100 100 100 100 100 100 100 100 100 100 100 100 100 100 100 100
100 100 100 100 100 100 100 100 100 100 100 100 100 100 100 100 100 100 100 100 100 100 100.00020708356585 100.43545314243862 129.77427891322546 262.25241524832592 352.13799612862726 301.96426391601562 196.57363891601562 117.28133065359934 77.879491533551899 69.770093645368306 74.013137817382812 81.185798645019531 119.45389883858817 194.404296875 298.93644060407365 350.97111293247769 259.35226440429688 129.61837768554688 100.4057856968471 100.0002179827009 100 100 100 100 100 100 100 100 100 100 100 100 100 100 100 100 100 100 100 100 100 100
100 100 100 100 100 100 100 100 100 100 100 100 100 100 100 100 100 100 100 100 100 100 100 100.0000217982701 100.04116603306362 103.6180659702846 148.02343096051899 243.11732700892858 336.70353480747769 365.80030168805808 349.32582310267861 344.25872802734375 355.72461809430808 355.35755702427457 363.47296578543529 331.40158517020092 245.93089512416296 144.93850708007812 103.17977905273438 100.04110063825335 100.0000217982701 100 100 100 100 100 100 100 100 100 100 100 100 100 100 100 100 100 100 100 100 100 100 100
100 100 100 100 100 100 100 100 100 100 100 100 100 100 100 100 100 100 100 100 100 100 100 100 100 100.00069754464286 100.15211922781809 102.92478288922992 125.76011657714845 160.31141008649556 180.4873984200614 188.40706961495536 193.65792410714286 182.57801600864957 157.45319911411832 124.44767543247768 103.15569196428572 100.12850080217635 100.00058855329242 100 100 100 100 100 100 100 100 100 100 100 100 100 100 100 100 100 100 100 100 100 100 100 100 100
100 100 100 100 100 100 100 100 100 100 100 100 100 100 100 100 100 100 100 100 100 100 100 100 100 100 100 100.00056675502233 100.03799438476562 100.29760088239398 100.63473292759487 100.82422528948103 100.93271527971541 100.67710876464844 100.26036943708148 100.03355843680247 100.00062125069755 100 100 100 100 100 100 100 100 100 100 100 100 100 100 100 100 100 100 100 100 100 100 100 100 100 100 100
100 100 100 100 100 100 100 100 100 100 100 100 100 100 100 100 100 100 100 100 100 100 100 100 100 100 100 100 100 100.00001089913505 100.00005449567523 100.00009809221541 100.00010899135046 100.00006539481028 100.00001089913505 100 100 100 100 100 100 100 100 100 100 100 100 100 100 100 100 100 100 100 100 100 100 100 100 100 100 100 100 100
100 100 100 100 100 100 100 100 100 100 100 100 100 100 100 100 100 100 100 100 100 100 100 100 100 100 100 100 100 100 100 100 100 100 100 100 100 100 100 100 100 100 100 100 100 100 100 100 100 100 100 100 100 100 100 100 100 100 100 100 100 100 100 100
100 100 100 100 100 100 100 100 100 100 100 100 100 100 100 100 100 100 100 100 100 100 100 100 100 100 100 100 100 100 100 100 100 100 100 100 100 100 100 100 100 100 100 100 100 100 100 100 100 100 100 100 100 100 100 100 100 100 100 100 100 100 100 100
100 100 100 100 100 100 100 100 100 100 100 100 100 100 100 100 100 100 100 100 100 100 100 100 100 100 100 100 100 100 100 100 100 100 100 100 100 100 100 100 100 100 100 100 100 100 100 100 100 100 100 100 100 100 100 100 100 100 100 100 100 100 100 100
100 100 100 100 100 100 100 100 100 100 100 100 100 100 100 100 100 100 100 100 100 100 100 100 100 100 100 100 100 100 100 100 100 100 100 100 100 100 100 100 100 100 100 100 100 100 100 100 100 100 100 100 100 100 100 100 100 100 100 100 100 100 100 100
100 100 100 100 100 100 100 100 100 100 100 100 100 100 100 100 100 100 100 100 100 100 100 100 100 100 100 100 100 100 100 100 100 100 100 100 100 100 100 100 100 100 100 100 100 100 100 100 100 100 100 100 100 100 100 100 100 100 100 100 100 100 100 100
100 100 100 100 100 100 100 100 100 100 100 100 100 100 100 100 100 100 100 100 100 100 100 100 100 100 100 100 100 100 100 100 100 100 100 100 100 100 100 100 100 100 100 100 100 100 100 100 100 100 100 100 100 100 100 100 100 100 100 100 100 100 100 100
100 100 100 100 100 100 100 100 100 100 100 100 100 100 100 100 100 100 100 100 100 100 100 100 100 100 100 100 100 100 100 100 100 100 100 100 100 100 100 100 100 100 100 100 100 100 100 100 100 100 100 100 100 100 100 100 100 100 100 100 100 100 100 100
100 100 100 100 100 100 100 100 100 100 100 100 100 100 100 100 100 100 100 100 100 100 100 100 100 100 100 100 100 100 100 100 100 100 100 100 100 100 100 100 100 100 100 100 100 100 100 100 100 100 100 100 100 100 100 100 100 100 100 100 100 100 100 100
100 100 100 100 100 100 100 100 100 100 100 100 100 100 100 100 100 100 100 100 100 100 100 100 100 100 100 100 100 100 100 100 100 100 100 100 100 100 100 100 100 100 100 100 100 100 100 100 100 100 100 100 100 100 100 100 100 100 100 100 100 100 100 100
100 100 100 100 100 100 100 100 100 100 100 100 100 100 100 100 100 100 100 100 100 100 100 100 100 100 100 100 100 100 100 100 100 100 100 100 100 100 100 100 100 100 100 100 100 100 100 100 100 100 100 100 100 100 100 100 100 100 100 100 100 100 100 100
100 100 100 100 100 100 100 100 100 100 100 100 100 100 100 100 100 100 100 100 100 100 100 100 100 100 100 100 100 100 100 100 100 100 100 100 100 100 100 100 100 100 100 100 100 100 100 100 100 100 100 100 100 100 100 100 100 100 100 100 100 100 100 100
100 100 100 100 100 100 100 100 100 100 100 100 100 100 100 100 100 100 100 100 100 100 100 100 100 100 100 100 100 100 100 100 100 100 100 100 100 100 100 100 100 100 100 100 100 100 100 100 100 100 100 100 100 100 100 100 100 100 100 100 100 100 100 100
100 100 100 100 100 100 100 100 100 100 100 100 100 100 100 100 100 100 100 100 100 100 100 100 100 100 100 100 100 100 100 100 100 100 100 100 100 100 100 100 100 100 100 100 100 100 100 100 100 100 100 100 100 100 100 100 100 100 100 100 100 100 100 100
@ xhp_3 64 64
9.4830929810996167e-06 9.4830929810996167e-06 9.4830929810996167e-06 9.4830929810996167e-06 9.4830929810996167e-06 9.4830929810996167e-06 9.4830929810996167e-06 9.4830929810996167e-06 9.4830929810996167e-06 9.4830929810996167e-06 9.4830929810996167e-06 9.4830929810996167e-06 9.4830929810996167e-06 9.4830929810996167e-06 9.4830929810996167e-06 9.4830929810996167e-06 9.4830929810996167e-06 9.4830929810996167e-06 9.4830929810996167e-06 9.4830929810996167e-06 9.4830929810996167e-06 9.4830929810996167e-06 9.4830929810996167e-06 9.4830929810996167e-06 9.4830929810996167e-06 9.4830929810996167e-06 9.4830929810996167e-06 9.4830929810996167e-06 9.4830929810996167e-06 9.4830929810996167e-06 9.4830929810996167e-06 9.4830929810996167e-06 9.4830929810996167e-06 9.4830929810996167e-06 9.4830929810996167e-06 9.4830929810996167e-06 9.4830929810996167e-06 9.4830929810996167e-06 9.4830929810996167e-06 9.4830929810996167e-06 9.4830929810996167e-06 9.4830929810996167e-06 9.4830929810996167e-06 9.4830929810996167e-06 9.4830929810996167e-06 9.4830929810996167e-06 9.4830929810996167e-06 9.4830929810996167e-06 9.4830929810996167e-06 9.4830929810996167e-06 9.4830929810996167e-06 9.4830929810996167e-06 9.4830929810996167e-06 9.4830929810996167e-06 9.4830929810996167e-06 9.4830929810996167e-06 9.4830929810996167e-06 9.4830929810996167e-06 9.4830929810996167e-06 9.4830929810996167e-06 9.4830929810996167e-06 9.4830929810996167e-06 9.4830929810996167e-06 9.4830929810996167e-06
9.4830929810996167e-06 9.4830929810996167e-06 9.4830929810996167e-06 9.4830929810996167e-06 9.4830929810996167e-06 9.4830929810996167e-06 9.4830929810996167e-06 9.4830929810996167e-06 9.4830929810996167e-06 9.4830929810996167e-06 9.4830929810996167e-06 9.4830929810996167e-06 9.4830929810996167e-06 9.4830929810996167e-06 9.4830929810996167e-06 9.4830929810996167e-06 9.4830929810996167e-06 9.4830929810996167e-06 9.4830929810996167e-06 9.4830929810996167e-06 9.4830929810996167e-06 9.4830929810996167e-06 9.4830929810996167e-06 9.4830929810996167e-06 9.4830929810996167e-06 9.4830929810996167e-06 9.4830929810996167e-06 9.4830929810996167e-06 9.4830929810996167e-06 9.4830929810996167e-06 9.4830929810996167e-06 9.4830929810996167e-06 9.4830929810996167e-06 9.4830929810996167e-06 9.4830929810996167e-06 9.4830929810996167e-06 9.4830929810996167e-06 9.4830929810996167e-06 9.4830929810996167e-06 9.4830929810996167e-06 9.4830929810996167e-06 9.4830929810996167e-06 9.4830929810996167e-06 9.4830929810996167e-06 9.4830929810996167e-06 9.4830929810996167e-06 9.4830929810996167e-06 9.4830929810996167e-06 9.4830929810996167e-06 9.4830929810996167e-06 9.4830929810996167e-06 9.4830929810996167e-06 9.4830929810996167e-06 9.4830929810996167e-06 9.4830929810996167e-06 9.4830929810996167e-06 9.4830929810996167e-06 9.4830929810996167e-06 9.4830929810996167e-06 9.4830929810996167e-06 9.4830929810996167e-06 9.4830929810996167e-06 9.4830929810996167e-06 9.4830929810996167e-06
9.4830929810996167e-06 9.4830929810996167e-06 9.4830929810996167e-06 9.4830929810996167e-06 9.4830929810996167e-06 9.4830929810996167e-06 9.4830929810996167e-06 9.4830929810996167e-06 9.4830929810996167e-06 9.4830929810996167e-06 9.4830929810996167e-06 9.4830929810996167e-06 9.4830929810996167e-06 9.4830929810996167e-06 9.4830929810996167e-06 9.4830929810996167e-06 9.4830929810996167e-06 9.4830929810996167e-06 9.4830929810996167e-06 9.4830929810996167e-06 9.4830929810996167e-06 9.4830929810996167e-06 9.4830929810996167e-06 9.4830929810996167e-06 9.4830929810996167e-06 9.4830929810996167e-06 9.4830929810996167e-06 9.4830929810996167e-06 9.4830929810996167e-06 9.4830929810996167e-06 9.4830929810996167e-06 9.4830929810996167e-06 9.4830929810996167e-06 9.4830929810996167e-06 9.4830929810996167e-06 9.4830929810996167e-06 9.4830929810996167e-06 9.4830929810996167e-06 9.4830929810996167e-06 9.4830929810996167e-06 9.4830929810996167e-06 9.4830929810996167e-06 9.4830929810996167e-06 9.4830929810996167e-06 9.4830929810996167e-06 9.4830929810996167e-06 9.4830929810996167e-06 9.4830929810996167e-06 9.4830929810996167e-06 9.4830929810996167e-06 9.4830929810996167e-06 9.4830929810996167e-06 9.4830929810996167e-06 9.4830929810996167e-06 9.4830929810996167e-06 9.4830929810996167e-06 9.4830929810996167e-06 9.4830929810996167e-06 9.4830929810996167e-06 9.4830929810996167e-06 9.4830929810996167e-06 9.4830929810996167e-06 9.4830929810996167e-06 9.4830929810996167e-06
9.4830929810996167e-06 9.4830929810996167e-06 9.4830929810996167e-06 9.4830929810996167e-06 9.4830929810996167e-06 9.4830929810996167e-06 9.4830929810996167e-06 9.4830929810996167e-06 9.4830929810996167e-06 9.4830929810996167e-06 9.4830929810996167e-06 9.4830929810996167e-06 9.4830929810996167e-06 9.4830929810996167e-06 9.4830929810996167e-06 9.4830929810996167e-06 9.4830929810996167e-06 9.4830929810996167e-06 9.4830929810996167e-06 9.4830929810996167e-06 9.4830929810996167e-06 9.4830929810996167e-06 9.4830929810996167e-06 9.4830929810996167e-06 9.4830929810996167e-06 9.4830929810996167e-06 9.4830929810996167e-06 9.4830929810996167e-06 9.4830929810996167e-06 9.4830929810996167e-06 9.4830929810996167e-06 9.4830929810996167e-06 9.4830929810996167e-06 9.4830929810996167e-06 9.4830929810996167e-06 9.4830929810996167e-06 9.4830929810996167e-06 9.4830929810996167e-06 9.4830929810996167e-06 9.4830929810996167e-06 9.4830929810996167e-06 9.4830929810996167e-06 9.4830929810996167e-06 9.4830929810996167e-06 9.4830929810996167e-06 9.4830929810996167e-06 9.4830929810996167e-06 9.4830929810996167e-06 9.4830929810996167e-06 9.4830929810996167e-06 9.4830929810996167e-06 9.4830929810996167e-06 9.4830929810996167e-06 9.4830929810996167e-06 9.4830929810996167e-06 9.4830929810996167e-06 9.4830929810996167e-06 9.4830929810996167e-06 9.4830929810996167e-06 9.4830929810996167e-06 9.4830929810996167e-06 9.4830929810996167e-06 9.4830929810996167e-06 9.4830929810996167e-06
9.4830929810996167e-06 9.4830929810996167e-06 9.4830929810996167e-06 9.4830929810996167e-06 9.4830929810996167e-06 9.4830929810996167e-06 9.4830929810996167e-06 9.4830929810996167e-06 9.4830929810996167e-06 9.4830929810996167e-06 9.4830929810996167e-06 9.4830929810996167e-06 9.4830929810996167e-06 9.4830929810996167e-06 9.4830929810996167e-06 9.4830929810996167e-06 9.4830929810996167e-06 9.4830929810996167e-06 9.4830929810996167e-06 9.4830929810996167e-06 9.4830929810996167e-06 9.4830929810996167e-06 9.4830929810996167e-06 9.4830929810996167e-06 9.4830929810996167e-06 9.4830929810996167e-06 9.4830929810996167e-06 9.4830929810996167e-06 9.4830929810996167e-06 9.4830929810996167e-06 9.4830929810996167e-06 9.4830929810996167e-06 9.4830929810996167e-06 9.4830929810996167e-06 9.4830929810996167e-06 9.4830929810996167e-06 9.4830929810996167e-06 9.4830929810996167e-06 9.4830929810996167e-06 9.4830929810996167e-06 9.4830929810996167e-06 9.4830929810996167e-06 9.4830929810996167e-06 9.4830929810996167e-06 9.4830929810996167e-06 9.4830929810996167e-06 9.4830929810996167e-06 9.4830929810996167e-06 9.4830929810996167e-06 9.4830929810996167e-06 9.4830929810996167e-06 9.4830929810996167e-06 9.4830929810996167e-06 9.4830929810996167e-06 9.4830929810996167e-06 9.4830929810996167e-06 9.4830929810996167e-06 9.4830929810996167e-06 9.4830929810996167e-06 9.4830929810996167e-06 9.4830929810996167e-06 9.4830929810996167e-06 9.4830929810996167e-06 9.4830929810996167e-06
9.4830929810996167e-06 9.4830929810996167e-06 9.4830929810996167e-06 9.4830929810996167e-06 9.4830929810996167e-06 9.4830929810996167e-06 9.4830929810996167e-06 9.4830929810996167e-06 9.4830929810996167e-06 9.4830929810996167e-06 9.4830929810996167e-06 9.4830929810996167e-06 9.4830929810996167e-06 9.4830929810996167e-06 9.4830929810996167e-06 9.4830929810996167e-06 9.4830929810996167e-06 9.4830929810996167e-06 9.4830929810996167e-06 9.4830929810996167e-06 9.4830929810996167e-06 9.4830929810996167e-06 9.4830929810996167e-06 9.4830929810996167e-06 9.4830929810996167e-06 9.4830929810996167e-06 9.4830929810996167e-06 9.4830929810996167e-06 9.4830929810996167e-06 9.4830929810996167e-06 9.4830929810996167e-06 9.4830929810996167e-06 9.4830929810996167e-06 9.4830929810996167e-06 9.4830929810996167e-06 9.4830929810996167e-06 9.4830929810996167e-06 9.4830929810996167e-06 9.4830929810996167e-06 9.4830929810996167e-06 9.4830929810996167e-06 9.4830929810996167e-06 9.4830929810996167e-06 9.4830929810996167e-06 9.4830929810996167e-06 9.4830929810996167e-06 9.4830929810996167e-06 9.4830929810996167e-06 9.4830929810996167e-06 9.4830929810996167e-06 9.4830929810996167e-06 9.4830929810996167e-06 9.4830929810996167e-06 9.4830929810996167e-06 9.4830929810996167e-06 9.4830929810996167e-06 9.4830929810996167e-06 9.4830929810996167e-06 9.4830929810996167e-06 9.4830929810996167e-06 9.4830929810996167e-06 9.4830929810996167e-06 9.4830929810996167e-06 9.4830929810996167e-06
9.4830929810996167e-06 9.4830929810996167e-06 9.4830929810996167e-06 9.4830929810996167e-06 9.4830929810996167e-06 9.4830929810996167e-06 9.4830929810996167e-06 9.4830929810996167e-06 9.4830929810996167e-06 9.4830929810996167e-06 9.4830929810996167e-06 9.4830929810996167e-06 9.4830929810996167e-06 9.4830929810996167e-06 9.4830929810996167e-06 9.4830929810996167e-06 9.4830929810996167e-06 9.4830929810996167e-06 9.4830929810996167e-06 9.4830929810996167e-06 9.4830929810996167e-06 9.4830929810996167e-06 9.4830929810996167e-06 9.4830929810996167e-06 9.4830929810996167e-06 9.4830929810996167e-06 9.4830929810996167e-06 9.4830929810996167e-06 9.4830929810996167e-06 9.4830929810996167e-06 9.4830929810996167e-06 9.4830929810996167e-06 9.4830929810996167e-06 9.4830929810996167e-06 9.4830929810996167e-06 9.4830929810996167e-06 9.4830929810996167e-06 9.4830929810996167e-06 9.4830929810996167e-06 9.4830929810996167e-06 9.4830929810996167e-06 9.4830929810996167e-06 9.4830929810996167e-06 9.4830929810996167e-06 9.4830929810996167e-06 9.4830929810996167e-06 9.4830929810996167e-06 9.4830929810996167e-06 9.4830929810996167e-06 9.4830929810996167e-06 9.4830929810996167e-06 9.4830929810996167e-06 9.4830929810996167e-06 9.4830929810996167e-06 9.4830929810996167e-06 9.4830929810996167e-06 9.4830929810996167e-06 9.4830929810996167e-06 9.4830929810996167e-06 9.4830929810996167e-06 9.4830929810996167e-06 9.4830929810996167e-06 9.4830929810996167e-06 9.4830929810996167e-06
9.4830929810996167e-06 9.4830929810996167e-06 9.4830929810996167e-06 9.4830929810996167e-06 9.4830929810996167e-06 9.4830929810996167e-06 9.4830929810996167e-06 9.4830929810996167e-06 9.4830929810996167e-06 9.4830929810996167e-06 9.4830929810996167e-06 9.4830929810996167e-06 9.4830929810996167e-06 9.4830929810996167e-06 9.4830929810996167e-06 9.4830929810996167e-06 9.4830929810996167e-06 9.4830929810996167e-06 9.4830929810996167e-06 9.4830929810996167e-06 9.4830929810996167e-06 9.4830929810996167e-06 9.4830929810996167e-06 9.4830929810996167e-06 9.4830929810996167e-06 9.4830929810996167e-06 9.4830929810996167e-06 9.4830929810996167e-06 9.4830929810996167e-06 9.4830929810996167e-06 9.4830929810996167e-06 9.4830929810996167e-06 9.4830929810996167e-06 9.4830929810996167e-06 9.4830929810996167e-06 9.4830929810996167e-06 9.4830929810996167e-06 9.4830929810996167e-06 9.4830929810996167e-06 9.4830929810996167e-06 9.4830929810996167e-06 9.4830929810996167e-06 9.4830929810996167e-06 9.4830929810996167e-06 9.4830929810996167e-06 9.4830929810996167e-06 9.4830929810996167e-06 9.4830929810996167e-06 9.4830929810996167e-06 9.4830929810996167e-06 9.4830929810996167e-06 9.4830929810996167e-06 9.4830929810996167e-06 9.4830929810996167e-06 9.4830929810996167e-06 9.4830929810996167e-06 9.4830929810996167e-06 9.4830929810996167e-06 9.4830929810996167e-06 9.4830929810996167e-06 9.4830929810996167e-06 9.4830929810996167e-06 9.4830929810996167e-06 9.4830929810996167e-06
9.4830929810996167e-06 9.4830929810996167e-06 9.4830929810996167e-06 9.4830929810996167e-06 9.4830929810996167e-06 9.4830929810996167e-06 9.4830929810996167e-06 9.4830929810996167e-06 9.4830929810996167e-06 9.4830929810996167e-06 9.4830929810996167e-06 9.4830929810996167e-06 9.4830929810996167e-06 9.4830929810996167e-06 9.4830929810996167e-06 9.4830929810996167e-06 9.4830929810996167e-06 9.4830929810996167e-06 9.4830929810996167e-06 9.4830929810996167e-06 9.4830929810996167e-06 9.4830929810996167e-06 9.4830929810996167e-06 9.4830929810996167e-06 9.4830929810996167e-06 9.4830929810996167e-06 9.4830929810996167e-06 9.4830929810996167e-06 9.4830929810996167e-06 9.4830929810996167e-06 9.4830929810996167e-06 9.4830929810996167e-06 9.4830929810996167e-06 9.4830929810996167e-06 9.4830929810996167e-06 9.4830929810996167e-06 9.4830929810996167e-06 9.4830929810996167e-06 9.4830929810996167e-06 9.4830929810996167e-06 9.4830929810996167e-06 9.4830929810996167e-06 9.4830929810996167e-06 9.4830929810996167e-06 9.4830929810996167e-06 9.4830929810996167e-06 9.4830929810996167e-06 9.4830929810996167e-06 9.4830929810996167e-06 9.4830929810996167e-06 9.4830929810996167e-06 9.4830929810996167e-06 9.4830929810996167e-06 9.4830929810996167e-06 9.4830929810996167e-06 9.4830929810996167e-06 9.4830929810996167e-06 9.4830929810996167e-06 9.4830929810996167e-06 9.4830929810996167e-06 9.4830929810996167e-06 9.4830929810996167e-06 9.4830929810996167e-06 9.4830929810996167e-06
9.4830929810996167e-06 9.4830929810996167e-06 9.4830929810996167e-06 9.4830929810996167e-06 9.4830929810996167e-06 9.4830929810996167e-06 9.4830929810996167e-06 9.4830929810996167e-06 9.4830929810996167e-06 9.4830929810996167e-06 9.4830929810996167e-06 9.4830929810996167e-06 9.4830929810996167e-06 9.4830929810996167e-06 9.4830929810996167e-06 9.4830929810996167e-06 9.4830929810996167e-06 9.4830929810996167e-06 9.4830929810996167e-06 9.4830929810996167e-06 9.4830929810996167e-06 9.4830929810996167e-06 9.4830929810996167e-06 9.4830929810996167e-06 9.4830929810996167e-06 9.4830929810996167e-06 9.4830929810996167e-06 9.4830929810996167e-06 9.4830929810996167e-06 9.4830929810996167e-06 9.4830929810996167e-06 9.4830929810996167e-06 9.4830929810996167e-06 9.4830929810996167e-06 9.4830929810996167e-06 9.4830929810996167e-06 9.4830929810996167e-06 9.4830929810996167e-06 9.4830929810996167e-06 9.4830929810996167e-06 9.4830929810996167e-06 9.4830929810996167e-06 9.4830929810996167e-06 9.4830929810996167e-06 9.4830929810996167e-06 9.4830929810996167e-06 9.4830929810996167e-06 9.4830929810996167e-06 9.4830929810996167e-06 9.4830929810996167e-06 9.4830929810996167e-06 9.4830929810996167e-06 9.4830929810996167e-06 9.4830929810996167e-06 9.4830929810996167e-06 9.4830929810996167e-06 9.4830929810996167e-06 9.4830929810996167e-06 9.4830929810996167e-06 9.4830929810996167e-06 9.4830929810996167e-06 9.4830929810996167e-06 9.4830929810996167e-06 9.4830929810996167e-06
9.4830929810996167e-06 9.4830929810996167e-06 9.4830929810996167e-06 9.4830929810996167e-06 9.4830929810996167e-06 9.4830929810996167e-06 9.4830929810996167e-06 9.4830929810996167e-06 9.4830929810996167e-06 9.4830929810996167e-06 9.4830929810996167e-06 9.4830929810996167e-06 9.4830929810996167e-06 9.4830929810996167e-06 9.4830929810996167e-06 9.4830929810996167e-06 9.4830929810996167e-06 9.4830929810996167e-06 9.4830929810996167e-06 9.4830929810996167e-06 9.4830929810996167e-06 9.4830929810996167e-06 9.4830929810996167e-06 9.4830929810996167e-06 9.4830929810996167e-06 9.4830929810996167e-06 9.4830929810996167e-06 9.4830929810996167e-06 9.4830929810996167e-06 9.4830929810996167e-06 9.4830929810996167e-06 9.4830929810996167e-06 9.4830929810996167e-06 9.4830929810996167e-06 9.4830929810996167e-06 9.4830929810996167e-06 9.4830929810996167e-06 9.4830929810996167e-06 9.4830929810996167e-06 9.4830929810996167e-06 9.4830929810996167e-06 9.4830929810996167e-06 9.4830929810996167e-06 9.4830929810996167e-06 9.4830929810996167e-06 9.4830929810996167e-06 9.4830929810996167e-06 9.4830929810996167e-06 9.4830929810996167e-06 9.4830929810996167e-06 9.4830929810996167e-06 9.4830929810996167e-06 9.4830929810996167e-06 9.4830929810996167e-06 9.4830929810996167e-06 9.4830929810996167e-06 9.4830929810996167e-06 9.4830929810996167e-06 9.4830929810996167e-06 9.4830929810996167e-06 9.4830929810996167e-06 9.4830929810996167e-06 9.4830929810996167e-06 9.4830929810996167e-06
9.4830929810996167e-06 9.4830929810996167e-06 9.4830929810996167e-06 9.4830929810996167e-06 9.4830929810996167e-06 9.4830929810996167e-06 9.4830929810996167e-06 9.4830929810996167e-06 9.4830929810996167e-06 9.4830929810996167e-06 9.4830929810996167e-06 9.4830929810996167e-06 9.4830929810996167e-06 9.4830929810996167e-06 9.4830929810996167e-06 9.4830929810996167e-06 9.4830929810996167e-06 9.4830929810996167e-06 9.4830929810996167e-06 9.4830929810996167e-06 9.4830929810996167e-06 9.4830929810996167e-06 9.4830929810996167e-06 9.4830929810996167e-06 9.4830929810996167e-06 9.4830929810996167e-06 9.4830929810996167e-06 9.4830929810996167e-06 9.4830929810996167e-06 9.4830929810996167e-06 9.4830929810996167e-06 9.4830929810996167e-06 9.4830929810996167e-06 9.4830929810996167e-06 9.4830929810996167e-06 9.4830929810996167e-06 9.4830929810996167e-06 9.4830929810996167e-06 9.4830929810996167e-06 9.4830929810996167e-06 9.4830929810996167e-06 9.4830929810996167e-06 9.4830929810996167e-06 9.4830929810996167e-06 9.4830929810996167e-06 9.4830929810996167e-06 9.4830929810996167e-06 9.4830929810996167e-06 9.4830929810996167e-06 9.4830929810996167e-06 9.4830929810996167e-06 9.4830929810996167e-06 9.4830929810996167e-06 9.4830929810996167e-06 9.4830929810996167e-06 9.4830929810996167e-06 9.4830929810996167e-06 9.4830929810996167e-06 9.4830929810996167e-06 9.4830929810996167e-06 9.4830929810996167e-06 9.4830929810996167e-06 9.4830929810996167e-06 9.4830929810996167e-06
9.4830929810996167e-06 9.4830929810996167e-06 9.4830929810996167e-06 9.4830929810996167e-06 9.4830929810996167e-06 9.4830929810996167e-06 9.4830929810996167e-06 9.4830929810996167e-06 9.4830929810996167e-06 9.4830929810996167e-06 9.4830929810996167e-06 9.4830929810996167e-06 9.4830929810996167e-06 9.4830929810996167e-06 9.4830929810996167e-06 9.4830929810996167e-06 9.4830929810996167e-06 9.4830929810996167e-06 9.4830929810996167e-06 9.4830929810996167e-06 9.4830929810996167e-06 9.4830929810996167e-06 9.4830929810996167e-06 9.4830929810996167e-06 9.4830929810996167e-06 9.4830929810996167e-06 9.4830929810996167e-06 9.4830929810996167e-06 9.4830929810996167e-06 9.4830929810996167e-06 9.4830929810996167e-06 9.4830929810996167e-06 9.4830929810996167e-06 9.4830929810996167e-06 9.4830929810996167e-06 9.4830929810996167e-06 9.4830929810996167e-06 9.4830929810996167e-06 9.4830929810996167e-06 9.4830929810996167e-06 9.4830929810996167e-06 9.4830929810996167e-06 9.4830929810996167e-06 9.4830929810996167e-06 9.4830929810996167e-06 9.4830929810996167e-06 9.4830929810996167e-06 9.4830929810996167e-06 9.4830929810996167e-06 9.4830929810996167e-06 9.4830929810996167e-06 9.4830929810996167e-06 9.4830929810996167e-06 9.4830929810996167e-06 9.4830929810996167e-06 9.4830929810996167e-06 9.4830929810996167e-06 9.4830929810996167e-06 9.4830929810996167e-06 9.4830929810996167e-06 9.4830929810996167e-06 9.4830929810996167e-06 9.4830929810996167e-06 9.4830929810996167e-06
9.4830929810996167e-06 9.4830929810996167e-06 9.4830929810996167e-06 9.4830929810996167e-06 9.4830929810996167e-06 9.4830929810996167e-06 9.4830929810996167e-06 9.4830929810996167e-06 9.4830929810996167e-06 9.4830929810996167e-06 9.4830929810996167e-06 9.4830929810996167e-06 9.4830929810996167e-06 9.4830929810996167e-06 9.4830929810996167e-06 9.4830929810996167e-06 9.4830929810996167e-06 9.4830929810996167e-06 9.4830929810996167e-06 9.4830929810996167e-06 9.4830929810996167e-06 9.4830929810996167e-06 9.4830929810996167e-06 9.4830929810996167e-06 9.4830929810996167e-06 9.4830929810996167e-06 9.4830929810996167e-06 9.4830929810996167e-06 9.4830929810996167e-06 9.483092071604915e-06 9.4830884336261079e-06 9.4830847956473008e-06 9.4830847956473008e-06 9.4830875241314061e-06 9.483092071604915e-06 9.4830929810996167e-06 9.4830929810996167e-06 9.4830929810996167e-06 9.4830929810996167e-06 9.4830929810996167e-06 9.4830929810996167e-06 9.4830929810996167e-06 9.4830929810996167e-06 9.4830929810996167e-06 9.4830929810996167e-06 9.4830929810996167e-06 9.4830929810996167e-06 9.4830929810996167e-06 9.4830929810996167e-06 9.4830929810996167e-06 9.4830929810996167e-06 9.4830929810996167e-06 9.4830929810996167e-06 9.4830929810996167e-06 9.4830929810996167e-06 9.4830929810996167e-06 9.4830929810996167e-06 9.4830929810996167e-06 9.4830929810996167e-06 9.4830929810996167e-06 9.4830929810996167e-06 9.4830929810996167e-06 9.4830929810996167e-06 9.4830929810996167e-06
9.4830929810996167e-06 9.4830929810996167e-06 9.4830929810996167e-06 9.4830929810996167e-06 9.4830929810996167e-06 9.4830929810996167e-06 9.4830929810996167e-06 9.4830929810996167e-06 9.4830929810996167e-06 9.4830929810996167e-06 9.4830929810996167e-06 9.4830929810996167e-06 9.4830929810996167e-06 9.4830929810996167e-06 9.4830929810996167e-06 9.4830929810996167e-06 9.4830929810996167e-06 9.4830929810996167e-06 9.4830929810996167e-06 9.4830929810996167e-06 9.4830929810996167e-06 9.4830929810996167e-06 9.4830929810996167e-06 9.4830929810996167e-06 9.4830929810996167e-06 9.4830929810996167e-06 9.483092071604915e-06 9.4830429588910192e-06 9.4800643637427129e-06 9.4520273705711588e-06 9.4160841399570927e-06 9.3938633654033765e-06 9.3913558885105886e-06 9.412001418240834e-06 9.4568322310806252e-06 9.4802589956088923e-06 9.483043868385721e-06 9.4830929810996167e-06 9.4830929810996167e-06 9.4830929810996167e-06 9.4830929810996167e-06 9.4830929810996167e-06 9.4830929810996167e-06 9.4830929810996167e-06 9.4830929810996167e-06 9.4830929810996167e-06 9.4830929810996167e-06 9.4830929810996167e-06 9.4830929810996167e-06 9.4830929810996167e-06 9.4830929810996167e-06 9.4830929810996167e-06 9.4830929810996167e-06 9.4830929810996167e-06 9.4830929810996167e-06 9.4830929810996167e-06 9.4830929810996167e-06 9.4830929810996167e-06 9.4830929810996167e-06 9.4830929810996167e-06 9.4830929810996167e-06 9.4830929810996167e-06 9.4830929810996167e-06 9.4830929810996167e-06
9.4830929810996167e-06 9.4830929810996167e-06 9.4830929810996167e-06 9.4830929810996167e-06 9.4830929810996167e-06 9.4830929810996167e-06 9.4830929810996167e-06 9.4830929810996167e-06 9.4830929810996167e-06 9.4830929810996167e-06 9.4830929810996167e-06 9.4830929810996167e-06 9.4830929810996167e-06 9.4830929810996167e-06 9.4830929810996167e-06 9.4830929810996167e-06 9.4830929810996167e-06 9.4830929810996167e-06 9.4830929810996167e-06 9.4830929810996167e-06 9.4830929810996167e-06 9.4830929810996167e-06 9.4830929810996167e-06 9.4830929810996167e-06 9.4830929810996167e-06 9.4830311354598962e-06 9.4667429948458448e-06 9.1627716756192967e-06 7.3523037826817017e-06 5.4873439694347326e-06 4.8320143832825124e-06 4.6235177251219284e-06 4.5965853132656775e-06 4.7729445213917643e-06 5.6438775573042221e-06 7.3916876317525748e-06 9.1747660917462781e-06 9.4674242063774727e-06 9.4830384114175104e-06 9.4830929810996167e-06 9.4830929810996167e-06 9.4830929810996167e-06 9.4830929810996167e-06 9.4830929810996167e-06 9.4830929810996167e-06 9.4830929810996167e-06 9.4830929810996167e-06 9.4830929810996167e-06 9.4830929810996167e-06 9.4830929810996167e-06 9.4830929810996167e-06 9.4830929810996167e-06 9.4830929810996167e-06 9.4830929810996167e-06 9.4830929810996167e-06 9.4830929810996167e-06 9.4830929810996167e-06 9.4830929810996167e-06 9.4830929810996167e-06 9.4830929810996167e-06 9.4830929810996167e-06 9.4830929810996167e-06 9.4830929810996167e-06 9.4830929810996167e-06
9.4830929810996167e-06 9.4830929810996167e-06 9.4830929810996167e-06 9.4830929810996167e-06 9.4830929810996167e-06 9.4830929810996167e-06 9.4830929810996167e-06 9.4830929810996167e-06 9.4830929810996167e-06 9.4830929810996167e-06 9.4830929810996167e-06 9.4830929810996167e-06 9.4830929810996167e-06 9.4830929810996167e-06 9.4830929810996167e-06 9.4830929810996167e-06 9.4830929810996167e-06 9.4830929810996167e-06 9.4830929810996167e-06 9.4830929810996167e-06 9.4830929810996167e-06 9.4830929810996167e-06 9.4830929810996167e-06 9.4830911621102132e-06 9.4790993898641318e-06 9.110925930144731e-06 6.221829607966356e-06 4.2062833927047905e-06 3.4589679671626072e-06 9.4642082331120037e-06 2.0540372133837081e-05 3.3271531719947234e-05 2.5836461645667441e-05 1.5041498954815324e-05 6.8621629907283932e-06 3.5908713016397087e-06 4.1316484384879004e-06 6.2349140534934122e-06 9.1468809841899201e-06 9.4795423137838952e-06 9.4830911621102132e-06 9.4830929810996167e-06 9.4830929810996167e-06 9.4830929810996167e-06 9.4830929810996167e-06 9.4830929810996167e-06 9.4830929810996167e-06 9.4830929810996167e-06 9.4830929810996167e-06 9.4830929810996167e-06 9.4830929810996167e-06 9.4830929810996167e-06 9.4830929810996167e-06 9.4830929810996167e-06 9.4830929810996167e-06 9.4830929810996167e-06 9.4830929810996167e-06 9.4830929810996167e-06 9.4830929810996167e-06 9.4830929810996167e-06 9.4830929810996167e-06 9.4830929810996167e-06 9.4830929810996167e-06 9.4830929810996167e-06
9.4830929810996167e-06 9.4830929810996167e-06 9.4830929810996167e-06 9.4830929810996167e-06 9.4830929810996167e-06 9.4830929810996167e-06 9.4830929810996167e-06 9.4830929810996167e-06 9.4830929810996167e-06 9.4830929810996167e-06 9.4830929810996167e-06 9.4830929810996167e-06 9.4830929810996167e-06 9.4830929810996167e-06 9.4830929810996167e-06 9.4830929810996167e-06 9.4830929810996167e-06 9.4830929810996167e-06 9.4830929810996167e-06 9.4830929810996167e-06 9.4830929810996167e-06 9.4830929810996167e-06 9.4830757007002831e-06 9.4405895652016625e-06 7.0211776801443193e-06 3.8969546949374489e-06 1.1089098734373692e-05 0.00021337464568205178 0.0014087101444602013 0.042408879846334457 0.091580092906951904 0.13517996668815613 0.11589068919420242 0.068396866321563721 0.037757575511932373 0.0035148018505424261 0.00020403390226420015 1.0224388461210765e-05 3.9737997212796472e-06 7.085464403644437e-06 9.4412707767332904e-06 9.4830766101949848e-06 9.4830929810996167e-06 9.4830929810996167e-06 9.4830929810996167e-06 9.4830929810996167e-06 9.4830929810996167e-06 9.4830929810996167e-06 9.4830929810996167e-06 9.4830929810996167e-06 9.4830929810996167e-06 9.4830929810996167e-06 9.4830929810996167e-06 9.4830929810996167e-06 9.4830929810996167e-06 9.4830929810996167e-06 9.4830929810996167e-06 9.4830929810996167e-06 9.4830929810996167e-06 9.4830929810996167e-06 9.4830929810996167e-06 9.4830929810996167e-06 9.4830929810996167e-06 9.4830929810996167e-06
9.4830929810996167e-06 9.4830929810996167e-06 9.4830929810996167e-06 9.4830929810996167e-06 9.4830929810996167e-06 9.4830929810996167e-06 9.4830929810996167e-06 9.4830929810996167e-06 9.4830929810996167e-06 9.4830929810996167e-06 9.4830929810996167e-06 9.4830929810996167e-06 9.4830929810996167e-06 9.4830929810996167e-06 9.4830929810996167e-06 9.4830929810996167e-06 9.4830929810996167e-06 9.4830929810996167e-06 9.4830929810996167e-06 9.4830929810996167e-06 9.4830929810996167e-06 9.483015674049966e-06 9.3033959274180233e-06 4.9360551201971248e-06 3.6764652122656116e-06 0.00021373560593929142 0.049295786768198013 0.56525754928588867 0.97439098358154297 0.99312633275985718 0.99544882774353027 0.99570447206497192 0.99529582262039185 0.99287956953048706 0.99446970224380493 0.98222982883453369 0.56241267919540405 0.045670215040445328 0.00020348989346530288 3.7483873711607885e-06 4.9673176363285165e-06 9.3115477284300141e-06 9.4830220405128784e-06 9.4830929810996167e-06 9.4830929810996167e-06 9.4830929810996167e-06 9.4830929810996167e-06 9.4830929810996167e-06 9.4830929810996167e-06 9.4830929810996167e-06 9.4830929810996167e-06 9.4830929810996167e-06 9.4830929810996167e-06 9.4830929810996167e-06 9.4830929810996167e-06 9.4830929810996167e-06 9.4830929810996167e-06 9.4830929810996167e-06 9.4830929810996167e-06 9.4830929810996167e-06 9.4830929810996167e-06 9.4830929810996167e-06 9.4830929810996167e-06 9.4830929810996167e-06
9.4830929810996167e-06 9.4830929810996167e-06 9.4830929810996167e-06 9.4830929810996167e-06 9.4830929810996167e-06 9.4830929810996167e-06 9.4830929810996167e-06 9.4830929810996167e-06 9.4830929810996167e-06 9.4830929810996167e-06 9.4830929810996167e-06 9.4830929810996167e-06 9.4830929810996167e-06 9.4830929810996167e-06 9.4830929810996167e-06 9.4830929810996167e-06 9.4830929810996167e-06 9.4830929810996167e-06 9.4830929810996167e-06 9.4830929810996167e-06 9.48293563851621e-06 9.0684497990878299e-06 3.7140853237360716e-06 1.0550436854828149e-05 0.012023275718092918 0.69865560531616211 0.99550700187683105 0.99505895376205444 0.99536484479904175 0.99665814638137817 0.99680888652801514 0.99661552906036377 0.99601918458938599 0.99632829427719116 0.99656563997268677 0.99444901943206787 0.99552792310714722 0.99446088075637817 0.64478492736816406 0.012437384575605392 1.6724336092011072e-05 3.7832057842024369e-06 9.0895882749464363e-06 9.4829492809367366e-06 9.4830929810996167e-06 9.4830929810996167e-06 9.4830929810996167e-06 9.4830929810996167e-06 9.4830929810996167e-06 9.4830929810996167e-06 9.4830929810996167e-06 9.4830929810996167e-06 9.4830929810996167e-06 9.4830929810996167e-06 9.4830929810996167e-06 9.4830929810996167e-06 9.4830929810996167e-06 9.4830929810996167e-06 9.4830929810996167e-06 9.4830929810996167e-06 9.4830929810996167e-06 9.4830929810996167e-06 9.4830929810996167e-06 9.4830929810996167e-06
9.4830929810996167e-06 9.4830929810996167e-06 9.4830929810996167e-06 9.4830929810996167e-06 9.4830929810996167e-06 9.4830929810996167e-06 9.4830929810996167e-06 9.4830929810996167e-06 9.4830929810996167e-06 9.4830929810996167e-06 9.4830929810996167e-06 9.4830929810996167e-06 9.4830929810996167e-06 9.4830929810996167e-06 9.4830929810996167e-06 9.4830929810996167e-06 9.4830929810996167e-06 9.4830929810996167e-06 9.4830929810996167e-06 9.4829365480109118e-06 8.9596396719571203e-06 3.3028591133188456e-06 3.7765570596093312e-05 0.069178685545921326 0.99269044399261475 0.99572807550430298 0.99648380279541016 0.99695944786071777 0.99728924036026001 0.99711990356445312 0.99794566631317139 0.9978145956993103 0.99725830554962158 0.99777835607528687 0.99728554487228394 0.9971584677696228 0.99702167510986328 0.99624836444854736 0.99512612819671631 0.99291419982910156 0.095775090157985687 4.2385236156405881e-05 3.3218411772395484e-06 8.9837458290276118e-06 9.4829492809367366e-06 9.4830929810996167e-06 9.4830929810996167e-06 9.4830929810996167e-06 9.4830929810996167e-06 9.4830929810996167e-06 9.4830929810996167e-06 9.4830929810996167e-06 9.4830929810996167e-06 9.4830929810996167e-06 9.4830929810996167e-06 9.4830929810996167e-06 9.4830929810996167e-06 9.4830929810996167e-06 9.4830929810996167e-06 9.4830929810996167e-06 9.4830929810996167e-06 9.4830929810996167e-06 9.4830929810996167e-06 9.4830929810996167e-06
9.4830929810996167e-06 9.4830929810996167e-06 9.4830929810996167e-06 9.4830929810996167e-06 9.4830929810996167e-06 9.4830929810996167e-06 9.4830929810996167e-06 9.4830929810996167e-06 9.4830929810996167e-06 9.4830929810996167e-06 9.4830929810996167e-06 9.4830929810996167e-06 9.4830929810996167e-06 9.4830929810996167e-06 9.4830929810996167e-06 9.4830929810996167e-06 9.4830929810996167e-06 9.4830929810996167e-06 9.4830165835446678e-06 9.0766061475733295e-06 3.3395826903870329e-06 6.8218032538425177e-05 0.22105798125267029 0.99514847993850708 0.99591845273971558 0.99676346778869629 0.99730384349822998 0.99804008007049561 0.9978327751159668 0.9981454610824585 0.9982835054397583 0.99862390756607056 0.99821627140045166 0.99820297956466675 0.99826675653457642 0.99809086322784424 0.99744969606399536 0.99722504615783691 0.99710673093795776 0.99606806039810181 0.9962468147277832 0.22240628302097321 8.2161772297695279e-05 3.3391152101103216e-06 9.0919038484571502e-06 9.4830229500075802e-06 9.4830929810996167e-06 9.4830929810996167e-06 9.4830929810996167e-06 9.4830929810996167e-06 9.4830929810996167e-06 9.4830929810996167e-06 9.4830929810996167e-06 9.4830929810996167e-06 9.4830929810996167e-06 9.4830929810996167e-06 9.4830929810996167e-06 9.4830929810996167e-06 9.4830929810996167e-06 9.4830929810996167e-06 9.4830929810996167e-06 9.4830929810996167e-06 9.4830929810996167e-06 9.4830929810996167e-06
9.4830929810996167e-06 9.4830929810996167e-06 9.4830929810996167e-06 9.4830929810996167e-06 9.4830929810996167e-06 9.4830929810996167e-06 9.4830929810996167e-06 9.4830929810996167e-06 9.4830929810996167e-06 9.4830929810996167e-06 9.4830929810996167e-06 9.4830929810996167e-06 9.4830929810996167e-06 9.4830929810996167e-06 9.4830929810996167e-06 9.4830929810996167e-06 9.4830929810996167e-06 9.4830757007002831e-06 9.3043036031303927e-06 3.8163925637491047e-06 3.1802130251890048e-05 0.18101842701435089 0.99633669853210449 0.99604558944702148 0.99682217836380005 0.99750435352325439 0.99816286563873291 0.99835485219955444 0.99848645925521851 0.99873173236846924 0.99885100126266479 0.99887621402740479 0.99867433309555054 0.99886000156402588 0.9985923171043396 0.99855124950408936 0.998302161693573 0.99824559688568115 0.99745064973831177 0.99695312976837158 0.99686753749847412 0.99681359529495239 0.20137579739093781 3.4432949178153649e-05 3.7719817100878572e-06 9.3093512987252325e-06 9.4830766101949848e-06 9.4830929810996167e-06 9.4830929810996167e-06 9.4830929810996167e-06 9.4830929810996167e-06 9.4830929810996167e-06 9.4830929810996167e-06 9.4830929810996167e-06 9.4830929810996167e-06 9.4830929810996167e-06 9.4830929810996167e-06 9.4830929810996167e-06 9.4830929810996167e-06 9.4830929810996167e-06 9.4830929810996167e-06 9.4830929810996167e-06 9.4830929810996167e-06 9.4830929810996167e-06
9.4830929810996167e-06 9.4830929810996167e-06 9.4830929810996167e-06 9.4830929810996167e-06 9.4830929810996167e-06 9.4830929810996167e-06 9.4830929810996167e-06 9.4830929810996167e-06 9.4830929810996167e-06 9.4830929810996167e-06 9.4830929810996167e-06 9.4830929810996167e-06 9.4830929810996167e-06 9.4830929810996167e-06 9.4830929810996167e-06 9.4830929810996167e-06 9.4830911621102132e-06 9.4397619250230491e-06 4.9491745812701993e-06 1.2488620996009558e-05 0.082369424402713776 0.99551314115524292 0.99585318565368652 0.99724125862121582 0.99770355224609375 0.99813669919967651 0.99846673011779785 0.99880093336105347 0.99896669387817383 0.99899208545684814 0.99911600351333618 0.99924421310424805 0.99907910823822021 0.99911344051361084 0.99903875589370728 0.99889439344406128 0.99873751401901245 0.99852204322814941 0.99830836057662964 0.99813491106033325 0.99747771024703979 0.99600362777709961 0.99565643072128296 0.085857994854450226 1.1876763892360032e-05 4.9451655286247842e-06 9.4404949777526781e-06 9.4830911621102132e-06 9.4830929810996167e-06 9.4830929810996167e-06 9.4830929810996167e-06 9.4830929810996167e-06 9.4830929810996167e-06 9.4830929810996167e-06 9.4830929810996167e-06 9.4830929810996167e-06 9.4830929810996167e-06 9.4830929810996167e-06 9.4830929810996167e-06 9.4830929810996167e-06 9.4830929810996167e-06 9.4830929810996167e-06 9.4830929810996167e-06 9.4830929810996167e-06
9.4830929810996167e-06 9.4830929810996167e-06 9.4830929810996167e-06 9.4830929810996167e-06 9.4830929810996167e-06 9.4830929810996167e-06 9.4830929810996167e-06 9.4830929810996167e-06 9.4830929810996167e-06 9.4830929810996167e-06 9.4830929810996167e-06 9.4830929810996167e-06 9.4830929810996167e-06 9.4830929810996167e-06 9.4830929810996167e-06 9.4830929810996167e-06 9.4790530056343414e-06 7.0304604378179647e-06 4.1691487240314018e-06 0.013332895003259182 0.99255377054214478 0.99596911668777466 0.99692404270172119 0.99765408039093018 0.99833333492279053 0.99858599901199341 0.99887365102767944 0.99907052516937256 0.9992210865020752 0.99929189682006836 0.99938368797302246 0.99936455488204956 0.99942302703857422 0.9994005560874939 0.99927425384521484 0.99916183948516846 0.99912428855895996 0.99883639812469482 0.9986732006072998 0.99844390153884888 0.99781006574630737 0.99726468324661255 0.99631398916244507 0.99382591247558594 0.014130303636193275 4.1737325773283374e-06 7.0547303039347753e-06 9.479186701355502e-06 9.4830929810996167e-06 9.4830929810996167e-06 9.4830929810996167e-06 9.4830929810996167e-06 9.4830929810996167e-06 9.4830929810996167e-06 9.4830929810996167e-06 9.4830929810996167e-06 9.4830929810996167e-06 9.4830929810996167e-06 9.4830929810996167e-06 9.4830929810996167e-06 9.4830929810996167e-06 9.4830929810996167e-06 9.4830929810996167e-06 9.4830929810996167e-06
9.4830929810996167e-06 9.4830929810996167e-06 9.4830929810996167e-06 9.4830929810996167e-06 9.4830929810996167e-06 9.4830929810996167e-06 9.4830929810996167e-06 9.4830929810996167e-06 9.4830929810996167e-06 9.4830929810996167e-06 9.4830929810996167e-06 9.4830929810996167e-06 9.4830929810996167e-06 9.4830929810996167e-06 9.4830929810996167e-06 9.4830375019228086e-06 9.138694622379262e-06 3.9603360164619517e-06 0.00023309489188250154 0.67368173599243164 0.99509733915328979 0.99668270349502563 0.99752140045166016 0.99827206134796143 0.99852901697158813 0.99896061420440674 0.99911123514175415 0.9992983341217041 0.99942731857299805 0.999481201171875 0.99941188097000122 0.99948209524154663 0.99941867589950562 0.99949944019317627 0.9994080662727356 0.99938720464706421 0.9993247389793396 0.99918919801712036 0.99901390075683594 0.99859434366226196 0.99829381704330444 0.99760270118713379 0.99668461084365845 0.99545472860336304 0.76894688606262207 0.00025591271696612239 4.0614468161948025e-06 9.142167073150631e-06 9.4830402304069139e-06 9.4830929810996167e-06 9.4830929810996167e-06 9.4830929810996167e-06 9.4830929810996167e-06 9.4830929810996167e-06 9.4830929810996167e-06 9.4830929810996167e-06 9.4830929810996167e-06 9.4830929810996167e-06 9.4830929810996167e-06 9.4830929810996167e-06 9.4830929810996167e-06 9.4830929810996167e-06 9.4830929810996167e-06 9.4830929810996167e-06
9.4830929810996167e-06 9.4830929810996167e-06 9.4830929810996167e-06 9.4830929810996167e-06 9.4830929810996167e-06 9.4830929810996167e-06 9.4830929810996167e-06 9.4830929810996167e-06 9.4830929810996167e-06 9.4830929810996167e-06 9.4830929810996167e-06 9.4830929810996167e-06 9.4830929810996167e-06 9.4830929810996167e-06 9.4830929810996167e-06 9.466622032050509e-06 6.1961322899151128e-06 1.1323561921017244e-05 0.055333439260721207 0.99522978067398071 0.99622446298599243 0.99735468626022339 0.99811214208602905 0.99853402376174927 0.99892711639404297 0.99910694360733032 0.99934327602386475 0.99938148260116577 0.99935847520828247 0.99925506114959717 0.99913382530212402 0.99890905618667603 0.99898719787597656 0.99914920330047607 0.99921631813049316 0.99931663274765015 0.99942082166671753 0.99927926063537598 0.99916154146194458 0.99893796443939209 0.99850171804428101 0.99806010723114014 0.99743169546127319 0.99614214897155762 0.99475324153900146 0.048916727304458618 1.0466686035215389e-05 6.3531383602821734e-06 9.4689576144446619e-06 9.4830929810996167e-06 9.4830929810996167e-06 9.4830929810996167e-06 9.4830929810996167e-06 9.4830929810996167e-06 9.4830929810996167e-06 9.4830929810996167e-06 9.4830929810996167e-06 9.4830929810996167e-06 9.4830929810996167e-06 9.4830929810996167e-06 9.4830929810996167e-06 9.4830929810996167e-06 9.4830929810996167e-06 9.4830929810996167e-06
9.4830929810996167e-06 9.4830929810996167e-06 9.4830929810996167e-06 9.4830929810996167e-06 9.4830929810996167e-06 9.4830929810996167e-06 9.4830929810996167e-06 9.4830929810996167e-06 9.4830929810996167e-06 9.4830929810996167e-06 9.4830929810996167e-06 9.4830929810996167e-06 9.4830929810996167e-06 9.4830929810996167e-06 9.4830447778804228e-06 9.1730817075585946e-06 4.1881362449203152e-06 0.00023697786673437804 0.59619522094726562 0.99567407369613647 0.99712401628494263 0.99782049655914307 0.99841159582138062 0.99881750345230103 0.99907273054122925 0.99932044744491577 0.99946892261505127 0.99924308061599731 0.99866992235183716 0.99794888496398926 0.9971923828125 0.99650925397872925 0.9965435266494751 0.99724709987640381 0.99794590473175049 0.99869620800018311 0.99918371438980103 0.99937653541564941 0.99930661916732788 0.9990612268447876 0.99879318475723267 0.99837177991867065 0.99762797355651855 0.99711471796035767 0.9956594705581665 0.5247918963432312 0.00017861052765510976 4.041097781737335e-06 9.1333904492785223e-06 9.483035682933405e-06 9.4830929810996167e-06 9.4830929810996167e-06 9.4830929810996167e-06 9.4830929810996167e-06 9.4830929810996167e-06 9.4830929810996167e-06 9.4830929810996167e-06 9.4830929810996167e-06 9.4830929810996167e-06 9.4830929810996167e-06 9.4830929810996167e-06 9.4830929810996167e-06 9.4830929810996167e-06 9.4830929810996167e-06
9.4830929810996167e-06 9.4830929810996167e-06 9.4830929810996167e-06 9.4830929810996167e-06 9.4830929810996167e-06 9.4830929810996167e-06 9.4830929810996167e-06 9.4830929810996167e-06 9.4830929810996167e-06 9.4830929810996167e-06 9.4830929810996167e-06 9.4830929810996167e-06 9.4830929810996167e-06 9.4830929810996167e-06 9.4793867901898921e-06 7.2217953857034445e-06 3.4872916785388952e-06 0.0036688852123916149 0.98251593112945557 0.99519252777099609 0.99730336666107178 0.99808388948440552 0.99857258796691895 0.99895566701889038 0.99924612045288086 0.99940448999404907 0.99932479858398438 0.99868923425674438 0.99703937768936157 0.99448895454406738 0.9918365478515625 0.98999309539794922 0.9900481104850769 0.99194526672363281 0.99456572532653809 0.99702936410903931 0.99865484237670898 0.99934816360473633 0.99946308135986328 0.99921244382858276 0.99893581867218018 0.99855619668960571 0.99802738428115845 0.99701321125030518 0.99511361122131348 0.96661972999572754 0.002163655823096633 3.3852682008728152e-06 7.3234500632679556e-06 9.4800334409228526e-06 9.4830929810996167e-06 9.4830929810996167e-06 9.4830929810996167e-06 9.4830929810996167e-06 9.4830929810996167e-06 9.4830929810996167e-06 9.4830929810996167e-06 9.4830929810996167e-06 9.4830929810996167e-06 9.4830929810996167e-06 9.4830929810996167e-06 9.4830929810996167e-06 9.4830929810996167e-06 9.4830929810996167e-06
9.4830929810996167e-06 9.4830929810996167e-06 9.4830929810996167e-06 9.4830929810996167e-06 9.4830929810996167e-06 9.4830929810996167e-06 9.4830929810996167e-06 9.4830929810996167e-06 9.4830929810996167e-06 9.4830929810996167e-06 9.4830929810996167e-06 9.4830929810996167e-06 9.4830929810996167e-06 9.483092071604915e-06 9.4533788796979934e-06 5.5191421779454686e-06 5.619810053758556e-06 0.027171589434146881 0.99293422698974609 0.99565088748931885 0.99743121862411499 0.99819314479827881 0.99871641397476196 0.9990430474281311 0.9993169903755188 0.99943596124649048 0.99925315380096436 0.99794989824295044 0.99449419975280762 0.98870712518692017 0.98254042863845825 0.97881394624710083 0.97889840602874756 0.98272579908370972 0.9888567328453064 0.99455428123474121 0.99796271324157715 0.99924880266189575 0.99945163726806641 0.99932193756103516 0.998992919921875 0.99869149923324585 0.99827533960342407 0.99752533435821533 0.99604976177215576 0.99335783720016479 0.040948059409856796 9.182248504657764e-06 5.6139006119337864e-06 9.4565375547972508e-06 9.483092071604915e-06 9.4830929810996167e-06 9.4830929810996167e-06 9.4830929810996167e-06 9.4830929810996167e-06 9.4830929810996167e-06 9.4830929810996167e-06 9.4830929810996167e-06 9.4830929810996167e-06 9.4830929810996167e-06 9.4830929810996167e-06 9.4830929810996167e-06 9.4830929810996167e-06 9.4830929810996167e-06
9.4830929810996167e-06 9.4830929810996167e-06 9.4830929810996167e-06 9.4830929810996167e-06 9.4830929810996167e-06 9.4830929810996167e-06 9.4830929810996167e-06 9.4830929810996167e-06 9.4830929810996167e-06 9.4830929810996167e-06 9.4830929810996167e-06 9.4830929810996167e-06 9.4830929810996167e-06 9.4830875241314061e-06 9.4144734248402528e-06 4.8422748477605637e-06 1.5475170584977604e-05 0.073252938687801361 0.99438470602035522 0.99642795324325562 0.99736082553863525 0.99830740690231323 0.9987717866897583 0.99911808967590332 0.99921947717666626 0.99948179721832275 0.99912172555923462 0.99719870090484619 0.99182975292205811 0.98252618312835693 0.97270697355270386 0.96725046634674072 0.96736174821853638 0.97294759750366211 0.98275220394134521 0.99195438623428345 0.99722570180892944 0.99913972616195679 0.99948924779891968 0.9993293285369873 0.99912315607070923 0.99883705377578735 0.99837499856948853 0.99745845794677734 0.99657243490219116 0.99394804239273071 0.08200344443321228 2.2223539417609572e-05 4.7861303755780682e-06 9.4139832071959972e-06 9.4830875241314061e-06 9.4830929810996167e-06 9.4830929810996167e-06 9.4830929810996167e-06 9.4830929810996167e-06 9.4830929810996167e-06 9.4830929810996167e-06 9.4830929810996167e-06 9.4830929810996167e-06 9.4830929810996167e-06 9.4830929810996167e-06 9.4830929810996167e-06 9.4830929810996167e-06 9.4830929810996167e-06
9.4830929810996167e-06 9.4830929810996167e-06 9.4830929810996167e-06 9.4830929810996167e-06 9.4830929810996167e-06 9.4830929810996167e-06 9.4830929810996167e-06 9.4830929810996167e-06 9.4830929810996167e-06 9.4830929810996167e-06 9.4830929810996167e-06 9.4830929810996167e-06 9.4830929810996167e-06 9.4830829766578972e-06 9.385482371726539e-06 4.5310052882996388e-06 3.3196458389284089e-05 0.12803669273853302 0.99339592456817627 0.99626380205154419 0.99753820896148682 0.99833959341049194 0.99884301424026489 0.99913787841796875 0.99939459562301636 0.99945706129074097 0.99893730878829956 0.99647819995880127 0.98993051052093506 0.97873735427856445 0.96719855070114136 0.96111136674880981 0.96121752262115479 0.96741455793380737 0.97895914316177368 0.9900786280632019 0.99654865264892578 0.99894648790359497 0.99940186738967896 0.9993293285369873 0.999114990234375 0.99875527620315552 0.99822366237640381 0.99731522798538208 0.99611848592758179 0.9953952431678772 0.13799802958965302 3.3620723115745932e-05 4.4128200897830538e-06 9.3813923740526661e-06 9.4830829766578972e-06 9.4830929810996167e-06 9.4830929810996167e-06 9.4830929810996167e-06 9.4830929810996167e-06 9.4830929810996167e-06 9.4830929810996167e-06 9.4830929810996167e-06 9.4830929810996167e-06 9.4830929810996167e-06 9.4830929810996167e-06 9.4830929810996167e-06 9.4830929810996167e-06 9.4830929810996167e-06
9.4830929810996167e-06 9.4830929810996167e-06 9.4830929810996167e-06 9.4830929810996167e-06 9.4830929810996167e-06 9.4830929810996167e-06 9.4830929810996167e-06 9.4830929810996167e-06 9.4830929810996167e-06 9.4830929810996167e-06 9.4830929810996167e-06 9.4830929810996167e-06 9.4830929810996167e-06 9.4830811576684937e-06 9.3671151262242347e-06 4.3348818508093245e-06 1.7607020708965138e-05 0.090224556624889374 0.99478012323379517 0.99660712480545044 0.99786311388015747 0.99849867820739746 0.99877965450286865 0.99915957450866699 0.99939852952957153 0.99951022863388062 0.99894261360168457 0.99652695655822754 0.9899982213973999 0.97880131006240845 0.96723371744155884 0.96112650632858276 0.96116936206817627 0.9673008918762207 0.97884285449981689 0.99000310897827148 0.99652761220932007 0.99896472692489624 0.99949491024017334 0.99936479330062866 0.99909335374832153 0.99875384569168091 0.99828505516052246 0.99760586023330688 0.99657291173934937 0.99547863006591797 0.12450026720762253 2.7765850973082706e-05 4.5511014832300134e-06 9.3893977464176714e-06 9.4830847956473008e-06 9.4830929810996167e-06 9.4830929810996167e-06 9.4830929810996167e-06 9.4830929810996167e-06 9.4830929810996167e-06 9.4830929810996167e-06 9.4830929810996167e-06 9.4830929810996167e-06 9.4830929810996167e-06 9.4830929810996167e-06 9.4830929810996167e-06 9.4830929810996167e-06 9.4830929810996167e-06
9.4830929810996167e-06 9.4830929810996167e-06 9.4830929810996167e-06 9.4830929810996167e-06 9.4830929810996167e-06 9.4830929810996167e-06 9.4830929810996167e-06 9.4830929810996167e-06 9.4830929810996167e-06 9.4830929810996167e-06 9.4830929810996167e-06 9.4830929810996167e-06 9.4830929810996167e-06 9.4830857051420026e-06 9.3945764092495665e-06 4.5195597522251774e-06 1.4590929822588805e-05 0.080134280025959015 0.99476718902587891 0.99592584371566772 0.99758774042129517 0.99806082248687744 0.99873310327529907 0.99906373023986816 0.99942392110824585 0.99939543008804321 0.99912869930267334 0.99720138311386108 0.99186915159225464 0.98256587982177734 0.97270965576171875 0.96720844507217407 0.96726608276367188 0.97275757789611816 0.98258262872695923 0.99187624454498291 0.99721819162368774 0.99913638830184937 0.99944305419921875 0.99939364194869995 0.99911314249038696 0.99875575304031372 0.99829643964767456 0.99758064746856689 0.99580627679824829 0.99403232336044312 0.091771505773067474 2.6365041776443832e-05 4.7500825530732982e-06 9.4105425887391903e-06 9.4830875241314061e-06 9.4830929810996167e-06 9.4830929810996167e-06 9.4830929810996167e-06 9.4830929810996167e-06 9.4830929810996167e-06 9.4830929810996167e-06 9.4830929810996167e-06 9.4830929810996167e-06 9.4830929810996167e-06 9.4830929810996167e-06 9.4830929810996167e-06 9.4830929810996167e-06 9.4830929810996167e-06
9.4830929810996167e-06 9.4830929810996167e-06 9.4830929810996167e-06 9.4830929810996167e-06 9.4830929810996167e-06 9.4830929810996167e-06 9.4830929810996167e-06 9.4830929810996167e-06 9.4830929810996167e-06 9.4830929810996167e-06 9.4830929810996167e-06 9.4830929810996167e-06 9.4830929810996167e-06 9.483092071604915e-06 9.4527295004809275e-06 5.4501720114785712e-06 5.868732841918245e-06 0.02298755943775177 0.99176758527755737 0.99576258659362793 0.99724537134170532 0.99814045429229736 0.99873888492584229 0.99903130531311035 0.99921232461929321 0.99949473142623901 0.99920189380645752 0.99792647361755371 0.99452537298202515 0.98874968290328979 0.98254519701004028 0.97874337434768677 0.97879302501678467 0.9825509786605835 0.9887205958366394 0.99451637268066406 0.99796009063720703 0.99922680854797363 0.99945753812789917 0.99931907653808594 0.9990195631980896 0.99864715337753296 0.99812477827072144 0.99735105037689209 0.99612390995025635 0.99279892444610596 0.03906022384762764 8.4869261627318338e-06 5.5436280490539502e-06 9.4548950073658489e-06 9.483092071604915e-06 9.4830929810996167e-06 9.4830929810996167e-06 9.4830929810996167e-06 9.4830929810996167e-06 9.4830929810996167e-06 9.4830929810996167e-06 9.4830929810996167e-06 9.4830929810996167e-06 9.4830929810996167e-06 9.4830929810996167e-06 9.4830929810996167e-06 9.4830929810996167e-06 9.4830929810996167e-06
9.4830929810996167e-06 9.4830929810996167e-06 9.4830929810996167e-06 9.4830929810996167e-06 9.4830929810996167e-06 9.4830929810996167e-06 9.4830929810996167e-06 9.4830929810996167e-06 9.4830929810996167e-06 9.4830929810996167e-06 9.4830929810996167e-06 9.4830929810996167e-06 9.4830929810996167e-06 9.4830929810996167e-06 9.4801207524142228e-06 7.3499190875736531e-06 3.4418790164636448e-06 0.0039506466127932072 0.98472398519515991 0.99571573734283447 0.99730926752090454 0.99792701005935669 0.99859285354614258 0.9989314079284668 0.99921351671218872 0.99934291839599609 0.99929791688919067 0.99870508909225464 0.99705451726913452 0.99451810121536255 0.99184978008270264 0.9899412989616394 0.98997390270233154 0.99183076620101929 0.9944881796836853 0.9970252513885498 0.99865818023681641 0.99936449527740479 0.99939161539077759 0.99916291236877441 0.99887865781784058 0.99843084812164307 0.99789875745773315 0.99698770046234131 0.9952513575553894 0.97680854797363281 0.0015534693375229836 3.3509631975903176e-06 7.298138825717615e-06 9.479999789618887e-06 9.4830929810996167e-06 9.4830929810996167e-06 9.4830929810996167e-06 9.4830929810996167e-06 9.4830929810996167e-06 9.4830929810996167e-06 9.4830929810996167e-06 9.4830929810996167e-06 9.4830929810996167e-06 9.4830929810996167e-06 9.4830929810996167e-06 9.4830929810996167e-06 9.4830929810996167e-06 9.4830929810996167e-06
9.4830929810996167e-06 9.4830929810996167e-06 9.4830929810996167e-06 9.4830929810996167e-06 9.4830929810996167e-06 9.4830929810996167e-06 9.4830929810996167e-06 9.4830929810996167e-06 9.4830929810996167e-06 9.4830929810996167e-06 9.4830929810996167e-06 9.4830929810996167e-06 9.4830929810996167e-06 9.4830929810996167e-06 9.4830456873751245e-06 9.1789888756466098e-06 4.1196158235834446e-06 0.00021906603069510311 0.56251615285873413 0.99508702754974365 0.99672526121139526 0.99788755178451538 0.99832767248153687 0.99877047538757324 0.99907982349395752 0.99934178590774536 0.99939918518066406 0.99925845861434937 0.99865579605102539 0.9979596734046936 0.99719077348709106 0.99649065732955933 0.99652266502380371 0.99718022346496582 0.99792784452438354 0.99867963790893555 0.99921959638595581 0.99935007095336914 0.99927371740341187 0.99910241365432739 0.99874049425125122 0.99826699495315552 0.99766182899475098 0.99644553661346436 0.9950023889541626 0.48063284158706665 0.00015922928287182003 4.0337090467801318e-06 9.1559941211016849e-06 9.4830365924281068e-06 9.4830929810996167e-06 9.4830929810996167e-06 9.4830929810996167e-06 9.4830929810996167e-06 9.4830929810996167e-06 9.4830929810996167e-06 9.4830929810996167e-06 9.4830929810996167e-06 9.4830929810996167e-06 9.4830929810996167e-06 9.4830929810996167e-06 9.4830929810996167e-06 9.4830929810996167e-06 9.4830929810996167e-06
9.4830929810996167e-06 9.4830929810996167e-06 9.4830929810996167e-06 9.4830929810996167e-06 9.4830929810996167e-06 9.4830929810996167e-06 9.4830929810996167e-06 9.4830929810996167e-06 9.4830929810996167e-06 9.4830929810996167e-06 9.4830929810996167e-06 9.4830929810996167e-06 9.4830929810996167e-06 9.4830929810996167e-06 9.4830929810996167e-06 9.4690749392611906e-06 6.313110588962445e-06 9.4094784799381159e-06 0.046122811734676361 0.99500191211700439 0.99605262279510498 0.9972265362739563 0.99803757667541504 0.99866783618927002 0.99885666370391846 0.99915891885757446 0.99932295083999634 0.99936628341674805 0.9993317723274231 0.99926275014877319 0.99912256002426147 0.99890440702438354 0.99898350238800049 0.99911320209503174 0.99923551082611084 0.99927985668182373 0.99946302175521851 0.99925696849822998 0.99918931722640991 0.9989163875579834 0.99850082397460938 0.99807792901992798 0.99718427658081055 0.99618792533874512 0.99449616670608521 0.03369469940662384 8.519580660504289e-06 6.3285360738518648e-06 9.4690831247135065e-06 9.4830929810996167e-06 9.4830929810996167e-06 9.4830929810996167e-06 9.4830929810996167e-06 9.4830929810996167e-06 9.4830929810996167e-06 9.4830929810996167e-06 9.4830929810996167e-06 9.4830929810996167e-06 9.4830929810996167e-06 9.4830929810996167e-06 9.4830929810996167e-06 9.4830929810996167e-06 9.4830929810996167e-06 9.4830929810996167e-06
9.4830929810996167e-06 9.4830929810996167e-06 9.4830929810996167e-06 9.4830929810996167e-06 9.4830929810996167e-06 9.4830929810996167e-06 9.4830929810996167e-06 9.4830929810996167e-06 9.4830929810996167e-06 9.4830929810996167e-06 9.4830929810996167e-06 9.4830929810996167e-06 9.4830929810996167e-06 9.4830929810996167e-06 9.4830929810996167e-06 9.4830338639440015e-06 9.1199353846604936e-06 3.9109281715354882e-06 0.00021514360560104251 0.60709118843078613 0.99479138851165771 0.99712669849395752 0.9976317286491394 0.99828648567199707 0.99864411354064941 0.9988635778427124 0.99914306402206421 0.99932229518890381 0.99941670894622803 0.99943923950195312 0.99945080280303955 0.99944436550140381 0.99948972463607788 0.99948865175247192 0.99940747022628784 0.99936813116073608 0.99931812286376953 0.99918591976165771 0.99897688627243042 0.99873203039169312 0.99824166297912598 0.99789339303970337 0.99706572294235229 0.99573367834091187 0.61357784271240234 0.0001764058688422665 3.9205060602398589e-06 9.142511771642603e-06 9.4830393209122121e-06 9.4830929810996167e-06 9.4830929810996167e-06 9.4830929810996167e-06 9.4830929810996167e-06 9.4830929810996167e-06 9.4830929810996167e-06 9.4830929810996167e-06 9.4830929810996167e-06 9.4830929810996167e-06 9.4830929810996167e-06 9.4830929810996167e-06 9.4830929810996167e-06 9.4830929810996167e-06 9.4830929810996167e-06 9.4830929810996167e-06
9.4830929810996167e-06 9.4830929810996167e-06 9.4830929810996167e-06 9.4830929810996167e-06 9.4830929810996167e-06 9.4830929810996167e-06 9.4830929810996167e-06 9.4830929810996167e-06 9.4830929810996167e-06 9.4830929810996167e-06 9.4830929810996167e-06 9.4830929810996167e-06 9.4830929810996167e-06 9.4830929810996167e-06 9.4830929810996167e-06 9.4830929810996167e-06 9.4796678240527399e-06 7.1136446422315203e-06 3.6891738091071602e-06 0.011825477704405785 0.99383258819580078 0.99592441320419312 0.99680393934249878 0.99796169996261597 0.9981006383895874 0.99858015775680542 0.99896842241287231 0.99906092882156372 0.99926865100860596 0.99927341938018799 0.99935883283615112 0.99932783842086792 0.99941390752792358 0.99938535690307617 0.99932324886322021 0.99919426441192627 0.99908745288848877 0.99891555309295654 0.99876779317855835 0.99823927879333496 0.99807864427566528 0.99730664491653442 0.99586641788482666 0.99314033985137939 0.0084185842424631119 3.4704905829130439e-06 7.05355796526419e-06 9.4794722826918587e-06 9.4830929810996167e-06 9.4830929810996167e-06 9.4830929810996167e-06 9.4830929810996167e-06 9.4830929810996167e-06 9.4830929810996167e-06 9.4830929810996167e-06 9.4830929810996167e-06 9.4830929810996167e-06 9.4830929810996167e-06 9.4830929810996167e-06 9.4830929810996167e-06 9.4830929810996167e-06 9.4830929810996167e-06 9.4830929810996167e-06 9.4830929810996167e-06
9.4830929810996167e-06 9.4830929810996167e-06 9.4830929810996167e-06 9.4830929810996167e-06 9.4830929810996167e-06 9.4830929810996167e-06 9.4830929810996167e-06 9.4830929810996167e-06 9.4830929810996167e-06 9.4830929810996167e-06 9.4830929810996167e-06 9.4830929810996167e-06 9.4830929810996167e-06 9.4830929810996167e-06 9.4830929810996167e-06 9.4830929810996167e-06 9.4830911621102132e-06 9.4425777206197381e-06 4.9852856136567425e-06 1.0146654858544935e-05 0.075825035572052002 0.99571019411087036 0.99658387899398804 0.99682033061981201 0.99758750200271606 0.99829638004302979 0.99859881401062012 0.99873071908950806 0.99896210432052612 0.99905049800872803 0.9990767240524292 0.9991295337677002 0.99910354614257812 0.99910342693328857 0.99904423952102661 0.99886399507522583 0.99877196550369263 0.99864643812179565 0.99838864803314209 0.99788528680801392 0.99736219644546509 0.99678301811218262 0.99627697467803955 0.080944262444972992 4.0668925066711381e-05 4.9008262976713013e-06 9.4397973953164183e-06 9.4830911621102132e-06 9.4830929810996167e-06 9.4830929810996167e-06 9.4830929810996167e-06 9.4830929810996167e-06 9.4830929810996167e-06 9.4830929810996167e-06 9.4830929810996167e-06 9.4830929810996167e-06 9.4830929810996167e-06 9.4830929810996167e-06 9.4830929810996167e-06 9.4830929810996167e-06 9.4830929810996167e-06 9.4830929810996167e-06 9.4830929810996167e-06 9.4830929810996167e-06
9.4830929810996167e-06 9.4830929810996167e-06 9.4830929810996167e-06 9.4830929810996167e-06 9.4830929810996167e-06 9.4830929810996167e-06 9.4830929810996167e-06 9.4830929810996167e-06 9.4830929810996167e-06 9.4830929810996167e-06 9.4830929810996167e-06 9.4830929810996167e-06 9.4830929810996167e-06 9.4830929810996167e-06 9.4830929810996167e-06 9.4830929810996167e-06 9.4830929810996167e-06 9.4830757007002831e-06 9.3038588602212258e-06 3.7545880786638008e-06 4.3111933337058872e-05 0.23377925157546997 0.99522215127944946 0.99561160802841187 0.99683856964111328 0.9978795051574707 0.99799036979675293 0.99840635061264038 0.99852287769317627 0.99872910976409912 0.99868977069854736 0.99881923198699951 0.99877691268920898 0.99866652488708496 0.99871218204498291 0.99857383966445923 0.99825656414031982 0.99804705381393433 0.99792629480361938 0.99724894762039185 0.99686861038208008 0.99529904127120972 0.22456832230091095 5.6977973144967109e-05 3.7627403344231425e-06 9.29814632399939e-06 9.4830747912055813e-06 9.4830929810996167e-06 9.4830929810996167e-06 9.4830929810996167e-06 9.4830929810996167e-06 9.4830929810996167e-06 9.4830929810996167e-06 9.4830929810996167e-06 9.4830929810996167e-06 9.4830929810996167e-06 9.4830929810996167e-06 9.4830929810996167e-06 9.4830929810996167e-06 9.4830929810996167e-06 9.4830929810996167e-06 9.4830929810996167e-06 9.4830929810996167e-06 9.4830929810996167e-06
9.4830929810996167e-06 9.4830929810996167e-06 9.4830929810996167e-06 9.4830929810996167e-06 9.4830929810996167e-06 9.4830929810996167e-06 9.4830929810996167e-06 9.4830929810996167e-06 9.4830929810996167e-06 9.4830929810996167e-06 9.4830929810996167e-06 9.4830929810996167e-06 9.4830929810996167e-06 9.4830929810996167e-06 9.4830929810996167e-06 9.4830929810996167e-06 9.4830929810996167e-06 9.4830929810996167e-06 9.4830165835446678e-06 9.071685781236738e-06 3.3222920592379523e-06 6.3862957176752388e-05 0.21623644232749939 0.99487245082855225 0.99588388204574585 0.9968152642250061 0.99736207723617554 0.99789130687713623 0.99799633026123047 0.99810105562210083 0.998218834400177 0.99839943647384644 0.9980970025062561 0.998138427734375 0.99827021360397339 0.9980512261390686 0.99741870164871216 0.9974212646484375 0.9970281720161438 0.99584764242172241 0.99663591384887695 0.21256351470947266 5.7151301007252187e-05 3.3249496027565328e-06 9.0712956080096774e-06 9.4830147645552643e-06 9.4830929810996167e-06 9.4830929810996167e-06 9.4830929810996167e-06 9.4830929810996167e-06 9.4830929810996167e-06 9.4830929810996167e-06 9.4830929810996167e-06 9.4830929810996167e-06 9.4830929810996167e-06 9.4830929810996167e-06 9.4830929810996167e-06 9.4830929810996167e-06 9.4830929810996167e-06 9.4830929810996167e-06 9.4830929810996167e-06 9.4830929810996167e-06 9.4830929810996167e-06 9.4830929810996167e-06
9.4830929810996167e-06 9.4830929810996167e-06 9.4830929810996167e-06 9.4830929810996167e-06 9.4830929810996167e-06 9.4830929810996167e-06 9.4830929810996167e-06 9.4830929810996167e-06 9.4830929810996167e-06 9.4830929810996167e-06 9.4830929810996167e-06 9.4830929810996167e-06 9.4830929810996167e-06 9.4830929810996167e-06 9.4830929810996167e-06 9.4830929810996167e-06 9.4830929810996167e-06 9.4830929810996167e-06 9.4830929810996167e-06 9.48293563851621e-06 8.9605273387860507e-06 3.3600963433855213e-06 3.8027490518288687e-05 0.072024993598461151 0.99352127313613892 0.99519622325897217 0.99628365039825439 0.99705862998962402 0.99717468023300171 0.99718701839447021 0.9974941611289978 0.99768263101577759 0.99737286567687988 0.99708503484725952 0.99751389026641846 0.9971998929977417 0.9966772198677063 0.99625849723815918 0.99465405941009521 0.99386626482009888 0.07984374463558197 3.4877895814133808e-05 3.2750185710028745e-06 8.9530622062738985e-06 9.4829338195268065e-06 9.4830929810996167e-06 9.4830929810996167e-06 9.4830929810996167e-06 9.4830929810996167e-06 9.4830929810996167e-06 9.4830929810996167e-06 9.4830929810996167e-06 9.4830929810996167e-06 9.4830929810996167e-06 9.4830929810996167e-06 9.4830929810996167e-06 9.4830929810996167e-06 9.4830929810996167e-06 9.4830929810996167e-06 9.4830929810996167e-06 9.4830929810996167e-06 9.4830929810996167e-06 9.4830929810996167e-06 9.4830929810996167e-06
9.4830929810996167e-06 9.4830929810996167e-06 9.4830929810996167e-06 9.4830929810996167e-06 9.4830929810996167e-06 9.4830929810996167e-06 9.4830929810996167e-06 9.4830929810996167e-06 9.4830929810996167e-06 9.4830929810996167e-06 9.4830929810996167e-06 9.4830929810996167e-06 9.4830929810996167e-06 9.4830929810996167e-06 9.4830929810996167e-06 9.4830929810996167e-06 9.4830929810996167e-06 9.4830929810996167e-06 9.4830929810996167e-06 9.4830929810996167e-06 9.4829374575056136e-06 9.0761614046641625e-06 3.762109599847463e-06 1.0272029612679034e-05 0.0098513411357998848 0.66543376445770264 0.99520063400268555 0.99533993005752563 0.99575728178024292 0.99534231424331665 0.99643546342849731 0.99618178606033325 0.99621289968490601 0.99560409784317017 0.99589985609054565 0.99537742137908936 0.9956696629524231 0.99418693780899048 0.61367970705032349 0.010803671553730965 9.6741605375427753e-06 3.7018392049503746e-06 9.0549337983247824e-06 9.4829283625585958e-06 9.4830929810996167e-06 9.4830929810996167e-06 9.4830929810996167e-06 9.4830929810996167e-06 9.4830929810996167e-06 9.4830929810996167e-06 9.4830929810996167e-06 9.4830929810996167e-06 9.4830929810996167e-06 9.4830929810996167e-06 9.4830929810996167e-06 9.4830929810996167e-06 9.4830929810996167e-06 9.4830929810996167e-06 9.4830929810996167e-06 9.4830929810996167e-06 9.4830929810996167e-06 9.4830929810996167e-06 9.4830929810996167e-06 9.4830929810996167e-06
9.4830929810996167e-06 9.4830929810996167e-06 9.4830929810996167e-06 9.4830929810996167e-06 9.4830929810996167e-06 9.4830929810996167e-06 9.4830929810996167e-06 9.4830929810996167e-06 9.4830929810996167e-06 9.4830929810996167e-06 9.4830929810996167e-06 9.4830929810996167e-06 9.4830929810996167e-06 9.4830929810996167e-06 9.4830929810996167e-06 9.4830929810996167e-06 9.4830929810996167e-06 9.4830929810996167e-06 9.4830929810996167e-06 9.4830929810996167e-06 9.4830929810996167e-06 9.4830165835446678e-06 9.2953396233497187e-06 4.8341385081585031e-06 3.8141388358781114e-06 0.00025791124789975584 0.055304676294326782 0.47105735540390015 0.98356461524963379 0.99257957935333252 0.99505430459976196 0.99439364671707153 0.99474304914474487 0.99295830726623535 0.99382764101028442 0.9854273796081543 0.53011733293533325 0.041682295501232147 0.00027959191356785595 3.5714010664378293e-06 4.9253058023168705e-06 9.2945565484114923e-06 9.4830102170817554e-06 9.4830929810996167e-06 9.4830929810996167e-06 9.4830929810996167e-06 9.4830929810996167e-06 9.4830929810996167e-06 9.4830929810996167e-06 9.4830929810996167e-06 9.4830929810996167e-06 9.4830929810996167e-06 9.4830929810996167e-06 9.4830929810996167e-06 9.4830929810996167e-06 9.4830929810996167e-06 9.4830929810996167e-06 9.4830929810996167e-06 9.4830929810996167e-06 9.4830929810996167e-06 9.4830929810996167e-06 9.4830929810996167e-06 9.4830929810996167e-06 9.4830929810996167e-06
9.4830929810996167e-06 9.4830929810996167e-06 9.4830929810996167e-06 9.4830929810996167e-06 9.4830929810996167e-06 9.4830929810996167e-06 9.4830929810996167e-06 9.4830929810996167e-06 9.4830929810996167e-06 9.4830929810996167e-06 9.4830929810996167e-06 9.4830929810996167e-06 9.4830929810996167e-06 9.4830929810996167e-06 9.4830929810996167e-06 9.4830929810996167e-06 9.4830929810996167e-06 9.4830929810996167e-06 9.4830929810996167e-06 9.4830929810996167e-06 9.4830929810996167e-06 9.4830929810996167e-06 9.4830747912055813e-06 9.4365668701357208e-06 7.0231531026365701e-06 3.9189494600577746e-06 1.2468545719457325e-05 0.0001592944172443822 0.0025824217591434717 0.03089882992208004 0.10668586939573288 0.13833101093769073 0.12043189257383347 0.070003271102905273 0.03152107447385788 0.00613795081153512 0.0001786799548426643 9.3742964963894337e-06 3.9009469219308812e-06 7.0314508775481954e-06 9.4398847068077885e-06 9.4830738817108795e-06 9.4830929810996167e-06 9.4830929810996167e-06 9.4830929810996167e-06 9.4830929810996167e-06 9.4830929810996167e-06 9.4830929810996167e-06 9.4830929810996167e-06 9.4830929810996167e-06 9.4830929810996167e-06 9.4830929810996167e-06 9.4830929810996167e-06 9.4830929810996167e-06 9.4830929810996167e-06 9.4830929810996167e-06 9.4830929810996167e-06 9.4830929810996167e-06 9.4830929810996167e-06 9.4830929810996167e-06 9.4830929810996167e-06 9.4830929810996167e-06 9.4830929810996167e-06 9.4830929810996167e-06
9.4830929810996167e-06 9.4830929810996167e-06 9.4830929810996167e-06 9.4830929810996167e-06 9.4830929810996167e-06 9.4830929810996167e-06 9.4830929810996167e-06 9.4830929810996167e-06 9.4830929810996167e-06 9.4830929810996167e-06 9.4830929810996167e-06 9.4830929810996167e-06 9.4830929810996167e-06 9.4830929810996167e-06 9.4830929810996167e-06 9.4830929810996167e-06 9.4830929810996167e-06 9.4830929810996167e-06 9.4830929810996167e-06 9.4830929810996167e-06 9.4830929810996167e-06 9.4830929810996167e-06 9.4830929810996167e-06 9.4830911621102132e-06 9.4791930678184144e-06 9.1006613729405217e-06 6.2107096709951293e-06 4.0621639527671505e-06 3.3809205888246652e-06 6.7040709836874157e-06 2.6218764105578884e-05 3.895166446454823e-05 2.8376523914630525e-05 1.7511594705865718e-05 6.0130919337098021e-06 3.5164857763447799e-06 3.964015377277974e-06 6.3104971559369005e-06 9.1439032985363156e-06 9.4791957963025197e-06 9.4830911621102132e-06 9.4830929810996167e-06 9.4830929810996167e-06 9.4830929810996167e-06 9.4830929810996167e-06 9.4830929810996167e-06 9.4830929810996167e-06 9.4830929810996167e-06 9.4830929810996167e-06 9.4830929810996167e-06 9.4830929810996167e-06 9.4830929810996167e-06 9.4830929810996167e-06 9.4830929810996167e-06 9.4830929810996167e-06 9.4830929810996167e-06 9.4830929810996167e-06 9.4830929810996167e-06 9.4830929810996167e-06 9.4830929810996167e-06 9.4830929810996167e-06 9.4830929810996167e-06 9.4830929810996167e-06 9.4830929810996167e-06
9.4830929810996167e-06 9.4830929810996167e-06 9.4830929810996167e-06 9.4830929810996167e-06 9.4830929810996167e-06 9.4830929810996167e-06 9.4830929810996167e-06 9.4830929810996167e-06 9.4830929810996167e-06 9.4830929810996167e-06 9.4830929810996167e-06 9.4830929810996167e-06 9.4830929810996167e-06 9.4830929810996167e-06 9.4830929810996167e-06 9.4830929810996167e-06 9.4830929810996167e-06 9.4830929810996167e-06 9.4830929810996167e-06 9.4830929810996167e-06 9.4830929810996167e-06 9.4830929810996167e-06 9.4830929810996167e-06 9.4830929810996167e-06 9.4830929810996167e-06 9.4830293164704926e-06 9.467098607274238e-06 9.1679758043028414e-06 7.2040702434605919e-06 5.4318306865752675e-06 4.7884964260447305e-06 4.595433892973233e-06 4.4323801375867333e-06 4.7099397306737956e-06 5.561805210163584e-06 7.3031746978813317e-06 9.1430392785696313e-06 9.4697079475736246e-06 9.4830384114175104e-06 9.4830929810996167e-06 9.4830929810996167e-06 9.4830929810996167e-06 9.4830929810996167e-06 9.4830929810996167e-06 9.4830929810996167e-06 9.4830929810996167e-06 9.4830929810996167e-06 9.4830929810996167e-06 9.4830929810996167e-06 9.4830929810996167e-06 9.4830929810996167e-06 9.4830929810996167e-06 9.4830929810996167e-06 9.4830929810996167e-06 9.4830929810996167e-06 9.4830929810996167e-06 9.4830929810996167e-06 9.4830929810996167e-06 9.4830929810996167e-06 9.4830929810996167e-06 9.4830929810996167e-06 9.4830929810996167e-06 9.4830929810996167e-06 9.4830929810996167e-06
9.4830929810996167e-06 9.4830929810996167e-06 9.4830929810996167e-06 9.4830929810996167e-06 9.4830929810996167e-06 9.4830929810996167e-06 9.4830929810996167e-06 9.4830929810996167e-06 9.4830929810996167e-06 9.4830929810996167e-06 9.4830929810996167e-06 9.4830929810996167e-06 9.4830929810996167e-06 9.4830929810996167e-06 9.4830929810996167e-06 9.4830929810996167e-06 9.4830929810996167e-06 9.4830929810996167e-06 9.4830929810996167e-06 9.4830929810996167e-06 9.4830929810996167e-06 9.4830929810996167e-06 9.4830929810996167e-06 9.4830929810996167e-06 9.4830929810996167e-06 9.4830929810996167e-06 9.4830929810996167e-06 9.4830402304069139e-06 9.4794604592607357e-06 9.4508286565542221e-06 9.411701284989249e-06 9.3898834165884182e-06 9.3773805929231457e-06 9.4068755061016418e-06 9.4551132860942744e-06 9.4798988357069902e-06 9.483035682933405e-06 9.4830929810996167e-06 9.4830929810996167e-06 9.4830929810996167e-06 9.4830929810996167e-06 9.4830929810996167e-06 9.4830929810996167e-06 9.4830929810996167e-06 9.4830929810996167e-06 9.4830929810996167e-06 9.4830929810996167e-06 9.4830929810996167e-06 9.4830929810996167e-06 9.4830929810996167e-06 9.4830929810996167e-06 9.4830929810996167e-06 9.4830929810996167e-06 9.4830929810996167e-06 9.4830929810996167e-06 9.4830929810996167e-06 9.4830929810996167e-06 9.4830929810996167e-06 9.4830929810996167e-06 9.4830929810996167e-06 9.4830929810996167e-06 9.4830929810996167e-06 9.4830929810996167e-06 9.4830929810996167e-06
9.4830929810996167e-06 9.4830929810996167e-06 9.4830929810996167e-06 9.4830929810996167e-06 9.4830929810996167e-06 9.4830929810996167e-06 9.4830929810996167e-06 9.4830929810996167e-06 9.4830929810996167e-06 9.4830929810996167e-06 9.4830929810996167e-06 9.4830929810996167e-06 9.4830929810996167e-06 9.4830929810996167e-06 9.4830929810996167e-06 9.4830929810996167e-06 9.4830929810996167e-06 9.4830929810996167e-06 9.4830929810996167e-06 9.4830929810996167e-06 9.4830929810996167e-06 9.4830929810996167e-06 9.4830929810996167e-06 9.4830929810996167e-06 9.4830929810996167e-06 9.4830929810996167e-06 9.4830929810996167e-06 9.4830929810996167e-06 9.4830929810996167e-06 9.483092071604915e-06 9.4830875241314061e-06 9.483083886152599e-06 9.4830820671631955e-06 9.4830866146367043e-06 9.483092071604915e-06 9.4830929810996167e-06 9.4830929810996167e-06 9.4830929810996167e-06 9.4830929810996167e-06 9.4830929810996167e-06 9.4830929810996167e-06 9.4830929810996167e-06 9.4830929810996167e-06 9.4830929810996167e-06 9.4830929810996167e-06 9.4830929810996167e-06 9.4830929810996167e-06 9.4830929810996167e-06 9.4830929810996167e-06 9.4830929810996167e-06 9.4830929810996167e-06 9.4830929810996167e-06 9.4830929810996167e-06 9.4830929810996167e-06 9.4830929810996167e-06 9.4830929810996167e-06 9.4830929810996167e-06 9.4830929810996167e-06 9.4830929810996167e-06 9.4830929810996167e-06 9.4830929810996167e-06 9.4830929810996167e-06 9.4830929810996167e-06 9.4830929810996167e-06
9.4830929810996167e-06 9.4830929810996167e-06 9.4830929810996167e-06 9.4830929810996167e-06 9.4830929810996167e-06 9.4830929810996167e-06 9.4830929810996167e-06 9.4830929810996167e-06 9.4830929810996167e-06 9.4830929810996167e-06 9.4830929810996167e-06 9.4830929810996167e-06 9.4830929810996167e-06 9.4830929810996167e-06 9.4830929810996167e-06 9.4830929810996167e-06 9.4830929810996167e-06 9.4830929810996167e-06 9.4830929810996167e-06 9.4830929810996167e-06 9.4830929810996167e-06 9.4830929810996167e-06 9.4830929810996167e-06 9.4830929810996167e-06 9.4830929810996167e-06 9.4830929810996167e-06 9.4830929810996167e-06 9.4830929810996167e-06 9.4830929810996167e-06 9.4830929810996167e-06 9.4830929810996167e-06 9.4830929810996167e-06 9.4830929810996167e-06 9.4830929810996167e-06 9.4830929810996167e-06 9.4830929810996167e-06 9.4830929810996167e-06 9.4830929810996167e-06 9.4830929810996167e-06 9.4830929810996167e-06 9.4830929810996167e-06 9.4830929810996167e-06 9.4830929810996167e-06 9.4830929810996167e-06 9.4830929810996167e-06 9.4830929810996167e-06 9.4830929810996167e-06 9.4830929810996167e-06 9.4830929810996167e-06 9.4830929810996167e-06 9.4830929810996167e-06 9.4830929810996167e-06 9.4830929810996167e-06 9.4830929810996167e-06 9.4830929810996167e-06 9.4830929810996167e-06 9.4830929810996167e-06 9.4830929810996167e-06 9.4830929810996167e-06 9.4830929810996167e-06 9.4830929810996167e-06 9.4830929810996167e-06 9.4830929810996167e-06 9.4830929810996167e-06
9.4830929810996167e-06 9.4830929810996167e-06 9.4830929810996167e-06 9.4830929810996167e-06 9.4830929810996167e-06 9.4830929810996167e-06 9.4830929810996167e-06 9.4830929810996167e-06 9.4830929810996167e-06 9.4830929810996167e-06 9.4830929810996167e-06 9.4830929810996167e-06 9.4830929810996167e-06 9.4830929810996167e-06 9.4830929810996167e-06 9.4830929810996167e-06 9.4830929810996167e-06 9.4830929810996167e-06 9.4830929810996167e-06 9.4830929810996167e-06 9.4830929810996167e-06 9.4830929810996167e-06 9.4830929810996167e-06 9.4830929810996167e-06 9.4830929810996167e-06 9.4830929810996167e-06 9.4830929810996167e-06 9.4830929810996167e-06 9.4830929810996167e-06 9.4830929810996167e-06 9.4830929810996167e-06 9.4830929810996167e-06 9.4830929810996167e-06 9.4830929810996167e-06 9.4830929810996167e-06 9.4830929810996167e-06 9.4830929810996167e-06 9.4830929810996167e-06 9.4830929810996167e-06 9.4830929810996167e-06 9.4830929810996167e-06 9.4830929810996167e-06 9.4830929810996167e-06 9.4830929810996167e-06 9.4830929810996167e-06 9.4830929810996167e-06 9.4830929810996167e-06 9.4830929810996167e-06 9.4830929810996167e-06 9.4830929810996167e-06 9.4830929810996167e-06 9.4830929810996167e-06 9.4830929810996167e-06 9.4830929810996167e-06 9.4830929810996167e-06 9.4830929810996167e-06 9.4830929810996167e-06 9.4830929810996167e-06 9.4830929810996167e-06 9.4830929810996167e-06 9.4830929810996167e-06 9.4830929810996167e-06 9.4830929810996167e-06 9.4830929810996167e-06
9.4830929810996167e-06 9.4830929810996167e-06 9.4830929810996167e-06 9.4830929810996167e-06 9.4830929810996167e-06 9.4830929810996167e-06 9.4830929810996167e-06 9.4830929810996167e-06 9.4830929810996167e-06 9.4830929810996167e-06 9.4830929810996167e-06 9.4830929810996167e-06 9.4830929810996167e-06 9.4830929810996167e-06 9.4830929810996167e-06 9.4830929810996167e-06 9.4830929810996167e-06 9.4830929810996167e-06 9.4830929810996167e-06 9.4830929810996167e-06 9.4830929810996167e-06 9.4830929810996167e-06 9.4830929810996167e-06 9.4830929810996167e-06 9.4830929810996167e-06 9.4830929810996167e-06 9.4830929810996167e-06 9.4830929810996167e-06 9.4830929810996167e-06 9.4830929810996167e-06 9.4830929810996167e-06 9.4830929810996167e-06 9.4830929810996167e-06 9.4830929810996167e-06 9.4830929810996167e-06 9.4830929810996167e-06 9.4830929810996167e-06 9.4830929810996167e-06 9.4830929810996167e-06 9.4830929810996167e-06 9.4830929810996167e-06 9.4830929810996167e-06 9.4830929810996167e-06 9.4830929810996167e-06 9.4830929810996167e-06 9.4830929810996167e-06 9.4830929810996167e-06 9.4830929810996167e-06 9.4830929810996167e-06 9.4830929810996167e-06 9.4830929810996167e-06 9.4830929810996167e-06 9.4830929810996167e-06 9.4830929810996167e-06 9.4830929810996167e-06 9.4830929810996167e-06 9.4830929810996167e-06 9.4830929810996167e-06 9.4830929810996167e-06 9.4830929810996167e-06 9.4830929810996167e-06 9.4830929810996167e-06 9.4830929810996167e-06 9.4830929810996167e-06
9.4830929810996167e-06 9.4830929810996167e-06 9.4830929810996167e-06 9.4830929810996167e-06 9.4830929810996167e-06 9.4830929810996167e-06 9.4830929810996167e-06 9.4830929810996167e-06 9.4830929810996167e-06 9.4830929810996167e-06 9.4830929810996167e-06 9.4830929810996167e-06 9.4830929810996167e-06 9.4830929810996167e-06 9.4830929810996167e-06 9.4830929810996167e-06 9.4830929810996167e-06 9.4830929810996167e-06 9.4830929810996167e-06 9.4830929810996167e-06 9.4830929810996167e-06 9.4830929810996167e-06 9.4830929810996167e-06 9.4830929810996167e-06 9.4830929810996167e-06 9.4830929810996167e-06 9.4830929810996167e-06 9.4830929810996167e-06 9.4830929810996167e-06 9.4830929810996167e-06 9.4830929810996167e-06 9.4830929810996167e-06 9.4830929810996167e-06 9.4830929810996167e-06 9.4830929810996167e-06 9.4830929810996167e-06 9.4830929810996167e-06 9.4830929810996167e-06 9.4830929810996167e-06 9.4830929810996167e-06 9.4830929810996167e-06 9.4830929810996167e-06 9.4830929810996167e-06 9.4830929810996167e-06 9.4830929810996167e-06 9.4830929810996167e-06 9.4830929810996167e-06 9.4830929810996167e-06 9.4830929810996167e-06 9.4830929810996167e-06 9.4830929810996167e-06 9.4830929810996167e-06 9.4830929810996167e-06 9.4830929810996167e-06 9.4830929810996167e-06 9.4830929810996167e-06 9.4830929810996167e-06 9.4830929810996167e-06 9.4830929810996167e-06 9.4830929810996167e-06 9.4830929810996167e-06 9.4830929810996167e-06 9.4830929810996167e-06 9.4830929810996167e-06
9.4830929810996167e-06 9.4830929810996167e-06 9.4830929810996167e-06 9.4830929810996167e-06 9.4830929810996167e-06 9.4830929810996167e-06 9.4830929810996167e-06 9.4830929810996167e-06 9.4830929810996167e-06 9.4830929810996167e-06 9.4830929810996167e-06 9.4830929810996167e-06 9.4830929810996167e-06 9.4830929810996167e-06 9.4830929810996167e-06 9.4830929810996167e-06 9.4830929810996167e-06 9.4830929810996167e-06 9.4830929810996167e-06 9.4830929810996167e-06 9.4830929810996167e-06 9.4830929810996167e-06 9.4830929810996167e-06 9.4830929810996167e-06 9.4830929810996167e-06 9.4830929810996167e-06 9.4830929810996167e-06 9.4830929810996167e-06 9.4830929810996167e-06 9.4830929810996167e-06 9.4830929810996167e-06 9.4830929810996167e-06 9.4830929810996167e-06 9.4830929810996167e-06 9.4830929810996167e-06 9.4830929810996167e-06 9.4830929810996167e-06 9.4830929810996167e-06 9.4830929810996167e-06 9.4830929810996167e-06 9.4830929810996167e-06 9.4830929810996167e-06 9.4830929810996167e-06 9.4830929810996167e-06 9.4830929810996167e-06 9.4830929810996167e-06 9.4830929810996167e-06 9.4830929810996167e-06 9.4830929810996167e-06 9.4830929810996167e-06 9.4830929810996167e-06 9.4830929810996167e-06 9.4830929810996167e-06 9.4830929810996167e-06 9.4830929810996167e-06 9.4830929810996167e-06 9.4830929810996167e-06 9.4830929810996167e-06 9.4830929810996167e-06 9.4830929810996167e-06 9.4830929810996167e-06 9.4830929810996167e-06 9.4830929810996167e-06 9.4830929810996167e-06
9.4830929810996167e-06 9.4830929810996167e-06 9.4830929810996167e-06 9.4830929810996167e-06 9.4830929810996167e-06 9.4830929810996167e-06 9.4830929810996167e-06 9.4830929810996167e-06 9.4830929810996167e-06 9.4830929810996167e-06 9.4830929810996167e-06 9.4830929810996167e-06 9.4830929810996167e-06 9.4830929810996167e-06 9.4830929810996167e-06 9.4830929810996167e-06 9.4830929810996167e-06 9.4830929810996167e-06 9.4830929810996167e-06 9.4830929810996167e-06 9.4830929810996167e-06 9.4830929810996167e-06 9.4830929810996167e-06 9.4830929810996167e-06 9.4830929810996167e-06 9.4830929810996167e-06 9.4830929810996167e-06 9.4830929810996167e-06 9.4830929810996167e-06 9.4830929810996167e-06 9.4830929810996167e-06 9.4830929810996167e-06 9.4830929810996167e-06 9.4830929810996167e-06 9.4830929810996167e-06 9.4830929810996167e-06 9.4830929810996167e-06 9.4830929810996167e-06 9.4830929810996167e-06 9.4830929810996167e-06 9.4830929810996167e-06 9.4830929810996167e-06 9.4830929810996167e-06 9.4830929810996167e-06 9.4830929810996167e-06 9.4830929810996167e-06 9.4830929810996167e-06 9.4830929810996167e-06 9.4830929810996167e-06 9.4830929810996167e-06 9.4830929810996167e-06 9.4830929810996167e-06 9.4830929810996167e-06 9.4830929810996167e-06 9.4830929810996167e-06 9.4830929810996167e-06 9.4830929810996167e-06 9.4830929810996167e-06 9.4830929810996167e-06 9.4830929810996167e-06 9.4830929810996167e-06 9.4830929810996167e-06 9.4830929810996167e-06 9.4830929810996167e-06
9.4830929810996167e-06 9.4830929810996167e-06 9.4830929810996167e-06 9.4830929810996167e-06 9.4830929810996167e-06 9.4830929810996167e-06 9.4830929810996167e-06 9.4830929810996167e-06 9.4830929810996167e-06 9.4830929810996167e-06 9.4830929810996167e-06 9.4830929810996167e-06 9.4830929810996167e-06 9.4830929810996167e-06 9.4830929810996167e-06 9.4830929810996167e-06 9.4830929810996167e-06 9.4830929810996167e-06 9.4830929810996167e-06 9.4830929810996167e-06 9.4830929810996167e-06 9.4830929810996167e-06 9.4830929810996167e-06 9.4830929810996167e-06 9.4830929810996167e-06 9.4830929810996167e-06 9.4830929810996167e-06 9.4830929810996167e-06 9.4830929810996167e-06 9.4830929810996167e-06 9.4830929810996167e-06 9.4830929810996167e-06 9.4830929810996167e-06 9.4830929810996167e-06 9.4830929810996167e-06 9.4830929810996167e-06 9.4830929810996167e-06 9.4830929810996167e-06 9.4830929810996167e-06 9.4830929810996167e-06 9.4830929810996167e-06 9.4830929810996167e-06 9.4830929810996167e-06 9.4830929810996167e-06 9.4830929810996167e-06 9.4830929810996167e-06 9.4830929810996167e-06 9.4830929810996167e-06 9.4830929810996167e-06 9.4830929810996167e-06 9.4830929810996167e-06 9.4830929810996167e-06 9.4830929810996167e-06 9.4830929810996167e-06 9.4830929810996167e-06 9.4830929810996167e-06 9.4830929810996167e-06 9.4830929810996167e-06 9.4830929810996167e-06 9.4830929810996167e-06 9.4830929810996167e-06 9.4830929810996167e-06 9.4830929810996167e-06 9.4830929810996167e-06
9.4830929810996167e-06 9.4830929810996167e-06 9.4830929810996167e-06 9.4830929810996167e-06 9.4830929810996167e-06 9.4830929810996167e-06 9.4830929810996167e-06 9.4830929810996167e-06 9.4830929810996167e-06 9.4830929810996167e-06 9.4830929810996167e-06 9.4830929810996167e-06 9.4830929810996167e-06 9.4830929810996167e-06 9.4830929810996167e-06 9.4830929810996167e-06 9.4830929810996167e-06 9.4830929810996167e-06 9.4830929810996167e-06 9.4830929810996167e-06 9.4830929810996167e-06 9.4830929810996167e-06 9.4830929810996167e-06 9.4830929810996167e-06 9.4830929810996167e-06 9.4830929810996167e-06 9.4830929810996167e-06 9.4830929810996167e-06 9.4830929810996167e-06 9.4830929810996167e-06 9.4830929810996167e-06 9.4830929810996167e-06 9.4830929810996167e-06 9.4830929810996167e-06 9.4830929810996167e-06 9.4830929810996167e-06 9.4830929810996167e-06 9.4830929810996167e-06 9.4830929810996167e-06 9.4830929810996167e-06 9.4830929810996167e-06 9.4830929810996167e-06 9.4830929810996167e-06 9.4830929810996167e-06 9.4830929810996167e-06 9.4830929810996167e-06 9.4830929810996167e-06 9.4830929810996167e-06 9.4830929810996167e-06 9.4830929810996167e-06 9.4830929810996167e-06 9.4830929810996167e-06 9.4830929810996167e-06 9.4830929810996167e-06 9.4830929810996167e-06 9.4830929810996167e-06 9.4830929810996167e-06 9.4830929810996167e-06 9.4830929810996167e-06 9.4830929810996167e-06 9.4830929810996167e-06 9.4830929810996167e-06 9.4830929810996167e-06 9.4830929810996167e-06
9.4830929810996167e-06 9.4830929810996167e-06 9.4830929810996167e-06 9.4830929810996167e-06 9.4830929810996167e-06 9.4830929810996167e-06 9.4830929810996167e-06 9.4830929810996167e-06 9.4830929810996167e-06 9.4830929810996167e-06 9.4830929810996167e-06 9.4830929810996167e-06 9.4830929810996167e-06 9.4830929810996167e-06 9.4830929810996167e-06 9.4830929810996167e-06 9.4830929810996167e-06 9.4830929810996167e-06 9.4830929810996167e-06 9.4830929810996167e-06 9.4830929810996167e-06 9.4830929810996167e-06 9.4830929810996167e-06 9.4830929810996167e-06 9.4830929810996167e-06 9.4830929810996167e-06 9.4830929810996167e-06 9.4830929810996167e-06 9.4830929810996167e-06 9.4830929810996167e-06 9.4830929810996167e-06 9.4830929810996167e-06 9.4830929810996167e-06 9.4830929810996167e-06 9.4830929810996167e-06 9.4830929810996167e-06 9.4830929810996167e-06 9.4830929810996167e-06 9.4830929810996167e-06 9.4830929810996167e-06 9.4830929810996167e-06 9.4830929810996167e-06 9.4830929810996167e-06 9.4830929810996167e-06 9.4830929810996167e-06 9.4830929810996167e-06 9.4830929810996167e-06 9.4830929810996167e-06 9.4830929810996167e-06 9.4830929810996167e-06 9.4830929810996167e-06 9.4830929810996167e-06 9.4830929810996167e-06 9.4830929810996167e-06 9.4830929810996167e-06 9.4830929810996167e-06 9.4830929810996167e-06 9.4830929810996167e-06 9.4830929810996167e-06 9.4830929810996167e-06 9.4830929810996167e-06 9.4830929810996167e-06 9.4830929810996167e-06 9.4830929810996167e-06
9.4830929810996167e-06 9.4830929810996167e-06 9.4830929810996167e-06 9.4830929810996167e-06 9.4830929810996167e-06 9.4830929810996167e-06 9.4830929810996167e-06 9.4830929810996167e-06 9.4830929810996167e-06 9.4830929810996167e-06 9.4830929810996167e-06 9.4830929810996167e-06 9.4830929810996167e-06 9.4830929810996167e-06 9.4830929810996167e-06 9.4830929810996167e-06 9.4830929810996167e-06 9.4830929810996167e-06 9.4830929810996167e-06 9.4830929810996167e-06 9.4830929810996167e-06 9.4830929810996167e-06 9.4830929810996167e-06 9.4830929810996167e-06 9.4830929810996167e-06 9.4830929810996167e-06 9.4830929810996167e-06 9.4830929810996167e-06 9.4830929810996167e-06 9.4830929810996167e-06 9.4830929810996167e-06 9.4830929810996167e-06 9.4830929810996167e-06 9.4830929810996167e-06 9.4830929810996167e-06 9.4830929810996167e-06 9.4830929810996167e-06 9.4830929810996167e-06 9.4830929810996167e-06 9.4830929810996167e-06 9.4830929810996167e-06 9.4830929810996167e-06 9.4830929810996167e-06 9.4830929810996167e-06 9.4830929810996167e-06 9.4830929810996167e-06 9.4830929810996167e-06 9.4830929810996167e-06 9.4830929810996167e-06 9.4830929810996167e-06 9.4830929810996167e-06 9.4830929810996167e-06 9.4830929810996167e-06 9.4830929810996167e-06 9.4830929810996167e-06 9.4830929810996167e-06 9.4830929810996167e-06 9.4830929810996167e-06 9.4830929810996167e-06 9.4830929810996167e-06 9.4830929810996167e-06 9.4830929810996167e-06 9.4830929810996167e-06 9.4830929810996167e-06
9.4830929810996167e-06 9.4830929810996167e-06 9.4830929810996167e-06 9.4830929810996167e-06 9.4830929810996167e-06 9.4830929810996167e-06 9.4830929810996167e-06 9.4830929810996167e-06 9.4830929810996167e-06 9.4830929810996167e-06 9.4830929810996167e-06 9.4830929810996167e-06 9.4830929810996167e-06 9.4830929810996167e-06 9.4830929810996167e-06 9.4830929810996167e-06 9.4830929810996167e-06 9.4830929810996167e-06 9.4830929810996167e-06 9.4830929810996167e-06 9.4830929810996167e-06 9.4830929810996167e-06 9.4830929810996167e-06 9.4830929810996167e-06 9.4830929810996167e-06 9.4830929810996167e-06 9.4830929810996167e-06 9.4830929810996167e-06 9.4830929810996167e-06 9.4830929810996167e-06 9.4830929810996167e-06 9.4830929810996167e-06 9.4830929810996167e-06 9.4830929810996167e-06 9.4830929810996167e-06 9.4830929810996167e-06 9.4830929810996167e-06 9.4830929810996167e-06 9.4830929810996167e-06 9.4830929810996167e-06 9.4830929810996167e-06 9.4830929810996167e-06 9.4830929810996167e-06 9.4830929810996167e-06 9.4830929810996167e-06 9.4830929810996167e-06 9.4830929810996167e-06 9.4830929810996167e-06 9.4830929810996167e-06 9.4830929810996167e-06 9.4830929810996167e-06 9.4830929810996167e-06 9.4830929810996167e-06 9.4830929810996167e-06 9.4830929810996167e-06 9.4830929810996167e-06 9.4830929810996167e-06 9.4830929810996167e-06 9.4830929810996167e-06 9.4830929810996167e-06 9.4830929810996167e-06 9.4830929810996167e-06 9.4830929810996167e-06 9.4830929810996167e-06
9.4830929810996167e-06 9.4830929810996167e-06 9.4830929810996167e-06 9.4830929810996167e-06 9.4830929810996167e-06 9.4830929810996167e-06 9.4830929810996167e-06 9.4830929810996167e-06 9.4830929810996167e-06 9.4830929810996167e-06 9.4830929810996167e-06 9.4830929810996167e-06 9.4830929810996167e-06 9.4830929810996167e-06 9.4830929810996167e-06 9.4830929810996167e-06 9.4830929810996167e-06 9.4830929810996167e-06 9.4830929810996167e-06 9.4830929810996167e-06 9.4830929810996167e-06 9.4830929810996167e-06 9.4830929810996167e-06 9.4830929810996167e-06 9.4830929810996167e-06 9.4830929810996167e-06 9.4830929810996167e-06 9.4830929810996167e-06 9.4830929810996167e-06 9.4830929810996167e-06 9.4830929810996167e-06 9.4830929810996167e-06 9.4830929810996167e-06 9.4830929810996167e-06 9.4830929810996167e-06 9.4830929810996167e-06 9.4830929810996167e-06 9.4830929810996167e-06 9.4830929810996167e-06 9.4830929810996167e-06 9.4830929810996167e-06 9.4830929810996167e-06 9.4830929810996167e-06 9.4830929810996167e-06 9.4830929810996167e-06 9.4830929810996167e-06 9.4830929810996167e-06 9.4830929810996167e-06 9.4830929810996167e-06 9.4830929810996167e-06 9.4830929810996167e-06 9.4830929810996167e-06 9.4830929810996167e-06 9.4830929810996167e-06 9.4830929810996167e-06 9.4830929810996167e-06 9.4830929810996167e-06 9.4830929810996167e-06 9.4830929810996167e-06 9.4830929810996167e-06 9.4830929810996167e-06 9.4830929810996167e-06 9.4830929810996167e-06 9.4830929810996167e-06
9.4830929810996167e-06 9.4830929810996167e-06 9.4830929810996167e-06 9.4830929810996167e-06 9.4830929810996167e-06 9.4830929810996167e-06 9.4830929810996167e-06 9.4830929810996167e-06 9.4830929810996167e-06 9.4830929810996167e-06 9.4830929810996167e-06 9.4830929810996167e-06 9.4830929810996167e-06 9.4830929810996167e-06 9.4830929810996167e-06 9.4830929810996167e-06 9.4830929810996167e-06 9.4830929810996167e-06 9.4830929810996167e-06 9.4830929810996167e-06 9.4830929810996167e-06 9.4830929810996167e-06 9.4830929810996167e-06 9.4830929810996167e-06 9.4830929810996167e-06 9.4830929810996167e-06 9.4830929810996167e-06 9.4830929810996167e-06 9.4830929810996167e-06 9.4830929810996167e-06 9.4830929810996167e-06 9.4830929810996167e-06 9.4830929810996167e-06 9.4830929810996167e-06 9.4830929810996167e-06 9.4830929810996167e-06 9.4830929810996167e-06 9.4830929810996167e-06 9.4830929810996167e-06 9.4830929810996167e-06 9.4830929810996167e-06 9.4830929810996167e-06 9.4830929810996167e-06 9.4830929810996167e-06 9.4830929810996167e-06 9.4830929810996167e-06 9.4830929810996167e-06 9.4830929810996167e-06 9.4830929810996167e-06 9.4830929810996167e-06 9.4830929810996167e-06 9.4830929810996167e-06 9.4830929810996167e-06 9.4830929810996167e-06 9.4830929810996167e-06 9.4830929810996167e-06 9.4830929810996167e-06 9.4830929810996167e-06 9.4830929810996167e-06 9.4830929810996167e-06 9.4830929810996167e-06 9.4830929810996167e-06 9.4830929810996167e-06 9.4830929810996167e-06
@ x1f 65
-18
-17.4375
-16.875
-16.3125
-15.75
-15.1875
-14.625
-14.0625
-13.5
-12.9375
-12.375
-11.8125
-11.25
-10.6875
-10.125
-9.5625
-9
-8.4375
-7.875
-7.3125
-6.75
-6.1875
-5.625
-5.0625
-4.5
-3.9375
-3.375
-2.8125
-2.25
-1.6875
-1.125
-0.5625
0
0.5625
1.125
1.6875
2.25
2.8125
3.375
3.9375
4.5
5.0625
5.625
6.1875
6.75
7.3125
7.875
8.4375
9
9.5625
10.125
10.6875
11.25
11.8125
12.375
12.9375
13.5
14.0625
14.625
15.1875
15.75
16.3125
16.875
17.4375
18
@ x2f 65
-18
-17.4375
-16.875
-16.3125
-15.75
-15.1875
-14.625
-14.0625
-13.5
-12.9375
-12.375
-11.8125
-11.25
-10.6875
-10.125
-9.5625
-9
-8.4375
-7.875
-7.3125
-6.75
-6.1875
-5.625
-5.0625
-4.5
-3.9375
-3.375
-2.8125
-2.25
-1.6875
-1.125
-0.5625
0
0.5625
1.125
1.6875
2.25
2.8125
3.375
3.9375
4.5
5.0625
5.625
6.1875
6.75
7.3125
7.875
8.4375
9
9.5625
10.125
10.6875
11.25
11.8125
12.375
12.9375
13.5
14.0625
14.625
15.1875
15.75
16.3125
16.875
17.4375
18
@ x1v 64
-17.71875
-17.15625
-16.59375
-16.03125
-15.46875
-14.90625
-14.34375
-13.78125
-13.21875
-12.65625
-12.09375
-11.53125
-10.96875
-10.40625
-9.84375
-9.28125
-8.71875
-8.15625
-7.59375
-7.03125
-6.46875
-5.90625
-5.34375
-4.78125
-4.21875
-3.65625
-3.09375
-2.53125
-1.96875
-1.40625
-0.84375
-0.28125
0.28125
0.84375
1.40625
1.96875
2.53125
3.09375
3.65625
4.21875
4.78125
5.34375
5.90625
6.46875
7.03125
7.59375
8.15625
8.71875
9.28125
9.84375
10.40625
10.96875
11.53125
12.09375
12.65625
13.21875
13.78125
14.34375
14.90625
15.46875
16.03125
16.59375
17.15625
17.71875
@ x2v 64
-17.71875
-17.15625
-16.59375
-16.03125
-15.46875
-14.90625
-14.34375
-13.78125
-13.21875
-12.65625
-12.09375
-11.53125
-10.96875
-10.40625
-9.84375
-9.28125
-8.71875
-8.15625
-7.59375
-7.03125
-6.46875
-5.90625
-5.34375
-4.78125
-4.21875
-3.65625
-3.09375
-2.53125
-1.96875
-1.40625
-0.84375
-0.28125
0.28125
0.84375
1.40625
1.96875
2.53125
3.09375
3.65625
4.21875
4.78125
5.34375
5.90625
6.46875
7.03125
7.59375
8.15625
8.71875
9.28125
9.84375
10.40625
10.96875
11.53125
12.09375
12.65625
13.21875
13.78125
14.34375
14.90625
15.46875
16.03125
16.59375
17.15625
17.71875
