# F15: plane through the middle of the run be_net/ncr (last dump), p_ = prim, u_ = uov;
# ndir = diffuse directions, iterations to convergence (-1: not converged)
@ x 64
-2.95312
-2.85938
-2.76562
-2.67188
-2.57812
-2.48438
-2.39062
-2.29688
-2.20312
-2.10938
-2.01562
-1.92188
-1.82812
-1.73438
-1.64062
-1.54688
-1.45312
-1.35938
-1.26562
-1.17188
-1.07812
-0.984375
-0.890625
-0.796875
-0.703125
-0.609375
-0.515625
-0.421875
-0.328125
-0.234375
-0.140625
-0.046875
0.046875
0.140625
0.234375
0.328125
0.421875
0.515625
0.609375
0.703125
0.796875
0.890625
0.984375
1.07812
1.17188
1.26562
1.35938
1.45312
1.54688
1.64062
1.73438
1.82812
1.92188
2.01562
2.10938
2.20312
2.29688
2.39062
2.48438
2.57812
2.67188
2.76562
2.85938
2.95312
@ y 64
-2.95312
-2.85938
-2.76562
-2.67188
-2.57812
-2.48438
-2.39062
-2.29688
-2.20312
-2.10938
-2.01562
-1.92188
-1.82812
-1.73438
-1.64062
-1.54688
-1.45312
-1.35938
-1.26562
-1.17188
-1.07812
-0.984375
-0.890625
-0.796875
-0.703125
-0.609375
-0.515625
-0.421875
-0.328125
-0.234375
-0.140625
-0.046875
0.046875
0.140625
0.234375
0.328125
0.421875
0.515625
0.609375
0.703125
0.796875
0.890625
0.984375
1.07812
1.17188
1.26562
1.35938
1.45312
1.54688
1.64062
1.73438
1.82812
1.92188
2.01562
2.10938
2.20312
2.29688
2.39062
2.48438
2.57812
2.67188
2.76562
2.85938
2.95312
@ ndir 
48
@ iterations 
21
@ p_rho 64 64
0.07 0.07 0.07 0.07 0.07 0.07 0.07 0.07 0.07 0.07 0.07 0.07 0.07 0.07 0.07 0.07 0.07 0.07 0.07 0.07 0.07 0.07 0.07 0.07 0.07 0.07 0.07 0.07 0.07 0.07 0.07 0.07 0.07 0.07 0.07 0.07 0.07 0.07 0.07 0.07 0.07 0.07 0.07 0.07 0.07 0.07 0.07 0.07 0.07 0.07 0.07 0.07 0.07 0.07 0.07 0.07 0.07 0.07 0.07 0.07 0.07 0.07 0.07 0.07
0.07 0.07 0.07 0.07 0.07 0.07 0.07 0.07 0.07 0.07 0.07 0.07 0.07 0.07 0.07 0.07 0.07 0.07 0.07 0.07 0.07 0.07 0.07 0.07 0.07 0.07 0.07 0.07 0.07 0.07 0.07 0.07 0.07 0.07 0.07 0.07 0.07 0.07 0.07 0.07 0.07 0.07 0.07 0.07 0.07 0.07 0.07 0.07 0.07 0.07 0.07 0.07 0.07 0.07 0.07 0.07 0.07 0.07 0.07 0.07 0.07 0.07 0.07 0.07
0.07 0.07 0.07 0.07 0.07 0.07 0.07 0.07 0.07 0.07 0.07 0.07 0.07 0.07 0.07 0.07 0.07 0.07 0.07 0.07 0.07 0.07 0.07 0.07 0.07 0.07 0.07 0.07 0.07 0.07 0.07 0.07 0.07 0.07 0.07 0.07 0.07 0.07 0.07 0.07 0.07 0.07 0.07 0.07 0.07 0.07 0.07 0.07 0.07 0.07 0.07 0.07 0.07 0.07 0.07 0.07 0.07 0.07 0.07 0.07 0.07 0.07 0.07 0.07
0.07 0.07 0.07 0.07 0.07 0.07 0.07 0.07 0.07 0.07 0.07 0.07 0.07 0.07 0.07 0.07 0.07 0.07 0.07 0.07 0.07 0.07 0.07 0.07 0.07 0.07 0.07 0.07 0.07 0.07 0.07 0.07 0.07 0.07 0.07 0.07 0.07 0.07 0.07 0.07 0.07 0.07 0.07 0.07 0.07 0.07 0.07 0.07 0.07 0.07 0.07 0.07 0.07 0.07 0.07 0.07 0.07 0.07 0.07 0.07 0.07 0.07 0.07 0.07
0.07 0.07 0.07 0.07 0.07 0.07 0.07 0.07 0.07 0.07 0.07 0.07 0.07 0.07 0.07 0.07 0.07 0.07 0.07 0.07 0.07 0.07 0.07 0.07 0.07 0.07 0.07 0.07 0.07 0.07 0.07 0.07 0.07 0.07 0.07 0.07 0.07 0.07 0.07 0.07 0.07 0.07 0.07 0.07 0.07 0.07 0.07 0.07 0.07 0.07 0.07 0.07 0.07 0.07 0.07 0.07 0.07 0.07 0.07 0.07 0.07 0.07 0.07 0.07
0.07 0.07 0.07 0.07 0.07 0.07 0.07 0.07 0.07 0.07 0.07 0.07 0.07 0.07 0.07 0.07 0.07 0.07 0.07 0.07 0.07 0.07 0.07 0.07 0.07 0.07 0.07 0.07 0.07 0.07 0.07 0.07 0.07 0.07 0.07 0.07 0.07 0.07 0.07 0.07 0.07 0.07 0.07 0.07 0.07 0.07 0.07 0.07 0.07 0.07 0.07 0.07 0.07 0.07 0.07 0.07 0.07 0.07 0.07 0.07 0.07 0.07 0.07 0.07
0.07 0.07 0.07 0.07 0.07 0.07 0.07 0.07 0.07 0.07 0.07 0.07 0.07 0.07 0.07 0.07 0.07 0.07 0.07 0.07 0.07 0.07 0.07 0.07 0.07 0.07 0.07 0.07 0.07 0.07 0.07 0.07 0.07 0.07 0.07 0.07 0.07 0.07 0.07 0.07 0.07 0.07 0.07 0.07 0.07 0.07 0.07 0.07 0.07 0.07 0.07 0.07 0.07 0.07 0.07 0.07 0.07 0.07 0.07 0.07 0.07 0.07 0.07 0.07
0.07 0.07 0.07 0.07 0.07 0.07 0.07 0.07 0.07 0.07 0.07 0.07 0.07 0.07 0.07 0.07 0.07 0.07 0.07 0.07 0.07 0.07 0.07 0.07 0.07 0.07 0.07 0.07 0.07 0.07 0.07 0.07 0.07 0.07 0.07 0.07 0.07 0.07 0.07 0.07 0.07 0.07 0.07 0.07 0.07 0.07 0.07 0.07 0.07 0.07 0.07 0.07 0.07 0.07 0.07 0.07 0.07 0.07 0.07 0.07 0.07 0.07 0.07 0.07
0.07 0.07 0.07 0.07 0.07 0.07 0.07 0.07 0.07 0.07 0.07 0.07 0.07 0.07 0.07 0.07 0.07 0.07 0.07 0.07 0.07 0.07 0.07 0.07 0.07 0.07 0.07 0.07 0.07 0.07 0.07 0.07 0.07 0.07 0.07 0.07 0.07 0.07 0.07 0.07 0.07 0.07 0.07 0.07 0.07 0.07 0.07 0.07 0.07 0.07 0.07 0.07 0.07 0.07 0.07 0.07 0.07 0.07 0.07 0.07 0.07 0.07 0.07 0.07
0.07 0.07 0.07 0.07 0.07 0.07 0.07 0.07 0.07 0.07 0.07 0.07 0.07 0.07 0.07 0.07 0.07 0.07 0.07 0.07 0.07 0.07 0.07 0.07 0.07 0.07 0.07 0.07 0.07 0.07 0.07 0.07 0.07 0.07 0.07 0.07 0.07 0.07 0.07 0.07 0.07 0.07 0.07 0.07 0.07 0.07 0.07 0.07 0.07 0.07 0.07 0.07 0.07 0.07 0.07 0.07 0.07 0.07 0.07 0.07 0.07 0.07 0.07 0.07
0.07 0.07 0.07 0.07 0.07 0.07 0.07 0.07 0.07 0.07 0.07 0.07 0.07 0.07 0.07 0.07 0.07 0.07 0.07 0.07 0.07 0.07 0.07 0.07 0.07 0.07 0.07 0.07 0.07 0.07 0.07 0.07 0.07 0.07 0.07 0.07 0.07 0.07 0.07 0.07 0.07 0.07 0.07 0.07 0.07 0.07 0.07 0.07 0.07 0.07 0.07 0.07 0.07 0.07 0.07 0.07 0.07 0.07 0.07 0.07 0.07 0.07 0.07 0.07
0.07 0.07 0.07 0.07 0.07 0.07 0.07 0.07 0.07 0.07 0.07 0.07 0.07 0.07 0.07 0.07 0.07 0.07 0.07 0.07 0.07 0.07 0.07 0.07 0.07 0.07 0.07 13.1723 26.5608 33.5818 40.5898 40.94 41.0579 40.94 40.5898 33.5818 26.5608 13.1723 0.07 0.07 0.07 0.07 0.07 0.07 0.07 0.07 0.07 0.07 0.07 0.07 0.07 0.07 0.07 0.07 0.07 0.07 0.07 0.07 0.07 0.07 0.07 0.07 0.07 0.07
0.07 0.07 0.07 0.07 0.07 0.07 0.07 0.07 0.07 0.07 0.07 0.07 0.07 0.07 0.07 0.07 0.07 0.07 0.07 0.07 0.07 0.07 0.07 0.07 16.4703 33.6815 51.4761 56.4874 58.0253 59.2736 60.1946 60.7595 60.9499 60.7595 60.1946 59.2736 58.0253 56.4874 51.4761 33.6815 16.4703 0.07 0.07 0.07 0.07 0.07 0.07 0.07 0.07 0.07 0.07 0.07 0.07 0.07 0.07 0.07 0.07 0.07 0.07 0.07 0.07 0.07 0.07 0.07
0.07 0.07 0.07 0.07 0.07 0.07 0.07 0.07 0.07 0.07 0.07 0.07 0.07 0.07 0.07 0.07 0.07 0.07 0.07 0.07 0.07 0.07 19.8388 47.4084 56.4874 59.0924 61.5274 63.73 65.6379 67.1927 68.3434 69.0506 69.2892 69.0506 68.3434 67.1927 65.6379 63.73 61.5274 59.0924 56.4874 47.4084 19.8388 0.07 0.07 0.07 0.07 0.07 0.07 0.07 0.07 0.07 0.07 0.07 0.07 0.07 0.07 0.07 0.07 0.07 0.07 0.07 0.07 0.07
0.07 0.07 0.07 0.07 0.07 0.07 0.07 0.07 0.07 0.07 0.07 0.07 0.07 0.07 0.07 0.07 0.07 0.07 0.07 0.07 9.89082 40.5743 56.6547 60.0084 63.3192 66.5185 69.5293 72.2695 74.6558 76.6092 78.06 78.9538 79.2557 78.9538 78.06 76.6092 74.6558 72.2695 69.5293 66.5185 63.3192 60.0084 56.6547 40.5743 9.89082 0.07 0.07 0.07 0.07 0.07 0.07 0.07 0.07 0.07 0.07 0.07 0.07 0.07 0.07 0.07 0.07 0.07 0.07 0.07
0.07 0.07 0.07 0.07 0.07 0.07 0.07 0.07 0.07 0.07 0.07 0.07 0.07 0.07 0.07 0.07 0.07 0.07 0.07 23.2262 55.18 59.0924 63.1156 67.1927 71.2514 75.205 78.9538 82.3892 85.3992 87.8756 89.7222 90.8628 91.2486 90.8628 89.7222 87.8756 85.3992 82.3892 78.9538 75.205 71.2514 67.1927 63.1156 59.0924 55.18 23.2262 0.07 0.07 0.07 0.07 0.07 0.07 0.07 0.07 0.07 0.07 0.07 0.07 0.07 0.07 0.07 0.07 0.07 0.07
0.07 0.07 0.07 0.07 0.07 0.07 0.07 0.07 0.07 0.07 0.07 0.07 0.07 0.07 0.07 0.07 0.07 0.07 33.3771 56.4875 60.9499 65.6379 70.5043 75.4822 80.4837 85.3992 90.0996 94.4405 98.2701 101.439 103.812 105.283 105.781 105.283 103.812 101.439 98.2701 94.4405 90.0996 85.3992 80.4837 75.4822 70.5043 65.6379 60.9499 56.4875 33.3771 0.07 0.07 0.07 0.07 0.07 0.07 0.07 0.07 0.07 0.07 0.07 0.07 0.07 0.07 0.07 0.07 0.07
0.07 0.07 0.07 0.07 0.07 0.07 0.07 0.07 0.07 0.07 0.07 0.07 0.07 0.07 0.07 0.07 0.07 33.5665 57.1619 62.1146 67.4201 73.0499 78.9538 85.0554 91.2486 97.3961 103.33 108.858 113.773 117.867 120.949 122.865 123.516 122.865 120.949 117.867 113.773 108.858 103.33 97.3961 91.2486 85.0554 78.9538 73.0499 67.4201 62.1146 57.1619 33.5665 0.07 0.07 0.07 0.07 0.07 0.07 0.07 0.07 0.07 0.07 0.07 0.07 0.07 0.07 0.07 0.07
0.07 0.07 0.07 0.07 0.07 0.07 0.07 0.07 0.07 0.07 0.07 0.07 0.07 0.07 0.07 0.07 33.3771 57.1619 62.5117 68.3435 74.6559 81.4268 88.6063 96.1101 103.812 111.543 119.083 126.178 132.541 137.88 141.924 144.448 145.307 144.448 141.924 137.88 132.541 126.178 119.083 111.543 103.812 96.1101 88.6063 81.4268 74.6559 68.3435 62.5117 57.1619 33.3771 0.07 0.07 0.07 0.07 0.07 0.07 0.07 0.07 0.07 0.07 0.07 0.07 0.07 0.07 0.07
0.07 0.07 0.07 0.07 0.07 0.07 0.07 0.07 0.07 0.07 0.07 0.07 0.07 0.07 0.07 23.2262 56.4875 62.1146 68.3435 75.205 82.7145 90.8628 99.6069 108.858 118.473 128.239 137.88 147.05 155.358 162.388 167.748 171.111 172.257 171.111 167.748 162.388 155.358 147.05 137.88 128.239 118.473 108.858 99.6069 90.8628 82.7145 75.205 68.3435 62.1146 56.4875 23.2262 0.07 0.07 0.07 0.07 0.07 0.07 0.07 0.07 0.07 0.07 0.07 0.07 0.07 0.07
0.07 0.07 0.07 0.07 0.07 0.07 0.07 0.07 0.07 0.07 0.07 0.07 0.07 0.07 9.89082 55.18 60.9499 67.4201 74.6559 82.7145 91.6373 101.439 112.093 123.516 135.547 147.936 160.325 172.257 183.188 192.529 199.706 204.233 205.78 204.233 199.706 192.529 183.188 172.257 160.325 147.936 135.547 123.516 112.093 101.439 91.6373 82.7145 74.6559 67.4201 60.9499 55.18 9.89082 0.07 0.07 0.07 0.07 0.07 0.07 0.07 0.07 0.07 0.07 0.07 0.07 0.07
0.07 0.07 0.07 0.07 0.07 0.07 0.07 0.07 0.07 0.07 0.07 0.07 0.07 0.07 40.5743 59.0924 65.6379 73.0499 81.4268 90.8628 101.439 113.208 126.178 140.282 155.358 171.111 187.096 202.705 217.188 229.702 239.401 245.556 247.667 245.556 239.401 229.702 217.188 202.705 187.096 171.111 155.358 140.282 126.178 113.208 101.439 90.8628 81.4268 73.0499 65.6379 59.0924 40.5743 0.07 0.07 0.07 0.07 0.07 0.07 0.07 0.07 0.07 0.07 0.07 0.07 0.07
0.07 0.07 0.07 0.07 0.07 0.07 0.07 0.07 0.07 0.07 0.07 0.07 0.07 19.8388 56.6547 63.1156 70.5043 78.9538 88.6063 99.6069 112.093 126.178 141.924 159.31 178.189 198.236 218.905 239.402 258.692 275.569 288.784 297.228 300.135 297.228 288.784 275.569 258.692 239.402 218.905 198.236 178.189 159.31 141.924 126.178 112.093 99.6069 88.6063 78.9538 70.5043 63.1156 56.6547 19.8388 0.07 0.07 0.07 0.07 0.07 0.07 0.07 0.07 0.07 0.07 0.07 0.07
0.07 0.07 0.07 0.07 0.07 0.07 0.07 0.07 0.07 0.07 0.07 0.07 0.07 47.4084 60.0084 67.1927 75.4822 85.0554 96.1101 108.858 123.516 140.282 159.31 180.659 204.233 229.702 256.423 283.374 309.145 332.011 350.119 361.785 365.817 361.785 350.119 332.011 309.145 283.374 256.423 229.702 204.233 180.659 159.31 140.282 123.516 108.858 96.1101 85.0554 75.4822 67.1927 60.0084 47.4084 0.07 0.07 0.07 0.07 0.07 0.07 0.07 0.07 0.07 0.07 0.07 0.07
0.07 0.07 0.07 0.07 0.07 0.07 0.07 0.07 0.07 0.07 0.07 0.07 16.4703 56.4874 63.3192 71.2514 80.4837 91.2486 103.812 118.473 135.547 155.358 178.189 204.233 233.501 265.708 300.136 335.507 369.925 400.942 425.822 441.997 447.615 441.997 425.822 400.942 369.925 335.507 300.136 265.708 233.501 204.233 178.189 155.358 135.547 118.473 103.812 91.2486 80.4837 71.2514 63.3192 56.4874 16.4703 0.07 0.07 0.07 0.07 0.07 0.07 0.07 0.07 0.07 0.07 0.07
0.07 0.07 0.07 0.07 0.07 0.07 0.07 0.07 0.07 0.07 0.07 0.07 33.6815 59.0924 66.5185 75.205 85.3992 97.3961 111.543 128.239 147.936 171.111 198.236 229.702 265.708 306.093 350.12 396.253 441.998 483.932 518.047 540.452 548.275 540.452 518.047 483.932 441.998 396.253 350.12 306.093 265.708 229.702 198.236 171.111 147.936 128.239 111.543 97.3961 85.3992 75.205 66.5185 59.0924 33.6815 0.07 0.07 0.07 0.07 0.07 0.07 0.07 0.07 0.07 0.07 0.07
0.07 0.07 0.07 0.07 0.07 0.07 0.07 0.07 0.07 0.07 0.07 0.07 51.4761 61.5274 69.5293 78.9538 90.0996 103.33 119.083 137.88 160.325 187.096 218.905 256.423 300.136 350.12 405.724 465.193 525.345 581.496 627.88 658.679 669.494 658.679 627.88 581.496 525.345 465.193 405.724 350.12 300.136 256.423 218.905 187.096 160.325 137.88 119.083 103.33 90.0996 78.9538 69.5293 61.5274 51.4761 0.07 0.07 0.07 0.07 0.07 0.07 0.07 0.07 0.07 0.07 0.07
0.07 0.07 0.07 0.07 0.07 0.07 0.07 0.07 0.07 0.07 0.07 13.1723 56.4874 63.73 72.2695 82.3892 94.4405 108.858 126.178 147.05 172.257 202.705 239.402 283.374 335.507 396.253 465.193 540.454 618.132 692.013 754.015 795.664 810.38 795.664 754.015 692.013 618.132 540.454 465.193 396.253 335.507 283.374 239.402 202.705 172.257 147.05 126.178 108.858 94.4405 82.3892 72.2695 63.73 56.4874 13.1723 0.07 0.07 0.07 0.07 0.07 0.07 0.07 0.07 0.07 0.07
0.07 0.07 0.07 0.07 0.07 0.07 0.07 0.07 0.07 0.07 0.07 26.5608 58.0253 65.6379 74.6558 85.3992 98.2701 113.773 132.541 155.358 183.188 217.188 258.692 309.145 369.925 441.998 525.345 618.132 715.786 810.381 891.02 945.816 965.295 945.816 891.02 810.381 715.786 618.132 525.345 441.998 369.925 309.145 258.692 217.188 183.188 155.358 132.541 113.773 98.2701 85.3992 74.6558 65.6379 58.0253 26.5608 0.07 0.07 0.07 0.07 0.07 0.07 0.07 0.07 0.07 0.07
0.07 0.07 0.07 0.07 0.07 0.07 0.07 0.07 0.07 0.07 0.07 33.5818 59.2736 67.1927 76.6092 87.8756 101.439 117.867 137.88 162.388 192.529 229.702 275.569 332.011 400.942 483.932 581.496 692.013 810.381 926.962 1027.78 1097.02 1121.78 1097.02 1027.78 926.962 810.381 692.013 581.496 483.932 400.942 332.011 275.569 229.702 192.529 162.388 137.88 117.867 101.439 87.8756 76.6092 67.1927 59.2736 33.5818 0.07 0.07 0.07 0.07 0.07 0.07 0.07 0.07 0.07 0.07
0.07 0.07 0.07 0.07 0.07 0.07 0.07 0.07 0.07 0.07 0.07 40.5898 60.1946 68.3434 78.06 89.7222 103.812 120.949 141.924 167.748 199.706 239.401 288.784 350.119 425.822 518.047 627.88 754.015 891.02 1027.78 1147.44 1230.35 1260.13 1230.35 1147.44 1027.78 891.02 754.015 627.88 518.047 425.822 350.119 288.784 239.401 199.706 167.748 141.924 120.949 103.812 89.7222 78.06 68.3434 60.1946 40.5898 0.07 0.07 0.07 0.07 0.07 0.07 0.07 0.07 0.07 0.07
0.07 0.07 0.07 0.07 0.07 0.07 0.07 0.07 0.07 0.07 0.07 40.94 60.7595 69.0506 78.9538 90.8628 105.283 122.865 144.448 171.111 204.233 245.556 297.228 361.785 441.997 540.452 658.679 795.664 945.816 1097.02 1230.35 1323.25 1356.73 1323.25 1230.35 1097.02 945.816 795.664 658.679 540.452 441.997 361.785 297.228 245.556 204.233 171.111 144.448 122.865 105.283 90.8628 78.9538 69.0506 60.7595 40.94 0.07 0.07 0.07 0.07 0.07 0.07 0.07 0.07 0.07 0.07
0.07 0.07 0.07 0.07 0.07 0.07 0.07 0.07 0.07 0.07 0.07 41.0579 60.9499 69.2892 79.2557 91.2486 105.781 123.516 145.307 172.257 205.78 247.667 300.135 365.817 447.615 548.275 669.494 810.38 965.295 1121.78 1260.13 1356.73 1391.58 1356.73 1260.13 1121.78 965.295 810.38 669.494 548.275 447.615 365.817 300.135 247.667 205.78 172.257 145.307 123.516 105.781 91.2486 79.2557 69.2892 60.9499 41.0579 0.07 0.07 0.07 0.07 0.07 0.07 0.07 0.07 0.07 0.07
0.07 0.07 0.07 0.07 0.07 0.07 0.07 0.07 0.07 0.07 0.07 40.94 60.7595 69.0506 78.9538 90.8628 105.283 122.865 144.448 171.111 204.233 245.556 297.228 361.785 441.997 540.452 658.679 795.664 945.816 1097.02 1230.35 1323.25 1356.73 1323.25 1230.35 1097.02 945.816 795.664 658.679 540.452 441.997 361.785 297.228 245.556 204.233 171.111 144.448 122.865 105.283 90.8628 78.9538 69.0506 60.7595 40.94 0.07 0.07 0.07 0.07 0.07 0.07 0.07 0.07 0.07 0.07
0.07 0.07 0.07 0.07 0.07 0.07 0.07 0.07 0.07 0.07 0.07 40.5898 60.1946 68.3434 78.06 89.7222 103.812 120.949 141.924 167.748 199.706 239.401 288.784 350.119 425.822 518.047 627.88 754.015 891.02 1027.78 1147.44 1230.35 1260.13 1230.35 1147.44 1027.78 891.02 754.015 627.88 518.047 425.822 350.119 288.784 239.401 199.706 167.748 141.924 120.949 103.812 89.7222 78.06 68.3434 60.1946 40.5898 0.07 0.07 0.07 0.07 0.07 0.07 0.07 0.07 0.07 0.07
0.07 0.07 0.07 0.07 0.07 0.07 0.07 0.07 0.07 0.07 0.07 33.5818 59.2736 67.1927 76.6092 87.8756 101.439 117.867 137.88 162.388 192.529 229.702 275.569 332.011 400.942 483.932 581.496 692.013 810.381 926.962 1027.78 1097.02 1121.78 1097.02 1027.78 926.962 810.381 692.013 581.496 483.932 400.942 332.011 275.569 229.702 192.529 162.388 137.88 117.867 101.439 87.8756 76.6092 67.1927 59.2736 33.5818 0.07 0.07 0.07 0.07 0.07 0.07 0.07 0.07 0.07 0.07
0.07 0.07 0.07 0.07 0.07 0.07 0.07 0.07 0.07 0.07 0.07 26.5608 58.0253 65.6379 74.6558 85.3992 98.2701 113.773 132.541 155.358 183.188 217.188 258.692 309.145 369.925 441.998 525.345 618.132 715.786 810.381 891.02 945.816 965.295 945.816 891.02 810.381 715.786 618.132 525.345 441.998 369.925 309.145 258.692 217.188 183.188 155.358 132.541 113.773 98.2701 85.3992 74.6558 65.6379 58.0253 26.5608 0.07 0.07 0.07 0.07 0.07 0.07 0.07 0.07 0.07 0.07
0.07 0.07 0.07 0.07 0.07 0.07 0.07 0.07 0.07 0.07 0.07 13.1723 56.4874 63.73 72.2695 82.3892 94.4405 108.858 126.178 147.05 172.257 202.705 239.402 283.374 335.507 396.253 465.193 540.454 618.132 692.013 754.015 795.664 810.38 795.664 754.015 692.013 618.132 540.454 465.193 396.253 335.507 283.374 239.402 202.705 172.257 147.05 126.178 108.858 94.4405 82.3892 72.2695 63.73 56.4874 13.1723 0.07 0.07 0.07 0.07 0.07 0.07 0.07 0.07 0.07 0.07
0.07 0.07 0.07 0.07 0.07 0.07 0.07 0.07 0.07 0.07 0.07 0.07 51.4761 61.5274 69.5293 78.9538 90.0996 103.33 119.083 137.88 160.325 187.096 218.905 256.423 300.136 350.12 405.724 465.193 525.345 581.496 627.88 658.679 669.494 658.679 627.88 581.496 525.345 465.193 405.724 350.12 300.136 256.423 218.905 187.096 160.325 137.88 119.083 103.33 90.0996 78.9538 69.5293 61.5274 51.4761 0.07 0.07 0.07 0.07 0.07 0.07 0.07 0.07 0.07 0.07 0.07
0.07 0.07 0.07 0.07 0.07 0.07 0.07 0.07 0.07 0.07 0.07 0.07 33.6815 59.0924 66.5185 75.205 85.3992 97.3961 111.543 128.239 147.936 171.111 198.236 229.702 265.708 306.093 350.12 396.253 441.998 483.932 518.047 540.452 548.275 540.452 518.047 483.932 441.998 396.253 350.12 306.093 265.708 229.702 198.236 171.111 147.936 128.239 111.543 97.3961 85.3992 75.205 66.5185 59.0924 33.6815 0.07 0.07 0.07 0.07 0.07 0.07 0.07 0.07 0.07 0.07 0.07
0.07 0.07 0.07 0.07 0.07 0.07 0.07 0.07 0.07 0.07 0.07 0.07 16.4703 56.4874 63.3192 71.2514 80.4837 91.2486 103.812 118.473 135.547 155.358 178.189 204.233 233.501 265.708 300.136 335.507 369.925 400.942 425.822 441.997 447.615 441.997 425.822 400.942 369.925 335.507 300.136 265.708 233.501 204.233 178.189 155.358 135.547 118.473 103.812 91.2486 80.4837 71.2514 63.3192 56.4874 16.4703 0.07 0.07 0.07 0.07 0.07 0.07 0.07 0.07 0.07 0.07 0.07
0.07 0.07 0.07 0.07 0.07 0.07 0.07 0.07 0.07 0.07 0.07 0.07 0.07 47.4084 60.0084 67.1927 75.4822 85.0554 96.1101 108.858 123.516 140.282 159.31 180.659 204.233 229.702 256.423 283.374 309.145 332.011 350.119 361.785 365.817 361.785 350.119 332.011 309.145 283.374 256.423 229.702 204.233 180.659 159.31 140.282 123.516 108.858 96.1101 85.0554 75.4822 67.1927 60.0084 47.4084 0.07 0.07 0.07 0.07 0.07 0.07 0.07 0.07 0.07 0.07 0.07 0.07
0.07 0.07 0.07 0.07 0.07 0.07 0.07 0.07 0.07 0.07 0.07 0.07 0.07 19.8388 56.6547 63.1156 70.5043 78.9538 88.6063 99.6069 112.093 126.178 141.924 159.31 178.189 198.236 218.905 239.402 258.692 275.569 288.784 297.228 300.135 297.228 288.784 275.569 258.692 239.402 218.905 198.236 178.189 159.31 141.924 126.178 112.093 99.6069 88.6063 78.9538 70.5043 63.1156 56.6547 19.8388 0.07 0.07 0.07 0.07 0.07 0.07 0.07 0.07 0.07 0.07 0.07 0.07
0.07 0.07 0.07 0.07 0.07 0.07 0.07 0.07 0.07 0.07 0.07 0.07 0.07 0.07 40.5743 59.0924 65.6379 73.0499 81.4268 90.8628 101.439 113.208 126.178 140.282 155.358 171.111 187.096 202.705 217.188 229.702 239.401 245.556 247.667 245.556 239.401 229.702 217.188 202.705 187.096 171.111 155.358 140.282 126.178 113.208 101.439 90.8628 81.4268 73.0499 65.6379 59.0924 40.5743 0.07 0.07 0.07 0.07 0.07 0.07 0.07 0.07 0.07 0.07 0.07 0.07 0.07
0.07 0.07 0.07 0.07 0.07 0.07 0.07 0.07 0.07 0.07 0.07 0.07 0.07 0.07 9.89082 55.18 60.9499 67.4201 74.6559 82.7145 91.6373 101.439 112.093 123.516 135.547 147.936 160.325 172.257 183.188 192.529 199.706 204.233 205.78 204.233 199.706 192.529 183.188 172.257 160.325 147.936 135.547 123.516 112.093 101.439 91.6373 82.7145 74.6559 67.4201 60.9499 55.18 9.89082 0.07 0.07 0.07 0.07 0.07 0.07 0.07 0.07 0.07 0.07 0.07 0.07 0.07
0.07 0.07 0.07 0.07 0.07 0.07 0.07 0.07 0.07 0.07 0.07 0.07 0.07 0.07 0.07 23.2262 56.4875 62.1146 68.3435 75.205 82.7145 90.8628 99.6069 108.858 118.473 128.239 137.88 147.05 155.358 162.388 167.748 171.111 172.257 171.111 167.748 162.388 155.358 147.05 137.88 128.239 118.473 108.858 99.6069 90.8628 82.7145 75.205 68.3435 62.1146 56.4875 23.2262 0.07 0.07 0.07 0.07 0.07 0.07 0.07 0.07 0.07 0.07 0.07 0.07 0.07 0.07
0.07 0.07 0.07 0.07 0.07 0.07 0.07 0.07 0.07 0.07 0.07 0.07 0.07 0.07 0.07 0.07 33.3771 57.1619 62.5117 68.3435 74.6559 81.4268 88.6063 96.1101 103.812 111.543 119.083 126.178 132.541 137.88 141.924 144.448 145.307 144.448 141.924 137.88 132.541 126.178 119.083 111.543 103.812 96.1101 88.6063 81.4268 74.6559 68.3435 62.5117 57.1619 33.3771 0.07 0.07 0.07 0.07 0.07 0.07 0.07 0.07 0.07 0.07 0.07 0.07 0.07 0.07 0.07
0.07 0.07 0.07 0.07 0.07 0.07 0.07 0.07 0.07 0.07 0.07 0.07 0.07 0.07 0.07 0.07 0.07 33.5665 57.1619 62.1146 67.4201 73.0499 78.9538 85.0554 91.2486 97.3961 103.33 108.858 113.773 117.867 120.949 122.865 123.516 122.865 120.949 117.867 113.773 108.858 103.33 97.3961 91.2486 85.0554 78.9538 73.0499 67.4201 62.1146 57.1619 33.5665 0.07 0.07 0.07 0.07 0.07 0.07 0.07 0.07 0.07 0.07 0.07 0.07 0.07 0.07 0.07 0.07
0.07 0.07 0.07 0.07 0.07 0.07 0.07 0.07 0.07 0.07 0.07 0.07 0.07 0.07 0.07 0.07 0.07 0.07 33.3771 56.4875 60.9499 65.6379 70.5043 75.4822 80.4837 85.3992 90.0996 94.4405 98.2701 101.439 103.812 105.283 105.781 105.283 103.812 101.439 98.2701 94.4405 90.0996 85.3992 80.4837 75.4822 70.5043 65.6379 60.9499 56.4875 33.3771 0.07 0.07 0.07 0.07 0.07 0.07 0.07 0.07 0.07 0.07 0.07 0.07 0.07 0.07 0.07 0.07 0.07
0.07 0.07 0.07 0.07 0.07 0.07 0.07 0.07 0.07 0.07 0.07 0.07 0.07 0.07 0.07 0.07 0.07 0.07 0.07 23.2262 55.18 59.0924 63.1156 67.1927 71.2514 75.205 78.9538 82.3892 85.3992 87.8756 89.7222 90.8628 91.2486 90.8628 89.7222 87.8756 85.3992 82.3892 78.9538 75.205 71.2514 67.1927 63.1156 59.0924 55.18 23.2262 0.07 0.07 0.07 0.07 0.07 0.07 0.07 0.07 0.07 0.07 0.07 0.07 0.07 0.07 0.07 0.07 0.07 0.07
0.07 0.07 0.07 0.07 0.07 0.07 0.07 0.07 0.07 0.07 0.07 0.07 0.07 0.07 0.07 0.07 0.07 0.07 0.07 0.07 9.89082 40.5743 56.6547 60.0084 63.3192 66.5185 69.5293 72.2695 74.6558 76.6092 78.06 78.9538 79.2557 78.9538 78.06 76.6092 74.6558 72.2695 69.5293 66.5185 63.3192 60.0084 56.6547 40.5743 9.89082 0.07 0.07 0.07 0.07 0.07 0.07 0.07 0.07 0.07 0.07 0.07 0.07 0.07 0.07 0.07 0.07 0.07 0.07 0.07
0.07 0.07 0.07 0.07 0.07 0.07 0.07 0.07 0.07 0.07 0.07 0.07 0.07 0.07 0.07 0.07 0.07 0.07 0.07 0.07 0.07 0.07 19.8388 47.4084 56.4874 59.0924 61.5274 63.73 65.6379 67.1927 68.3434 69.0506 69.2892 69.0506 68.3434 67.1927 65.6379 63.73 61.5274 59.0924 56.4874 47.4084 19.8388 0.07 0.07 0.07 0.07 0.07 0.07 0.07 0.07 0.07 0.07 0.07 0.07 0.07 0.07 0.07 0.07 0.07 0.07 0.07 0.07 0.07
0.07 0.07 0.07 0.07 0.07 0.07 0.07 0.07 0.07 0.07 0.07 0.07 0.07 0.07 0.07 0.07 0.07 0.07 0.07 0.07 0.07 0.07 0.07 0.07 16.4703 33.6815 51.4761 56.4874 58.0253 59.2736 60.1946 60.7595 60.9499 60.7595 60.1946 59.2736 58.0253 56.4874 51.4761 33.6815 16.4703 0.07 0.07 0.07 0.07 0.07 0.07 0.07 0.07 0.07 0.07 0.07 0.07 0.07 0.07 0.07 0.07 0.07 0.07 0.07 0.07 0.07 0.07 0.07
0.07 0.07 0.07 0.07 0.07 0.07 0.07 0.07 0.07 0.07 0.07 0.07 0.07 0.07 0.07 0.07 0.07 0.07 0.07 0.07 0.07 0.07 0.07 0.07 0.07 0.07 0.07 13.1723 26.5608 33.5818 40.5898 40.94 41.0579 40.94 40.5898 33.5818 26.5608 13.1723 0.07 0.07 0.07 0.07 0.07 0.07 0.07 0.07 0.07 0.07 0.07 0.07 0.07 0.07 0.07 0.07 0.07 0.07 0.07 0.07 0.07 0.07 0.07 0.07 0.07 0.07
0.07 0.07 0.07 0.07 0.07 0.07 0.07 0.07 0.07 0.07 0.07 0.07 0.07 0.07 0.07 0.07 0.07 0.07 0.07 0.07 0.07 0.07 0.07 0.07 0.07 0.07 0.07 0.07 0.07 0.07 0.07 0.07 0.07 0.07 0.07 0.07 0.07 0.07 0.07 0.07 0.07 0.07 0.07 0.07 0.07 0.07 0.07 0.07 0.07 0.07 0.07 0.07 0.07 0.07 0.07 0.07 0.07 0.07 0.07 0.07 0.07 0.07 0.07 0.07
0.07 0.07 0.07 0.07 0.07 0.07 0.07 0.07 0.07 0.07 0.07 0.07 0.07 0.07 0.07 0.07 0.07 0.07 0.07 0.07 0.07 0.07 0.07 0.07 0.07 0.07 0.07 0.07 0.07 0.07 0.07 0.07 0.07 0.07 0.07 0.07 0.07 0.07 0.07 0.07 0.07 0.07 0.07 0.07 0.07 0.07 0.07 0.07 0.07 0.07 0.07 0.07 0.07 0.07 0.07 0.07 0.07 0.07 0.07 0.07 0.07 0.07 0.07 0.07
0.07 0.07 0.07 0.07 0.07 0.07 0.07 0.07 0.07 0.07 0.07 0.07 0.07 0.07 0.07 0.07 0.07 0.07 0.07 0.07 0.07 0.07 0.07 0.07 0.07 0.07 0.07 0.07 0.07 0.07 0.07 0.07 0.07 0.07 0.07 0.07 0.07 0.07 0.07 0.07 0.07 0.07 0.07 0.07 0.07 0.07 0.07 0.07 0.07 0.07 0.07 0.07 0.07 0.07 0.07 0.07 0.07 0.07 0.07 0.07 0.07 0.07 0.07 0.07
0.07 0.07 0.07 0.07 0.07 0.07 0.07 0.07 0.07 0.07 0.07 0.07 0.07 0.07 0.07 0.07 0.07 0.07 0.07 0.07 0.07 0.07 0.07 0.07 0.07 0.07 0.07 0.07 0.07 0.07 0.07 0.07 0.07 0.07 0.07 0.07 0.07 0.07 0.07 0.07 0.07 0.07 0.07 0.07 0.07 0.07 0.07 0.07 0.07 0.07 0.07 0.07 0.07 0.07 0.07 0.07 0.07 0.07 0.07 0.07 0.07 0.07 0.07 0.07
0.07 0.07 0.07 0.07 0.07 0.07 0.07 0.07 0.07 0.07 0.07 0.07 0.07 0.07 0.07 0.07 0.07 0.07 0.07 0.07 0.07 0.07 0.07 0.07 0.07 0.07 0.07 0.07 0.07 0.07 0.07 0.07 0.07 0.07 0.07 0.07 0.07 0.07 0.07 0.07 0.07 0.07 0.07 0.07 0.07 0.07 0.07 0.07 0.07 0.07 0.07 0.07 0.07 0.07 0.07 0.07 0.07 0.07 0.07 0.07 0.07 0.07 0.07 0.07
0.07 0.07 0.07 0.07 0.07 0.07 0.07 0.07 0.07 0.07 0.07 0.07 0.07 0.07 0.07 0.07 0.07 0.07 0.07 0.07 0.07 0.07 0.07 0.07 0.07 0.07 0.07 0.07 0.07 0.07 0.07 0.07 0.07 0.07 0.07 0.07 0.07 0.07 0.07 0.07 0.07 0.07 0.07 0.07 0.07 0.07 0.07 0.07 0.07 0.07 0.07 0.07 0.07 0.07 0.07 0.07 0.07 0.07 0.07 0.07 0.07 0.07 0.07 0.07
0.07 0.07 0.07 0.07 0.07 0.07 0.07 0.07 0.07 0.07 0.07 0.07 0.07 0.07 0.07 0.07 0.07 0.07 0.07 0.07 0.07 0.07 0.07 0.07 0.07 0.07 0.07 0.07 0.07 0.07 0.07 0.07 0.07 0.07 0.07 0.07 0.07 0.07 0.07 0.07 0.07 0.07 0.07 0.07 0.07 0.07 0.07 0.07 0.07 0.07 0.07 0.07 0.07 0.07 0.07 0.07 0.07 0.07 0.07 0.07 0.07 0.07 0.07 0.07
0.07 0.07 0.07 0.07 0.07 0.07 0.07 0.07 0.07 0.07 0.07 0.07 0.07 0.07 0.07 0.07 0.07 0.07 0.07 0.07 0.07 0.07 0.07 0.07 0.07 0.07 0.07 0.07 0.07 0.07 0.07 0.07 0.07 0.07 0.07 0.07 0.07 0.07 0.07 0.07 0.07 0.07 0.07 0.07 0.07 0.07 0.07 0.07 0.07 0.07 0.07 0.07 0.07 0.07 0.07 0.07 0.07 0.07 0.07 0.07 0.07 0.07 0.07 0.07
0.07 0.07 0.07 0.07 0.07 0.07 0.07 0.07 0.07 0.07 0.07 0.07 0.07 0.07 0.07 0.07 0.07 0.07 0.07 0.07 0.07 0.07 0.07 0.07 0.07 0.07 0.07 0.07 0.07 0.07 0.07 0.07 0.07 0.07 0.07 0.07 0.07 0.07 0.07 0.07 0.07 0.07 0.07 0.07 0.07 0.07 0.07 0.07 0.07 0.07 0.07 0.07 0.07 0.07 0.07 0.07 0.07 0.07 0.07 0.07 0.07 0.07 0.07 0.07
0.07 0.07 0.07 0.07 0.07 0.07 0.07 0.07 0.07 0.07 0.07 0.07 0.07 0.07 0.07 0.07 0.07 0.07 0.07 0.07 0.07 0.07 0.07 0.07 0.07 0.07 0.07 0.07 0.07 0.07 0.07 0.07 0.07 0.07 0.07 0.07 0.07 0.07 0.07 0.07 0.07 0.07 0.07 0.07 0.07 0.07 0.07 0.07 0.07 0.07 0.07 0.07 0.07 0.07 0.07 0.07 0.07 0.07 0.07 0.07 0.07 0.07 0.07 0.07
@ p_rHI 64 64
0.876297 0.876304 0.876304 0.876309 0.876308 0.876313 0.876312 0.876315 0.876313 0.876317 0.876312 0.876315 0.87631 0.876314 0.876322 0.876333 0.876336 0.876343 0.876344 0.876349 0.876349 0.876354 0.876356 0.876363 0.876364 0.876368 0.876364 0.876364 0.876359 0.876359 0.87636 0.876361 0.876361 0.876361 0.87636 0.876358 0.876358 0.876361 0.876365 0.876366 0.876365 0.876361 0.876356 0.876351 0.87635 0.876347 0.876344 0.876341 0.876336 0.876331 0.876321 0.876311 0.876311 0.876311 0.876313 0.876313 0.876312 0.876313 0.876311 0.876311 0.876308 0.876306 0.876304 0.876301
0.876301 0.876308 0.876308 0.876314 0.876313 0.876318 0.876318 0.876321 0.87632 0.876324 0.87632 0.876324 0.876317 0.876321 0.87633 0.87634 0.876342 0.876349 0.87635 0.876357 0.876357 0.876362 0.876365 0.876373 0.876376 0.87638 0.876378 0.876379 0.876372 0.876369 0.876364 0.876364 0.876364 0.876364 0.876364 0.876368 0.876375 0.876379 0.87638 0.87638 0.876377 0.876373 0.876367 0.876361 0.876359 0.876356 0.876353 0.87635 0.876345 0.87634 0.876332 0.87632 0.876322 0.876322 0.876324 0.876324 0.876323 0.876322 0.87632 0.876319 0.876317 0.876314 0.876311 0.876307
0.876304 0.876311 0.876311 0.876317 0.876317 0.876322 0.876322 0.876326 0.876325 0.876329 0.876326 0.87633 0.876325 0.87633 0.876338 0.876347 0.876349 0.876354 0.876355 0.876363 0.876364 0.876372 0.876378 0.876387 0.87639 0.876394 0.876394 0.876395 0.87639 0.876387 0.876378 0.876374 0.876371 0.876372 0.876378 0.876385 0.876391 0.876393 0.876394 0.876392 0.876389 0.876385 0.876378 0.87637 0.876364 0.87636 0.876356 0.876353 0.876348 0.876345 0.876338 0.876325 0.876326 0.876326 0.876327 0.876326 0.876324 0.876323 0.876321 0.87632 0.876316 0.876313 0.876311 0.876307
0.876306 0.876314 0.876313 0.876321 0.876321 0.876325 0.876326 0.876331 0.876329 0.876334 0.876332 0.876336 0.876331 0.876342 0.87635 0.876359 0.876362 0.876366 0.876369 0.876377 0.876379 0.87639 0.876397 0.876405 0.876408 0.876413 0.876414 0.876416 0.876413 0.876412 0.876405 0.876402 0.876398 0.876402 0.876408 0.876412 0.876415 0.876416 0.876415 0.876413 0.87641 0.876405 0.876399 0.876389 0.876381 0.876376 0.87637 0.876368 0.876363 0.876359 0.876353 0.876341 0.876336 0.876335 0.876335 0.876334 0.876332 0.876331 0.876328 0.876327 0.876323 0.876321 0.876318 0.876313
0.876308 0.876317 0.876317 0.876324 0.876325 0.87633 0.87633 0.876335 0.876335 0.87634 0.876337 0.876342 0.876338 0.87635 0.876359 0.876368 0.876373 0.87638 0.876386 0.876393 0.876395 0.876405 0.87641 0.876418 0.87642 0.876426 0.876426 0.876429 0.876428 0.87643 0.876429 0.876431 0.876431 0.876432 0.876429 0.876429 0.876428 0.876428 0.876426 0.876424 0.87642 0.876416 0.87641 0.876402 0.876395 0.876392 0.876384 0.876379 0.876372 0.876365 0.876359 0.876346 0.876339 0.876338 0.876338 0.876336 0.876334 0.876333 0.876329 0.876327 0.876324 0.876321 0.876317 0.876313
0.876309 0.876318 0.876319 0.876325 0.876326 0.876332 0.876332 0.876338 0.876338 0.876343 0.876341 0.876347 0.876343 0.876355 0.876365 0.876376 0.876383 0.876392 0.876399 0.876407 0.876412 0.876423 0.876424 0.876432 0.876433 0.876439 0.876441 0.876447 0.876451 0.876458 0.876462 0.876471 0.876471 0.87647 0.876463 0.876458 0.876452 0.876447 0.876442 0.876439 0.876436 0.876431 0.876428 0.876422 0.876413 0.876408 0.8764 0.876394 0.876385 0.876376 0.876368 0.876354 0.876347 0.876345 0.876345 0.876343 0.876341 0.876339 0.876335 0.876333 0.876329 0.876326 0.876322 0.876317
0.876312 0.876321 0.876322 0.876329 0.87633 0.876336 0.876337 0.876343 0.876342 0.876348 0.876346 0.876352 0.87635 0.876369 0.876378 0.876392 0.876401 0.876411 0.876417 0.876424 0.87643 0.876442 0.876445 0.876453 0.876452 0.876458 0.876462 0.87647 0.876475 0.876486 0.876493 0.876501 0.876501 0.876501 0.876493 0.876486 0.876476 0.876469 0.876461 0.876455 0.876454 0.876449 0.876446 0.876439 0.87643 0.876422 0.876415 0.87641 0.8764 0.876389 0.876378 0.876365 0.876351 0.876348 0.876347 0.876345 0.876342 0.87634 0.876336 0.876333 0.876329 0.876326 0.876322 0.876317
0.876312 0.876321 0.876323 0.87633 0.876332 0.876338 0.876339 0.876345 0.876345 0.876352 0.87635 0.876356 0.876354 0.876374 0.876386 0.876402 0.876411 0.876421 0.876427 0.876437 0.876445 0.876456 0.876459 0.876469 0.876472 0.876484 0.876489 0.876498 0.876508 0.876519 0.876525 0.876531 0.876531 0.876531 0.876525 0.876519 0.876507 0.876499 0.876491 0.876483 0.876476 0.876467 0.876463 0.876456 0.876447 0.876438 0.876429 0.876423 0.876413 0.876402 0.876389 0.876374 0.876358 0.876355 0.876354 0.876351 0.876348 0.876346 0.876342 0.876339 0.876335 0.876331 0.876326 0.87632
0.876313 0.876323 0.876325 0.876333 0.876334 0.876341 0.876342 0.876349 0.876349 0.876356 0.876354 0.876361 0.876361 0.876384 0.876398 0.876415 0.876423 0.876433 0.876439 0.876451 0.876459 0.876471 0.876474 0.876486 0.876494 0.876507 0.876515 0.876529 0.876541 0.876547 0.876552 0.876555 0.876554 0.876555 0.87655 0.87655 0.876538 0.876529 0.876515 0.876505 0.876496 0.876482 0.876476 0.876467 0.876459 0.876448 0.876438 0.876431 0.876422 0.876412 0.876398 0.87638 0.876362 0.876357 0.876355 0.876352 0.876348 0.876346 0.876341 0.876339 0.876334 0.876329 0.876325 0.876319
0.876313 0.876324 0.876326 0.876334 0.876336 0.876343 0.876345 0.876352 0.876352 0.876359 0.876358 0.876365 0.876371 0.876399 0.876412 0.876427 0.876437 0.876447 0.876458 0.876471 0.87648 0.876496 0.8765 0.87652 0.876525 0.876545 0.876559 0.876572 0.876586 0.876586 0.876593 0.876593 0.876592 0.876596 0.876588 0.876593 0.87658 0.876575 0.876559 0.876541 0.876534 0.876515 0.876507 0.876493 0.876482 0.876473 0.876457 0.876451 0.876438 0.876428 0.876415 0.876398 0.876375 0.876364 0.876362 0.876359 0.876355 0.876352 0.876347 0.876344 0.876339 0.876334 0.87633 0.876323
0.876312 0.876323 0.876326 0.876334 0.876337 0.876344 0.876346 0.876353 0.876354 0.876362 0.876361 0.876369 0.876377 0.876407 0.876422 0.876439 0.876454 0.876463 0.876479 0.876494 0.876504 0.876522 0.876533 0.876556 0.876566 0.876593 0.87661 0.876627 0.876645 0.876648 0.876669 0.87667 0.876671 0.876678 0.876655 0.87666 0.876639 0.876627 0.87661 0.876589 0.876572 0.876549 0.876537 0.876518 0.876502 0.876494 0.876474 0.876466 0.87645 0.876437 0.876422 0.876402 0.876379 0.876365 0.876362 0.876358 0.876354 0.87635 0.876345 0.876342 0.876336 0.876332 0.876326 0.876319
0.876312 0.876324 0.876327 0.876336 0.876339 0.876346 0.876349 0.876356 0.876358 0.876365 0.876366 0.876381 0.876393 0.876427 0.876441 0.87646 0.876474 0.876487 0.876502 0.876518 0.876532 0.876557 0.876574 0.876609 0.87663 0.876663 0.876686 0.998849 0.999473 0.999572 0.999629 0.999622 0.999622 0.999627 0.99962 0.999578 0.999473 0.998849 0.876688 0.876659 0.876637 0.876603 0.876581 0.876556 0.876533 0.876521 0.876501 0.87649 0.876475 0.876461 0.876445 0.876423 0.876402 0.876378 0.87637 0.876365 0.876361 0.876357 0.876352 0.876347 0.876341 0.876336 0.87633 0.876323
0.87631 0.87632 0.876325 0.876335 0.876338 0.876346 0.87635 0.876357 0.876361 0.876374 0.876377 0.876397 0.876418 0.87645 0.876468 0.87649 0.876504 0.876521 0.876541 0.876562 0.87659 0.876622 0.876647 0.876689 0.999112 0.999577 0.999623 0.999366 0.994711 0.955959 0.950109 0.944524 0.943442 0.946724 0.944112 0.959204 0.985399 0.999425 0.999626 0.999576 0.999112 0.876682 0.876651 0.876619 0.876588 0.876562 0.876537 0.876521 0.876502 0.876486 0.876468 0.876446 0.876421 0.876389 0.876381 0.876368 0.876361 0.876356 0.876348 0.876343 0.876337 0.876331 0.876325 0.876316
0.876311 0.876321 0.876326 0.876342 0.876347 0.876355 0.876366 0.876374 0.87638 0.876398 0.876403 0.876427 0.876447 0.876479 0.876495 0.876516 0.876531 0.876549 0.876574 0.876607 0.876641 0.876682 0.999279 0.999637 0.999386 0.978047 0.952261 0.936191 0.917151 0.88742 0.87566 0.865555 0.863165 0.867543 0.872045 0.893709 0.91472 0.933913 0.950418 0.973554 0.999388 0.999643 0.99928 0.876681 0.876643 0.87661 0.876574 0.876553 0.876533 0.876516 0.876499 0.876477 0.876453 0.876424 0.876411 0.876395 0.876384 0.876378 0.876363 0.876358 0.87635 0.876338 0.876332 0.876321
0.876321 0.876332 0.876337 0.876353 0.876358 0.876368 0.876378 0.876389 0.876398 0.876415 0.876422 0.876445 0.876468 0.876498 0.876516 0.876537 0.876556 0.876584 0.87662 0.876663 0.998386 0.999627 0.999368 0.955576 0.928961 0.904137 0.871449 0.841899 0.819189 0.791364 0.779072 0.766868 0.763744 0.769609 0.775152 0.797461 0.816171 0.842282 0.871622 0.897441 0.932016 0.962795 0.999271 0.999627 0.998386 0.87666 0.876617 0.876584 0.876554 0.876534 0.876516 0.876494 0.87647 0.876439 0.876425 0.876409 0.876397 0.876389 0.876373 0.876367 0.876359 0.876348 0.87634 0.876329
0.876331 0.87634 0.876344 0.876359 0.876365 0.876376 0.876389 0.876402 0.876411 0.876427 0.876436 0.87646 0.876486 0.876516 0.876534 0.876558 0.876587 0.87663 0.876675 0.999395 0.999617 0.977377 0.940676 0.895185 0.850237 0.813952 0.774706 0.739856 0.713259 0.683483 0.670479 0.657269 0.653699 0.660052 0.666018 0.689272 0.71018 0.740547 0.775382 0.810958 0.85526 0.89455 0.943995 0.995262 0.999599 0.999394 0.876681 0.876629 0.876589 0.876559 0.876537 0.876515 0.876492 0.876458 0.876442 0.876425 0.876414 0.876406 0.876388 0.876379 0.876369 0.876357 0.876348 0.876339
0.876336 0.876345 0.876349 0.876365 0.876373 0.876386 0.876401 0.876414 0.876423 0.87644 0.876454 0.876477 0.876504 0.876534 0.876556 0.87659 0.876626 0.876684 0.999575 0.999316 0.960322 0.909903 0.860963 0.812279 0.756904 0.711223 0.666747 0.627686 0.598404 0.568104 0.553643 0.540844 0.537137 0.542909 0.549684 0.57301 0.595417 0.628694 0.667618 0.709331 0.760768 0.809189 0.865751 0.917019 0.958295 0.999357 0.999578 0.876675 0.876628 0.876587 0.876555 0.87653 0.876505 0.876472 0.876456 0.876435 0.876423 0.876414 0.876396 0.876386 0.876373 0.87636 0.876351 0.876342
0.876341 0.87635 0.876352 0.876366 0.876378 0.876392 0.876409 0.876421 0.87643 0.876447 0.876459 0.876486 0.876518 0.876549 0.876581 0.87663 0.876681 0.99958 0.999221 0.950245 0.894518 0.834932 0.772637 0.714955 0.65469 0.604194 0.556181 0.515659 0.485449 0.456045 0.441349 0.428894 0.425146 0.430586 0.437797 0.460308 0.482944 0.516521 0.557131 0.602041 0.658147 0.712516 0.775675 0.836505 0.891356 0.95386 0.999102 0.999579 0.876689 0.876629 0.876583 0.876551 0.876521 0.876486 0.876466 0.876445 0.876433 0.876424 0.876407 0.876396 0.87638 0.876364 0.876356 0.876349
0.876344 0.876353 0.876356 0.876372 0.876386 0.876402 0.876417 0.87643 0.876439 0.876461 0.876479 0.876505 0.876541 0.876577 0.87662 0.876678 0.999575 0.999223 0.954251 0.88691 0.82136 0.752003 0.680984 0.616948 0.553375 0.500512 0.452052 0.412374 0.383031 0.356374 0.342348 0.33101 0.327645 0.332589 0.339673 0.359425 0.381009 0.413008 0.452793 0.498762 0.555976 0.614958 0.683026 0.751922 0.820416 0.890003 0.951098 0.999048 0.999575 0.876672 0.876618 0.876577 0.876539 0.876503 0.876481 0.876455 0.87644 0.876429 0.876413 0.876402 0.876386 0.876367 0.876357 0.87635
0.876347 0.876356 0.87636 0.876376 0.876391 0.876407 0.876422 0.876437 0.876448 0.876471 0.876491 0.876518 0.876559 0.876607 0.87666 0.999395 0.999314 0.950239 0.886849 0.81345 0.737892 0.661218 0.58522 0.518185 0.454323 0.402767 0.357291 0.320887 0.294176 0.270788 0.258201 0.248676 0.245754 0.249733 0.256122 0.273232 0.292681 0.321401 0.357998 0.401384 0.456639 0.516169 0.586711 0.660989 0.736887 0.815438 0.882504 0.947679 0.999486 0.999395 0.876663 0.876612 0.876558 0.876518 0.876494 0.876469 0.876452 0.876438 0.876422 0.87641 0.876393 0.876374 0.876364 0.876356
0.87635 0.876359 0.876364 0.876381 0.876395 0.876414 0.87643 0.876448 0.876459 0.876483 0.876504 0.876535 0.87659 0.876644 0.998386 0.999617 0.960687 0.894642 0.821366 0.738001 0.654776 0.573065 0.495019 0.428234 0.367121 0.318959 0.278049 0.246001 0.222337 0.20253 0.191595 0.183712 0.181247 0.184403 0.190074 0.204276 0.221209 0.246206 0.278535 0.317891 0.36877 0.426241 0.496471 0.572932 0.653712 0.738915 0.81811 0.894067 0.961038 0.999601 0.998386 0.876644 0.876584 0.876535 0.876505 0.876478 0.876459 0.876446 0.876428 0.876413 0.876396 0.876378 0.876367 0.876357
0.876351 0.876361 0.87637 0.876389 0.876403 0.876423 0.876439 0.876456 0.876468 0.876496 0.876519 0.876557 0.876619 0.876681 0.999626 0.977073 0.909797 0.834921 0.751912 0.661236 0.572974 0.48932 0.412641 0.348957 0.293101 0.249786 0.213883 0.186399 0.166349 0.150161 0.140886 0.134488 0.132481 0.135055 0.139884 0.151323 0.165558 0.186581 0.2143 0.248975 0.294399 0.347524 0.413915 0.48907 0.57198 0.662186 0.748986 0.834845 0.906918 0.964087 0.999624 0.876684 0.876618 0.876562 0.876523 0.876494 0.876472 0.876458 0.876439 0.876423 0.876407 0.876388 0.876374 0.876362
0.876356 0.876367 0.876378 0.876399 0.876409 0.876426 0.876444 0.876462 0.876474 0.876502 0.876533 0.876577 0.876648 0.999279 0.999372 0.940604 0.860967 0.772878 0.681033 0.585353 0.495055 0.412803 0.339882 0.281451 0.231653 0.193719 0.163105 0.140081 0.123466 0.110487 0.102902 0.0978562 0.0962602 0.0982258 0.102181 0.111223 0.122909 0.140193 0.163357 0.192965 0.232494 0.280173 0.340845 0.412276 0.494203 0.586364 0.678577 0.772341 0.858291 0.932321 0.999431 0.999279 0.876643 0.876577 0.876532 0.876497 0.876476 0.876461 0.876442 0.876425 0.876411 0.876394 0.87638 0.876367
0.876361 0.876373 0.876385 0.876405 0.876416 0.876433 0.876451 0.876469 0.876484 0.87652 0.876554 0.876608 0.876686 0.999636 0.955634 0.895129 0.811997 0.714963 0.616885 0.518164 0.428102 0.34895 0.281301 0.227853 0.18398 0.151076 0.125186 0.106027 0.0922711 0.0818107 0.0756205 0.0716591 0.070389 0.0718886 0.07518 0.0823446 0.0919585 0.106117 0.125416 0.150669 0.184715 0.227053 0.282217 0.348633 0.42768 0.5191 0.615096 0.714851 0.809839 0.893266 0.960538 0.999639 0.876686 0.87661 0.876556 0.876519 0.876489 0.876469 0.876451 0.876433 0.876419 0.876402 0.876388 0.876374
0.876365 0.876377 0.876389 0.87641 0.87642 0.876435 0.876452 0.876474 0.876494 0.876528 0.876567 0.876633 0.999112 0.999387 0.929445 0.850365 0.756946 0.65484 0.553494 0.454518 0.367211 0.293266 0.231679 0.184102 0.145963 0.117927 0.0963592 0.0805755 0.069304 0.0609712 0.0559132 0.0518695 0.0506201 0.0520701 0.0555302 0.0613054 0.0690959 0.08058 0.0964741 0.117586 0.146398 0.183348 0.232259 0.292807 0.366757 0.455151 0.551601 0.655514 0.7571 0.84899 0.932305 0.999366 0.999111 0.876632 0.876567 0.876523 0.876496 0.876471 0.876449 0.876434 0.876422 0.876406 0.876391 0.876377
0.876366 0.87638 0.876392 0.876413 0.876424 0.876439 0.876456 0.876484 0.876505 0.876544 0.876591 0.876661 0.999577 0.977818 0.904029 0.813945 0.711183 0.604131 0.500394 0.402722 0.318804 0.24977 0.1936 0.151063 0.117832 0.0936425 0.0754274 0.0622945 0.0521862 0.0435507 0.0384747 0.0353502 0.034385 0.0354844 0.0382075 0.0438796 0.0520056 0.0623184 0.0755556 0.093468 0.11819 0.150572 0.19416 0.249519 0.318667 0.403352 0.499024 0.604403 0.711204 0.810984 0.900995 0.965544 0.999577 0.876665 0.876594 0.876541 0.876509 0.876483 0.876457 0.87644 0.876428 0.87641 0.876396 0.876381
0.876365 0.87638 0.876394 0.876415 0.876426 0.876442 0.876462 0.876491 0.876517 0.87656 0.876611 0.876688 0.999623 0.952226 0.871476 0.774986 0.666869 0.556364 0.452187 0.357511 0.278145 0.21401 0.16314 0.125281 0.0963692 0.0754824 0.0600274 0.0470754 0.0374163 0.0305995 0.0265985 0.024189 0.023439 0.0242812 0.0264056 0.0308026 0.0372621 0.0470617 0.060092 0.0753214 0.0965537 0.124828 0.16348 0.213648 0.277838 0.357812 0.450876 0.55642 0.66647 0.772033 0.868706 0.944654 0.999619 0.876688 0.876612 0.876555 0.876518 0.876489 0.876462 0.876441 0.876428 0.876411 0.876395 0.87638
0.876361 0.876379 0.876393 0.876416 0.876428 0.876447 0.876468 0.876497 0.876527 0.87657 0.876625 0.998849 0.999366 0.935989 0.84164 0.739812 0.627633 0.515573 0.412234 0.320816 0.245886 0.186355 0.139961 0.105988 0.0805151 0.0622887 0.047051 0.0353091 0.0274021 0.0219669 0.0187888 0.0169166 0.0163408 0.0169886 0.018665 0.0221165 0.0273059 0.0353149 0.0471783 0.0622193 0.080708 0.105763 0.140361 0.18616 0.24587 0.3214 0.411275 0.515849 0.627452 0.736953 0.8403 0.930161 0.999309 0.99885 0.876629 0.876569 0.876533 0.876497 0.87647 0.876446 0.876431 0.876413 0.876397 0.876381
0.876358 0.876375 0.876391 0.876415 0.876428 0.876453 0.876477 0.87651 0.876542 0.876587 0.876646 0.999473 0.995001 0.917316 0.819212 0.713378 0.598564 0.485644 0.383165 0.294326 0.222409 0.166473 0.123502 0.0923279 0.0693273 0.052209 0.0374181 0.0274134 0.0207941 0.0163411 0.0137539 0.0122561 0.0117948 0.0123041 0.0136612 0.01644 0.0207232 0.0273983 0.0374822 0.0520657 0.0693871 0.0920543 0.123683 0.1661 0.222218 0.294527 0.382039 0.485491 0.598244 0.71049 0.818462 0.911822 0.986578 0.999473 0.876646 0.876583 0.876545 0.876506 0.876475 0.876449 0.87643 0.87641 0.876392 0.876374
0.876358 0.876368 0.876385 0.876412 0.876429 0.876457 0.876484 0.876517 0.876545 0.876585 0.876646 0.999572 0.955859 0.887449 0.791325 0.683442 0.568001 0.455952 0.356241 0.270694 0.202408 0.150088 0.110413 0.0817823 0.0609237 0.0435505 0.0305904 0.0219633 0.0163302 0.0126227 0.0104767 0.00925353 0.00887713 0.0092884 0.0104121 0.0127019 0.0162938 0.0219586 0.0306449 0.0434541 0.061039 0.0816452 0.110677 0.149914 0.202426 0.271034 0.355361 0.456187 0.567849 0.681408 0.790614 0.882428 0.953862 0.999573 0.876649 0.876582 0.876551 0.876517 0.876487 0.876455 0.876433 0.876409 0.876389 0.876371
0.87636 0.876364 0.876378 0.876408 0.87643 0.876464 0.876495 0.876526 0.876553 0.876594 0.876671 0.999629 0.950133 0.875781 0.779153 0.670595 0.553774 0.441547 0.342488 0.258324 0.191672 0.140972 0.102953 0.0756859 0.0559195 0.0384835 0.0265991 0.0187998 0.0137565 0.010481 0.00858854 0.007525 0.0071968 0.00754881 0.00853619 0.0105361 0.0137196 0.0187806 0.026639 0.0383944 0.0559946 0.0754865 0.1031 0.140685 0.191527 0.258334 0.341391 0.441397 0.553427 0.668109 0.778456 0.873139 0.949154 0.999629 0.87667 0.876589 0.876555 0.876523 0.876495 0.876458 0.876433 0.876403 0.876379 0.876366
0.876361 0.876364 0.876372 0.876402 0.87643 0.876468 0.876499 0.876529 0.876553 0.876592 0.876668 0.999622 0.944484 0.865552 0.766809 0.657195 0.540739 0.428758 0.330894 0.248551 0.183583 0.134414 0.0977977 0.0716204 0.0518661 0.0353366 0.024178 0.0169144 0.0122519 0.0092517 0.00752169 0.00655561 0.00625937 0.00657757 0.00748169 0.00930071 0.0122286 0.0169058 0.0242256 0.0352744 0.0519413 0.0715426 0.0980705 0.134306 0.18367 0.248782 0.330088 0.428946 0.540657 0.655226 0.766636 0.863071 0.943549 0.999623 0.876671 0.876589 0.876559 0.876529 0.876502 0.876467 0.876437 0.876399 0.876375 0.876366
0.876361 0.876364 0.876372 0.876399 0.876433 0.876473 0.876502 0.876532 0.876555 0.876594 0.876673 0.999622 0.943472 0.86319 0.763899 0.653836 0.537294 0.425264 0.327757 0.245877 0.181339 0.132557 0.0963255 0.0704315 0.0506199 0.0343909 0.0234463 0.0163455 0.0117985 0.00888016 0.00719837 0.00625986 0.00597242 0.00627943 0.00715761 0.0089197 0.0117688 0.0163263 0.0234762 0.0343165 0.0506895 0.0702705 0.0964806 0.132305 0.181205 0.245838 0.326784 0.425269 0.53702 0.651594 0.76352 0.860638 0.942476 0.999622 0.876672 0.876589 0.876558 0.876529 0.876502 0.876468 0.876437 0.876393 0.876371 0.876366
0.876361 0.876364 0.876373 0.8764 0.876429 0.876469 0.876499 0.876529 0.876553 0.876595 0.876677 0.999627 0.946704 0.867455 0.769525 0.659825 0.542753 0.430448 0.332451 0.249598 0.184326 0.13498 0.0981602 0.0718367 0.052062 0.0354803 0.0242773 0.0169811 0.0123013 0.00928477 0.00754833 0.00657587 0.00627992 0.00659783 0.00750821 0.00933383 0.0122775 0.0169728 0.0243248 0.0354147 0.052144 0.0717523 0.0984398 0.134871 0.184389 0.249838 0.331694 0.430538 0.542744 0.657767 0.769058 0.86513 0.94572 0.999627 0.876679 0.876592 0.876558 0.876529 0.876501 0.876467 0.876438 0.876397 0.876374 0.876365
0.87636 0.876365 0.87638 0.876408 0.87643 0.876464 0.876495 0.876527 0.876551 0.876589 0.876657 0.999621 0.944283 0.872066 0.775244 0.66607 0.549781 0.437897 0.339786 0.256226 0.190209 0.139965 0.102251 0.075206 0.0555439 0.0382127 0.0264176 0.0186662 0.0136672 0.010413 0.0085401 0.00748112 0.00715918 0.00750501 0.00848779 0.0104677 0.0136309 0.0186469 0.0264557 0.0381264 0.055623 0.0750128 0.102392 0.139678 0.190069 0.256259 0.338646 0.437794 0.549335 0.663941 0.7744 0.867792 0.942612 0.999621 0.876656 0.876584 0.876554 0.876523 0.876494 0.876459 0.876435 0.876403 0.876381 0.876365
0.876359 0.876367 0.876385 0.87641 0.876429 0.876456 0.876484 0.876518 0.876549 0.876591 0.876659 0.999578 0.959155 0.893284 0.797303 0.689128 0.572858 0.460095 0.359303 0.273113 0.204202 0.151228 0.11118 0.0822813 0.0612796 0.0438668 0.0308033 0.0221061 0.0164388 0.0126952 0.0105367 0.00929708 0.00892274 0.00933199 0.0104723 0.0127744 0.0164019 0.0221002 0.0308601 0.0437671 0.061394 0.0821498 0.111439 0.151063 0.204248 0.273389 0.358414 0.46017 0.572676 0.68671 0.796202 0.888225 0.956527 0.999578 0.876662 0.876589 0.876554 0.876518 0.876487 0.876454 0.876433 0.876407 0.876389 0.876368
0.876361 0.876374 0.876393 0.876415 0.87643 0.876452 0.876477 0.876508 0.87654 0.876581 0.876641 0.999473 0.985562 0.91475 0.816306 0.710309 0.595571 0.483054 0.38119 0.292782 0.221339 0.165615 0.122998 0.0919896 0.0691455 0.0520052 0.0372793 0.0273106 0.0207364 0.0162921 0.0137262 0.0122253 0.0117725 0.0122737 0.013633 0.0163914 0.0206656 0.0272962 0.0373414 0.0518564 0.069213 0.0917089 0.123182 0.165255 0.221157 0.292966 0.379995 0.482936 0.595197 0.707575 0.815229 0.906817 0.975824 0.999473 0.876641 0.876577 0.876542 0.876505 0.876477 0.876449 0.876432 0.87641 0.876394 0.876374
0.876362 0.876376 0.876393 0.876414 0.876428 0.876446 0.876469 0.876497 0.876527 0.876573 0.876626 0.998849 0.99942 0.933907 0.842292 0.740474 0.62857 0.516363 0.412879 0.321235 0.246133 0.186452 0.14016 0.106045 0.0805643 0.0622651 0.0470553 0.0352991 0.0274037 0.021947 0.0187817 0.0168986 0.016331 0.0169703 0.0186581 0.0220977 0.0273068 0.0353046 0.0471812 0.0621993 0.0807536 0.105815 0.140557 0.18627 0.24611 0.321791 0.412018 0.516525 0.628399 0.737637 0.840686 0.92844 0.999392 0.99885 0.876629 0.876571 0.876534 0.876497 0.876471 0.876445 0.876431 0.876411 0.876397 0.876378
0.876367 0.87638 0.876396 0.876416 0.876428 0.876442 0.876463 0.876491 0.876517 0.87656 0.876612 0.876689 0.999626 0.950677 0.871992 0.77555 0.667765 0.557194 0.452927 0.358073 0.278665 0.214345 0.163478 0.125449 0.0965461 0.0755573 0.0601374 0.0471709 0.0374977 0.030648 0.0266491 0.0242215 0.0234834 0.0243139 0.0264582 0.0308487 0.037345 0.0471577 0.0602014 0.0753948 0.0967249 0.124998 0.163831 0.213966 0.27838 0.358431 0.451662 0.557251 0.667614 0.77272 0.869311 0.944819 0.999623 0.876689 0.876613 0.876555 0.876519 0.876489 0.876463 0.876441 0.87643 0.876411 0.876397 0.87638
0.876366 0.876377 0.876392 0.876412 0.876424 0.876437 0.876456 0.876481 0.876505 0.876539 0.876588 0.876657 0.999576 0.973486 0.897314 0.810785 0.709195 0.601891 0.498649 0.401189 0.317826 0.248844 0.192953 0.150553 0.117588 0.0934033 0.0753236 0.0621701 0.0520601 0.0434382 0.0384024 0.0352668 0.0343224 0.0354047 0.0381325 0.0437706 0.0518848 0.0621894 0.0754493 0.0932258 0.117946 0.150057 0.193511 0.248558 0.317632 0.401869 0.497243 0.602452 0.709212 0.808621 0.897453 0.966468 0.999576 0.876659 0.876591 0.876537 0.876508 0.87648 0.876456 0.876438 0.876428 0.876409 0.876396 0.876379
0.876366 0.876377 0.876392 0.87641 0.876423 0.876436 0.876457 0.876476 0.876499 0.876534 0.876574 0.876639 0.999113 0.99939 0.932048 0.855298 0.760817 0.658153 0.556048 0.456723 0.368937 0.294434 0.23262 0.184737 0.146529 0.118191 0.0966232 0.0806889 0.0694421 0.0610124 0.0560123 0.05194 0.0506891 0.0521337 0.0556351 0.0613475 0.0692306 0.080696 0.0967364 0.117852 0.146956 0.183979 0.233192 0.293926 0.368398 0.457325 0.554605 0.658341 0.761033 0.854481 0.935597 0.999363 0.999112 0.876637 0.876574 0.876529 0.8765 0.876473 0.876454 0.876435 0.876424 0.876406 0.876393 0.876376
0.876361 0.876371 0.876385 0.876403 0.876416 0.876429 0.876449 0.876465 0.876482 0.876512 0.876549 0.876601 0.876681 0.999642 0.96275 0.894454 0.809158 0.712363 0.614889 0.515993 0.42615 0.347319 0.280157 0.226936 0.18337 0.150463 0.124862 0.10569 0.0920815 0.0815859 0.0755209 0.071483 0.0703129 0.0717208 0.07507 0.0821165 0.0917716 0.105779 0.125092 0.150036 0.1841 0.226115 0.281056 0.346958 0.425681 0.517003 0.612735 0.712514 0.808144 0.89119 0.967317 0.999645 0.87668 0.876603 0.876551 0.876511 0.876487 0.876466 0.876449 0.87643 0.876419 0.876401 0.876388 0.876372
0.876358 0.876366 0.87638 0.876399 0.876412 0.876429 0.876448 0.876463 0.876478 0.876507 0.876539 0.876581 0.876654 0.99928 0.999272 0.944131 0.865891 0.775697 0.683091 0.586687 0.496551 0.413903 0.341017 0.282197 0.23239 0.194155 0.163627 0.14033 0.12377 0.110632 0.103162 0.0980139 0.0965461 0.0983729 0.102448 0.111366 0.123219 0.14044 0.163842 0.193384 0.233213 0.28091 0.341932 0.413405 0.495599 0.587384 0.680568 0.774917 0.861718 0.931697 0.999366 0.99928 0.87665 0.876581 0.876538 0.876502 0.87648 0.876462 0.876446 0.876427 0.876414 0.876394 0.876381 0.876366
0.876351 0.876359 0.87637 0.876387 0.876402 0.87642 0.876439 0.876453 0.876467 0.87649 0.876518 0.876553 0.876619 0.876678 0.999627 0.995216 0.916973 0.836393 0.751901 0.66083 0.572865 0.488914 0.412259 0.348444 0.292827 0.249361 0.213685 0.186039 0.166169 0.149815 0.140765 0.134231 0.132382 0.134795 0.139756 0.150989 0.165368 0.186213 0.214104 0.248544 0.294106 0.34693 0.413573 0.488692 0.571768 0.661598 0.748651 0.834469 0.910438 0.968344 0.999625 0.876681 0.876618 0.876557 0.876522 0.876488 0.876471 0.876454 0.876439 0.87642 0.876405 0.876386 0.876374 0.87636
0.876351 0.876359 0.876366 0.876381 0.876397 0.876413 0.876432 0.876447 0.876462 0.876482 0.876505 0.876533 0.876592 0.876643 0.998387 0.999599 0.958299 0.891361 0.82051 0.736845 0.653786 0.571947 0.494311 0.427602 0.366945 0.318588 0.278 0.245797 0.222359 0.202378 0.191674 0.183574 0.181298 0.184277 0.19013 0.204097 0.22123 0.245991 0.278476 0.31749 0.368486 0.425518 0.49562 0.571639 0.652368 0.737499 0.816305 0.890506 0.957401 0.999576 0.998387 0.876643 0.876585 0.876532 0.876507 0.876477 0.876462 0.876445 0.87643 0.876412 0.876398 0.876378 0.876369 0.876357
0.876347 0.876354 0.87636 0.876374 0.876392 0.876405 0.876423 0.876436 0.876449 0.87647 0.876494 0.876518 0.876562 0.876607 0.87666 0.999393 0.999353 0.95384 0.890075 0.815362 0.738895 0.662058 0.586401 0.518969 0.455255 0.403185 0.357907 0.321241 0.294614 0.270891 0.258454 0.248668 0.245962 0.249695 0.256371 0.273308 0.293125 0.321705 0.35863 0.40179 0.457514 0.516916 0.5875 0.661593 0.737621 0.816287 0.885333 0.949907 0.999493 0.999394 0.876663 0.876611 0.876561 0.876519 0.876497 0.876468 0.876453 0.876436 0.876422 0.876408 0.876394 0.876372 0.876364 0.876353
0.876346 0.876353 0.876358 0.87637 0.876387 0.876401 0.876419 0.876429 0.876441 0.876457 0.876477 0.876502 0.87654 0.876574 0.876621 0.876681 0.999578 0.999101 0.951125 0.882482 0.818221 0.74894 0.678725 0.615101 0.551855 0.498969 0.451095 0.411214 0.382219 0.355216 0.34154 0.329974 0.326901 0.331546 0.338762 0.358289 0.380141 0.411798 0.451745 0.497063 0.554689 0.612511 0.680611 0.74856 0.81639 0.88527 0.946708 0.998517 0.999578 0.876675 0.876619 0.876573 0.876538 0.876499 0.876478 0.876451 0.876441 0.876428 0.876414 0.8764 0.876386 0.876365 0.87636 0.87635
0.876341 0.876347 0.876353 0.876366 0.87638 0.876391 0.87641 0.87642 0.876431 0.876448 0.876466 0.876487 0.876521 0.87655 0.876584 0.876626 0.876675 0.999579 0.999048 0.947675 0.894175 0.834773 0.772407 0.714761 0.655588 0.604305 0.556538 0.51568 0.485665 0.456043 0.441519 0.428749 0.425387 0.430479 0.437988 0.460038 0.483099 0.516469 0.557454 0.602361 0.658543 0.712471 0.775106 0.834402 0.890622 0.949911 0.998523 0.999577 0.876683 0.876626 0.876586 0.876551 0.876524 0.876486 0.876472 0.876446 0.876434 0.876422 0.876408 0.876395 0.876382 0.876364 0.876356 0.876347
0.876339 0.876345 0.876351 0.876364 0.876375 0.876385 0.876403 0.876413 0.876425 0.876438 0.876453 0.876475 0.876506 0.876533 0.876558 0.876589 0.876631 0.876689 0.999575 0.999484 0.961079 0.906977 0.858548 0.809739 0.757239 0.711185 0.666619 0.627487 0.598537 0.567724 0.553546 0.54053 0.53716 0.542578 0.549449 0.572534 0.595286 0.628237 0.667813 0.709042 0.761073 0.808048 0.861844 0.910158 0.957622 0.999492 0.999578 0.87668 0.876632 0.876586 0.876556 0.876529 0.876507 0.876469 0.876455 0.876433 0.876425 0.876413 0.876398 0.876385 0.876375 0.876358 0.876352 0.876342
0.87633 0.876337 0.876345 0.876356 0.876365 0.876373 0.876389 0.876399 0.876412 0.876425 0.876437 0.876458 0.876486 0.876513 0.876534 0.876556 0.876587 0.876626 0.876672 0.999395 0.999601 0.96408 0.932465 0.89323 0.849016 0.810877 0.772214 0.736887 0.710595 0.68138 0.668249 0.655216 0.651808 0.657634 0.663969 0.686569 0.707701 0.737532 0.772803 0.808523 0.854736 0.891164 0.931967 0.968291 0.999577 0.999394 0.876678 0.876626 0.876589 0.876556 0.876538 0.876512 0.876491 0.876456 0.876443 0.876423 0.876414 0.876402 0.876388 0.876376 0.876369 0.876354 0.876349 0.876337
0.876324 0.876332 0.876341 0.876353 0.876362 0.876368 0.876381 0.876389 0.876401 0.876415 0.876425 0.876445 0.876472 0.876499 0.876519 0.876537 0.876558 0.876583 0.876622 0.876663 0.998386 0.999624 0.999432 0.960552 0.932329 0.901035 0.869009 0.840258 0.8186 0.790678 0.7786 0.766623 0.763632 0.768957 0.774392 0.795894 0.815267 0.840543 0.869337 0.897333 0.935845 0.967282 0.999368 0.999625 0.998387 0.87666 0.876619 0.876583 0.876556 0.876534 0.876519 0.876494 0.876474 0.87644 0.876428 0.87641 0.876401 0.876389 0.876377 0.876367 0.876362 0.876348 0.876343 0.876329
0.876311 0.876317 0.876325 0.876338 0.876346 0.876351 0.876365 0.87637 0.87638 0.876394 0.876402 0.87642 0.876446 0.876474 0.876494 0.876512 0.87653 0.876548 0.876577 0.876608 0.876645 0.876681 0.99928 0.999639 0.999368 0.965508 0.944713 0.930134 0.912 0.882151 0.873146 0.863032 0.860674 0.865122 0.868117 0.888183 0.906957 0.927772 0.944847 0.966441 0.999366 0.999644 0.999281 0.87668 0.876646 0.876611 0.876577 0.876551 0.876532 0.876512 0.876497 0.876473 0.876452 0.876417 0.876409 0.876391 0.876383 0.876374 0.876362 0.876354 0.87635 0.876334 0.87633 0.876317
0.876314 0.876322 0.87633 0.876336 0.876342 0.876347 0.876354 0.876359 0.876365 0.876375 0.876382 0.876402 0.876424 0.876453 0.876473 0.876492 0.876508 0.876521 0.876542 0.876558 0.876587 0.876618 0.876646 0.876684 0.999111 0.999577 0.99962 0.999305 0.986846 0.953555 0.949186 0.943523 0.942506 0.945704 0.94275 0.956524 0.976104 0.999388 0.999623 0.999575 0.999112 0.876677 0.87665 0.876615 0.876585 0.876558 0.876539 0.876521 0.876507 0.876488 0.876474 0.876449 0.876427 0.876394 0.876386 0.876369 0.876365 0.876357 0.876352 0.876345 0.876342 0.876333 0.87633 0.876319
0.876311 0.876319 0.876326 0.876332 0.876338 0.876342 0.876348 0.876352 0.876357 0.876361 0.876365 0.876374 0.876389 0.87642 0.876439 0.876455 0.876471 0.876482 0.876503 0.876515 0.876535 0.876559 0.876577 0.876608 0.876633 0.876662 0.876689 0.998849 0.999473 0.999572 0.999629 0.999623 0.999622 0.999627 0.999621 0.999578 0.999473 0.998849 0.876691 0.876659 0.87664 0.876602 0.876584 0.876558 0.876536 0.876519 0.876502 0.876486 0.876473 0.876456 0.876443 0.876417 0.876398 0.876371 0.876369 0.876361 0.87636 0.876353 0.87635 0.876343 0.87634 0.876332 0.876329 0.876318
0.876316 0.876324 0.87633 0.876335 0.876341 0.876345 0.87635 0.876354 0.876358 0.876362 0.876365 0.87637 0.876384 0.876411 0.876428 0.876442 0.876459 0.876465 0.876484 0.876494 0.876508 0.876523 0.876535 0.876556 0.87657 0.876593 0.876614 0.876627 0.876648 0.876648 0.876672 0.87667 0.876674 0.876678 0.876658 0.87666 0.876642 0.876627 0.876614 0.876589 0.876575 0.876548 0.876538 0.876519 0.876507 0.876494 0.876478 0.876469 0.876455 0.87644 0.876428 0.876405 0.876386 0.876366 0.876366 0.876359 0.876358 0.876351 0.876349 0.876342 0.87634 0.876332 0.87633 0.87632
0.876313 0.87632 0.876326 0.876331 0.876336 0.87634 0.876345 0.876348 0.876352 0.876356 0.876358 0.876362 0.876368 0.876392 0.876409 0.876422 0.876435 0.876442 0.876455 0.876466 0.876478 0.876491 0.876497 0.876517 0.876523 0.876539 0.876557 0.876566 0.876584 0.876581 0.87659 0.876588 0.87659 0.876591 0.876585 0.876588 0.876578 0.876569 0.876557 0.876536 0.876531 0.876511 0.876504 0.876488 0.87648 0.876469 0.876455 0.876446 0.876436 0.876423 0.876413 0.876391 0.876373 0.876361 0.876362 0.876355 0.876355 0.876349 0.876347 0.876341 0.876339 0.876331 0.876329 0.87632
0.876316 0.876323 0.876328 0.876332 0.876337 0.876341 0.876345 0.876348 0.876352 0.876355 0.876357 0.87636 0.876364 0.876384 0.876401 0.876414 0.876426 0.876433 0.876443 0.876452 0.876462 0.876472 0.876478 0.876489 0.876498 0.876509 0.876521 0.876531 0.876546 0.876549 0.876557 0.876557 0.876559 0.876557 0.876555 0.876552 0.876544 0.876532 0.87652 0.876506 0.876501 0.876485 0.87648 0.876468 0.876462 0.87645 0.876442 0.876431 0.876425 0.876411 0.876401 0.87638 0.876365 0.876356 0.876358 0.876351 0.876352 0.876346 0.876344 0.876338 0.876337 0.876329 0.876328 0.876318
0.876313 0.876319 0.876323 0.876328 0.876333 0.876335 0.87634 0.876343 0.876346 0.876349 0.87635 0.876354 0.876356 0.876375 0.876389 0.876402 0.876414 0.876421 0.876429 0.876435 0.876445 0.876455 0.876461 0.876467 0.876471 0.876481 0.876489 0.876495 0.876508 0.876515 0.876525 0.876527 0.87653 0.876527 0.876524 0.876516 0.876506 0.876496 0.87649 0.87648 0.876475 0.876466 0.876464 0.876454 0.876448 0.876436 0.876431 0.876422 0.876416 0.876403 0.876393 0.876374 0.876361 0.876353 0.876355 0.876349 0.876349 0.876343 0.876343 0.876336 0.876336 0.876328 0.876327 0.876318
0.876314 0.87632 0.876324 0.876328 0.876333 0.876335 0.87634 0.876342 0.876345 0.876347 0.876349 0.876351 0.876351 0.876363 0.876377 0.876387 0.876399 0.876407 0.876416 0.876421 0.876431 0.876439 0.876444 0.876451 0.876452 0.876457 0.876464 0.87647 0.876478 0.876485 0.876496 0.8765 0.876503 0.8765 0.876496 0.876485 0.876477 0.876469 0.876463 0.876454 0.876454 0.876447 0.876446 0.876436 0.87643 0.87642 0.876415 0.876406 0.876398 0.876384 0.876377 0.876359 0.876352 0.876347 0.876349 0.876344 0.876344 0.876339 0.876339 0.876332 0.876332 0.876325 0.876324 0.876316
0.876311 0.876316 0.87632 0.876323 0.876327 0.87633 0.876333 0.876336 0.876339 0.876341 0.876342 0.876344 0.876343 0.876355 0.876367 0.876376 0.876386 0.876393 0.876402 0.876407 0.876412 0.876421 0.876425 0.876432 0.876434 0.876438 0.876441 0.876445 0.876449 0.876454 0.876461 0.876465 0.87647 0.876465 0.87646 0.876453 0.87645 0.876445 0.876443 0.876438 0.876437 0.87643 0.876429 0.87642 0.876414 0.876408 0.876403 0.876395 0.876388 0.876376 0.87637 0.876355 0.876348 0.876343 0.876346 0.876341 0.876342 0.876336 0.876336 0.876331 0.87633 0.876323 0.876323 0.876315
0.876311 0.876317 0.87632 0.876323 0.876327 0.876329 0.876333 0.876335 0.876337 0.876339 0.87634 0.876341 0.876341 0.87635 0.876362 0.876368 0.876376 0.87638 0.876388 0.876393 0.876398 0.876406 0.876413 0.876419 0.876424 0.876428 0.87643 0.876431 0.876432 0.876433 0.876435 0.876436 0.876439 0.876435 0.876435 0.876432 0.876432 0.87643 0.87643 0.876426 0.876424 0.876417 0.876414 0.876403 0.876398 0.876392 0.876386 0.87638 0.876375 0.876366 0.876362 0.876347 0.876342 0.876337 0.87634 0.876336 0.876337 0.876332 0.876332 0.876327 0.876326 0.87632 0.87632 0.876312
0.876306 0.87631 0.876313 0.876317 0.876321 0.876322 0.876326 0.876327 0.876329 0.876331 0.876331 0.876333 0.876331 0.876335 0.876348 0.876354 0.87636 0.876361 0.876367 0.876372 0.876378 0.876386 0.876394 0.876401 0.876406 0.876409 0.876411 0.876411 0.87641 0.876407 0.876403 0.876397 0.876394 0.876397 0.876405 0.876407 0.876412 0.876411 0.876413 0.876409 0.876408 0.876401 0.876396 0.876386 0.87638 0.876372 0.876368 0.876364 0.876361 0.876354 0.876351 0.876335 0.876336 0.876332 0.876335 0.876331 0.876332 0.876328 0.876328 0.876324 0.876323 0.876317 0.876318 0.876309
0.876307 0.876311 0.876314 0.876318 0.876321 0.876322 0.876325 0.876326 0.876328 0.87633 0.876329 0.87633 0.876328 0.876331 0.876343 0.876348 0.876353 0.876356 0.87636 0.876364 0.876369 0.876374 0.876381 0.876388 0.876393 0.876396 0.876397 0.876397 0.876394 0.876389 0.876381 0.876374 0.876371 0.876374 0.876381 0.876387 0.876394 0.876395 0.876397 0.876394 0.876393 0.876386 0.876381 0.876371 0.876369 0.876362 0.87636 0.876354 0.876352 0.876346 0.876343 0.876327 0.87633 0.876326 0.87633 0.876326 0.876328 0.876324 0.876324 0.87632 0.87632 0.876314 0.876315 0.876307
0.876301 0.876304 0.876307 0.876309 0.876313 0.876314 0.876317 0.876317 0.876319 0.87632 0.876319 0.87632 0.876316 0.876318 0.876329 0.876337 0.876342 0.876347 0.87635 0.876354 0.876357 0.87636 0.876366 0.876372 0.876376 0.876379 0.87638 0.876378 0.876374 0.876368 0.876365 0.876365 0.876366 0.876366 0.876367 0.876369 0.876376 0.876378 0.876381 0.876379 0.876378 0.876372 0.876368 0.87636 0.876358 0.876354 0.876353 0.876347 0.876345 0.876337 0.876331 0.876317 0.876322 0.876318 0.876323 0.87632 0.876322 0.876318 0.876319 0.876315 0.876316 0.876309 0.87631 0.876303
@ p_rH2 64 64
2.51462e-08 2.51468e-08 2.51472e-08 2.51478e-08 2.51481e-08 2.51487e-08 2.51489e-08 2.51493e-08 2.51495e-08 2.51182e-08 2.5051e-08 2.50512e-08 2.47205e-08 2.48286e-08 2.59061e-08 2.60249e-08 2.60257e-08 2.60263e-08 2.60264e-08 2.60268e-08 2.6027e-08 2.60335e-08 2.64695e-08 2.65517e-08 2.65595e-08 2.65613e-08 2.65454e-08 2.64635e-08 2.57813e-08 2.54467e-08 2.51542e-08 2.5154e-08 2.5154e-08 2.5154e-08 2.5154e-08 2.51844e-08 2.56679e-08 2.63327e-08 2.65462e-08 2.65609e-08 2.65593e-08 2.65516e-08 2.64703e-08 2.60333e-08 2.60269e-08 2.60265e-08 2.60264e-08 2.6026e-08 2.60257e-08 2.60249e-08 2.5907e-08 2.48398e-08 2.48056e-08 2.48055e-08 2.50378e-08 2.51483e-08 2.51483e-08 2.51489e-08 2.51486e-08 2.51481e-08 2.51477e-08 2.51473e-08 2.51468e-08 2.51463e-08
2.51467e-08 2.51476e-08 2.5148e-08 2.51486e-08 2.5149e-08 2.51496e-08 2.51499e-08 2.51504e-08 2.51507e-08 2.51511e-08 2.51512e-08 2.51515e-08 2.50617e-08 2.52811e-08 2.62109e-08 2.60265e-08 2.60268e-08 2.60275e-08 2.60292e-08 2.60446e-08 2.60938e-08 2.61879e-08 2.67556e-08 2.69164e-08 2.69742e-08 2.69876e-08 2.69771e-08 2.69292e-08 2.6737e-08 2.62803e-08 2.5492e-08 2.51784e-08 2.51559e-08 2.51651e-08 2.54974e-08 2.62593e-08 2.67992e-08 2.69273e-08 2.6979e-08 2.69881e-08 2.69716e-08 2.69176e-08 2.67547e-08 2.61875e-08 2.60938e-08 2.60445e-08 2.60293e-08 2.60272e-08 2.60269e-08 2.60936e-08 2.6138e-08 2.50636e-08 2.51502e-08 2.51501e-08 2.51507e-08 2.51508e-08 2.51504e-08 2.515e-08 2.51496e-08 2.51491e-08 2.51487e-08 2.51482e-08 2.51476e-08 2.51469e-08
2.51472e-08 2.51481e-08 2.51488e-08 2.51494e-08 2.51498e-08 2.51505e-08 2.51508e-08 2.51514e-08 2.51517e-08 2.51522e-08 2.51525e-08 2.51527e-08 2.51527e-08 2.53833e-08 2.64688e-08 2.64335e-08 2.64022e-08 2.60327e-08 2.60825e-08 2.62432e-08 2.64703e-08 2.69056e-08 2.72984e-08 2.7436e-08 2.7503e-08 2.75251e-08 2.75209e-08 2.74807e-08 2.73806e-08 2.72346e-08 2.66995e-08 2.62979e-08 2.57987e-08 2.59985e-08 2.668e-08 2.721e-08 2.73828e-08 2.74792e-08 2.75226e-08 2.7525e-08 2.75008e-08 2.74367e-08 2.72968e-08 2.69026e-08 2.64695e-08 2.62433e-08 2.60834e-08 2.61548e-08 2.61606e-08 2.63532e-08 2.65208e-08 2.5382e-08 2.51526e-08 2.51524e-08 2.51521e-08 2.51517e-08 2.51513e-08 2.51508e-08 2.51504e-08 2.51499e-08 2.51494e-08 2.51488e-08 2.51481e-08 2.51473e-08
2.51477e-08 2.51486e-08 2.51493e-08 2.51502e-08 2.51506e-08 2.51512e-08 2.51516e-08 2.51523e-08 2.51526e-08 2.51531e-08 2.51534e-08 2.51537e-08 2.51539e-08 2.60994e-08 2.65408e-08 2.65476e-08 2.65963e-08 2.67036e-08 2.69252e-08 2.6871e-08 2.69631e-08 2.75494e-08 2.76498e-08 2.7651e-08 2.76516e-08 2.7652e-08 2.76521e-08 2.76522e-08 2.76543e-08 2.77261e-08 2.80044e-08 2.81881e-08 2.82398e-08 2.831e-08 2.80145e-08 2.77253e-08 2.76545e-08 2.7652e-08 2.7652e-08 2.76519e-08 2.76515e-08 2.76511e-08 2.76495e-08 2.75462e-08 2.70099e-08 2.68683e-08 2.6641e-08 2.6783e-08 2.66031e-08 2.65468e-08 2.65405e-08 2.61e-08 2.51537e-08 2.51535e-08 2.51532e-08 2.51527e-08 2.51523e-08 2.51518e-08 2.51513e-08 2.51508e-08 2.51502e-08 2.51495e-08 2.51487e-08 2.51479e-08
2.51481e-08 2.51491e-08 2.51498e-08 2.51507e-08 2.51513e-08 2.5152e-08 2.51524e-08 2.5153e-08 2.51534e-08 2.5154e-08 2.51543e-08 2.51547e-08 2.51549e-08 2.62729e-08 2.65611e-08 2.66876e-08 2.69563e-08 2.73496e-08 2.7597e-08 2.75716e-08 2.76104e-08 2.79313e-08 2.76533e-08 2.76538e-08 2.76542e-08 2.76545e-08 2.76574e-08 2.77151e-08 2.79133e-08 2.82075e-08 2.86981e-08 2.9667e-08 3.0386e-08 2.99098e-08 2.8826e-08 2.82019e-08 2.79111e-08 2.77154e-08 2.76573e-08 2.76544e-08 2.7654e-08 2.76538e-08 2.77655e-08 2.77396e-08 2.74516e-08 2.76493e-08 2.75925e-08 2.73484e-08 2.69568e-08 2.66866e-08 2.6561e-08 2.62735e-08 2.51546e-08 2.51543e-08 2.51539e-08 2.51535e-08 2.5153e-08 2.51524e-08 2.51519e-08 2.51514e-08 2.51507e-08 2.51499e-08 2.51491e-08 2.51482e-08
2.51486e-08 2.51496e-08 2.51504e-08 2.51512e-08 2.51519e-08 2.51527e-08 2.51531e-08 2.51538e-08 2.51542e-08 2.51548e-08 2.51552e-08 2.51556e-08 2.51558e-08 2.62753e-08 2.66251e-08 2.68984e-08 2.72831e-08 2.76018e-08 2.76522e-08 2.76597e-08 2.81609e-08 2.82072e-08 2.8114e-08 2.81143e-08 2.77307e-08 2.76658e-08 2.7853e-08 2.83213e-08 2.88103e-08 2.92366e-08 3.0121e-08 3.06657e-08 3.07016e-08 3.06669e-08 2.99308e-08 2.93936e-08 2.87965e-08 2.83216e-08 2.78507e-08 2.76904e-08 2.78055e-08 2.78054e-08 2.81286e-08 2.82368e-08 2.81609e-08 2.76596e-08 2.76523e-08 2.76061e-08 2.72804e-08 2.68975e-08 2.66232e-08 2.6276e-08 2.51556e-08 2.51553e-08 2.51549e-08 2.51544e-08 2.51539e-08 2.51533e-08 2.51528e-08 2.51521e-08 2.51513e-08 2.51506e-08 2.51497e-08 2.51489e-08
2.51489e-08 2.51499e-08 2.51508e-08 2.51517e-08 2.51524e-08 2.51533e-08 2.51539e-08 2.51545e-08 2.51549e-08 2.51556e-08 2.51559e-08 2.51563e-08 2.52563e-08 2.66494e-08 2.70329e-08 2.75009e-08 2.76523e-08 2.76545e-08 2.76551e-08 2.7662e-08 2.81631e-08 2.82405e-08 2.82409e-08 2.82412e-08 2.81419e-08 2.82918e-08 2.86681e-08 2.88488e-08 2.92394e-08 3.01238e-08 3.06682e-08 3.07053e-08 3.07058e-08 3.07055e-08 3.06696e-08 3.03241e-08 2.93966e-08 2.89558e-08 2.85424e-08 2.80531e-08 2.82448e-08 2.82396e-08 2.82405e-08 2.82404e-08 2.8164e-08 2.76617e-08 2.76551e-08 2.76541e-08 2.76518e-08 2.74975e-08 2.70269e-08 2.6652e-08 2.52558e-08 2.5156e-08 2.51555e-08 2.5155e-08 2.51545e-08 2.5154e-08 2.51533e-08 2.51525e-08 2.51517e-08 2.51509e-08 2.515e-08 2.51491e-08
2.51492e-08 2.51504e-08 2.51513e-08 2.51523e-08 2.51529e-08 2.51538e-08 2.51544e-08 2.51553e-08 2.51557e-08 2.51563e-08 2.51567e-08 2.51571e-08 2.52644e-08 2.6804e-08 2.73327e-08 2.76309e-08 2.76549e-08 2.76562e-08 2.76612e-08 2.80294e-08 2.82212e-08 2.82424e-08 2.8244e-08 2.8342e-08 2.88089e-08 2.92797e-08 2.94511e-08 3.00697e-08 3.10126e-08 3.07009e-08 3.0708e-08 3.07087e-08 3.07087e-08 3.07085e-08 3.0708e-08 3.0889e-08 3.05068e-08 3.00843e-08 2.9506e-08 2.92797e-08 2.88202e-08 2.83424e-08 2.82439e-08 2.82423e-08 2.82214e-08 2.80299e-08 2.76612e-08 2.76559e-08 2.76547e-08 2.76269e-08 2.73344e-08 2.68082e-08 2.52638e-08 2.51569e-08 2.51564e-08 2.51559e-08 2.51554e-08 2.51546e-08 2.51539e-08 2.51531e-08 2.51524e-08 2.51515e-08 2.51506e-08 2.51497e-08
2.51495e-08 2.51508e-08 2.51517e-08 2.51527e-08 2.51534e-08 2.51543e-08 2.51549e-08 2.51558e-08 2.51564e-08 2.51571e-08 2.51575e-08 2.51642e-08 2.55283e-08 2.72405e-08 2.76495e-08 2.76557e-08 2.7658e-08 2.76576e-08 2.76713e-08 2.8238e-08 2.82531e-08 2.84155e-08 2.82786e-08 2.88975e-08 2.94903e-08 2.95402e-08 3.03523e-08 3.11706e-08 3.1465e-08 3.12771e-08 3.12775e-08 3.09398e-08 3.07862e-08 3.08959e-08 3.08957e-08 3.14331e-08 3.14271e-08 3.13573e-08 3.0312e-08 2.96159e-08 2.96022e-08 2.87613e-08 2.8495e-08 2.82615e-08 2.83566e-08 2.81948e-08 2.76641e-08 2.76618e-08 2.76567e-08 2.76553e-08 2.76516e-08 2.72456e-08 2.55273e-08 2.51638e-08 2.51571e-08 2.51565e-08 2.51558e-08 2.51551e-08 2.51543e-08 2.51535e-08 2.51527e-08 2.51518e-08 2.51509e-08 2.515e-08
2.51181e-08 2.51511e-08 2.51521e-08 2.51531e-08 2.51539e-08 2.51548e-08 2.51555e-08 2.51563e-08 2.5157e-08 2.51578e-08 2.51582e-08 2.5179e-08 2.64943e-08 2.76226e-08 2.77202e-08 2.76983e-08 2.81936e-08 2.78121e-08 2.87188e-08 2.87629e-08 2.92015e-08 2.93941e-08 2.96094e-08 3.06896e-08 3.05009e-08 3.17111e-08 3.24633e-08 3.25442e-08 3.30646e-08 3.1991e-08 3.25769e-08 3.21754e-08 3.22003e-08 3.26418e-08 3.18311e-08 3.30055e-08 3.24363e-08 3.25651e-08 3.26076e-08 3.13715e-08 3.091e-08 3.03711e-08 2.97258e-08 2.94509e-08 2.89317e-08 2.9248e-08 2.81376e-08 2.84469e-08 2.77703e-08 2.7852e-08 2.76945e-08 2.76137e-08 2.64997e-08 2.51782e-08 2.51579e-08 2.51572e-08 2.51565e-08 2.51557e-08 2.51549e-08 2.51541e-08 2.51533e-08 2.51524e-08 2.51514e-08 2.51504e-08
2.5051e-08 2.51513e-08 2.51525e-08 2.51535e-08 2.51543e-08 2.51552e-08 2.51559e-08 2.51568e-08 2.51575e-08 2.51583e-08 2.51615e-08 2.53629e-08 2.6727e-08 2.80502e-08 2.83363e-08 2.86423e-08 2.88092e-08 2.88183e-08 2.9411e-08 2.94971e-08 2.95527e-08 3.03617e-08 3.09155e-08 3.12997e-08 3.28283e-08 3.45004e-08 3.50534e-08 3.54487e-08 3.6263e-08 3.7147e-08 4.01611e-08 4.05778e-08 4.078e-08 4.09791e-08 3.87569e-08 3.84067e-08 3.62553e-08 3.53314e-08 3.50402e-08 3.45428e-08 3.28591e-08 3.1443e-08 3.09153e-08 3.03685e-08 2.95519e-08 2.94977e-08 2.94061e-08 2.88389e-08 2.87756e-08 2.84908e-08 2.84621e-08 2.78608e-08 2.68639e-08 2.52987e-08 2.51605e-08 2.51579e-08 2.51568e-08 2.5156e-08 2.51553e-08 2.51545e-08 2.51536e-08 2.51527e-08 2.51517e-08 2.51505e-08
2.50512e-08 2.51515e-08 2.51526e-08 2.51537e-08 2.51546e-08 2.51556e-08 2.51562e-08 2.51571e-08 2.5164e-08 2.51786e-08 2.53632e-08 2.64857e-08 2.77858e-08 2.8839e-08 2.88587e-08 2.89246e-08 2.8926e-08 2.91979e-08 2.98951e-08 2.99878e-08 3.08913e-08 3.27261e-08 3.40379e-08 3.62934e-08 3.75326e-08 3.83905e-08 4.08515e-08 9.49587e-06 2.21831e-05 3.36829e-05 4.4217e-05 4.91955e-05 4.99386e-05 4.67238e-05 4.83141e-05 3.13084e-05 2.20168e-05 9.77996e-06 4.1551e-08 3.80976e-08 3.76313e-08 3.5978e-08 3.42117e-08 3.28344e-08 3.06357e-08 3.02129e-08 2.99411e-08 2.90328e-08 2.90248e-08 2.89391e-08 2.88587e-08 2.86878e-08 2.82181e-08 2.61311e-08 2.5429e-08 2.52183e-08 2.51582e-08 2.5157e-08 2.51557e-08 2.51548e-08 2.51539e-08 2.51529e-08 2.51519e-08 2.51508e-08
2.47206e-08 2.50618e-08 2.51527e-08 2.5154e-08 2.51549e-08 2.51559e-08 2.52561e-08 2.52643e-08 2.55288e-08 2.64967e-08 2.67291e-08 2.7782e-08 3.02947e-08 3.05043e-08 3.05848e-08 3.06659e-08 3.06739e-08 3.12572e-08 3.15059e-08 3.30574e-08 3.48852e-08 3.57731e-08 3.72165e-08 3.90471e-08 1.2138e-05 3.23582e-05 8.5056e-05 0.000225652 0.00255708 0.021939 0.0248659 0.0276601 0.0282016 0.02656 0.0278647 0.0203162 0.00721383 0.000196034 8.32144e-05 3.29629e-05 1.22577e-05 3.9252e-08 3.72585e-08 3.5979e-08 3.48742e-08 3.30673e-08 3.15023e-08 3.12497e-08 3.0688e-08 3.06382e-08 3.05957e-08 3.05924e-08 3.00893e-08 2.7819e-08 2.71792e-08 2.59696e-08 2.55477e-08 2.54807e-08 2.51621e-08 2.51609e-08 2.51589e-08 2.51531e-08 2.51519e-08 2.5061e-08
2.48283e-08 2.52808e-08 2.53828e-08 2.61003e-08 2.6274e-08 2.62765e-08 2.66497e-08 2.68056e-08 2.72439e-08 2.76232e-08 2.80487e-08 2.88364e-08 3.05038e-08 3.07058e-08 3.07078e-08 3.07094e-08 3.07212e-08 3.15911e-08 3.30234e-08 3.52882e-08 3.60918e-08 3.83231e-08 1.54907e-05 6.59982e-05 0.000215717 0.0108926 0.0237926 0.0318326 0.0413568 0.0562265 0.062109 0.0671628 0.0683585 0.0661691 0.0639165 0.0530815 0.0425723 0.0329716 0.024714 0.0131396 0.000214574 6.29299e-05 1.50222e-05 3.85378e-08 3.62561e-08 3.52924e-08 3.30024e-08 3.15897e-08 3.0721e-08 3.07089e-08 3.07075e-08 3.07054e-08 3.05051e-08 2.88409e-08 2.8051e-08 2.76143e-08 2.71931e-08 2.69273e-08 2.64685e-08 2.64318e-08 2.62809e-08 2.56981e-08 2.56968e-08 2.53985e-08
2.5907e-08 2.62123e-08 2.64701e-08 2.65411e-08 2.65611e-08 2.66253e-08 2.70321e-08 2.73321e-08 2.76498e-08 2.77198e-08 2.83334e-08 2.8857e-08 3.05845e-08 3.07079e-08 3.07097e-08 3.0722e-08 3.14874e-08 3.3522e-08 3.49125e-08 3.73813e-08 6.85602e-06 4.5152e-05 0.000224894 0.0221315 0.0354473 0.0478661 0.0642165 0.0789965 0.0903553 0.104271 0.110419 0.116523 0.118085 0.115152 0.11238 0.101222 0.0918645 0.078805 0.0641297 0.0512144 0.0339197 0.0185218 0.000273604 4.47732e-05 6.64717e-06 3.64642e-08 3.50889e-08 3.35527e-08 3.14939e-08 3.07215e-08 3.07092e-08 3.07073e-08 3.05859e-08 2.88542e-08 2.83304e-08 2.77186e-08 2.75938e-08 2.74676e-08 2.68695e-08 2.66902e-08 2.65472e-08 2.65417e-08 2.6486e-08 2.61861e-08
2.60249e-08 2.60265e-08 2.64335e-08 2.65476e-08 2.66871e-08 2.68984e-08 2.75007e-08 2.76295e-08 2.76556e-08 2.7698e-08 2.86371e-08 2.89246e-08 3.06657e-08 3.07094e-08 3.07219e-08 3.1299e-08 3.33935e-08 3.61068e-08 3.80578e-08 1.78476e-05 9.70388e-05 0.0112277 0.0295884 0.0523438 0.0748257 0.0929749 0.112603 0.130033 0.143335 0.158226 0.164729 0.171336 0.173121 0.169944 0.16696 0.155331 0.144874 0.129688 0.112266 0.094472 0.0723138 0.052661 0.0279287 0.00228401 0.000105845 1.87104e-05 3.91614e-08 3.53227e-08 3.34953e-08 3.13541e-08 3.07176e-08 3.07088e-08 3.06671e-08 2.89239e-08 2.86325e-08 2.7697e-08 2.76547e-08 2.76521e-08 2.72977e-08 2.70157e-08 2.6635e-08 2.65447e-08 2.64328e-08 2.60255e-08
2.60257e-08 2.60269e-08 2.64022e-08 2.65965e-08 2.69556e-08 2.72821e-08 2.76523e-08 2.7655e-08 2.7658e-08 2.819e-08 2.88088e-08 2.89261e-08 3.06738e-08 3.07213e-08 3.14863e-08 3.3392e-08 3.47598e-08 3.92901e-08 3.07273e-05 0.000250656 0.0197603 0.0449815 0.0694613 0.0938115 0.121506 0.144353 0.166596 0.18613 0.200774 0.215927 0.223158 0.229559 0.231413 0.228526 0.225138 0.213473 0.202268 0.185626 0.16616 0.145299 0.119574 0.0953565 0.0670669 0.0414229 0.020774 0.00023038 2.92754e-05 3.85369e-08 3.52891e-08 3.32728e-08 3.1311e-08 3.08393e-08 3.06681e-08 2.89254e-08 2.88086e-08 2.819e-08 2.76572e-08 2.76544e-08 2.76359e-08 2.74699e-08 2.69021e-08 2.65486e-08 2.64017e-08 2.6026e-08
2.60263e-08 2.60275e-08 2.60327e-08 2.67024e-08 2.73468e-08 2.75998e-08 2.76544e-08 2.76562e-08 2.76575e-08 2.78111e-08 2.88163e-08 2.91979e-08 3.12569e-08 3.15913e-08 3.35214e-08 3.61094e-08 3.92833e-08 2.97142e-05 0.000299878 0.0248017 0.0526776 0.0824813 0.113638 0.142487 0.172626 0.197878 0.221889 0.242153 0.25726 0.271964 0.279313 0.285541 0.287415 0.284695 0.281089 0.269832 0.258513 0.241722 0.221414 0.198955 0.170897 0.143706 0.112119 0.0816947 0.0542587 0.0229941 0.000359238 3.04457e-05 3.97499e-08 3.57533e-08 3.32951e-08 3.16348e-08 3.08318e-08 2.93166e-08 2.88728e-08 2.78099e-08 2.76567e-08 2.76554e-08 2.76529e-08 2.76456e-08 2.71767e-08 2.65811e-08 2.60409e-08 2.60265e-08
2.60264e-08 2.60293e-08 2.60826e-08 2.69234e-08 2.75938e-08 2.76523e-08 2.76551e-08 2.76613e-08 2.76713e-08 2.87164e-08 2.9411e-08 2.98952e-08 3.15056e-08 3.30209e-08 3.49129e-08 3.80382e-08 3.06859e-05 0.0002988 0.022799 0.0564833 0.08927 0.123958 0.159476 0.1915 0.223292 0.249728 0.273961 0.293802 0.308475 0.321805 0.328819 0.334488 0.336171 0.333699 0.330156 0.320279 0.309486 0.293485 0.27359 0.250603 0.221992 0.192495 0.158455 0.123998 0.0897418 0.0549367 0.0243757 0.000386163 3.0922e-05 3.78788e-08 3.51436e-08 3.34507e-08 3.1486e-08 2.99788e-08 2.91434e-08 2.86609e-08 2.77472e-08 2.76558e-08 2.76539e-08 2.76518e-08 2.75036e-08 2.69066e-08 2.61219e-08 2.60268e-08
2.60267e-08 2.60448e-08 2.62426e-08 2.687e-08 2.75715e-08 2.76597e-08 2.76619e-08 2.80294e-08 2.82376e-08 2.8762e-08 2.9497e-08 2.99878e-08 3.30559e-08 3.52897e-08 3.74468e-08 1.7809e-05 0.000251495 0.0248045 0.0565137 0.0932259 0.131015 0.169361 0.207367 0.24089 0.272825 0.298606 0.321346 0.33955 0.352906 0.364602 0.370895 0.375658 0.377119 0.375129 0.371935 0.36338 0.353654 0.339293 0.320993 0.299298 0.271667 0.241898 0.206621 0.169476 0.131518 0.0922318 0.0586865 0.0260848 0.000165715 1.75925e-05 3.74725e-08 3.52881e-08 3.23098e-08 3.00081e-08 2.94955e-08 2.88142e-08 2.81855e-08 2.77695e-08 2.77678e-08 2.76695e-08 2.75627e-08 2.69275e-08 2.63186e-08 2.60308e-08
2.6027e-08 2.60944e-08 2.64686e-08 2.69602e-08 2.76105e-08 2.8161e-08 2.81631e-08 2.82213e-08 2.8253e-08 2.92e-08 2.95529e-08 3.08925e-08 3.48784e-08 3.61525e-08 6.86917e-06 9.69544e-05 0.0195777 0.0526158 0.0892667 0.130961 0.172583 0.213446 0.252474 0.285871 0.316431 0.340514 0.360971 0.376996 0.388829 0.398732 0.4042 0.408142 0.409374 0.407796 0.404961 0.397859 0.389392 0.376893 0.360728 0.341048 0.315607 0.286868 0.251748 0.213512 0.173115 0.130504 0.0908951 0.052903 0.0194024 0.000105101 6.95049e-06 3.59855e-08 3.48547e-08 3.13958e-08 2.96509e-08 2.91954e-08 2.82516e-08 2.82383e-08 2.82366e-08 2.78348e-08 2.76424e-08 2.70392e-08 2.64968e-08 2.60502e-08
2.60334e-08 2.61873e-08 2.69017e-08 2.75451e-08 2.79314e-08 2.82072e-08 2.82404e-08 2.82424e-08 2.84152e-08 2.93942e-08 3.03639e-08 3.2727e-08 3.58799e-08 3.82003e-08 4.51455e-05 0.0113799 0.0450344 0.0824865 0.124003 0.169352 0.213491 0.255324 0.293669 0.325514 0.353444 0.375103 0.393056 0.406798 0.416824 0.424918 0.429556 0.432755 0.433758 0.432471 0.430057 0.424337 0.417219 0.406707 0.392847 0.375508 0.352795 0.32623 0.293032 0.255449 0.213988 0.168877 0.125467 0.0825245 0.0464742 0.0178736 4.62979e-05 3.81127e-08 3.59001e-08 3.27893e-08 2.99621e-08 2.92381e-08 2.84154e-08 2.82414e-08 2.82396e-08 2.82043e-08 2.79924e-08 2.7429e-08 2.67132e-08 2.62e-08
2.64695e-08 2.67543e-08 2.72969e-08 2.76498e-08 2.76533e-08 2.81141e-08 2.82409e-08 2.82441e-08 2.82784e-08 2.96088e-08 3.09154e-08 3.41315e-08 3.7361e-08 1.54784e-05 0.000223307 0.0296245 0.0694589 0.113518 0.159451 0.2073 0.252456 0.293588 0.330052 0.359269 0.38417 0.403138 0.418446 0.429958 0.438266 0.444756 0.448548 0.451071 0.451869 0.450886 0.448909 0.444388 0.438544 0.429902 0.41832 0.403515 0.38375 0.359908 0.32957 0.293851 0.252883 0.206795 0.160679 0.113786 0.0707975 0.0337665 0.000193352 1.52587e-05 3.73507e-08 3.3942e-08 3.07902e-08 2.97166e-08 2.83604e-08 2.82418e-08 2.82398e-08 2.8113e-08 2.76524e-08 2.76467e-08 2.72616e-08 2.67201e-08
2.65518e-08 2.69161e-08 2.74352e-08 2.7651e-08 2.76537e-08 2.81144e-08 2.82411e-08 2.83422e-08 2.88979e-08 3.06896e-08 3.1366e-08 3.61827e-08 3.90446e-08 6.61307e-05 0.0221028 0.0523717 0.0939527 0.142483 0.191532 0.2409 0.285937 0.325518 0.359345 0.38607 0.408008 0.42446 0.437406 0.446986 0.453864 0.459094 0.462189 0.46417 0.464805 0.464055 0.46241 0.458827 0.45402 0.446941 0.437291 0.424664 0.40764 0.38647 0.358886 0.325676 0.286148 0.240432 0.192427 0.142538 0.0950319 0.0533032 0.0196506 6.49231e-05 3.90602e-08 3.61541e-08 3.13636e-08 3.07892e-08 2.90569e-08 2.82472e-08 2.82402e-08 2.81134e-08 2.76529e-08 2.76495e-08 2.73795e-08 2.68479e-08
2.65593e-08 2.69738e-08 2.75027e-08 2.76517e-08 2.76542e-08 2.77308e-08 2.8142e-08 2.88105e-08 2.94926e-08 3.05653e-08 3.29581e-08 3.75263e-08 1.21369e-05 0.000215081 0.0352054 0.0747618 0.121485 0.17255 0.223233 0.272728 0.316386 0.353362 0.384157 0.407947 0.427017 0.441036 0.45182 0.459712 0.465348 0.469514 0.472043 0.474065 0.47469 0.473965 0.472235 0.469347 0.465452 0.45971 0.451762 0.441206 0.426799 0.408324 0.383867 0.353591 0.316613 0.272411 0.224179 0.172214 0.121408 0.0754494 0.033775 0.000225754 1.21423e-05 3.74803e-08 3.29394e-08 3.04511e-08 2.93768e-08 2.85093e-08 2.81547e-08 2.77297e-08 2.76533e-08 2.76502e-08 2.74705e-08 2.69396e-08
2.65614e-08 2.6988e-08 2.75251e-08 2.7652e-08 2.76544e-08 2.76657e-08 2.82922e-08 2.92794e-08 2.9568e-08 3.16539e-08 3.44955e-08 3.83894e-08 3.23797e-05 0.0110072 0.0479202 0.0929783 0.144373 0.19791 0.249787 0.298629 0.340592 0.375111 0.403198 0.424467 0.441083 0.453178 0.462286 0.468852 0.473907 0.478225 0.480763 0.482325 0.482807 0.482258 0.480896 0.47806 0.473997 0.468841 0.462222 0.453265 0.440904 0.424712 0.402917 0.375237 0.34066 0.298313 0.250472 0.197774 0.144362 0.0944587 0.0494374 0.0171453 3.23979e-05 3.83875e-08 3.45395e-08 3.15995e-08 2.9565e-08 2.92464e-08 2.84714e-08 2.76648e-08 2.76535e-08 2.76505e-08 2.75083e-08 2.69782e-08
2.65468e-08 2.69772e-08 2.75212e-08 2.76522e-08 2.76574e-08 2.78532e-08 2.86681e-08 2.94785e-08 3.05233e-08 3.24615e-08 3.50504e-08 4.08435e-08 8.48355e-05 0.02381 0.064203 0.112463 0.166535 0.221798 0.273894 0.321237 0.360923 0.392992 0.418428 0.437358 0.451815 0.462258 0.469986 0.476462 0.481292 0.4847 0.486701 0.487905 0.48828 0.487859 0.486797 0.484599 0.481369 0.476469 0.469954 0.462339 0.451723 0.437585 0.418258 0.393173 0.361076 0.321086 0.274549 0.221769 0.166735 0.11394 0.0655879 0.0275967 8.66306e-05 4.08661e-08 3.50648e-08 3.24031e-08 3.04715e-08 2.94384e-08 2.89157e-08 2.77948e-08 2.76537e-08 2.76506e-08 2.75027e-08 2.69713e-08
2.63325e-08 2.69302e-08 2.74815e-08 2.76522e-08 2.77151e-08 2.83215e-08 2.88531e-08 3.00548e-08 3.11739e-08 3.25451e-08 3.54473e-08 9.49524e-06 0.000225661 0.0319336 0.0791258 0.130055 0.186157 0.242196 0.293872 0.339586 0.377053 0.40682 0.430018 0.447005 0.459742 0.468855 0.476474 0.482345 0.486299 0.489017 0.490606 0.491542 0.49183 0.491506 0.490667 0.488942 0.486347 0.482342 0.476411 0.46889 0.459646 0.447118 0.429818 0.406918 0.377061 0.339293 0.294351 0.242058 0.186247 0.131485 0.079796 0.0348481 0.00025444 9.50631e-06 3.54578e-08 3.25434e-08 3.12712e-08 2.99293e-08 2.88568e-08 2.80608e-08 2.76729e-08 2.76505e-08 2.74724e-08 2.69395e-08
2.56663e-08 2.67933e-08 2.73804e-08 2.76545e-08 2.79117e-08 2.88069e-08 2.95276e-08 3.1016e-08 3.14709e-08 3.30652e-08 3.62621e-08 2.216e-05 0.00241242 0.0412742 0.0903438 0.143275 0.200694 0.257163 0.308408 0.352832 0.388793 0.416762 0.438248 0.453836 0.465336 0.473895 0.481291 0.486293 0.489603 0.491829 0.493123 0.493872 0.494103 0.493848 0.493169 0.49178 0.489638 0.486301 0.481259 0.473967 0.465306 0.453972 0.438157 0.416948 0.388888 0.352731 0.308971 0.257239 0.200854 0.14472 0.0907187 0.0440215 0.00662422 2.21976e-05 3.627e-08 3.3066e-08 3.14698e-08 3.08729e-08 2.94075e-08 2.85382e-08 2.79485e-08 2.76554e-08 2.73883e-08 2.67667e-08
2.51842e-08 2.62583e-08 2.72089e-08 2.77258e-08 2.8204e-08 2.92354e-08 3.01444e-08 3.06928e-08 3.12771e-08 3.19917e-08 3.71463e-08 3.3724e-05 0.0219889 0.056212 0.104291 0.158247 0.215978 0.27201 0.321872 0.364648 0.398794 0.424955 0.444793 0.459108 0.469538 0.478225 0.484705 0.489018 0.491835 0.493689 0.494762 0.495373 0.495561 0.495356 0.494794 0.493649 0.491853 0.489021 0.484678 0.478273 0.46948 0.459177 0.444661 0.425042 0.398784 0.364478 0.322311 0.271893 0.216054 0.159264 0.104646 0.0587231 0.0229875 3.36879e-05 3.71557e-08 3.19895e-08 3.12761e-08 3.06956e-08 3.03219e-08 2.90275e-08 2.83375e-08 2.78034e-08 2.72464e-08 2.63055e-08
2.51539e-08 2.54954e-08 2.66758e-08 2.80124e-08 2.90006e-08 3.01417e-08 3.06904e-08 3.07081e-08 3.12777e-08 3.2577e-08 4.01606e-08 4.42266e-05 0.0248542 0.0620483 0.110379 0.164671 0.223093 0.279214 0.328749 0.370834 0.404162 0.429513 0.448523 0.462157 0.47204 0.480758 0.4867 0.4906 0.493122 0.494759 0.495706 0.496237 0.496402 0.496226 0.495732 0.494732 0.49314 0.49061 0.48668 0.480803 0.472003 0.462256 0.448449 0.429656 0.404234 0.370829 0.329297 0.279289 0.223266 0.165915 0.110727 0.0633698 0.0253434 4.40722e-05 4.01781e-08 3.25755e-08 3.12765e-08 3.07065e-08 3.06933e-08 2.98948e-08 2.89357e-08 2.80657e-08 2.66721e-08 2.54976e-08
2.5154e-08 2.51652e-08 2.59984e-08 2.81914e-08 2.97324e-08 3.06231e-08 3.07053e-08 3.07085e-08 3.09398e-08 3.21759e-08 4.05777e-08 4.91983e-05 0.0276801 0.0671647 0.116552 0.171372 0.229611 0.285609 0.334546 0.375721 0.408207 0.432792 0.451101 0.464189 0.474067 0.482332 0.487911 0.491543 0.493874 0.495374 0.496239 0.496722 0.49687 0.496711 0.496259 0.49535 0.493886 0.491547 0.487887 0.482363 0.474029 0.464228 0.450964 0.432846 0.408163 0.375605 0.334949 0.285515 0.229652 0.172357 0.116639 0.0684051 0.0281476 4.90884e-05 4.0604e-08 3.21738e-08 3.09388e-08 3.07073e-08 3.07044e-08 3.06284e-08 2.98765e-08 2.80094e-08 2.61533e-08 2.51767e-08
2.5154e-08 2.51559e-08 2.58414e-08 2.83591e-08 3.04635e-08 3.0702e-08 3.07059e-08 3.07087e-08 3.07863e-08 3.22002e-08 4.07804e-08 4.99481e-05 0.0281866 0.068346 0.118007 0.173052 0.231334 0.287356 0.336114 0.377057 0.409328 0.43372 0.451837 0.464784 0.47469 0.482804 0.488277 0.491827 0.494101 0.49556 0.496401 0.49687 0.497014 0.49686 0.496421 0.49554 0.494116 0.491837 0.488262 0.482842 0.474655 0.464864 0.451759 0.433846 0.409396 0.377077 0.336601 0.287354 0.231471 0.174173 0.118197 0.0696219 0.0286847 4.98352e-05 4.08084e-08 3.21991e-08 3.07849e-08 3.07074e-08 3.07047e-08 3.06996e-08 3.04619e-08 2.77706e-08 2.55339e-08 2.51545e-08
2.5154e-08 2.51653e-08 2.61702e-08 2.80565e-08 2.9668e-08 3.06694e-08 3.07051e-08 3.07085e-08 3.08958e-08 3.2642e-08 4.09789e-08 4.67124e-05 0.0265701 0.066213 0.115194 0.170058 0.228604 0.284764 0.333767 0.375197 0.407835 0.432509 0.450919 0.464081 0.473969 0.48226 0.487861 0.491509 0.493849 0.495358 0.496226 0.496712 0.49686 0.496701 0.496246 0.495333 0.493861 0.491514 0.487838 0.482293 0.473928 0.464123 0.450779 0.432563 0.407803 0.375077 0.334146 0.284719 0.228609 0.171087 0.115428 0.0673757 0.0270621 4.66965e-05 4.10057e-08 3.26413e-08 3.08943e-08 3.07072e-08 3.07044e-08 3.0662e-08 2.99056e-08 2.80472e-08 2.60519e-08 2.51609e-08
2.51569e-08 2.56636e-08 2.68922e-08 2.80152e-08 2.87025e-08 3.01293e-08 3.06723e-08 3.07082e-08 3.08957e-08 3.18308e-08 3.87576e-08 4.82505e-05 0.0277795 0.0639063 0.112333 0.166934 0.225089 0.281039 0.3301 0.371883 0.404893 0.430016 0.448874 0.462397 0.472228 0.480894 0.486791 0.490667 0.493166 0.494793 0.49573 0.496259 0.49642 0.496247 0.495756 0.494766 0.493185 0.490677 0.486772 0.480937 0.472188 0.462493 0.448803 0.43016 0.404963 0.371866 0.330669 0.28109 0.225313 0.167999 0.112756 0.0660436 0.0286152 4.80659e-05 3.87739e-08 3.18303e-08 3.08941e-08 3.07067e-08 3.06653e-08 2.99247e-08 2.8935e-08 2.80606e-08 2.68578e-08 2.53279e-08
2.52768e-08 2.60735e-08 2.72064e-08 2.77247e-08 2.82007e-08 2.92404e-08 3.01315e-08 3.0889e-08 3.1433e-08 3.3005e-08 3.84076e-08 3.13104e-05 0.0203405 0.0532941 0.101302 0.155403 0.213549 0.269939 0.320341 0.363439 0.397896 0.424384 0.444409 0.458859 0.46936 0.478066 0.484598 0.488947 0.491781 0.493652 0.494732 0.495351 0.495539 0.495334 0.494764 0.493613 0.491799 0.48895 0.48457 0.478116 0.469303 0.458925 0.444279 0.424467 0.397873 0.363301 0.320785 0.269902 0.21364 0.156612 0.101852 0.0558239 0.0216548 3.13373e-05 3.84136e-08 3.30065e-08 3.14327e-08 3.08848e-08 3.0323e-08 2.93641e-08 2.83379e-08 2.78054e-08 2.72403e-08 2.60482e-08
2.59303e-08 2.67943e-08 2.7382e-08 2.76545e-08 2.79113e-08 2.87965e-08 2.92435e-08 3.06511e-08 3.14272e-08 3.24351e-08 3.62561e-08 2.20136e-05 0.00713257 0.0425574 0.0917968 0.14481 0.202191 0.258458 0.309396 0.353603 0.389327 0.417191 0.4385 0.454005 0.465427 0.473997 0.48136 0.486345 0.489632 0.491854 0.493137 0.493887 0.494114 0.493863 0.493183 0.491804 0.489667 0.486352 0.481329 0.474072 0.465393 0.454145 0.438408 0.417371 0.389419 0.353512 0.309993 0.258517 0.202378 0.146177 0.0923354 0.0465244 0.0120018 2.20184e-05 3.62642e-08 3.24356e-08 3.14241e-08 3.05049e-08 2.93988e-08 2.85399e-08 2.79496e-08 2.76555e-08 2.73903e-08 2.67709e-08
2.63373e-08 2.69263e-08 2.74789e-08 2.76519e-08 2.77154e-08 2.83227e-08 2.89413e-08 3.00067e-08 3.12715e-08 3.25649e-08 3.5334e-08 9.78998e-06 0.000198644 0.0329744 0.0787998 0.129724 0.185688 0.241801 0.29355 0.339376 0.37693 0.406772 0.429919 0.446977 0.459717 0.468867 0.476472 0.48235 0.486298 0.489026 0.490609 0.491551 0.491834 0.491515 0.490671 0.488951 0.486347 0.482348 0.476409 0.4689 0.459623 0.447092 0.42972 0.406863 0.376941 0.339098 0.29398 0.24172 0.185774 0.131143 0.0796028 0.0357086 0.000212835 9.79038e-06 3.53496e-08 3.25653e-08 3.13582e-08 3.0085e-08 2.89617e-08 2.806e-08 2.76728e-08 2.76503e-08 2.74719e-08 2.69382e-08
2.65566e-08 2.69783e-08 2.75223e-08 2.7652e-08 2.76574e-08 2.78502e-08 2.85411e-08 2.95058e-08 3.02333e-08 3.26763e-08 3.50424e-08 4.15546e-08 8.32993e-05 0.0245846 0.0639449 0.112181 0.166087 0.221382 0.273523 0.320955 0.360662 0.392825 0.41826 0.437275 0.451726 0.462221 0.469931 0.476414 0.481251 0.484676 0.486675 0.487889 0.488258 0.487843 0.486771 0.484576 0.481327 0.476421 0.469899 0.462302 0.451637 0.4375 0.418083 0.393014 0.360805 0.320776 0.274156 0.221354 0.166162 0.113596 0.0652856 0.0275139 8.46377e-05 4.15689e-08 3.50406e-08 3.261e-08 3.03126e-08 2.9507e-08 2.87914e-08 2.77946e-08 2.76536e-08 2.76504e-08 2.75042e-08 2.69727e-08
2.65613e-08 2.69881e-08 2.75249e-08 2.76519e-08 2.76544e-08 2.76904e-08 2.80532e-08 2.92791e-08 2.954e-08 3.13418e-08 3.45104e-08 3.80981e-08 3.29699e-05 0.0131735 0.0512778 0.0945583 0.145367 0.19903 0.250659 0.299395 0.34108 0.375574 0.403521 0.424722 0.441205 0.453298 0.462338 0.468915 0.47397 0.478281 0.480799 0.482367 0.482839 0.482298 0.480934 0.478115 0.474057 0.468905 0.462275 0.453387 0.441026 0.42497 0.403242 0.375717 0.341177 0.299055 0.251362 0.19875 0.145359 0.0956407 0.0512085 0.0166833 3.29952e-05 3.80952e-08 3.45457e-08 3.13731e-08 2.96137e-08 2.92483e-08 2.82283e-08 2.76895e-08 2.76535e-08 2.76504e-08 2.75079e-08 2.69777e-08
2.65591e-08 2.69715e-08 2.75013e-08 2.76515e-08 2.7654e-08 2.78056e-08 2.82449e-08 2.88204e-08 2.96029e-08 3.09099e-08 3.28284e-08 3.76703e-08 1.22588e-05 0.000213533 0.0339037 0.0722948 0.11955 0.170894 0.221956 0.271625 0.315523 0.352777 0.383687 0.407629 0.426734 0.440904 0.451688 0.459655 0.465279 0.469494 0.471994 0.47403 0.474655 0.473933 0.472182 0.469326 0.465384 0.459652 0.451631 0.441073 0.426521 0.408008 0.3834 0.353032 0.315792 0.271324 0.222677 0.1708 0.119442 0.0727036 0.0321288 0.000227278 1.22563e-05 3.76129e-08 3.286e-08 3.09142e-08 2.94704e-08 2.85097e-08 2.82583e-08 2.78042e-08 2.76531e-08 2.765e-08 2.74678e-08 2.69369e-08
2.65517e-08 2.69188e-08 2.7438e-08 2.7651e-08 2.76538e-08 2.78053e-08 2.82396e-08 2.83422e-08 2.876e-08 3.03686e-08 3.12982e-08 3.59674e-08 3.92612e-08 6.29645e-05 0.0185442 0.0527092 0.0953719 0.143782 0.19253 0.241986 0.286913 0.326333 0.359916 0.386529 0.408313 0.424767 0.437568 0.447154 0.453959 0.459207 0.462239 0.464258 0.464843 0.464139 0.462465 0.458941 0.454114 0.44711 0.437453 0.42498 0.407948 0.386939 0.359467 0.326513 0.287148 0.241481 0.193607 0.143707 0.0958794 0.0543414 0.0162601 6.18612e-05 3.9252e-08 3.59715e-08 3.144e-08 3.04723e-08 2.89207e-08 2.8247e-08 2.82391e-08 2.7804e-08 2.76529e-08 2.76495e-08 2.73815e-08 2.68498e-08
2.64702e-08 2.67554e-08 2.72978e-08 2.76496e-08 2.77656e-08 2.81286e-08 2.82406e-08 2.82439e-08 2.84954e-08 2.97254e-08 3.09153e-08 3.42154e-08 3.72444e-08 1.50308e-05 0.000273307 0.0278607 0.066997 0.112108 0.158422 0.206634 0.251708 0.293038 0.329484 0.358896 0.383802 0.40292 0.418185 0.429834 0.438114 0.444683 0.448418 0.450992 0.451726 0.450813 0.448775 0.444316 0.43839 0.429779 0.418078 0.403306 0.38339 0.35954 0.329027 0.293287 0.252185 0.206285 0.159684 0.112498 0.0690839 0.0340788 0.000225955 1.4829e-05 3.72576e-08 3.42045e-08 3.08047e-08 2.98437e-08 2.85798e-08 2.82416e-08 2.82396e-08 2.81278e-08 2.77644e-08 2.7646e-08 2.72602e-08 2.67187e-08
2.60333e-08 2.6188e-08 2.69057e-08 2.75496e-08 2.77395e-08 2.82368e-08 2.82404e-08 2.82422e-08 2.82616e-08 2.94514e-08 3.03669e-08 3.28354e-08 3.57655e-08 3.85523e-08 4.48565e-05 0.00230697 0.041446 0.0817508 0.124009 0.169555 0.213546 0.255527 0.29386 0.325771 0.353581 0.375316 0.393155 0.406978 0.416914 0.425091 0.429616 0.432883 0.433808 0.432601 0.430121 0.424504 0.417314 0.406891 0.392945 0.375724 0.352942 0.326528 0.293203 0.255639 0.214094 0.169171 0.125634 0.0827125 0.044714 0.0157449 4.61174e-05 3.84689e-08 3.59947e-08 3.28568e-08 2.99646e-08 2.92945e-08 2.82611e-08 2.82412e-08 2.82395e-08 2.82347e-08 2.7799e-08 2.74261e-08 2.67108e-08 2.62002e-08
2.60269e-08 2.60937e-08 2.64717e-08 2.70129e-08 2.74517e-08 2.81609e-08 2.8164e-08 2.82214e-08 2.83572e-08 2.89332e-08 2.95521e-08 3.06354e-08 3.48825e-08 3.62562e-08 6.64809e-06 0.00010573 0.0207721 0.0542564 0.0896947 0.131539 0.173078 0.214005 0.252829 0.286187 0.316519 0.3407 0.360995 0.377098 0.388817 0.398808 0.404161 0.408211 0.409349 0.407859 0.404933 0.397949 0.389382 0.377001 0.360757 0.341249 0.315748 0.287229 0.252174 0.214159 0.173787 0.131212 0.0917975 0.0546837 0.021221 0.000117416 6.71653e-06 3.62532e-08 3.48639e-08 3.11354e-08 2.96505e-08 2.8927e-08 2.83556e-08 2.82387e-08 2.8237e-08 2.78339e-08 2.74828e-08 2.70851e-08 2.64951e-08 2.60501e-08
2.60265e-08 2.6044e-08 2.62447e-08 2.68705e-08 2.76494e-08 2.76595e-08 2.76617e-08 2.80297e-08 2.81948e-08 2.92509e-08 2.94977e-08 3.02128e-08 3.30693e-08 3.52916e-08 3.63464e-08 1.87446e-05 0.000232417 0.0230037 0.0549007 0.0922694 0.130514 0.168941 0.206777 0.240498 0.272359 0.298397 0.321038 0.339373 0.352688 0.36455 0.370769 0.375662 0.377015 0.375149 0.37181 0.363341 0.353432 0.339141 0.320677 0.299095 0.271229 0.241524 0.206227 0.169173 0.131151 0.0918073 0.057272 0.0249704 0.000162388 1.83766e-05 3.64806e-08 3.52786e-08 3.23134e-08 3.02337e-08 2.94972e-08 2.92934e-08 2.81417e-08 2.77689e-08 2.77673e-08 2.76693e-08 2.76398e-08 2.69222e-08 2.63173e-08 2.60304e-08
2.60265e-08 2.60293e-08 2.60829e-08 2.66419e-08 2.75951e-08 2.76523e-08 2.76552e-08 2.76612e-08 2.76642e-08 2.81395e-08 2.9407e-08 2.9941e-08 3.15026e-08 3.30031e-08 3.5088e-08 3.91624e-08 2.92816e-05 0.000359839 0.0243626 0.0586977 0.0908394 0.12549 0.160606 0.192424 0.224052 0.250499 0.274439 0.294382 0.308881 0.322384 0.329223 0.335006 0.336543 0.33422 0.330612 0.320848 0.30992 0.29409 0.274114 0.251452 0.222635 0.193719 0.159662 0.12568 0.0917551 0.0573035 0.0265714 0.00065199 2.93442e-05 3.89914e-08 3.52969e-08 3.34262e-08 3.14821e-08 3.00242e-08 2.91411e-08 2.80836e-08 2.77399e-08 2.76557e-08 2.76539e-08 2.76517e-08 2.74994e-08 2.66216e-08 2.61228e-08 2.60268e-08
2.6026e-08 2.60271e-08 2.61548e-08 2.67845e-08 2.73519e-08 2.76111e-08 2.76541e-08 2.76558e-08 2.76618e-08 2.84498e-08 2.88392e-08 2.90327e-08 3.12498e-08 3.15895e-08 3.35576e-08 3.53212e-08 3.85487e-08 3.04551e-05 0.000386269 0.0260867 0.052849 0.0825605 0.113753 0.142584 0.172177 0.197823 0.221711 0.242142 0.257152 0.271965 0.279228 0.285613 0.287295 0.284749 0.280994 0.269967 0.258435 0.241748 0.221253 0.198795 0.170699 0.143728 0.112403 0.0827461 0.0546256 0.0249688 0.000648747 3.11834e-05 3.89577e-08 3.49529e-08 3.33272e-08 3.16316e-08 3.08226e-08 2.91497e-08 2.88708e-08 2.84425e-08 2.76611e-08 2.7655e-08 2.76526e-08 2.76472e-08 2.71773e-08 2.66612e-08 2.61632e-08 2.60262e-08
2.60258e-08 2.60269e-08 2.61607e-08 2.6603e-08 2.69586e-08 2.72811e-08 2.7652e-08 2.76548e-08 2.76568e-08 2.77709e-08 2.87778e-08 2.90247e-08 3.06884e-08 3.0721e-08 3.14953e-08 3.34958e-08 3.52901e-08 3.97492e-08 3.09092e-05 0.000166656 0.019382 0.0464448 0.0706688 0.0950817 0.121339 0.144372 0.16666 0.18623 0.200707 0.216117 0.223206 0.229716 0.231401 0.228691 0.225256 0.213711 0.202333 0.185854 0.166063 0.145444 0.119422 0.0959273 0.0690207 0.0448539 0.0211104 0.000162718 2.93304e-05 3.89643e-08 3.58404e-08 3.33533e-08 3.13195e-08 3.08387e-08 3.06822e-08 2.9024e-08 2.87719e-08 2.7769e-08 2.76559e-08 2.76542e-08 2.76297e-08 2.74655e-08 2.69001e-08 2.65561e-08 2.61599e-08 2.60259e-08
2.60249e-08 2.60936e-08 2.63532e-08 2.65467e-08 2.66868e-08 2.68984e-08 2.74995e-08 2.76259e-08 2.76553e-08 2.78533e-08 2.84931e-08 2.89398e-08 3.06384e-08 3.07088e-08 3.07215e-08 3.13531e-08 3.32716e-08 3.5753e-08 3.79235e-08 1.75957e-05 0.000105135 0.0178774 0.0336948 0.0533214 0.0754362 0.0945122 0.11385 0.131518 0.144667 0.159277 0.165844 0.172362 0.174066 0.171153 0.167985 0.156682 0.146114 0.131195 0.113555 0.0956892 0.0725758 0.0543544 0.0339437 0.0157715 0.000117107 1.83699e-05 3.89269e-08 3.49529e-08 3.33525e-08 3.14101e-08 3.07173e-08 3.07083e-08 3.06393e-08 2.89335e-08 2.84837e-08 2.78501e-08 2.76544e-08 2.76517e-08 2.72971e-08 2.70131e-08 2.66348e-08 2.65441e-08 2.63526e-08 2.60925e-08
2.59056e-08 2.61371e-08 2.65201e-08 2.65403e-08 2.6561e-08 2.66233e-08 2.70265e-08 2.73332e-08 2.76516e-08 2.76947e-08 2.84662e-08 2.88587e-08 3.0596e-08 3.07075e-08 3.07093e-08 3.07177e-08 3.13114e-08 3.32947e-08 3.51461e-08 3.74719e-08 6.95084e-06 4.63158e-05 0.000193082 0.0196434 0.0337631 0.049417 0.0654366 0.0798172 0.0906499 0.104614 0.110655 0.116645 0.118141 0.115478 0.11276 0.102006 0.0923165 0.0796747 0.0652727 0.0512686 0.0320047 0.016278 0.000225036 4.61477e-05 6.73089e-06 3.64302e-08 3.5295e-08 3.33313e-08 3.13196e-08 3.07172e-08 3.07089e-08 3.07069e-08 3.05968e-08 2.88577e-08 2.84571e-08 2.76933e-08 2.76055e-08 2.7466e-08 2.68679e-08 2.66896e-08 2.65466e-08 2.65393e-08 2.65371e-08 2.6113e-08
2.48401e-08 2.5064e-08 2.53825e-08 2.60996e-08 2.62731e-08 2.62754e-08 2.66511e-08 2.68068e-08 2.72438e-08 2.76129e-08 2.78615e-08 2.86917e-08 3.05927e-08 3.07053e-08 3.07073e-08 3.07087e-08 3.08393e-08 3.16343e-08 3.34467e-08 3.52874e-08 3.61535e-08 3.81213e-08 1.52455e-05 6.49788e-05 0.000224821 0.0171634 0.027567 0.0348612 0.0439326 0.0588615 0.063366 0.0684247 0.0696041 0.0673795 0.065881 0.0558449 0.0464543 0.0360427 0.0275002 0.0166968 0.000225628 6.20113e-05 1.48361e-05 3.83509e-08 3.615e-08 3.52792e-08 3.34271e-08 3.16325e-08 3.08388e-08 3.07083e-08 3.0707e-08 3.07049e-08 3.05936e-08 2.86788e-08 2.78583e-08 2.75977e-08 2.71968e-08 2.69377e-08 2.64692e-08 2.64317e-08 2.62812e-08 2.56985e-08 2.56966e-08 2.5179e-08
2.48057e-08 2.51502e-08 2.51526e-08 2.51537e-08 2.51547e-08 2.51556e-08 2.5256e-08 2.52641e-08 2.55268e-08 2.6496e-08 2.68607e-08 2.82212e-08 3.00883e-08 3.05044e-08 3.05855e-08 3.06668e-08 3.0668e-08 3.08316e-08 3.14859e-08 3.23087e-08 3.48545e-08 3.58962e-08 3.73597e-08 3.90362e-08 1.21409e-05 3.24219e-05 8.64482e-05 0.000256093 0.00649013 0.0231408 0.0253278 0.0281603 0.0286696 0.0270697 0.028546 0.021656 0.0118619 0.000214492 8.46401e-05 3.2998e-05 1.22582e-05 3.92788e-08 3.73808e-08 3.58998e-08 3.48635e-08 3.23142e-08 3.14822e-08 3.08228e-08 3.06824e-08 3.06396e-08 3.05972e-08 3.0594e-08 2.98814e-08 2.82914e-08 2.73111e-08 2.59687e-08 2.55462e-08 2.54793e-08 2.51618e-08 2.51606e-08 2.51586e-08 2.51528e-08 2.51519e-08 2.51498e-08
2.48055e-08 2.515e-08 2.51524e-08 2.51534e-08 2.51543e-08 2.51552e-08 2.5156e-08 2.51568e-08 2.51638e-08 2.51782e-08 2.5298e-08 2.61294e-08 2.78202e-08 2.88356e-08 2.8853e-08 2.89238e-08 2.89254e-08 2.93165e-08 2.99787e-08 3.00079e-08 3.13993e-08 3.27866e-08 3.41289e-08 3.61737e-08 3.7503e-08 3.83868e-08 4.08589e-08 9.50575e-06 2.2175e-05 3.37295e-05 4.40824e-05 4.90899e-05 4.98453e-05 4.66844e-05 4.80051e-05 3.13386e-05 2.20153e-05 9.80033e-06 4.15716e-08 3.80953e-08 3.76175e-08 3.58303e-08 3.41176e-08 3.28605e-08 3.11339e-08 3.02335e-08 3.00243e-08 2.91496e-08 2.90241e-08 2.89342e-08 2.88579e-08 2.86819e-08 2.83013e-08 2.57862e-08 2.53654e-08 2.52181e-08 2.51579e-08 2.51566e-08 2.51554e-08 2.51545e-08 2.51537e-08 2.51527e-08 2.51517e-08 2.51497e-08
2.50379e-08 2.51507e-08 2.51522e-08 2.51532e-08 2.5154e-08 2.51549e-08 2.51556e-08 2.51564e-08 2.51572e-08 2.51579e-08 2.51606e-08 2.54287e-08 2.71803e-08 2.80477e-08 2.83286e-08 2.86292e-08 2.88084e-08 2.88664e-08 2.91432e-08 2.94952e-08 2.96518e-08 2.99627e-08 3.07913e-08 3.13636e-08 3.2957e-08 3.44899e-08 3.50609e-08 3.54551e-08 3.62693e-08 3.71546e-08 4.0177e-08 4.06035e-08 4.08086e-08 4.10052e-08 3.8775e-08 3.84148e-08 3.62649e-08 3.5352e-08 3.50427e-08 3.45499e-08 3.29366e-08 3.1363e-08 3.08032e-08 2.99644e-08 2.96503e-08 2.94971e-08 2.91413e-08 2.8871e-08 2.87741e-08 2.84853e-08 2.84607e-08 2.78585e-08 2.73094e-08 2.53651e-08 2.51597e-08 2.51575e-08 2.51565e-08 2.51556e-08 2.5155e-08 2.51541e-08 2.51533e-08 2.51523e-08 2.51514e-08 2.515e-08
2.51483e-08 2.51507e-08 2.51517e-08 2.51526e-08 2.51535e-08 2.51543e-08 2.5155e-08 2.51558e-08 2.51565e-08 2.51571e-08 2.51579e-08 2.52181e-08 2.59682e-08 2.76147e-08 2.77182e-08 2.76967e-08 2.81873e-08 2.78085e-08 2.86572e-08 2.8813e-08 2.91943e-08 2.92378e-08 2.97172e-08 3.07891e-08 3.0567e-08 3.16507e-08 3.24576e-08 3.2545e-08 3.30665e-08 3.19903e-08 3.25758e-08 3.21745e-08 3.2199e-08 3.26416e-08 3.183e-08 3.30057e-08 3.24342e-08 3.25642e-08 3.26115e-08 3.12291e-08 3.08615e-08 3.04716e-08 2.98416e-08 2.92953e-08 2.89283e-08 2.92965e-08 2.80861e-08 2.84461e-08 2.77697e-08 2.78509e-08 2.76935e-08 2.7595e-08 2.59673e-08 2.52179e-08 2.51576e-08 2.51566e-08 2.5156e-08 2.51551e-08 2.51545e-08 2.51536e-08 2.51529e-08 2.51519e-08 2.5151e-08 2.51499e-08
2.51484e-08 2.51504e-08 2.51514e-08 2.51523e-08 2.51531e-08 2.51539e-08 2.51546e-08 2.51554e-08 2.51559e-08 2.51565e-08 2.51569e-08 2.51582e-08 2.55473e-08 2.7195e-08 2.75956e-08 2.76547e-08 2.76572e-08 2.76567e-08 2.77473e-08 2.81852e-08 2.82517e-08 2.84152e-08 2.83607e-08 2.9058e-08 2.93776e-08 2.95651e-08 3.05189e-08 3.11683e-08 3.14699e-08 3.12761e-08 3.12767e-08 3.09388e-08 3.0785e-08 3.08943e-08 3.08942e-08 3.14326e-08 3.14275e-08 3.136e-08 3.03442e-08 2.95653e-08 2.94703e-08 2.89196e-08 2.85794e-08 2.82611e-08 2.83561e-08 2.81417e-08 2.77399e-08 2.7661e-08 2.76559e-08 2.76543e-08 2.76063e-08 2.71967e-08 2.55466e-08 2.51578e-08 2.51565e-08 2.51559e-08 2.51555e-08 2.51546e-08 2.5154e-08 2.51531e-08 2.51524e-08 2.51515e-08 2.51506e-08 2.51496e-08
2.51489e-08 2.51499e-08 2.51508e-08 2.51517e-08 2.51524e-08 2.51532e-08 2.5154e-08 2.51545e-08 2.51551e-08 2.51556e-08 2.5156e-08 2.51569e-08 2.54808e-08 2.69281e-08 2.74672e-08 2.7652e-08 2.76544e-08 2.76553e-08 2.76558e-08 2.77695e-08 2.82383e-08 2.82413e-08 2.82418e-08 2.82471e-08 2.85103e-08 2.92468e-08 2.94782e-08 3.00493e-08 3.10103e-08 3.06947e-08 3.07067e-08 3.07072e-08 3.07074e-08 3.07071e-08 3.07067e-08 3.08731e-08 3.04951e-08 2.98583e-08 2.94945e-08 2.92474e-08 2.85093e-08 2.8247e-08 2.82417e-08 2.82412e-08 2.82387e-08 2.77689e-08 2.76558e-08 2.7655e-08 2.76543e-08 2.76517e-08 2.74646e-08 2.69375e-08 2.54803e-08 2.51566e-08 2.51557e-08 2.51551e-08 2.51547e-08 2.5154e-08 2.51534e-08 2.51526e-08 2.51519e-08 2.5151e-08 2.51501e-08 2.51491e-08
2.51487e-08 2.51496e-08 2.51505e-08 2.51513e-08 2.51521e-08 2.51528e-08 2.51534e-08 2.51539e-08 2.51544e-08 2.51549e-08 2.51554e-08 2.51557e-08 2.51622e-08 2.64689e-08 2.68693e-08 2.72976e-08 2.76335e-08 2.76529e-08 2.7654e-08 2.77678e-08 2.82367e-08 2.82395e-08 2.82399e-08 2.82402e-08 2.81551e-08 2.84719e-08 2.89165e-08 2.88567e-08 2.95234e-08 3.01447e-08 3.06925e-08 3.07042e-08 3.07048e-08 3.07043e-08 3.0688e-08 3.03131e-08 2.94047e-08 2.89502e-08 2.87917e-08 2.82274e-08 2.82582e-08 2.82391e-08 2.82396e-08 2.82394e-08 2.8237e-08 2.77672e-08 2.76539e-08 2.76526e-08 2.76303e-08 2.72973e-08 2.68673e-08 2.64687e-08 2.51619e-08 2.51553e-08 2.5155e-08 2.51544e-08 2.5154e-08 2.51533e-08 2.51529e-08 2.51521e-08 2.51514e-08 2.51506e-08 2.51498e-08 2.51488e-08
2.51481e-08 2.5149e-08 2.51499e-08 2.51507e-08 2.51514e-08 2.5152e-08 2.51525e-08 2.5153e-08 2.51535e-08 2.5154e-08 2.51545e-08 2.51547e-08 2.51609e-08 2.64326e-08 2.66901e-08 2.70144e-08 2.74669e-08 2.76448e-08 2.76518e-08 2.76694e-08 2.78348e-08 2.82043e-08 2.81131e-08 2.81134e-08 2.77298e-08 2.76648e-08 2.77951e-08 2.80612e-08 2.85433e-08 2.92027e-08 3.01404e-08 3.06238e-08 3.07002e-08 3.06275e-08 2.98924e-08 2.90245e-08 2.85385e-08 2.806e-08 2.77946e-08 2.76894e-08 2.78042e-08 2.7804e-08 2.81279e-08 2.82347e-08 2.78339e-08 2.76693e-08 2.76518e-08 2.76477e-08 2.74677e-08 2.70135e-08 2.66898e-08 2.64315e-08 2.51607e-08 2.51545e-08 2.51542e-08 2.51536e-08 2.51532e-08 2.51526e-08 2.51522e-08 2.51515e-08 2.51509e-08 2.515e-08 2.51493e-08 2.51483e-08
2.51478e-08 2.51487e-08 2.51495e-08 2.51502e-08 2.51508e-08 2.51513e-08 2.51518e-08 2.51524e-08 2.51528e-08 2.51533e-08 2.51537e-08 2.51539e-08 2.51589e-08 2.62816e-08 2.65473e-08 2.66349e-08 2.69007e-08 2.71762e-08 2.75005e-08 2.7561e-08 2.76426e-08 2.79925e-08 2.76524e-08 2.76529e-08 2.76534e-08 2.76535e-08 2.76538e-08 2.76731e-08 2.79487e-08 2.83379e-08 2.91098e-08 2.97352e-08 3.05445e-08 2.98726e-08 2.89355e-08 2.83366e-08 2.79489e-08 2.76726e-08 2.76536e-08 2.76534e-08 2.76531e-08 2.76528e-08 2.77644e-08 2.7799e-08 2.74828e-08 2.76416e-08 2.75019e-08 2.71784e-08 2.69012e-08 2.66349e-08 2.65464e-08 2.62809e-08 2.51586e-08 2.51536e-08 2.51533e-08 2.51528e-08 2.51524e-08 2.51518e-08 2.51514e-08 2.51508e-08 2.51503e-08 2.51495e-08 2.51488e-08 2.51479e-08
2.51473e-08 2.51481e-08 2.51488e-08 2.51494e-08 2.51499e-08 2.51505e-08 2.51509e-08 2.51514e-08 2.51518e-08 2.51523e-08 2.51527e-08 2.51528e-08 2.51531e-08 2.56981e-08 2.65419e-08 2.65446e-08 2.65487e-08 2.65812e-08 2.69046e-08 2.69247e-08 2.70366e-08 2.74277e-08 2.76464e-08 2.76494e-08 2.76502e-08 2.76505e-08 2.76506e-08 2.76505e-08 2.76555e-08 2.78051e-08 2.80664e-08 2.79389e-08 2.78921e-08 2.78866e-08 2.80717e-08 2.78041e-08 2.76555e-08 2.76503e-08 2.76505e-08 2.76504e-08 2.76501e-08 2.76495e-08 2.76464e-08 2.74277e-08 2.70875e-08 2.69257e-08 2.66235e-08 2.66616e-08 2.65561e-08 2.65441e-08 2.65386e-08 2.56987e-08 2.51529e-08 2.51527e-08 2.51524e-08 2.51519e-08 2.51516e-08 2.5151e-08 2.51506e-08 2.515e-08 2.51496e-08 2.5149e-08 2.51483e-08 2.51474e-08
2.51469e-08 2.51476e-08 2.51482e-08 2.51487e-08 2.51492e-08 2.51497e-08 2.51501e-08 2.51506e-08 2.5151e-08 2.51514e-08 2.51517e-08 2.51519e-08 2.5152e-08 2.56969e-08 2.64863e-08 2.64329e-08 2.64019e-08 2.60411e-08 2.61221e-08 2.63172e-08 2.64945e-08 2.67133e-08 2.72596e-08 2.73799e-08 2.74696e-08 2.75086e-08 2.75029e-08 2.74729e-08 2.73891e-08 2.72474e-08 2.68672e-08 2.60538e-08 2.55762e-08 2.60337e-08 2.68644e-08 2.72125e-08 2.73901e-08 2.74713e-08 2.75036e-08 2.75083e-08 2.74676e-08 2.73832e-08 2.72594e-08 2.67127e-08 2.64966e-08 2.63195e-08 2.61228e-08 2.6163e-08 2.61599e-08 2.63525e-08 2.65363e-08 2.56967e-08 2.51519e-08 2.51516e-08 2.51514e-08 2.51509e-08 2.51506e-08 2.515e-08 2.51498e-08 2.51492e-08 2.51488e-08 2.51482e-08 2.51478e-08 2.51469e-08
2.51463e-08 2.51468e-08 2.51473e-08 2.51478e-08 2.51482e-08 2.51488e-08 2.51491e-08 2.51496e-08 2.515e-08 2.51503e-08 2.51505e-08 2.51507e-08 2.50611e-08 2.53985e-08 2.61866e-08 2.60254e-08 2.6026e-08 2.60265e-08 2.60268e-08 2.60307e-08 2.60502e-08 2.62008e-08 2.67182e-08 2.68483e-08 2.69386e-08 2.69785e-08 2.69713e-08 2.69389e-08 2.67725e-08 2.60534e-08 2.53285e-08 2.5161e-08 2.51545e-08 2.51637e-08 2.56725e-08 2.6093e-08 2.68189e-08 2.69378e-08 2.69723e-08 2.69783e-08 2.69367e-08 2.68515e-08 2.67179e-08 2.62009e-08 2.60498e-08 2.60304e-08 2.60269e-08 2.60262e-08 2.6026e-08 2.60925e-08 2.61119e-08 2.51791e-08 2.51499e-08 2.51497e-08 2.51501e-08 2.51499e-08 2.51497e-08 2.51491e-08 2.51489e-08 2.51483e-08 2.5148e-08 2.51474e-08 2.5147e-08 2.51464e-08
@ p_rEL 64 64
0.123902 0.123895 0.123896 0.12389 0.123891 0.123887 0.123887 0.123884 0.123886 0.123883 0.123888 0.123885 0.123889 0.123886 0.123878 0.123866 0.123863 0.123857 0.123856 0.12385 0.12385 0.123846 0.123844 0.123836 0.123835 0.123832 0.123835 0.123835 0.12384 0.12384 0.12384 0.123839 0.123838 0.123839 0.12384 0.123841 0.123841 0.123838 0.123835 0.123834 0.123835 0.123838 0.123844 0.123848 0.12385 0.123852 0.123856 0.123859 0.123863 0.123869 0.123878 0.123889 0.123889 0.123889 0.123886 0.123886 0.123887 0.123886 0.123889 0.123889 0.123892 0.123894 0.123896 0.123899
0.123898 0.123891 0.123892 0.123886 0.123886 0.123881 0.123882 0.123878 0.12388 0.123875 0.123879 0.123876 0.123883 0.123878 0.123869 0.12386 0.123857 0.12385 0.123849 0.123843 0.123843 0.123838 0.123835 0.123826 0.123824 0.12382 0.123822 0.123821 0.123827 0.12383 0.123835 0.123836 0.123836 0.123836 0.123835 0.123831 0.123825 0.123821 0.123819 0.12382 0.123822 0.123826 0.123833 0.123838 0.123841 0.123843 0.123847 0.12385 0.123854 0.123859 0.123868 0.12388 0.123877 0.123878 0.123876 0.123876 0.123877 0.123877 0.12388 0.12388 0.123883 0.123886 0.123888 0.123892
0.123896 0.123888 0.123889 0.123882 0.123883 0.123878 0.123878 0.123873 0.123875 0.12387 0.123873 0.12387 0.123875 0.12387 0.123862 0.123853 0.12385 0.123845 0.123844 0.123837 0.123835 0.123827 0.123822 0.123813 0.12381 0.123805 0.123806 0.123805 0.123809 0.123812 0.123821 0.123825 0.123828 0.123827 0.123822 0.123814 0.123809 0.123806 0.123806 0.123807 0.12381 0.123815 0.123822 0.12383 0.123835 0.123839 0.123844 0.123847 0.123852 0.123855 0.123862 0.123875 0.123873 0.123874 0.123873 0.123874 0.123875 0.123876 0.123879 0.12388 0.123883 0.123886 0.123889 0.123893
0.123894 0.123886 0.123886 0.123879 0.123879 0.123874 0.123874 0.123869 0.12387 0.123865 0.123868 0.123863 0.123868 0.123858 0.123849 0.12384 0.123837 0.123834 0.12383 0.123823 0.12382 0.12381 0.123803 0.123794 0.123791 0.123786 0.123786 0.123784 0.123787 0.123788 0.123794 0.123797 0.123801 0.123797 0.123792 0.123787 0.123785 0.123784 0.123784 0.123786 0.123789 0.123794 0.123801 0.12381 0.123818 0.123823 0.123829 0.123831 0.123836 0.12384 0.123846 0.123859 0.123864 0.123865 0.123864 0.123865 0.123867 0.123868 0.123872 0.123873 0.123876 0.123879 0.123882 0.123887
0.123891 0.123882 0.123883 0.123876 0.123875 0.12387 0.123869 0.123864 0.123865 0.12386 0.123863 0.123857 0.123862 0.12385 0.123841 0.123831 0.123826 0.123819 0.123813 0.123806 0.123804 0.123795 0.12379 0.123782 0.123779 0.123774 0.123773 0.12377 0.123771 0.123769 0.123771 0.123768 0.123768 0.123767 0.12377 0.123771 0.123771 0.123772 0.123773 0.123776 0.123779 0.123784 0.123789 0.123798 0.123804 0.123808 0.123815 0.12382 0.123827 0.123834 0.123841 0.123854 0.12386 0.123862 0.123862 0.123863 0.123866 0.123867 0.12387 0.123872 0.123876 0.123879 0.123882 0.123887
0.12389 0.123881 0.123881 0.123874 0.123873 0.123868 0.123867 0.123861 0.123862 0.123856 0.123859 0.123853 0.123857 0.123845 0.123835 0.123823 0.123816 0.123807 0.123801 0.123793 0.123788 0.123777 0.123775 0.123767 0.123766 0.123761 0.123759 0.123752 0.123749 0.123742 0.123737 0.123729 0.123728 0.123729 0.123737 0.123741 0.123747 0.123752 0.123757 0.123761 0.123764 0.123769 0.123771 0.123777 0.123786 0.123792 0.123799 0.123806 0.123815 0.123823 0.123832 0.123845 0.123853 0.123854 0.123855 0.123857 0.123859 0.123861 0.123864 0.123866 0.12387 0.123874 0.123878 0.123882
0.123887 0.123879 0.123878 0.123871 0.123869 0.123863 0.123863 0.123857 0.123857 0.123851 0.123853 0.123847 0.12385 0.123831 0.123822 0.123807 0.123798 0.123788 0.123783 0.123775 0.123769 0.123758 0.123755 0.123746 0.123748 0.123741 0.123737 0.123729 0.123724 0.123714 0.123706 0.123699 0.123699 0.123699 0.123706 0.123714 0.123724 0.123731 0.123738 0.123744 0.123745 0.123751 0.123754 0.123761 0.12377 0.123777 0.123784 0.12379 0.123799 0.12381 0.123821 0.123835 0.123848 0.123852 0.123853 0.123855 0.123857 0.123859 0.123863 0.123866 0.12387 0.123874 0.123877 0.123882
0.123887 0.123878 0.123877 0.123869 0.123868 0.123861 0.12386 0.123854 0.123854 0.123848 0.12385 0.123843 0.123845 0.123825 0.123814 0.123797 0.123788 0.123778 0.123773 0.123762 0.123754 0.123743 0.12374 0.123731 0.123727 0.123715 0.12371 0.123702 0.123691 0.12368 0.123674 0.123669 0.123669 0.123669 0.123674 0.12368 0.123693 0.1237 0.123708 0.123717 0.123723 0.123732 0.123737 0.123744 0.123752 0.123761 0.123771 0.123777 0.123787 0.123797 0.12381 0.123826 0.123841 0.123844 0.123845 0.123848 0.123851 0.123854 0.123858 0.12386 0.123865 0.123869 0.123873 0.123879
0.123886 0.123876 0.123875 0.123867 0.123865 0.123859 0.123857 0.123851 0.123851 0.123844 0.123845 0.123839 0.123839 0.123816 0.123802 0.123785 0.123777 0.123766 0.123761 0.123749 0.123741 0.123728 0.123725 0.123713 0.123705 0.123692 0.123684 0.123671 0.123658 0.123653 0.123648 0.123645 0.123645 0.123645 0.12365 0.123649 0.123661 0.12367 0.123684 0.123695 0.123703 0.123717 0.123724 0.123732 0.12374 0.123751 0.123762 0.123768 0.123778 0.123788 0.123801 0.12382 0.123837 0.123843 0.123845 0.123848 0.123851 0.123853 0.123858 0.123861 0.123866 0.12387 0.123875 0.123881
0.123886 0.123875 0.123874 0.123865 0.123863 0.123856 0.123854 0.123848 0.123847 0.12384 0.123841 0.123834 0.123829 0.123801 0.123788 0.123772 0.123762 0.123752 0.123742 0.123729 0.123719 0.123703 0.1237 0.123679 0.123674 0.123655 0.123641 0.123627 0.123613 0.123614 0.123607 0.123607 0.123607 0.123604 0.123612 0.123606 0.123619 0.123625 0.123641 0.123658 0.123666 0.123685 0.123693 0.123706 0.123717 0.123727 0.123743 0.123748 0.123761 0.123771 0.123784 0.123802 0.123824 0.123835 0.123837 0.12384 0.123844 0.123847 0.123852 0.123855 0.123861 0.123865 0.12387 0.123876
0.123888 0.123876 0.123874 0.123865 0.123863 0.123855 0.123853 0.123846 0.123845 0.123838 0.123838 0.12383 0.123823 0.123793 0.123777 0.123761 0.123745 0.123737 0.12372 0.123706 0.123696 0.123677 0.123666 0.123643 0.123633 0.123606 0.12359 0.123572 0.123554 0.123552 0.12353 0.12353 0.123529 0.123522 0.123545 0.123539 0.123561 0.123572 0.123589 0.12361 0.123628 0.12365 0.123663 0.123682 0.123697 0.123705 0.123726 0.123734 0.12375 0.123762 0.123777 0.123798 0.123821 0.123835 0.123838 0.123841 0.123846 0.123849 0.123854 0.123858 0.123863 0.123868 0.123873 0.12388
0.123887 0.123876 0.123872 0.123863 0.123861 0.123853 0.123851 0.123843 0.123842 0.123834 0.123833 0.123818 0.123806 0.123773 0.123758 0.123739 0.123725 0.123713 0.123698 0.123682 0.123667 0.123642 0.123625 0.123591 0.123569 0.123537 0.123513 0.001292 0.000642434 0.000520005 0.000442565 0.000439128 0.000438091 0.000439073 0.000442742 0.000519558 0.000643046 0.00129137 0.123512 0.123541 0.123562 0.123596 0.123619 0.123644 0.123667 0.123678 0.123698 0.123709 0.123724 0.123739 0.123754 0.123776 0.123798 0.123822 0.123829 0.123834 0.123839 0.123843 0.123848 0.123852 0.123858 0.123864 0.123869 0.123877
0.123889 0.12388 0.123875 0.123865 0.123862 0.123854 0.12385 0.123842 0.123839 0.123825 0.123823 0.123803 0.123782 0.123749 0.123731 0.12371 0.123695 0.123678 0.123658 0.123637 0.123609 0.123577 0.123552 0.12351 0.00102416 0.000517995 0.000366942 0.000342052 0.000334264 0.00032346 0.000318941 0.000315933 0.000315104 0.000316215 0.000318175 0.000323915 0.000332989 0.000342077 0.000367003 0.000518209 0.00102351 0.123518 0.123548 0.12358 0.123611 0.123637 0.123662 0.123679 0.123697 0.123714 0.123731 0.123753 0.123779 0.12381 0.123819 0.123831 0.123839 0.123843 0.123851 0.123856 0.123862 0.123868 0.123875 0.123883
0.123889 0.123879 0.123873 0.123858 0.123853 0.123845 0.123834 0.123825 0.123819 0.123801 0.123796 0.123773 0.123752 0.123721 0.123705 0.123684 0.123668 0.12365 0.123625 0.123592 0.123558 0.123517 0.000850401 0.000391045 0.000342259 0.000327408 0.000314219 0.00030416 0.00029556 0.000287326 0.000282779 0.000279671 0.000278808 0.000279899 0.00028234 0.000288034 0.000295301 0.000303835 0.000313926 0.000326804 0.00034217 0.000391153 0.000850002 0.123519 0.123557 0.12359 0.123625 0.123647 0.123666 0.123684 0.123701 0.123722 0.123747 0.123776 0.123789 0.123804 0.123815 0.123822 0.123836 0.123841 0.123849 0.123861 0.123868 0.123878
0.123878 0.123867 0.123862 0.123847 0.123841 0.123832 0.123822 0.12381 0.123802 0.123785 0.123777 0.123755 0.123731 0.123701 0.123684 0.123662 0.123643 0.123615 0.123579 0.123537 0.00176113 0.000442893 0.000341478 0.000320498 0.000304749 0.000291255 0.000279053 0.000268982 0.000261335 0.000254516 0.000250578 0.000247778 0.00024698 0.000248031 0.000250235 0.000255134 0.000261024 0.00026903 0.000279107 0.000290537 0.000305075 0.000321589 0.000341458 0.000442938 0.00176121 0.123539 0.123582 0.123615 0.123645 0.123665 0.123684 0.123706 0.123729 0.123761 0.123774 0.12379 0.123802 0.12381 0.123826 0.123832 0.123841 0.123852 0.123859 0.12387
0.123869 0.12386 0.123856 0.123841 0.123834 0.123824 0.12381 0.123797 0.123788 0.123772 0.123764 0.123739 0.123713 0.123684 0.123666 0.123641 0.123612 0.12357 0.123524 0.000729122 0.000348727 0.000327241 0.000306921 0.000288048 0.000272307 0.000259566 0.000248554 0.000239595 0.00023287 0.000227131 0.000223898 0.000221539 0.000220864 0.000221767 0.000223537 0.000227577 0.000232624 0.000239628 0.000248579 0.000259254 0.000272744 0.000288071 0.00030722 0.000329652 0.000348716 0.000729039 0.123519 0.12357 0.12361 0.123641 0.123662 0.123684 0.123708 0.123741 0.123758 0.123774 0.123785 0.123794 0.123812 0.12382 0.123831 0.123842 0.123851 0.12386
0.123863 0.123854 0.12385 0.123835 0.123826 0.123814 0.123799 0.123786 0.123777 0.123759 0.123746 0.123722 0.123695 0.123665 0.123643 0.123609 0.123573 0.123515 0.000523277 0.000342201 0.000317513 0.00029467 0.000275434 0.000258875 0.000244333 0.000232746 0.000223215 0.000215639 0.000210079 0.000205474 0.00020283 0.000201023 0.000200484 0.000201146 0.000202588 0.000205807 0.000209887 0.000215719 0.000223302 0.000232635 0.000244683 0.000258658 0.00027592 0.000295562 0.000317293 0.000342256 0.000523208 0.123524 0.123572 0.123612 0.123644 0.123669 0.123694 0.123728 0.123744 0.123764 0.123777 0.123785 0.123803 0.123813 0.123827 0.12384 0.123849 0.123857
0.123859 0.12385 0.123847 0.123834 0.123822 0.123807 0.123791 0.123778 0.12377 0.123752 0.12374 0.123713 0.123681 0.12365 0.123619 0.12357 0.123518 0.000520022 0.000338965 0.000311662 0.000287428 0.000266369 0.000248374 0.000233428 0.000220919 0.000211129 0.000203253 0.000197201 0.000192832 0.000189341 0.000187322 0.00018596 0.000185547 0.000186036 0.000187143 0.000189559 0.000192695 0.000197232 0.000203306 0.000210978 0.000221112 0.00023325 0.000248583 0.000266541 0.000287059 0.000312094 0.000338853 0.000520184 0.12351 0.12357 0.123616 0.123649 0.123678 0.123714 0.123734 0.123754 0.123767 0.123776 0.123792 0.123803 0.123819 0.123836 0.123844 0.12385
0.123856 0.123847 0.123844 0.123828 0.123813 0.123798 0.123783 0.12377 0.123761 0.123739 0.12372 0.123695 0.123658 0.123622 0.123579 0.123521 0.000523271 0.000338868 0.000310744 0.000283932 0.000261516 0.000242233 0.000226076 0.000213207 0.000202789 0.000194854 0.000188655 0.000184032 0.000180752 0.000178237 0.000176749 0.000175763 0.000175472 0.000175832 0.000176653 0.000178353 0.000180674 0.000184061 0.000188698 0.000194767 0.000202938 0.00021312 0.000226246 0.000242261 0.000261435 0.000284308 0.000310334 0.000339017 0.000523136 0.123527 0.123581 0.123623 0.12366 0.123697 0.123719 0.123744 0.12376 0.12377 0.123787 0.123798 0.123814 0.123833 0.123842 0.123849
0.123852 0.123843 0.123839 0.123823 0.123809 0.123793 0.123778 0.123762 0.123751 0.123729 0.123709 0.123682 0.12364 0.123592 0.12354 0.000729155 0.000342305 0.000311667 0.000283994 0.000259567 0.000238974 0.000221866 0.000208055 0.000197369 0.000189034 0.000182903 0.000178258 0.000174851 0.000172433 0.000170585 0.000169466 0.000168747 0.000168526 0.000168777 0.000169404 0.000170661 0.000172384 0.000174864 0.00017829 0.000182841 0.000189136 0.000197281 0.000208113 0.000221829 0.000238857 0.000259739 0.000283436 0.00031139 0.000342161 0.000729343 0.123536 0.123588 0.123642 0.123682 0.123706 0.12373 0.123747 0.123761 0.123778 0.12379 0.123806 0.123825 0.123835 0.123844
0.12385 0.123841 0.123835 0.123818 0.123804 0.123785 0.12377 0.123752 0.123741 0.123717 0.123696 0.123665 0.123609 0.123555 0.00176095 0.000348628 0.000317554 0.000287375 0.000261517 0.000238942 0.000220483 0.000205746 0.000194258 0.0001857 0.000179249 0.000174602 0.000171117 0.000168529 0.000166609 0.000165111 0.000164155 0.000163528 0.000163329 0.000163545 0.000164109 0.000165163 0.000166579 0.000168527 0.000171138 0.000174571 0.000179308 0.000185626 0.000194338 0.00020575 0.000220443 0.000239056 0.00026118 0.000287449 0.000317521 0.000348768 0.00176103 0.123555 0.123615 0.123665 0.123694 0.123721 0.12374 0.123754 0.123771 0.123787 0.123804 0.123821 0.123833 0.123843
0.123848 0.123838 0.12383 0.12381 0.123797 0.123777 0.12376 0.123743 0.123731 0.123704 0.12368 0.123642 0.12358 0.123518 0.000443054 0.00032721 0.000294734 0.000266377 0.000242271 0.000221872 0.000205763 0.000193343 0.000184053 0.000177355 0.000172401 0.000168786 0.000165971 0.00016375 0.000161973 0.000160482 0.000159443 0.000158733 0.000158503 0.000158765 0.0001594 0.000160525 0.000161945 0.000163747 0.000165984 0.000168759 0.000172436 0.000177306 0.000184105 0.000193325 0.000205696 0.000221942 0.000241925 0.000266423 0.000294212 0.00032547 0.000442864 0.123515 0.123581 0.123638 0.123676 0.123706 0.123727 0.123742 0.12376 0.123777 0.123793 0.123812 0.123826 0.123837
0.123844 0.123833 0.123822 0.123801 0.12379 0.123773 0.123755 0.123738 0.123726 0.123698 0.123666 0.123622 0.123552 0.000850052 0.000341459 0.000306828 0.00027543 0.000248352 0.000226079 0.000208041 0.000194259 0.00018405 0.000176641 0.000171385 0.000167417 0.000164349 0.000161721 0.000159397 0.000157334 0.000155425 0.000154015 0.000153002 0.000152663 0.00015305 0.000153931 0.000155484 0.000157295 0.000159401 0.000161735 0.000164318 0.00016744 0.000171352 0.000176681 0.00018403 0.000194228 0.000208122 0.000225854 0.000248411 0.000275075 0.000305913 0.000341499 0.000850083 0.123556 0.123622 0.123667 0.123702 0.123724 0.123739 0.123757 0.123774 0.123789 0.123805 0.12382 0.123833
0.123838 0.123826 0.123815 0.123794 0.123784 0.123767 0.123749 0.123731 0.123715 0.123679 0.123645 0.123591 0.123513 0.000391084 0.000320601 0.00028806 0.000258907 0.000233441 0.000213234 0.000197372 0.000185708 0.000177357 0.000171385 0.000167031 0.000163539 0.000160521 0.000157571 0.000154609 0.000151698 0.000148747 0.000146503 0.000144829 0.000144246 0.000144916 0.000146359 0.000148895 0.000151645 0.000154615 0.00015759 0.000160497 0.000163562 0.00016701 0.000171412 0.000177331 0.000185685 0.000197419 0.000213041 0.000233511 0.000258556 0.000287906 0.000321201 0.00039097 0.123514 0.123589 0.123644 0.123681 0.12371 0.12373 0.123749 0.123766 0.12378 0.123797 0.123811 0.123825
0.123835 0.123822 0.12381 0.123789 0.123779 0.123764 0.123748 0.123725 0.123705 0.123672 0.123632 0.123566 0.00102404 0.000342168 0.000304796 0.000272265 0.000244332 0.000220902 0.000202795 0.00018903 0.000179252 0.000172401 0.000167417 0.00016354 0.000160029 0.000156544 0.000152665 0.000148326 0.000143735 0.000138805 0.000134959 0.000131932 0.000130874 0.000132125 0.000134642 0.0001391 0.00014363 0.000148325 0.000152684 0.000156513 0.000160055 0.000163518 0.00016744 0.000172381 0.000179243 0.000189083 0.000202649 0.000221074 0.000244285 0.000272227 0.000305194 0.000342155 0.00102483 0.123568 0.123632 0.123677 0.123703 0.123728 0.12375 0.123765 0.123777 0.123794 0.123808 0.123823
0.123834 0.12382 0.123807 0.123786 0.123776 0.123761 0.123743 0.123715 0.123694 0.123655 0.123609 0.123538 0.000518165 0.000327401 0.000291315 0.000259583 0.000232789 0.000211136 0.000194869 0.000182907 0.000174604 0.000168789 0.000164349 0.000160522 0.00015654 0.000152017 0.000146437 0.000139723 0.000132211 0.000123819 0.000117269 0.000112173 0.000110393 0.000112538 0.000116691 0.000124352 0.00013203 0.000139745 0.000146475 0.00015198 0.000156572 0.000160491 0.000164366 0.000168771 0.000174598 0.000182938 0.000194743 0.000211218 0.000232681 0.000259306 0.000290899 0.000325596 0.00051826 0.123535 0.123605 0.123658 0.12369 0.123717 0.123742 0.12376 0.123772 0.123789 0.123804 0.123819
0.123835 0.123819 0.123806 0.123784 0.123773 0.123757 0.123737 0.123708 0.123683 0.123639 0.123589 0.123511 0.000366908 0.000314141 0.000279043 0.000248536 0.000223217 0.000203244 0.000188658 0.000178259 0.000171118 0.000165971 0.00016172 0.000157573 0.000152662 0.000146448 0.000138197 0.000127682 0.000115678 0.000102494 9.23197e-05 8.45806e-05 8.18969e-05 8.5163e-05 9.13526e-05 0.000103214 0.000115348 0.000127679 0.000138246 0.000146397 0.000152707 0.000157538 0.000161739 0.000165958 0.000171116 0.000178287 0.000188569 0.000203336 0.000223119 0.00024834 0.000278736 0.000313122 0.000367079 0.123511 0.123588 0.123644 0.123681 0.123711 0.123737 0.123759 0.123771 0.123789 0.123804 0.12382
0.123838 0.123821 0.123806 0.123784 0.123772 0.123752 0.123731 0.123702 0.123673 0.123629 0.123575 0.00129223 0.000342136 0.000304165 0.000269012 0.000239614 0.000215669 0.000197205 0.00018404 0.000174854 0.000168532 0.000163753 0.000159393 0.000154607 0.000148316 0.000139727 0.000127637 0.000112123 9.45849e-05 7.65544e-05 6.34519e-05 5.43278e-05 5.13485e-05 5.50187e-05 6.24178e-05 7.74362e-05 9.42979e-05 0.000112165 0.000127758 0.000139671 0.000148375 0.000154573 0.000159415 0.000163737 0.000168528 0.000174879 0.000183954 0.000197276 0.000215544 0.000239379 0.000268804 0.000303312 0.000342198 0.00129151 0.123571 0.123631 0.123667 0.123703 0.123729 0.123753 0.123768 0.123787 0.123803 0.123819
0.123841 0.123825 0.123809 0.123785 0.123771 0.123747 0.123723 0.123689 0.123657 0.123612 0.123554 0.000642265 0.000334276 0.000295528 0.00026132 0.000232851 0.000210084 0.000192827 0.000180754 0.000172431 0.000166606 0.000161973 0.000157328 0.0001517 0.000143736 0.000132248 0.000115693 9.46778e-05 7.19192e-05 5.12664e-05 3.79672e-05 3.00236e-05 2.75924e-05 3.04498e-05 3.71047e-05 5.18762e-05 7.16364e-05 9.45581e-05 0.000115761 0.000132138 0.000143777 0.000151655 0.000157351 0.000161958 0.000166606 0.000172453 0.000180683 0.000192893 0.00021 0.000232672 0.000261271 0.000294822 0.000333302 0.000642217 0.123553 0.123617 0.123654 0.123693 0.123724 0.123751 0.123769 0.12379 0.123807 0.123825
0.123841 0.123831 0.123814 0.123787 0.123771 0.123742 0.123715 0.123683 0.123654 0.123615 0.123553 0.000520065 0.000323502 0.00028736 0.000254559 0.000227151 0.000205493 0.000189346 0.000178241 0.000170587 0.000165112 0.000160483 0.000155423 0.000148751 0.000138779 0.000123807 0.000102422 7.64992e-05 5.10856e-05 3.1849e-05 2.13989e-05 1.61165e-05 1.4596e-05 1.63416e-05 2.0983e-05 3.2388e-05 5.10879e-05 7.64305e-05 0.000102616 0.000123719 0.000138857 0.000148703 0.000155444 0.000160465 0.000165106 0.000170601 0.00017817 0.000189405 0.000205396 0.000227006 0.000254449 0.000286653 0.000323322 0.000519842 0.123551 0.123617 0.123649 0.123682 0.123713 0.123745 0.123766 0.12379 0.123811 0.123828
0.12384 0.123835 0.123822 0.123792 0.12377 0.123735 0.123705 0.123673 0.123647 0.123605 0.123529 0.00044246 0.000318899 0.000282746 0.000250564 0.000223883 0.000202827 0.000187321 0.000176747 0.000169462 0.00016415 0.00015944 0.000154011 0.00014652 0.000134971 0.00011732 9.23826e-05 6.36214e-05 3.80435e-05 2.15203e-05 1.36213e-05 1.00307e-05 9.01299e-06 1.01205e-05 1.33333e-05 2.16992e-05 3.78987e-05 6.32646e-05 9.24883e-05 0.000117154 0.000135013 0.00014646 0.000154041 0.000159432 0.000164149 0.000169478 0.000176685 0.000187378 0.00020276 0.000223758 0.000250523 0.000282413 0.00031897 0.000442428 0.123529 0.12361 0.123644 0.123676 0.123705 0.123741 0.123766 0.123797 0.12382 0.123833
0.123839 0.123836 0.123827 0.123798 0.123769 0.123731 0.123701 0.12367 0.123646 0.123608 0.123531 0.000439178 0.000315966 0.000279696 0.000247798 0.000221549 0.000201033 0.000185963 0.000175768 0.000168748 0.000163529 0.000158736 0.000153003 0.000144828 0.000131911 0.000112106 8.44491e-05 5.42128e-05 2.9891e-05 1.60621e-05 9.96788e-06 7.29072e-06 6.55288e-06 7.384e-06 9.86344e-06 1.62761e-05 3.00094e-05 5.41001e-05 8.47907e-05 0.00011202 0.000131987 0.000144787 0.000153036 0.000158724 0.000163524 0.000168757 0.000175703 0.000186014 0.000200955 0.000221433 0.000247754 0.000279316 0.00031595 0.00043899 0.123529 0.12361 0.123641 0.123671 0.123698 0.123733 0.123762 0.123801 0.123825 0.123834
0.123838 0.123836 0.123828 0.1238 0.123766 0.123726 0.123698 0.123668 0.123644 0.123606 0.123527 0.000437988 0.000315046 0.000278761 0.000246957 0.000220847 0.000200475 0.000185539 0.000175468 0.000168525 0.000163326 0.0001585 0.000152665 0.000144253 0.000130893 0.000110456 8.20181e-05 5.14902e-05 2.7707e-05 1.46702e-05 9.05396e-06 6.57041e-06 5.8942e-06 6.62341e-06 8.88602e-06 1.47017e-05 2.76006e-05 5.10889e-05 8.21323e-05 0.000110237 0.000130936 0.000144198 0.0001527 0.000158495 0.000163325 0.000168537 0.000175415 0.000185605 0.000200419 0.000220757 0.000246953 0.000278455 0.000315123 0.000437958 0.123528 0.123611 0.123642 0.12367 0.123698 0.123732 0.123763 0.123806 0.123828 0.123834
0.123839 0.123836 0.123826 0.1238 0.12377 0.12373 0.1237 0.12367 0.123646 0.123605 0.123523 0.000439138 0.000316248 0.000279926 0.000248047 0.000221772 0.000201149 0.00018604 0.000175834 0.00016878 0.00016355 0.000158768 0.000153049 0.000144904 0.000132102 0.000112484 8.50684e-05 5.48591e-05 3.03536e-05 1.62471e-05 1.00996e-05 7.34683e-06 6.64174e-06 7.44831e-06 9.98033e-06 1.64644e-05 3.04797e-05 5.47476e-05 8.54006e-05 0.000112402 0.000132185 0.000144859 0.000153084 0.000158757 0.000163543 0.00016879 0.000175772 0.000186084 0.000201074 0.000221647 0.000247973 0.000279559 0.00031622 0.000438948 0.123521 0.123607 0.123641 0.123671 0.123698 0.123732 0.123762 0.123802 0.123826 0.123834
0.12384 0.123834 0.123819 0.123792 0.123769 0.123736 0.123705 0.123673 0.123648 0.12361 0.123543 0.000442657 0.000318132 0.000282305 0.000250205 0.00022352 0.000202573 0.000187137 0.000176648 0.000169401 0.000164108 0.000159397 0.000153933 0.000146354 0.000134668 0.000116725 9.14628e-05 6.25045e-05 3.72638e-05 2.10152e-05 1.34212e-05 9.84328e-06 8.9254e-06 9.91843e-06 1.31537e-05 2.11904e-05 3.71016e-05 6.21464e-05 9.15834e-05 0.000116556 0.00013471 0.000146295 0.00015396 0.000159389 0.000164107 0.000169418 0.000176585 0.000187196 0.0002025 0.000223429 0.000250157 0.000281791 0.000318115 0.000442635 0.123543 0.123616 0.123646 0.123676 0.123706 0.12374 0.123765 0.123796 0.123819 0.123834
0.123841 0.123832 0.123815 0.123789 0.123771 0.123743 0.123716 0.123682 0.123651 0.123608 0.12354 0.000519678 0.000323946 0.00028804 0.000255146 0.000227599 0.000205808 0.000189563 0.000178354 0.000170665 0.000165166 0.000160526 0.000155489 0.000148885 0.000139092 0.000124308 0.00010318 7.7302e-05 5.18399e-05 3.22293e-05 2.17283e-05 1.61815e-05 1.47754e-05 1.64118e-05 2.13131e-05 3.27559e-05 5.18594e-05 7.72332e-05 0.000103372 0.000124227 0.000139166 0.00014884 0.000155509 0.000160508 0.000165161 0.000170677 0.000178281 0.000189614 0.000205708 0.000227426 0.000254998 0.000287327 0.000323676 0.000519449 0.123538 0.12361 0.123646 0.123682 0.123713 0.123745 0.123766 0.123792 0.12381 0.123831
0.123839 0.123825 0.123807 0.123785 0.12377 0.123747 0.123723 0.123692 0.123659 0.123618 0.123559 0.000642942 0.000332937 0.000295275 0.000260993 0.000232619 0.00020987 0.000192693 0.000180671 0.000172383 0.000166578 0.000161943 0.000157298 0.000151642 0.000143642 0.000132031 0.000115408 9.43227e-05 7.17887e-05 5.105e-05 3.80599e-05 2.99058e-05 2.77187e-05 3.03487e-05 3.71787e-05 5.16805e-05 7.14912e-05 9.42081e-05 0.00011548 0.000131914 0.000143689 0.000151594 0.00015732 0.000161927 0.000166578 0.000172405 0.000180598 0.000192762 0.000209785 0.000232456 0.000260913 0.000294284 0.000331787 0.000642919 0.123559 0.123623 0.123657 0.123695 0.123723 0.123751 0.123767 0.12379 0.123805 0.123826
0.123838 0.123823 0.123806 0.123785 0.123772 0.123754 0.123731 0.123703 0.123672 0.123626 0.123573 0.00129184 0.000342106 0.000303903 0.000269054 0.000239659 0.00021572 0.000197244 0.000184062 0.000174866 0.000168529 0.000163747 0.000159404 0.000154614 0.000148327 0.000139715 0.00012767 0.000112098 9.4587e-05 7.62946e-05 6.33535e-05 5.39413e-05 5.12304e-05 5.4631e-05 6.23174e-05 7.71761e-05 9.42986e-05 0.000112139 0.000127789 0.000139665 0.000148383 0.000154577 0.000159426 0.000163732 0.000168525 0.00017489 0.00018398 0.000197308 0.000215598 0.000239431 0.000268818 0.000303095 0.000342173 0.00129118 0.12357 0.123629 0.123666 0.123702 0.123729 0.123755 0.123768 0.123788 0.123803 0.123821
0.123833 0.12382 0.123804 0.123784 0.123771 0.123757 0.123736 0.123708 0.123683 0.123639 0.123587 0.12351 0.000366898 0.000313926 0.00027908 0.00024858 0.000223281 0.000203303 0.00018869 0.000178289 0.000171137 0.000165983 0.000161737 0.000157591 0.00015269 0.000146471 0.000138268 0.000127748 0.00011582 0.000102594 9.25947e-05 8.46999e-05 8.22514e-05 8.52698e-05 9.16454e-05 0.000103293 0.000115494 0.000127745 0.000138316 0.000146421 0.000152733 0.000157556 0.000161759 0.000165969 0.000171134 0.000178319 0.000188603 0.000203396 0.000223202 0.000248397 0.00027879 0.000313138 0.000367078 0.123511 0.123586 0.123644 0.12368 0.123711 0.123736 0.123758 0.123769 0.123789 0.123802 0.12382
0.123834 0.123822 0.123807 0.123788 0.123775 0.123762 0.123744 0.123718 0.123695 0.12366 0.123611 0.123543 0.000518245 0.000326869 0.000290539 0.000259292 0.000232632 0.000210997 0.000194767 0.000182843 0.000174571 0.00016876 0.000164321 0.000160495 0.000156516 0.000151975 0.000146394 0.000139647 0.000132136 0.000123673 0.000117196 0.000111961 0.000110301 0.000112338 0.000116601 0.000124216 0.000131955 0.000139663 0.000146431 0.000151938 0.000156548 0.000160464 0.000164338 0.000168741 0.000174563 0.000182877 0.000194639 0.0002111 0.000232529 0.000259097 0.0002905 0.000325786 0.000518359 0.12354 0.123608 0.123663 0.123691 0.12372 0.123743 0.123762 0.123772 0.123791 0.123803 0.123821
0.123833 0.123822 0.123808 0.123789 0.123777 0.123764 0.123743 0.123723 0.123701 0.123666 0.123626 0.123561 0.00102302 0.000342135 0.000304997 0.000272734 0.000244641 0.000221106 0.000202919 0.000189139 0.000179307 0.000172436 0.00016744 0.000163563 0.00016006 0.000156575 0.000152711 0.000148374 0.000143794 0.000138849 0.000135036 0.000131973 0.000130955 0.000132156 0.000134725 0.000139142 0.000143686 0.000148375 0.000152731 0.000156544 0.000160085 0.000163541 0.000167463 0.000172413 0.000179293 0.000189189 0.000202803 0.000221242 0.000244602 0.000272762 0.000305489 0.000342133 0.00102387 0.123563 0.123625 0.12367 0.123699 0.123727 0.123745 0.123765 0.123775 0.123794 0.123806 0.123823
0.123838 0.123828 0.123815 0.123796 0.123784 0.12377 0.12375 0.123734 0.123717 0.123687 0.123651 0.123599 0.123518 0.000391278 0.000321599 0.000288131 0.000258665 0.000233275 0.000213119 0.000197288 0.000185621 0.000177304 0.000171352 0.000167011 0.00016352 0.000160491 0.000157539 0.000154569 0.00015165 0.000148694 0.000146458 0.000144769 0.000144205 0.000144863 0.000146309 0.000148842 0.000151597 0.000154577 0.000157559 0.000160465 0.000163542 0.000166989 0.000171378 0.000177277 0.000185597 0.000197342 0.000212902 0.00023337 0.00025843 0.000287818 0.00032216 0.000391176 0.123519 0.123596 0.123648 0.123689 0.123712 0.123734 0.123751 0.12377 0.12378 0.123799 0.123811 0.123827
0.123842 0.123833 0.12382 0.123801 0.123787 0.123771 0.123751 0.123737 0.123721 0.123693 0.12366 0.123619 0.123545 0.00084989 0.00034135 0.000307219 0.000275867 0.000248582 0.000226217 0.000208108 0.000194323 0.000184102 0.00017668 0.000171411 0.00016744 0.000164369 0.000161744 0.000159418 0.000157352 0.000155448 0.00015404 0.000153037 0.000152702 0.000153083 0.000153959 0.000155508 0.000157316 0.000159423 0.000161755 0.000164338 0.000167463 0.000171379 0.000176718 0.000184084 0.000194286 0.000208166 0.000225985 0.000248619 0.000275352 0.000305787 0.000341406 0.000849962 0.12355 0.123618 0.123661 0.123698 0.123719 0.123738 0.123754 0.123772 0.123786 0.123806 0.123818 0.123833
0.123848 0.12384 0.12383 0.123812 0.123798 0.12378 0.123761 0.123746 0.123732 0.123709 0.123682 0.123646 0.123581 0.123522 0.000442963 0.000329739 0.000295567 0.00026659 0.000242261 0.000221844 0.000205743 0.00019333 0.000184027 0.00017733 0.00017238 0.000168772 0.000165957 0.000163737 0.000161956 0.000160465 0.000159429 0.000158728 0.000158493 0.00015876 0.000159386 0.00016051 0.000161928 0.000163734 0.00016597 0.000168744 0.000172415 0.000177277 0.000184081 0.000193313 0.000205671 0.000221902 0.000241886 0.000266446 0.000294609 0.000326105 0.000442791 0.123519 0.123581 0.123642 0.123678 0.123712 0.123728 0.123745 0.123761 0.12378 0.123794 0.123814 0.123826 0.12384
0.123848 0.123841 0.123833 0.123818 0.123802 0.123786 0.123767 0.123752 0.123738 0.123717 0.123694 0.123667 0.123608 0.123556 0.00176034 0.000348694 0.00031721 0.000287058 0.000261389 0.000238854 0.000220417 0.000205692 0.000194214 0.000185682 0.000179241 0.000174597 0.000171115 0.00016853 0.000166605 0.00016511 0.000164149 0.000163527 0.000163322 0.000163545 0.000164102 0.000165161 0.000166576 0.000168528 0.000171136 0.000174566 0.000179297 0.000185602 0.000194287 0.000205684 0.00022035 0.000238943 0.000260958 0.000287101 0.000317017 0.000348846 0.00176037 0.123556 0.123614 0.123667 0.123693 0.123722 0.123737 0.123754 0.123769 0.123788 0.123802 0.123821 0.123831 0.123843
0.123852 0.123845 0.123839 0.123826 0.123808 0.123794 0.123777 0.123764 0.123751 0.123729 0.123705 0.123681 0.123637 0.123593 0.12354 0.000729356 0.00034226 0.000312174 0.000284321 0.000259789 0.000239053 0.000221961 0.000208119 0.000197432 0.000189086 0.000182943 0.000178287 0.000174881 0.000172452 0.000170604 0.000169476 0.000168761 0.000168535 0.00016879 0.000169414 0.000170679 0.000172403 0.000174893 0.00017832 0.000182879 0.000189186 0.000197339 0.000208153 0.000221904 0.000238914 0.000259854 0.00028372 0.000311722 0.000342117 0.000729536 0.123536 0.123588 0.123639 0.123681 0.123702 0.123731 0.123747 0.123764 0.123777 0.123792 0.123805 0.123828 0.123835 0.123846
0.123853 0.123847 0.123842 0.123829 0.123812 0.123799 0.123781 0.12377 0.123759 0.123743 0.123723 0.123698 0.123659 0.123625 0.123579 0.123519 0.000523004 0.000338847 0.000310257 0.00028344 0.000261138 0.000241924 0.000225831 0.000213047 0.000202643 0.000194746 0.000188566 0.000183958 0.00018068 0.000178169 0.000176682 0.000175707 0.000175411 0.000175774 0.000176582 0.000178287 0.000180599 0.000183984 0.000188603 0.000194651 0.000202805 0.000212916 0.000225989 0.000241925 0.000260964 0.000283779 0.000309686 0.000338938 0.000522865 0.123524 0.123581 0.123626 0.123661 0.1237 0.123721 0.123748 0.123758 0.123771 0.123785 0.123799 0.123813 0.123834 0.12384 0.123849
0.123859 0.123852 0.123847 0.123834 0.12382 0.123808 0.123789 0.12378 0.123768 0.123752 0.123734 0.123712 0.123679 0.12365 0.123615 0.123573 0.123524 0.000520382 0.000339012 0.000311473 0.000287462 0.00026648 0.000248414 0.000233544 0.000221073 0.000211242 0.000203338 0.000197287 0.000192896 0.000189412 0.000187373 0.000186013 0.000185598 0.000186093 0.000187194 0.000189617 0.000192754 0.000197314 0.000203387 0.000211104 0.000221227 0.000233376 0.000248591 0.000266444 0.000287044 0.000311727 0.000338842 0.000520543 0.123516 0.123573 0.123613 0.123648 0.123676 0.123713 0.123728 0.123754 0.123765 0.123778 0.123791 0.123804 0.123818 0.123836 0.123843 0.123853
0.123861 0.123854 0.123849 0.123836 0.123825 0.123815 0.123796 0.123787 0.123775 0.123761 0.123747 0.123724 0.123694 0.123666 0.123642 0.12361 0.123569 0.12351 0.000522928 0.00034217 0.000317446 0.000294232 0.000275039 0.000258556 0.000244254 0.000232693 0.000223097 0.00021556 0.000209996 0.000205399 0.000202747 0.000200957 0.000200408 0.000201081 0.000202496 0.000205726 0.000209783 0.000215618 0.000223211 0.000232556 0.000244598 0.000258479 0.000275357 0.000294649 0.000317035 0.000342215 0.000522864 0.123519 0.123567 0.123613 0.123643 0.123671 0.123693 0.12373 0.123745 0.123767 0.123775 0.123787 0.123801 0.123814 0.123825 0.123841 0.123848 0.123857
0.123869 0.123862 0.123855 0.123843 0.123834 0.123827 0.12381 0.1238 0.123788 0.123774 0.123762 0.123742 0.123714 0.123687 0.123665 0.123644 0.123612 0.123573 0.123527 0.000729651 0.000348758 0.000325562 0.000305918 0.000287978 0.00027222 0.000259353 0.000248344 0.000239416 0.000232667 0.00022704 0.000223753 0.000221453 0.000220746 0.000221655 0.000223402 0.000227436 0.000232435 0.00023944 0.000248359 0.000259103 0.000272728 0.000287828 0.000305733 0.000326107 0.000348734 0.000729578 0.123521 0.123573 0.12361 0.123643 0.123662 0.123687 0.123708 0.123744 0.123756 0.123776 0.123785 0.123797 0.123812 0.123824 0.123831 0.123845 0.123851 0.123863
0.123876 0.123868 0.123859 0.123846 0.123838 0.123832 0.123818 0.12381 0.123798 0.123784 0.123774 0.123754 0.123728 0.123701 0.123681 0.123662 0.123641 0.123616 0.123578 0.123536 0.00176012 0.000442908 0.000341401 0.000321225 0.000305123 0.000290923 0.000278708 0.000268822 0.000261242 0.000254484 0.000250506 0.000247774 0.000246926 0.000247991 0.000250127 0.000255015 0.000260898 0.000268861 0.000278773 0.000290555 0.000305498 0.000322245 0.000341377 0.000442933 0.00176024 0.123539 0.123581 0.123616 0.123643 0.123665 0.12368 0.123705 0.123726 0.12376 0.123771 0.12379 0.123799 0.12381 0.123823 0.123832 0.123838 0.123851 0.123856 0.123871
0.123889 0.123882 0.123874 0.123862 0.123854 0.123848 0.123835 0.123829 0.12382 0.123805 0.123798 0.12378 0.123753 0.123725 0.123706 0.123688 0.123669 0.123652 0.123623 0.123591 0.123555 0.123518 0.000850011 0.000391107 0.000342132 0.000325669 0.000313104 0.000303378 0.000294822 0.000286675 0.000282383 0.000279344 0.000278409 0.000279588 0.000281776 0.000287354 0.000294241 0.000303042 0.000313061 0.000325802 0.000342031 0.000391202 0.000849572 0.123519 0.123553 0.123588 0.123623 0.123648 0.123668 0.123687 0.123702 0.123727 0.123748 0.123783 0.123791 0.123809 0.123816 0.123826 0.123837 0.123845 0.12385 0.123865 0.123869 0.123882
0.123886 0.123877 0.12387 0.123863 0.123857 0.123852 0.123845 0.123841 0.123834 0.123824 0.123817 0.123798 0.123775 0.123747 0.123726 0.123708 0.123691 0.123678 0.123657 0.123642 0.123612 0.123581 0.123553 0.123515 0.0010244 0.000518316 0.000366983 0.000342228 0.000333275 0.000323314 0.000318915 0.000315978 0.000315064 0.000316261 0.000318083 0.000323736 0.000331788 0.000342256 0.000367035 0.000518509 0.00102369 0.123522 0.123549 0.123584 0.123614 0.123641 0.123661 0.123679 0.123693 0.123711 0.123726 0.123751 0.123772 0.123805 0.123813 0.12383 0.123834 0.123842 0.123847 0.123855 0.123858 0.123867 0.12387 0.123881
0.123889 0.12388 0.123874 0.123868 0.123862 0.123858 0.123852 0.123848 0.123843 0.123839 0.123835 0.123825 0.12381 0.123779 0.123761 0.123744 0.123728 0.123717 0.123697 0.123685 0.123665 0.123641 0.123622 0.123592 0.123567 0.123537 0.12351 0.00129203 0.000642138 0.000519955 0.000442353 0.000439053 0.000437854 0.000439001 0.000442521 0.000519515 0.000642725 0.00129135 0.123508 0.123541 0.12356 0.123597 0.123616 0.123642 0.123664 0.123681 0.123697 0.123713 0.123727 0.123744 0.123757 0.123783 0.123802 0.123828 0.123831 0.123839 0.12384 0.123847 0.123849 0.123857 0.123859 0.123868 0.123871 0.123881
0.123884 0.123876 0.12387 0.123864 0.123859 0.123855 0.123849 0.123845 0.123841 0.123837 0.123835 0.123829 0.123815 0.123789 0.123771 0.123758 0.12374 0.123734 0.123716 0.123706 0.123691 0.123677 0.123665 0.123644 0.12363 0.123607 0.123586 0.123572 0.123552 0.123552 0.123527 0.12353 0.123526 0.123522 0.123542 0.123539 0.123558 0.123572 0.123585 0.12361 0.123625 0.123651 0.123661 0.123681 0.123692 0.123705 0.123721 0.123731 0.123745 0.123759 0.123771 0.123794 0.123813 0.123834 0.123834 0.123841 0.123842 0.123848 0.12385 0.123857 0.123859 0.123867 0.12387 0.12388
0.123887 0.123879 0.123874 0.123868 0.123863 0.12386 0.123855 0.123852 0.123848 0.123844 0.123841 0.123838 0.123831 0.123808 0.12379 0.123777 0.123764 0.123758 0.123744 0.123733 0.123721 0.123709 0.123703 0.123683 0.123676 0.12366 0.123643 0.123633 0.123616 0.123619 0.123609 0.123611 0.123609 0.123608 0.123614 0.123611 0.123621 0.12363 0.123643 0.123664 0.123668 0.123689 0.123695 0.123712 0.123719 0.123731 0.123745 0.123754 0.123763 0.123776 0.123787 0.123809 0.123827 0.123839 0.123838 0.123844 0.123844 0.123851 0.123853 0.123859 0.123861 0.123869 0.12387 0.12388
0.123884 0.123877 0.123872 0.123867 0.123862 0.123859 0.123854 0.123851 0.123847 0.123844 0.123842 0.123839 0.123836 0.123815 0.123799 0.123785 0.123774 0.123767 0.123757 0.123747 0.123737 0.123727 0.123721 0.12371 0.123701 0.12369 0.123679 0.123668 0.123653 0.12365 0.123643 0.123642 0.12364 0.123643 0.123645 0.123647 0.123655 0.123668 0.12368 0.123693 0.123699 0.123714 0.123719 0.123731 0.123737 0.123749 0.123758 0.123768 0.123775 0.123788 0.123799 0.12382 0.123834 0.123843 0.123842 0.123848 0.123848 0.123854 0.123855 0.123861 0.123863 0.123871 0.123872 0.123881
0.123886 0.12388 0.123876 0.123872 0.123867 0.123864 0.123859 0.123857 0.123853 0.123851 0.123849 0.123846 0.123843 0.123825 0.12381 0.123797 0.123786 0.123779 0.12377 0.123764 0.123754 0.123745 0.123739 0.123732 0.123728 0.123719 0.123711 0.123704 0.123691 0.123684 0.123675 0.123672 0.123669 0.123672 0.123675 0.123683 0.123694 0.123704 0.123709 0.12372 0.123724 0.123733 0.123735 0.123745 0.123752 0.123763 0.123768 0.123777 0.123784 0.123797 0.123807 0.123826 0.123839 0.123847 0.123845 0.123851 0.12385 0.123856 0.123857 0.123863 0.123864 0.123872 0.123872 0.123881
0.123885 0.12388 0.123876 0.123872 0.123867 0.123864 0.12386 0.123858 0.123855 0.123852 0.123851 0.123848 0.123848 0.123836 0.123823 0.123812 0.1238 0.123792 0.123784 0.123778 0.123769 0.12376 0.123755 0.123749 0.123748 0.123743 0.123736 0.123729 0.123722 0.123714 0.123704 0.1237 0.123696 0.1237 0.123704 0.123715 0.123723 0.123731 0.123736 0.123745 0.123745 0.123753 0.123754 0.123763 0.123769 0.12378 0.123785 0.123794 0.123801 0.123815 0.123823 0.12384 0.123847 0.123853 0.12385 0.123856 0.123855 0.12386 0.123861 0.123867 0.123868 0.123875 0.123875 0.123884
0.123889 0.123884 0.12388 0.123876 0.123872 0.12387 0.123866 0.123864 0.123861 0.123859 0.123858 0.123856 0.123856 0.123844 0.123833 0.123824 0.123813 0.123806 0.123798 0.123793 0.123787 0.123779 0.123774 0.123768 0.123765 0.123762 0.123758 0.123755 0.123751 0.123746 0.123739 0.123734 0.12373 0.123734 0.12374 0.123746 0.123749 0.123755 0.123757 0.123761 0.123763 0.123769 0.12377 0.12378 0.123785 0.123792 0.123796 0.123804 0.123811 0.123824 0.123829 0.123845 0.123852 0.123857 0.123854 0.123859 0.123858 0.123863 0.123863 0.123869 0.123869 0.123876 0.123877 0.123885
0.123888 0.123883 0.12388 0.123876 0.123873 0.12387 0.123867 0.123865 0.123862 0.123861 0.12386 0.123858 0.123859 0.123849 0.123838 0.123831 0.123824 0.123819 0.123811 0.123807 0.123802 0.123793 0.123787 0.12378 0.123775 0.123772 0.123769 0.123768 0.123767 0.123766 0.123764 0.123763 0.123761 0.123765 0.123765 0.123768 0.123767 0.12377 0.123769 0.123773 0.123775 0.123782 0.123786 0.123796 0.123802 0.123808 0.123813 0.12382 0.123825 0.123834 0.123838 0.123853 0.123858 0.123862 0.123859 0.123864 0.123863 0.123868 0.123868 0.123873 0.123873 0.123879 0.123879 0.123888
0.123894 0.123889 0.123886 0.123883 0.123879 0.123877 0.123874 0.123873 0.12387 0.123868 0.123868 0.123867 0.123868 0.123864 0.123852 0.123845 0.12384 0.123838 0.123833 0.123828 0.123822 0.123814 0.123805 0.123799 0.123794 0.123791 0.123789 0.123788 0.12379 0.123792 0.123796 0.123803 0.123805 0.123803 0.123795 0.123792 0.123788 0.123788 0.123787 0.12379 0.123792 0.123799 0.123803 0.123814 0.123819 0.123828 0.123832 0.123835 0.123838 0.123845 0.123849 0.123865 0.123863 0.123868 0.123864 0.123868 0.123867 0.123872 0.123872 0.123876 0.123876 0.123883 0.123882 0.12389
0.123893 0.123888 0.123885 0.123882 0.123879 0.123878 0.123874 0.123873 0.123871 0.12387 0.12387 0.123869 0.123871 0.123868 0.123857 0.123852 0.123846 0.123844 0.12384 0.123835 0.123831 0.123826 0.123818 0.123811 0.123806 0.123803 0.123802 0.123803 0.123805 0.12381 0.123819 0.123826 0.123828 0.123826 0.123818 0.123813 0.123805 0.123805 0.123802 0.123805 0.123806 0.123813 0.123818 0.123828 0.123831 0.123838 0.12384 0.123845 0.123848 0.123854 0.123856 0.123872 0.12387 0.123873 0.12387 0.123873 0.123871 0.123876 0.123875 0.12388 0.123879 0.123886 0.123885 0.123892
0.123899 0.123895 0.123893 0.12389 0.123887 0.123886 0.123883 0.123882 0.123881 0.12388 0.12388 0.123879 0.123883 0.123881 0.12387 0.123863 0.123857 0.123853 0.123849 0.123846 0.123843 0.12384 0.123833 0.123827 0.123823 0.123821 0.12382 0.123821 0.123826 0.123831 0.123834 0.123834 0.123834 0.123834 0.123832 0.12383 0.123823 0.123822 0.123818 0.123821 0.123821 0.123827 0.123831 0.12384 0.123841 0.123846 0.123847 0.123852 0.123854 0.123863 0.123868 0.123882 0.123878 0.123881 0.123877 0.12388 0.123878 0.123881 0.123881 0.123885 0.123884 0.12389 0.123889 0.123896
@ u_temp 64 64
8928.63 8928.92 8928.89 8929.12 8929.1 8929.28 8929.26 8929.38 8929.29 8929.45 8929.24 8929.36 8929.17 8929.33 8929.64 8930.12 8930.24 8930.52 8930.55 8930.79 8930.79 8930.97 8931.04 8931.35 8931.4 8931.53 8931.39 8931.39 8931.19 8931.19 8931.21 8931.26 8931.27 8931.26 8931.21 8931.14 8931.14 8931.27 8931.4 8931.46 8931.4 8931.27 8931.04 8930.87 8930.79 8930.69 8930.57 8930.44 8930.25 8930.02 8929.63 8929.2 8929.19 8929.19 8929.29 8929.29 8929.26 8929.3 8929.2 8929.19 8929.07 8928.98 8928.91 8928.76
8928.8 8929.1 8929.07 8929.32 8929.31 8929.51 8929.5 8929.64 8929.57 8929.75 8929.59 8929.73 8929.45 8929.63 8930 8930.4 8930.5 8930.79 8930.82 8931.08 8931.1 8931.28 8931.42 8931.75 8931.84 8932 8931.94 8931.96 8931.7 8931.58 8931.39 8931.37 8931.37 8931.37 8931.39 8931.56 8931.81 8931.97 8932.02 8932 8931.91 8931.75 8931.48 8931.27 8931.17 8931.07 8930.92 8930.8 8930.61 8930.41 8930.07 8929.57 8929.67 8929.66 8929.74 8929.74 8929.69 8929.68 8929.57 8929.55 8929.44 8929.32 8929.22 8929.05
8928.89 8929.21 8929.19 8929.47 8929.46 8929.65 8929.65 8929.83 8929.77 8929.97 8929.83 8929.99 8929.77 8929.97 8930.3 8930.67 8930.78 8930.99 8931.03 8931.32 8931.4 8931.7 8931.94 8932.28 8932.4 8932.58 8932.56 8932.61 8932.43 8932.31 8931.94 8931.79 8931.67 8931.71 8931.92 8932.22 8932.44 8932.54 8932.56 8932.51 8932.39 8932.2 8931.92 8931.61 8931.39 8931.22 8931.04 8930.93 8930.72 8930.59 8930.31 8929.79 8929.84 8929.82 8929.86 8929.82 8929.75 8929.72 8929.61 8929.56 8929.42 8929.31 8929.2 8929.03
8928.98 8929.32 8929.31 8929.6 8929.61 8929.81 8929.82 8930.02 8929.96 8930.17 8930.06 8930.24 8930.05 8930.47 8930.82 8931.18 8931.3 8931.44 8931.59 8931.88 8931.99 8932.4 8932.69 8933.01 8933.13 8933.32 8933.34 8933.42 8933.31 8933.28 8933.02 8932.89 8932.73 8932.9 8933.12 8933.28 8933.39 8933.43 8933.4 8933.32 8933.2 8933.01 8932.76 8932.39 8932.07 8931.87 8931.63 8931.55 8931.36 8931.18 8930.94 8930.43 8930.24 8930.2 8930.2 8930.16 8930.09 8930.04 8929.91 8929.85 8929.72 8929.6 8929.48 8929.28
8929.1 8929.46 8929.45 8929.74 8929.77 8929.98 8930 8930.22 8930.18 8930.39 8930.28 8930.49 8930.32 8930.8 8931.16 8931.55 8931.75 8932.02 8932.27 8932.54 8932.63 8933 8933.18 8933.49 8933.6 8933.8 8933.83 8933.94 8933.9 8933.97 8933.92 8934.03 8934.01 8934.05 8933.94 8933.91 8933.9 8933.88 8933.83 8933.74 8933.6 8933.42 8933.2 8932.87 8932.61 8932.49 8932.2 8931.99 8931.7 8931.43 8931.17 8930.64 8930.37 8930.31 8930.31 8930.25 8930.16 8930.1 8929.95 8929.88 8929.74 8929.61 8929.47 8929.27
8929.14 8929.51 8929.52 8929.81 8929.85 8930.08 8930.1 8930.33 8930.31 8930.53 8930.44 8930.67 8930.51 8931.01 8931.4 8931.86 8932.14 8932.5 8932.77 8933.08 8933.27 8933.69 8933.75 8934.07 8934.09 8934.31 8934.38 8934.64 8934.77 8935.02 8935.19 8935.5 8935.53 8935.49 8935.2 8935.03 8934.83 8934.63 8934.44 8934.31 8934.19 8934 8933.91 8933.66 8933.33 8933.11 8932.82 8932.56 8932.21 8931.86 8931.53 8930.98 8930.69 8930.62 8930.6 8930.53 8930.43 8930.36 8930.21 8930.12 8929.96 8929.81 8929.66 8929.47
8929.25 8929.62 8929.65 8929.95 8930 8930.25 8930.28 8930.52 8930.51 8930.75 8930.66 8930.91 8930.81 8931.56 8931.94 8932.51 8932.85 8933.26 8933.46 8933.76 8933.97 8934.42 8934.53 8934.85 8934.8 8935.05 8935.19 8935.5 8935.69 8936.06 8936.35 8936.62 8936.61 8936.61 8936.34 8936.07 8935.7 8935.44 8935.16 8934.94 8934.9 8934.7 8934.56 8934.3 8933.96 8933.68 8933.41 8933.2 8932.81 8932.39 8931.94 8931.41 8930.86 8930.73 8930.69 8930.6 8930.49 8930.42 8930.24 8930.14 8929.97 8929.81 8929.67 8929.46
8929.25 8929.64 8929.69 8930.01 8930.07 8930.33 8930.38 8930.62 8930.62 8930.88 8930.81 8931.06 8930.99 8931.79 8932.25 8932.9 8933.24 8933.64 8933.85 8934.26 8934.55 8934.98 8935.09 8935.43 8935.57 8936.01 8936.21 8936.52 8936.9 8937.28 8937.52 8937.71 8937.7 8937.7 8937.5 8937.3 8936.83 8936.57 8936.28 8935.96 8935.71 8935.38 8935.22 8934.95 8934.63 8934.28 8933.92 8933.69 8933.31 8932.9 8932.39 8931.76 8931.16 8931.02 8930.98 8930.87 8930.74 8930.65 8930.47 8930.38 8930.19 8930.02 8929.84 8929.6
8929.29 8929.71 8929.77 8930.11 8930.18 8930.44 8930.51 8930.76 8930.77 8931.05 8930.99 8931.26 8931.25 8932.17 8932.72 8933.38 8933.69 8934.09 8934.31 8934.77 8935.07 8935.53 8935.64 8936.09 8936.37 8936.86 8937.15 8937.63 8938.08 8938.28 8938.46 8938.56 8938.53 8938.55 8938.38 8938.39 8937.98 8937.66 8937.16 8936.77 8936.45 8935.93 8935.7 8935.38 8935.07 8934.68 8934.26 8934.02 8933.66 8933.26 8932.73 8932 8931.3 8931.09 8931.02 8930.89 8930.75 8930.65 8930.47 8930.35 8930.15 8929.96 8929.78 8929.53
8929.31 8929.75 8929.83 8930.17 8930.26 8930.53 8930.61 8930.88 8930.9 8931.19 8931.16 8931.43 8931.65 8932.75 8933.26 8933.87 8934.26 8934.63 8935.02 8935.52 8935.86 8936.45 8936.58 8937.33 8937.5 8938.2 8938.69 8939.17 8939.65 8939.64 8939.88 8939.88 8939.86 8939.98 8939.71 8939.89 8939.45 8939.26 8938.7 8938.08 8937.81 8937.12 8936.84 8936.34 8935.94 8935.59 8934.99 8934.77 8934.28 8933.9 8933.4 8932.72 8931.83 8931.39 8931.31 8931.18 8931.04 8930.91 8930.7 8930.57 8930.36 8930.17 8929.98 8929.72
8929.23 8929.71 8929.83 8930.18 8930.28 8930.57 8930.66 8930.95 8930.99 8931.29 8931.26 8931.6 8931.88 8933.08 8933.67 8934.31 8934.89 8935.21 8935.83 8936.36 8936.73 8937.39 8937.8 8938.61 8938.95 8939.88 8940.46 8941.04 8941.64 8941.73 8942.43 8942.44 8942.48 8942.7 8941.96 8942.13 8941.43 8941.04 8940.47 8939.75 8939.14 8938.37 8937.92 8937.23 8936.68 8936.38 8935.63 8935.33 8934.72 8934.25 8933.67 8932.87 8931.96 8931.41 8931.29 8931.14 8930.97 8930.83 8930.62 8930.48 8930.26 8930.06 8929.84 8929.56
8929.25 8929.73 8929.87 8930.24 8930.35 8930.67 8930.77 8931.06 8931.13 8931.43 8931.47 8932.06 8932.55 8933.84 8934.41 8935.13 8935.64 8936.1 8936.66 8937.24 8937.75 8938.64 8939.24 8940.42 8941.15 8942.23 8942.98 248.503 138.649 118.169 104.808 104.156 103.973 104.137 104.867 118.031 138.827 248.326 8943.03 8942.09 8941.38 8940.24 8939.46 8938.59 8937.77 8937.37 8936.65 8936.23 8935.67 8935.15 8934.56 8933.7 8932.88 8931.93 8931.63 8931.43 8931.24 8931.1 8930.88 8930.71 8930.47 8930.24 8930 8929.7
8929.17 8929.57 8929.78 8930.18 8930.32 8930.64 8930.81 8931.11 8931.25 8931.78 8931.88 8932.68 8933.5 8934.74 8935.42 8936.21 8936.74 8937.36 8938.08 8938.82 8939.78 8940.88 8941.7 8943.09 202.159 117.735 91.1589 86.3398 84.9555 84.7522 84.0708 83.6935 83.5746 83.6329 84.2414 84.6734 85.204 86.3447 91.1807 117.801 201.976 8942.84 8941.85 8940.78 8939.72 8938.82 8937.93 8937.35 8936.68 8936.07 8935.42 8934.58 8933.62 8932.39 8932.05 8931.55 8931.24 8931.07 8930.74 8930.55 8930.3 8930.05 8929.78 8929.42
8929.2 8929.62 8929.85 8930.47 8930.68 8931.01 8931.44 8931.79 8932.04 8932.75 8932.94 8933.84 8934.62 8935.81 8936.41 8937.17 8937.72 8938.36 8939.24 8940.37 8941.51 8942.85 173.133 95.6469 86.4176 84.4202 82.9168 81.4658 80.4577 80.0473 79.5527 79.2945 79.2096 79.2451 79.6325 79.8749 80.5336 81.5056 82.9412 84.5394 86.3835 95.6841 173.021 8942.81 8941.57 8940.46 8939.23 8938.48 8937.78 8937.17 8936.54 8935.75 8934.84 8933.73 8933.23 8932.62 8932.18 8931.93 8931.35 8931.14 8930.83 8930.33 8930.06 8929.63
8929.63 8930.09 8930.29 8930.92 8931.15 8931.52 8931.94 8932.38 8932.72 8933.39 8933.67 8934.53 8935.42 8936.53 8937.16 8937.93 8938.61 8939.57 8940.81 8942.23 335.362 104.895 86.2582 84.13 82.0144 80.106 78.8091 77.7221 76.8306 76.3461 75.8273 75.6252 75.5548 75.5493 75.9497 76.1982 76.9067 77.7167 78.8218 80.3095 81.9113 83.9944 86.2587 104.91 335.387 8942.14 8940.72 8939.57 8938.55 8937.82 8937.16 8936.35 8935.49 8934.31 8933.78 8933.18 8932.7 8932.38 8931.76 8931.5 8931.17 8930.73 8930.41 8929.97
8930.02 8930.4 8930.56 8931.17 8931.42 8931.85 8932.38 8932.89 8933.25 8933.87 8934.19 8935.13 8936.09 8937.17 8937.82 8938.68 8939.68 8941.13 8942.62 152.996 87.7522 84.4069 81.8763 79.764 78.1702 76.5849 75.4415 74.4621 73.6253 73.2077 72.7188 72.5364 72.4818 72.4699 72.835 73.0319 73.7183 74.4252 75.3999 76.6565 77.9878 79.8253 81.7414 83.9414 87.7495 152.972 8942.81 8941.12 8939.75 8938.7 8937.94 8937.14 8936.29 8935.05 8934.41 8933.79 8933.36 8933.02 8932.32 8931.98 8931.57 8931.11 8930.73 8930.37
8930.25 8930.61 8930.78 8931.42 8931.74 8932.25 8932.84 8933.35 8933.69 8934.37 8934.88 8935.76 8936.74 8937.83 8938.61 8939.78 8941.01 8942.91 118.79 86.4006 83.2199 80.6314 78.4442 76.4891 75.1127 73.7144 72.6859 71.8238 71.0569 70.6363 70.1545 69.9699 69.9128 69.9035 70.2804 70.5051 71.1555 71.801 72.6767 73.8005 75.007 76.6213 78.3029 80.4691 83.2909 86.4185 118.769 8942.63 8941.06 8939.68 8938.56 8937.68 8936.78 8935.54 8934.96 8934.17 8933.69 8933.35 8932.67 8932.27 8931.74 8931.21 8930.83 8930.49
8930.44 8930.8 8930.9 8931.44 8931.92 8932.5 8933.15 8933.64 8933.97 8934.62 8935.09 8936.1 8937.25 8938.35 8939.47 8941.13 8942.81 118.144 85.7207 82.4258 79.6715 77.3611 75.5051 73.7072 72.4396 71.15 70.1806 69.3168 68.5159 68.027 67.506 67.271 67.1999 67.2093 67.6099 67.8933 68.5907 69.2678 70.1433 71.2106 72.284 73.7938 75.378 77.3244 79.7502 82.3208 85.6871 118.194 8943.07 8941.12 8939.55 8938.42 8937.36 8936.07 8935.32 8934.55 8934.09 8933.72 8933.09 8932.66 8932.03 8931.36 8931.05 8930.77
8930.57 8930.92 8931.04 8931.69 8932.27 8932.88 8933.46 8933.96 8934.31 8935.13 8935.83 8936.77 8938.07 8939.35 8940.81 8942.72 118.788 85.6832 82.0039 79.2036 76.753 74.6661 72.9642 71.3467 70.1363 68.8627 67.8196 66.8383 65.9265 65.2993 64.7012 64.3877 64.3061 64.3618 64.7993 65.1953 66.006 66.8203 67.805 68.9337 70.0419 71.4543 72.9122 74.6918 76.7855 79.1371 82.08 85.7544 118.747 8942.53 8940.75 8939.32 8938.02 8936.7 8935.88 8934.94 8934.34 8933.94 8933.3 8932.88 8932.24 8931.49 8931.11 8930.83
8930.69 8931.07 8931.22 8931.87 8932.43 8933.07 8933.65 8934.25 8934.66 8935.51 8936.25 8937.24 8938.71 8940.36 8942.13 153.005 86.4405 82.4285 79.2383 76.6263 74.3802 72.4448 70.8781 69.2644 67.9543 66.5116 65.244 64.0299 62.9109 62.0416 61.3057 60.8864 60.7657 60.8557 61.3672 61.9634 62.9551 64.0006 65.2257 66.5559 67.8538 69.3632 70.7918 72.4361 74.3884 76.5593 79.3184 82.5152 86.3717 153.059 8942.23 8940.52 8938.66 8937.24 8936.37 8935.45 8934.82 8934.28 8933.65 8933.19 8932.53 8931.79 8931.39 8931.06
8930.79 8931.17 8931.39 8932.06 8932.62 8933.35 8933.97 8934.64 8935.06 8935.96 8936.73 8937.85 8939.78 8941.62 335.311 87.7148 83.2077 79.6363 76.753 74.3498 72.2457 70.435 68.8481 67.1122 65.5651 63.8544 62.2677 60.734 59.3279 58.1952 57.3169 56.7721 56.6077 56.754 57.3532 58.1573 59.3698 60.7167 62.2684 63.9112 65.4937 67.2148 68.8008 70.4541 72.3086 74.347 76.8336 79.7168 83.1662 87.769 335.335 8941.61 8939.57 8937.85 8936.79 8935.79 8935.09 8934.56 8933.91 8933.31 8932.64 8931.94 8931.49 8931.08
8930.87 8931.27 8931.61 8932.39 8932.91 8933.69 8934.32 8934.97 8935.42 8936.44 8937.28 8938.64 8940.78 8942.83 104.948 84.4189 80.669 77.3657 74.6991 72.4474 70.4628 68.6068 66.8466 64.8635 62.9545 60.8672 58.8689 56.9709 55.2897 53.9174 52.8965 52.2499 52.0557 52.2497 52.9076 53.888 55.2998 56.9446 58.8525 60.8843 62.8817 64.9255 66.7886 68.6089 70.4884 72.4184 74.7242 77.3961 80.662 84.7673 104.885 8942.92 8940.75 8938.8 8937.43 8936.36 8935.58 8935.02 8934.33 8933.7 8933.06 8932.33 8931.76 8931.3
8931.04 8931.48 8931.92 8932.76 8933.18 8933.83 8934.52 8935.18 8935.63 8936.66 8937.79 8939.33 8941.73 173.035 86.2508 81.842 78.442 75.471 72.9625 70.8506 68.8455 66.8197 64.7557 62.3973 60.0169 57.5052 55.0971 52.8778 50.9856 49.4478 48.3565 47.6661 47.4583 47.6723 48.3524 49.4447 50.9944 52.879 55.1084 57.5179 59.9807 62.4716 64.7272 66.8485 68.8936 70.8348 73.0088 75.5522 78.4795 82.1084 86.2615 173.044 8941.58 8939.34 8937.76 8936.49 8935.7 8935.14 8934.44 8933.79 8933.23 8932.58 8932 8931.49
8931.27 8931.75 8932.2 8933.01 8933.42 8934.07 8934.77 8935.43 8936.01 8937.33 8938.53 8940.4 8942.99 95.6605 84.1676 79.7742 76.5302 73.7155 71.3779 69.271 67.1418 64.8669 62.4211 59.6201 56.7801 53.9007 51.1939 48.7834 46.7827 45.1707 44.0701 43.377 43.1635 43.3814 44.0564 45.1835 46.777 48.7717 51.197 53.8942 56.7425 59.6569 62.3732 64.8493 67.1496 69.2323 71.369 73.7734 76.5103 79.8507 84.0174 95.6201 8942.97 8940.47 8938.59 8937.28 8936.2 8935.46 8934.76 8934.1 8933.55 8932.9 8932.34 8931.79
8931.4 8931.91 8932.39 8933.2 8933.61 8934.17 8934.81 8935.65 8936.38 8937.6 8939 8941.24 202.126 86.3829 81.996 78.1379 75.1084 72.4108 70.1307 67.925 65.5615 62.93 60.0139 56.7605 53.489 50.3218 47.4347 44.943 42.9339 41.3511 40.294 39.6182 39.4125 39.6262 40.2826 41.3771 42.9331 44.9402 47.4496 50.3236 53.485 56.8026 60.0065 62.9395 65.5956 67.9367 70.1588 72.4901 75.066 78.2301 81.9398 86.3794 202.346 8941.19 8938.98 8937.42 8936.45 8935.53 8934.71 8934.13 8933.67 8933.02 8932.46 8931.88
8931.46 8932 8932.51 8933.32 8933.74 8934.31 8934.97 8936.01 8936.79 8938.18 8939.8 8942.18 117.788 84.4358 80.1423 76.5952 73.7487 71.1623 68.8966 66.5235 63.8832 60.8756 57.5275 53.9043 50.3357 47.0058 44.0618 41.6015 39.6602 38.1241 37.1107 36.4843 36.2933 36.4849 37.0998 38.1417 39.6456 41.5954 44.0691 46.9909 50.3239 53.904 57.4978 60.8565 63.8815 66.507 68.8734 71.2133 73.6701 76.6834 80.1922 84.7003 117.817 8942.29 8939.92 8938.08 8936.93 8935.96 8935 8934.34 8933.88 8933.22 8932.65 8932.05
8931.4 8932.02 8932.56 8933.4 8933.83 8934.44 8935.19 8936.28 8937.2 8938.76 8940.49 8943.05 91.1465 82.8869 78.8019 75.407 72.6768 70.1522 67.8105 65.2182 62.2602 58.8454 55.0918 51.1779 47.4307 44.051 41.1531 38.7606 36.9103 35.4752 34.4974 33.8637 33.6614 33.8652 34.4912 35.4917 36.8947 38.7642 41.1713 44.047 47.4468 51.1935 55.0944 58.8571 62.2917 65.2426 67.8156 70.2467 72.6351 75.535 78.8739 83.0659 91.2091 8943.05 8940.52 8938.57 8937.26 8936.17 8935.19 8934.39 8933.9 8933.23 8932.63 8932
8931.27 8931.97 8932.54 8933.43 8933.88 8934.63 8935.42 8936.5 8937.57 8939.1 8940.96 248.567 86.3719 81.4843 77.7591 74.4785 71.8554 69.3309 66.8694 64.0461 60.7635 56.9812 52.8945 48.7859 44.9538 41.6051 38.7694 36.4754 34.7036 33.1832 31.9972 31.1144 30.8112 31.1399 31.9643 33.2134 34.6725 36.4734 38.7779 41.5844 44.9561 48.781 52.8805 56.9574 60.7525 64.0322 66.8231 69.3904 71.7618 74.5675 77.7592 81.5757 86.4004 248.364 8941.09 8939.04 8937.78 8936.48 8935.5 8934.59 8934.01 8933.3 8932.68 8932.04
8931.14 8931.81 8932.44 8933.38 8933.9 8934.83 8935.73 8936.96 8938.12 8939.69 8941.67 138.599 84.9373 80.4301 76.8205 73.6014 71.0467 68.4877 65.9146 62.8831 59.3157 55.268 50.9731 46.7658 42.9282 39.6501 36.9063 34.6926 32.8112 30.8186 29.1457 27.9757 27.6141 28.0236 29.0695 30.8931 32.7774 34.7063 36.921 39.6414 42.9446 46.7768 50.99 55.2733 59.3415 62.9194 65.9041 68.5958 70.9958 73.7261 76.8551 80.5471 85.2317 138.585 8941.68 8939.54 8938.22 8936.82 8935.69 8934.68 8933.99 8933.19 8932.5 8931.78
8931.14 8931.56 8932.23 8933.28 8933.91 8935.01 8936.01 8937.21 8938.22 8939.6 8941.67 118.188 84.7778 80.0611 76.3746 73.2259 70.667 68.0442 65.3264 62.056 58.2175 53.9269 49.4655 45.1803 41.3621 38.1318 35.487 33.1876 30.8253 28.2246 26.5746 25.8123 25.654 25.8357 26.5026 28.3123 30.7739 33.192 35.479 38.1089 41.3627 45.1646 49.4547 53.901 58.1993 62.0549 65.2728 68.1103 70.5795 73.2979 76.3702 80.1317 84.8677 118.119 8941.76 8939.52 8938.41 8937.22 8936.11 8934.9 8934.1 8933.16 8932.37 8931.67
8931.21 8931.39 8931.92 8933.12 8933.97 8935.27 8936.41 8937.55 8938.49 8939.93 8942.48 104.774 84.0518 79.527 75.8123 72.6967 70.1387 67.4811 64.6809 61.2779 57.2971 52.8739 48.3435 44.058 40.2851 37.0988 34.4865 31.9872 29.1429 26.5688 25.5915 25.3752 25.3663 25.393 25.5529 26.6493 29.0983 32.0101 34.4987 37.0978 40.3046 44.064 48.3655 52.8879 57.314 61.3241 64.668 67.5917 70.0978 72.8213 75.8462 79.5788 84.1606 104.763 8942.46 8939.76 8938.58 8937.44 8936.39 8935.05 8934.09 8932.91 8931.98 8931.47
8931.26 8931.37 8931.71 8932.88 8933.99 8935.42 8936.55 8937.65 8938.51 8939.84 8942.41 104.172 83.7107 79.3069 75.6419 72.5516 69.991 67.2908 64.4136 60.9059 56.7935 52.2669 47.6834 43.3902 39.6313 36.4935 33.876 31.1246 27.981 25.8171 25.3847 25.304 25.2686 25.3234 25.3398 25.8734 27.9292 31.126 33.8622 36.4741 39.6257 43.3744 47.676 52.2461 56.7688 60.9049 64.3524 67.3574 69.909 72.636 75.6301 79.321 83.78 104.11 8942.47 8939.76 8938.69 8937.63 8936.65 8935.36 8934.24 8932.76 8931.8 8931.45
8931.27 8931.37 8931.68 8932.78 8934.09 8935.6 8936.66 8937.74 8938.57 8939.92 8942.54 103.939 83.5474 79.1844 75.5276 72.4554 69.8863 67.1744 64.2829 60.745 56.5883 52.0388 47.4449 43.1507 39.399 36.2803 33.6487 30.8017 27.6097 25.6467 25.3592 25.2657 25.2029 25.2964 25.3252 25.7126 27.567 30.8208 33.6586 36.2859 39.4187 43.1607 47.4681 52.0543 56.6034 60.7869 64.2669 67.288 69.8472 72.5859 75.5571 79.2395 83.6611 103.929 8942.51 8939.74 8938.66 8937.64 8936.66 8935.4 8934.23 8932.53 8931.67 8931.45
8931.26 8931.37 8931.75 8932.8 8933.95 8935.45 8936.56 8937.65 8938.5 8939.94 8942.67 104.159 83.6482 79.2654 75.5664 72.494 69.9217 67.2323 64.3811 60.8809 56.7744 52.2698 47.6853 43.3938 39.6371 36.4984 33.8771 31.1494 28.0274 25.8432 25.3967 25.3296 25.2935 25.3498 25.3502 25.9002 27.9752 31.1511 33.8637 36.4772 39.6324 43.3767 47.6789 52.2494 56.7489 60.8815 64.3214 67.2991 69.8359 72.5793 75.5602 79.2733 83.7169 104.096 8942.74 8939.86 8938.69 8937.63 8936.64 8935.37 8934.27 8932.69 8931.77 8931.44
8931.21 8931.42 8932.03 8933.11 8933.99 8935.25 8936.39 8937.55 8938.43 8939.75 8942.02 104.839 84.2098 79.6142 75.9238 72.8171 70.2541 67.5889 64.7723 61.3488 57.3302 52.8923 48.3346 44.0452 40.271 37.0911 34.4797 31.9551 29.0634 26.501 25.5436 25.3435 25.3179 25.36 25.5072 26.5805 29.0194 31.9777 34.4897 37.0912 40.2892 44.0514 48.355 52.9069 57.3478 61.3939 64.7618 67.6996 70.2169 72.9366 75.9662 79.7112 84.3395 104.832 8942 8939.57 8938.52 8937.43 8936.36 8935.08 8934.16 8932.93 8932.06 8931.44
8931.16 8931.5 8932.21 8933.2 8933.92 8934.96 8935.99 8937.24 8938.34 8939.83 8942.1 118.068 84.6897 79.9119 76.2182 73.0612 70.5212 67.9225 65.2115 61.99 58.1719 53.9097 49.4555 45.1967 41.384 38.1536 35.4998 33.225 30.8952 28.3164 26.6474 25.881 25.7054 25.905 26.5751 28.4038 30.843 33.2284 35.4931 38.1286 41.3839 45.182 49.4446 53.8817 58.1536 61.9904 65.156 67.9938 70.4342 73.1448 76.2241 79.9826 84.7944 117.997 8942.19 8939.76 8938.53 8937.23 8936.11 8934.89 8934.1 8933.1 8932.38 8931.56
8931.25 8931.8 8932.51 8933.39 8933.97 8934.83 8935.73 8936.88 8938.04 8939.49 8941.5 138.797 85.1705 80.5195 76.8784 73.7034 71.1247 68.5769 65.9755 62.9406 59.3439 55.2893 50.977 46.7685 42.9203 39.6405 36.8855 34.6718 32.768 30.7756 29.0927 27.9326 27.5626 27.9809 29.0161 30.8501 32.7349 34.6855 36.899 39.6308 42.9378 46.7784 50.9922 55.2949 59.3701 62.9786 65.9687 68.6858 71.0774 73.826 76.9223 80.7029 85.5052 138.79 8941.5 8939.32 8938.12 8936.76 8935.74 8934.69 8934.06 8933.19 8932.58 8931.77
8931.28 8931.86 8932.54 8933.36 8933.89 8934.57 8935.44 8936.48 8937.59 8939.19 8941 248.457 86.3562 81.5357 77.7284 74.4522 71.8137 69.2993 66.8348 64.0306 60.7294 56.9684 52.8875 48.7882 44.9449 41.6033 38.7645 36.4835 34.7056 33.2027 32.0006 31.1356 30.8112 31.1611 31.9679 33.234 34.6743 36.4816 38.7727 41.5837 44.9453 48.7813 52.8733 56.9451 60.7191 64.018 66.7866 69.3618 71.7222 74.544 77.7349 81.6187 86.3843 248.269 8941.12 8939.11 8937.81 8936.5 8935.51 8934.53 8934.02 8933.24 8932.69 8931.96
8931.5 8932.02 8932.63 8933.41 8933.9 8934.45 8935.23 8936.28 8937.2 8938.75 8940.54 8943.07 91.1425 82.9207 78.7783 75.3864 72.6463 70.1337 67.7765 65.2156 62.2429 58.8454 55.0892 51.1954 47.4375 44.0661 41.1613 38.7779 36.9108 35.4875 34.4863 33.8737 33.6461 33.8761 34.4801 35.5043 36.896 38.7818 41.1795 44.062 47.4527 51.2112 55.0945 58.8569 62.2729 65.2382 67.7809 70.2303 72.5972 75.5123 78.8513 83.0592 91.2081 8943.06 8940.57 8938.57 8937.3 8936.19 8935.23 8934.4 8933.97 8933.23 8932.7 8932
8931.44 8931.92 8932.51 8933.26 8933.75 8934.26 8934.95 8935.9 8936.76 8938 8939.72 8942.03 117.812 84.5711 80.3206 76.6921 73.8104 71.2443 68.945 66.5852 63.9195 60.9106 57.5257 53.9133 50.3276 47.0037 44.0439 41.5933 39.6349 38.1194 37.0893 36.4864 36.2728 36.4877 37.0788 38.1378 39.622 41.5861 44.0513 46.9889 50.3157 53.9139 57.4968 60.8914 63.9193 66.5688 68.923 71.2876 73.7352 76.7612 80.2913 84.7024 117.848 8942.11 8939.82 8937.92 8936.9 8935.84 8934.96 8934.27 8933.88 8933.16 8932.66 8931.97
8931.47 8931.91 8932.47 8933.21 8933.69 8934.2 8934.98 8935.72 8936.54 8937.81 8939.22 8941.42 201.84 86.37 81.8748 77.9794 74.976 72.2782 70.013 67.848 65.4672 62.8788 59.9599 56.7436 53.4716 50.3278 47.4337 44.959 42.9331 41.3686 40.292 39.6373 39.4052 39.6447 40.2815 41.3959 42.9309 44.958 47.4497 50.3297 53.4678 56.7853 59.9518 62.8871 65.5029 67.8598 70.0284 72.3715 74.9335 78.0598 81.805 86.3713 202.077 8941.36 8939.23 8937.65 8936.61 8935.59 8934.88 8934.15 8933.75 8933.03 8932.53 8931.87
8931.26 8931.67 8932.2 8932.94 8933.43 8933.94 8934.7 8935.31 8935.94 8937.04 8938.35 8940.14 8942.81 95.7279 84.0023 79.8613 76.6276 73.8256 71.4599 69.3915 67.2163 64.9499 62.4724 59.6798 56.8033 53.9235 51.1921 48.7953 46.767 45.179 44.0529 43.3857 43.1479 43.3911 44.0392 45.1906 46.7627 48.7859 51.1949 53.9171 56.7663 59.7174 62.4249 64.9348 67.2274 69.3538 71.4624 73.8782 76.5785 79.976 83.8637 95.6919 8942.78 8940.23 8938.42 8936.99 8936.13 8935.33 8934.68 8933.96 8933.56 8932.84 8932.34 8931.71
8931.12 8931.48 8932 8932.76 8933.29 8933.92 8934.66 8935.22 8935.8 8936.84 8938.02 8939.46 8941.94 172.989 86.2172 81.7301 78.2647 75.3751 72.8841 70.7889 68.772 66.7855 64.7012 62.3741 59.9846 57.5061 55.0776 52.8886 50.9711 49.4653 48.3462 47.69 47.4547 47.6953 48.3436 49.4624 50.9812 52.8903 55.0869 57.5186 59.95 62.4486 64.6744 66.8125 68.8222 70.7807 72.9314 75.4628 78.342 82.1036 86.2307 173.009 8941.79 8939.47 8937.97 8936.65 8935.86 8935.18 8934.56 8933.86 8933.34 8932.57 8932.07 8931.48
8930.87 8931.18 8931.6 8932.3 8932.87 8933.58 8934.3 8934.86 8935.38 8936.24 8937.24 8938.49 8940.76 8942.71 104.918 83.9793 80.4748 77.3601 74.6939 72.4635 70.4529 68.6339 66.8447 64.8741 62.9342 60.8824 58.8496 56.9819 55.2631 53.921 52.8732 52.2666 52.0374 52.2661 52.8839 53.8931 55.2729 56.9549 58.8338 60.9011 62.865 64.9379 66.7863 68.6352 70.4833 72.44 74.7277 77.4396 80.561 84.679 104.862 8942.81 8940.74 8938.65 8937.38 8936.15 8935.52 8934.9 8934.31 8933.58 8933.02 8932.25 8931.76 8931.21
8930.87 8931.17 8931.47 8932.07 8932.7 8933.33 8934.05 8934.63 8935.17 8935.94 8936.79 8937.78 8939.83 8941.57 335.127 87.7411 83.2559 79.7491 76.7523 74.3897 72.2805 70.488 68.8631 67.1525 65.5672 63.8898 62.2645 60.7657 59.3159 58.2138 57.2915 56.7883 56.5839 56.7713 57.3276 58.176 59.3571 60.7483 62.2661 63.9481 65.5005 67.2563 68.8209 70.5104 72.3532 74.3931 76.8587 79.8381 83.2477 87.8002 335.138 8941.57 8939.62 8937.77 8936.85 8935.76 8935.2 8934.55 8933.99 8933.27 8932.72 8931.94 8931.57 8931.08
8930.7 8930.98 8931.22 8931.77 8932.49 8933.01 8933.69 8934.18 8934.69 8935.5 8936.38 8937.26 8938.82 8940.35 8942.13 153.063 86.42 82.356 79.1374 76.5936 74.3471 72.4455 70.8287 69.2626 67.9294 66.5371 65.2319 64.0622 62.9064 62.0817 61.3048 60.9312 60.7662 60.8996 61.3668 62.0049 62.9493 64.0343 65.2131 66.5801 67.8318 69.359 70.7552 72.4428 74.363 76.554 79.228 82.4779 86.354 153.114 8942.24 8940.5 8938.77 8937.27 8936.49 8935.43 8934.83 8934.2 8933.67 8933.11 8932.58 8931.68 8931.38 8930.95
8930.66 8930.92 8931.13 8931.63 8932.3 8932.83 8933.53 8933.93 8934.39 8934.99 8935.74 8936.65 8938.04 8939.24 8940.82 8942.81 118.706 85.6849 82.0453 79.322 76.8012 74.7272 72.9777 71.3734 70.1251 68.883 67.7851 66.8367 65.875 65.2877 64.6407 64.374 64.2435 64.3454 64.7413 65.185 65.955 66.8191 67.7727 68.9588 70.0231 71.4973 72.9306 74.7605 76.8553 79.2619 82.1535 85.7667 118.663 8942.62 8940.76 8939.21 8937.98 8936.57 8935.79 8934.79 8934.41 8933.91 8933.37 8932.82 8932.27 8931.42 8931.21 8930.83
8930.44 8930.71 8930.93 8931.46 8932 8932.46 8933.2 8933.58 8934.03 8934.65 8935.33 8936.12 8937.35 8938.38 8939.58 8941.02 8942.63 118.256 85.7522 82.5507 79.7143 77.4327 75.5484 73.8052 72.483 71.246 70.2377 69.4218 68.5818 68.1378 67.5714 67.3793 67.2625 67.3194 67.6734 68.0118 68.6568 69.3753 70.1992 71.3001 72.3408 73.8862 75.4298 77.4438 79.8018 82.4797 85.729 118.306 8942.89 8941.01 8939.66 8938.44 8937.46 8936.08 8935.56 8934.57 8934.14 8933.66 8933.14 8932.61 8932.09 8931.37 8931.08 8930.68
8930.36 8930.62 8930.84 8931.36 8931.82 8932.21 8932.93 8933.31 8933.77 8934.28 8934.84 8935.68 8936.8 8937.79 8938.66 8939.75 8941.16 8943.07 118.682 86.3752 83.1318 80.6662 78.4404 76.5185 75.034 73.6803 72.604 71.7724 70.9631 70.5944 70.0717 69.9247 69.8212 69.8605 70.2008 70.4666 71.067 71.7545 72.5866 73.7697 74.9278 76.6147 78.3345 80.6019 83.2376 86.3919 118.662 8942.78 8941.21 8939.64 8938.61 8937.63 8936.84 8935.45 8934.91 8934.08 8933.77 8933.31 8932.74 8932.22 8931.8 8931.15 8930.88 8930.49
8930.01 8930.3 8930.59 8931.06 8931.43 8931.74 8932.39 8932.78 8933.26 8933.79 8934.26 8935.03 8936.07 8937.05 8937.82 8938.59 8939.68 8941.02 8942.54 153.147 87.7653 84.8052 82.0991 79.8878 78.2247 76.7185 75.5224 74.5977 73.7135 73.3258 72.8053 72.6529 72.5574 72.5975 72.9126 73.164 73.8002 74.5586 75.4818 76.7726 78.0216 79.983 82.0583 84.684 87.7581 153.126 8942.72 8941.01 8939.75 8938.61 8937.95 8937.03 8936.28 8934.95 8934.48 8933.7 8933.37 8932.9 8932.32 8931.86 8931.57 8930.99 8930.76 8930.28
8929.73 8930.07 8930.42 8930.94 8931.28 8931.53 8932.07 8932.39 8932.87 8933.4 8933.8 8934.56 8935.54 8936.54 8937.28 8937.94 8938.67 8939.55 8940.85 8942.23 335.061 104.9 86.2237 84.0259 81.9071 80.2003 78.8354 77.7718 76.8276 76.3847 75.8235 75.6433 75.531 75.5801 75.949 76.2592 76.911 77.7694 78.8408 80.3266 81.7891 83.9013 86.2196 104.908 335.099 8942.13 8940.77 8939.56 8938.61 8937.84 8937.28 8936.37 8935.61 8934.34 8933.9 8933.18 8932.84 8932.39 8931.89 8931.51 8931.29 8930.74 8930.53 8929.94
8929.21 8929.46 8929.8 8930.32 8930.65 8930.86 8931.41 8931.64 8932.01 8932.58 8932.87 8933.58 8934.58 8935.64 8936.35 8937.02 8937.68 8938.31 8939.32 8940.41 8941.62 8942.83 173.023 95.6683 86.3706 84.733 83.0537 81.6069 80.5333 80.1649 79.5637 79.3379 79.2139 79.288 79.6773 79.9985 80.6719 81.6486 83.0243 84.711 86.332 95.7012 172.9 8942.79 8941.67 8940.51 8939.32 8938.44 8937.75 8937.03 8936.49 8935.58 8934.8 8933.46 8933.15 8932.45 8932.15 8931.77 8931.31 8930.99 8930.79 8930.17 8930 8929.47
8929.32 8929.68 8929.98 8930.25 8930.5 8930.69 8930.99 8931.16 8931.43 8931.83 8932.1 8932.88 8933.74 8934.84 8935.61 8936.29 8936.9 8937.36 8938.12 8938.66 8939.68 8940.75 8941.67 8942.93 202.227 117.834 91.174 86.4122 85.1996 84.8893 84.1353 83.7937 83.634 83.7352 84.315 84.8189 85.483 86.4161 91.1927 117.894 202.027 8942.7 8941.81 8940.64 8939.62 8938.67 8937.98 8937.35 8936.84 8936.16 8935.61 8934.68 8933.86 8932.58 8932.27 8931.59 8931.42 8931.11 8930.91 8930.59 8930.48 8930.1 8929.98 8929.53
8929.19 8929.55 8929.82 8930.07 8930.31 8930.48 8930.73 8930.89 8931.09 8931.26 8931.41 8931.8 8932.39 8933.6 8934.3 8934.93 8935.54 8935.94 8936.69 8937.14 8937.85 8938.7 8939.35 8940.39 8941.22 8942.2 8943.08 248.51 138.562 118.154 104.738 104.131 103.895 104.113 104.794 118.017 138.733 248.318 8943.14 8942.09 8941.46 8940.19 8939.56 8938.65 8937.88 8937.27 8936.68 8936.08 8935.58 8934.95 8934.46 8933.46 8932.72 8931.67 8931.57 8931.25 8931.2 8930.92 8930.83 8930.52 8930.42 8930.06 8929.95 8929.51
8929.41 8929.74 8929.98 8930.2 8930.44 8930.6 8930.83 8930.98 8931.16 8931.31 8931.42 8931.63 8932.19 8933.23 8933.9 8934.41 8935.07 8935.31 8935.99 8936.37 8936.89 8937.42 8937.84 8938.59 8939.08 8939.87 8940.59 8941.04 8941.73 8941.73 8942.52 8942.44 8942.57 8942.7 8942.05 8942.14 8941.53 8941.05 8940.61 8939.75 8939.26 8938.33 8937.97 8937.27 8936.85 8936.39 8935.79 8935.44 8934.91 8934.36 8933.9 8933.02 8932.27 8931.44 8931.44 8931.17 8931.14 8930.86 8930.79 8930.51 8930.41 8930.08 8929.99 8929.58
8929.29 8929.6 8929.83 8930.04 8930.25 8930.4 8930.6 8930.73 8930.89 8931.04 8931.14 8931.3 8931.54 8932.48 8933.17 8933.67 8934.17 8934.42 8934.93 8935.34 8935.78 8936.25 8936.48 8937.19 8937.44 8938.02 8938.62 8938.95 8939.56 8939.46 8939.79 8939.72 8939.8 8939.83 8939.63 8939.71 8939.38 8939.06 8938.63 8937.88 8937.73 8936.99 8936.75 8936.15 8935.86 8935.43 8934.91 8934.58 8934.2 8933.71 8933.31 8932.45 8931.72 8931.25 8931.3 8931.03 8931.02 8930.76 8930.69 8930.43 8930.35 8930.03 8929.97 8929.56
8929.39 8929.69 8929.91 8930.1 8930.3 8930.43 8930.62 8930.74 8930.9 8931.03 8931.11 8931.24 8931.37 8932.18 8932.84 8933.36 8933.8 8934.08 8934.46 8934.81 8935.19 8935.57 8935.79 8936.2 8936.53 8936.92 8937.34 8937.72 8938.26 8938.35 8938.62 8938.64 8938.71 8938.63 8938.56 8938.47 8938.19 8937.73 8937.31 8936.82 8936.61 8936.05 8935.86 8935.42 8935.19 8934.74 8934.42 8934.02 8933.77 8933.25 8932.85 8932.02 8931.42 8931.07 8931.14 8930.87 8930.88 8930.64 8930.58 8930.33 8930.27 8929.95 8929.91 8929.51
8929.3 8929.55 8929.72 8929.89 8930.1 8930.22 8930.42 8930.52 8930.65 8930.77 8930.83 8930.96 8931.07 8931.8 8932.38 8932.89 8933.35 8933.61 8933.94 8934.17 8934.56 8934.92 8935.14 8935.39 8935.53 8935.89 8936.19 8936.43 8936.88 8937.15 8937.48 8937.58 8937.68 8937.57 8937.48 8937.17 8936.8 8936.44 8936.24 8935.85 8935.68 8935.34 8935.27 8934.9 8934.65 8934.2 8934.03 8933.67 8933.43 8932.91 8932.52 8931.77 8931.24 8930.92 8931.01 8930.76 8930.77 8930.54 8930.51 8930.26 8930.22 8929.89 8929.88 8929.51
8929.33 8929.57 8929.74 8929.91 8930.1 8930.21 8930.39 8930.47 8930.6 8930.7 8930.76 8930.87 8930.86 8931.35 8931.88 8932.31 8932.78 8933.09 8933.41 8933.64 8934 8934.32 8934.52 8934.76 8934.8 8935 8935.25 8935.49 8935.77 8936.05 8936.44 8936.58 8936.71 8936.59 8936.43 8936.04 8935.74 8935.44 8935.22 8934.9 8934.89 8934.61 8934.57 8934.21 8933.99 8933.58 8933.38 8933.03 8932.75 8932.19 8931.89 8931.19 8930.91 8930.69 8930.79 8930.56 8930.58 8930.37 8930.35 8930.1 8930.07 8929.77 8929.75 8929.41
8929.19 8929.41 8929.57 8929.72 8929.89 8929.98 8930.14 8930.23 8930.35 8930.44 8930.48 8930.56 8930.54 8931.02 8931.5 8931.85 8932.26 8932.55 8932.88 8933.08 8933.29 8933.61 8933.78 8934.03 8934.14 8934.27 8934.4 8934.53 8934.69 8934.87 8935.14 8935.3 8935.47 8935.3 8935.11 8934.85 8934.74 8934.53 8934.46 8934.28 8934.24 8933.97 8933.95 8933.58 8933.37 8933.12 8932.94 8932.62 8932.34 8931.85 8931.63 8931 8930.73 8930.52 8930.64 8930.43 8930.47 8930.26 8930.25 8930.02 8930 8929.73 8929.7 8929.36
8929.22 8929.44 8929.58 8929.72 8929.87 8929.96 8930.11 8930.19 8930.29 8930.36 8930.39 8930.46 8930.43 8930.83 8931.28 8931.56 8931.84 8932.03 8932.34 8932.52 8932.72 8933.06 8933.31 8933.56 8933.75 8933.88 8933.97 8934.02 8934.06 8934.1 8934.18 8934.21 8934.31 8934.16 8934.16 8934.05 8934.06 8933.96 8933.98 8933.82 8933.76 8933.49 8933.34 8932.93 8932.71 8932.48 8932.27 8932 8931.81 8931.44 8931.29 8930.68 8930.49 8930.29 8930.41 8930.22 8930.27 8930.07 8930.07 8929.86 8929.84 8929.58 8929.59 8929.25
8928.98 8929.17 8929.31 8929.45 8929.61 8929.68 8929.81 8929.87 8929.96 8930.04 8930.05 8930.11 8930.05 8930.21 8930.72 8930.99 8931.21 8931.26 8931.48 8931.68 8931.93 8932.25 8932.57 8932.83 8933.03 8933.16 8933.23 8933.24 8933.19 8933.1 8932.93 8932.67 8932.59 8932.67 8933 8933.09 8933.27 8933.24 8933.3 8933.16 8933.11 8932.83 8932.65 8932.24 8932.02 8931.68 8931.52 8931.38 8931.27 8930.99 8930.84 8930.18 8930.25 8930.07 8930.2 8930.04 8930.1 8929.9 8929.9 8929.73 8929.72 8929.45 8929.48 8929.14
8929.04 8929.22 8929.35 8929.48 8929.62 8929.66 8929.79 8929.84 8929.93 8929.98 8929.96 8930 8929.92 8930.06 8930.51 8930.73 8930.94 8931.05 8931.21 8931.38 8931.57 8931.76 8932.07 8932.34 8932.54 8932.66 8932.7 8932.69 8932.58 8932.38 8932.06 8931.77 8931.68 8931.76 8932.07 8932.28 8932.58 8932.61 8932.7 8932.58 8932.54 8932.26 8932.07 8931.66 8931.56 8931.29 8931.21 8930.99 8930.89 8930.65 8930.53 8929.88 8929.99 8929.83 8929.99 8929.84 8929.92 8929.74 8929.75 8929.58 8929.59 8929.32 8929.37 8929.04
8928.76 8928.92 8929.03 8929.13 8929.27 8929.32 8929.45 8929.47 8929.53 8929.57 8929.55 8929.59 8929.43 8929.51 8929.96 8930.26 8930.49 8930.68 8930.83 8930.95 8931.08 8931.21 8931.48 8931.71 8931.87 8931.97 8932 8931.96 8931.77 8931.56 8931.44 8931.44 8931.45 8931.44 8931.51 8931.59 8931.88 8931.94 8932.08 8931.97 8931.95 8931.7 8931.55 8931.2 8931.15 8930.96 8930.93 8930.69 8930.61 8930.28 8930.04 8929.47 8929.66 8929.52 8929.71 8929.56 8929.66 8929.51 8929.53 8929.37 8929.4 8929.13 8929.18 8928.88
@ u_xCII 64 64
0.000159997 0.000159997 0.000159997 0.000159997 0.000159997 0.000159997 0.000159997 0.000159997 0.000159997 0.000159997 0.000159997 0.000159997 0.000159997 0.000159997 0.000159997 0.000159997 0.000159997 0.000159997 0.000159997 0.000159997 0.000159997 0.000159997 0.000159997 0.000159997 0.000159997 0.000159997 0.000159997 0.000159997 0.000159997 0.000159997 0.000159997 0.000159997 0.000159997 0.000159997 0.000159997 0.000159997 0.000159997 0.000159997 0.000159997 0.000159997 0.000159997 0.000159997 0.000159997 0.000159997 0.000159997 0.000159997 0.000159997 0.000159997 0.000159997 0.000159997 0.000159997 0.000159997 0.000159997 0.000159997 0.000159997 0.000159997 0.000159997 0.000159997 0.000159997 0.000159997 0.000159997 0.000159997 0.000159997 0.000159997
0.000159997 0.000159997 0.000159997 0.000159997 0.000159997 0.000159997 0.000159997 0.000159997 0.000159997 0.000159997 0.000159997 0.000159997 0.000159997 0.000159997 0.000159997 0.000159997 0.000159997 0.000159997 0.000159997 0.000159997 0.000159997 0.000159997 0.000159997 0.000159997 0.000159997 0.000159997 0.000159997 0.000159997 0.000159997 0.000159997 0.000159997 0.000159997 0.000159997 0.000159997 0.000159997 0.000159997 0.000159997 0.000159997 0.000159997 0.000159997 0.000159997 0.000159997 0.000159997 0.000159997 0.000159997 0.000159997 0.000159997 0.000159997 0.000159997 0.000159997 0.000159997 0.000159997 0.000159997 0.000159997 0.000159997 0.000159997 0.000159997 0.000159997 0.000159997 0.000159997 0.000159997 0.000159997 0.000159997 0.000159997
0.000159997 0.000159997 0.000159997 0.000159997 0.000159997 0.000159997 0.000159997 0.000159997 0.000159997 0.000159997 0.000159997 0.000159997 0.000159997 0.000159997 0.000159997 0.000159997 0.000159997 0.000159997 0.000159997 0.000159997 0.000159997 0.000159997 0.000159997 0.000159997 0.000159997 0.000159997 0.000159997 0.000159997 0.000159997 0.000159997 0.000159997 0.000159997 0.000159997 0.000159997 0.000159997 0.000159997 0.000159997 0.000159997 0.000159997 0.000159997 0.000159997 0.000159997 0.000159997 0.000159997 0.000159997 0.000159997 0.000159997 0.000159997 0.000159997 0.000159997 0.000159997 0.000159997 0.000159997 0.000159997 0.000159997 0.000159997 0.000159997 0.000159997 0.000159997 0.000159997 0.000159997 0.000159997 0.000159997 0.000159997
0.000159997 0.000159997 0.000159997 0.000159997 0.000159997 0.000159997 0.000159997 0.000159997 0.000159997 0.000159997 0.000159997 0.000159997 0.000159997 0.000159997 0.000159997 0.000159997 0.000159997 0.000159997 0.000159997 0.000159997 0.000159997 0.000159997 0.000159997 0.000159997 0.000159997 0.000159997 0.000159997 0.000159997 0.000159997 0.000159997 0.000159997 0.000159997 0.000159997 0.000159997 0.000159997 0.000159997 0.000159997 0.000159997 0.000159997 0.000159997 0.000159997 0.000159997 0.000159997 0.000159997 0.000159997 0.000159997 0.000159997 0.000159997 0.000159997 0.000159997 0.000159997 0.000159997 0.000159997 0.000159997 0.000159997 0.000159997 0.000159997 0.000159997 0.000159997 0.000159997 0.000159997 0.000159997 0.000159997 0.000159997
0.000159997 0.000159997 0.000159997 0.000159997 0.000159997 0.000159997 0.000159997 0.000159997 0.000159997 0.000159997 0.000159997 0.000159997 0.000159997 0.000159997 0.000159997 0.000159997 0.000159997 0.000159997 0.000159997 0.000159997 0.000159997 0.000159997 0.000159997 0.000159997 0.000159997 0.000159997 0.000159997 0.000159997 0.000159997 0.000159997 0.000159997 0.000159997 0.000159997 0.000159997 0.000159997 0.000159997 0.000159997 0.000159997 0.000159997 0.000159997 0.000159997 0.000159997 0.000159997 0.000159997 0.000159997 0.000159997 0.000159997 0.000159997 0.000159997 0.000159997 0.000159997 0.000159997 0.000159997 0.000159997 0.000159997 0.000159997 0.000159997 0.000159997 0.000159997 0.000159997 0.000159997 0.000159997 0.000159997 0.000159997
0.000159997 0.000159997 0.000159997 0.000159997 0.000159997 0.000159997 0.000159997 0.000159997 0.000159997 0.000159997 0.000159997 0.000159997 0.000159997 0.000159997 0.000159997 0.000159997 0.000159997 0.000159997 0.000159997 0.000159997 0.000159997 0.000159997 0.000159997 0.000159997 0.000159997 0.000159997 0.000159997 0.000159997 0.000159997 0.000159997 0.000159997 0.000159997 0.000159997 0.000159997 0.000159997 0.000159997 0.000159997 0.000159997 0.000159997 0.000159997 0.000159997 0.000159997 0.000159997 0.000159997 0.000159997 0.000159997 0.000159997 0.000159997 0.000159997 0.000159997 0.000159997 0.000159997 0.000159997 0.000159997 0.000159997 0.000159997 0.000159997 0.000159997 0.000159997 0.000159997 0.000159997 0.000159997 0.000159997 0.000159997
0.000159997 0.000159997 0.000159997 0.000159997 0.000159997 0.000159997 0.000159997 0.000159997 0.000159997 0.000159997 0.000159997 0.000159997 0.000159997 0.000159997 0.000159997 0.000159997 0.000159997 0.000159997 0.000159997 0.000159997 0.000159997 0.000159997 0.000159997 0.000159997 0.000159997 0.000159997 0.000159997 0.000159997 0.000159997 0.000159997 0.000159997 0.000159997 0.000159997 0.000159997 0.000159997 0.000159997 0.000159997 0.000159997 0.000159997 0.000159997 0.000159997 0.000159997 0.000159997 0.000159997 0.000159997 0.000159997 0.000159997 0.000159997 0.000159997 0.000159997 0.000159997 0.000159997 0.000159997 0.000159997 0.000159997 0.000159997 0.000159997 0.000159997 0.000159997 0.000159997 0.000159997 0.000159997 0.000159997 0.000159997
0.000159997 0.000159997 0.000159997 0.000159997 0.000159997 0.000159997 0.000159997 0.000159997 0.000159997 0.000159997 0.000159997 0.000159997 0.000159997 0.000159997 0.000159997 0.000159997 0.000159997 0.000159997 0.000159997 0.000159997 0.000159997 0.000159997 0.000159997 0.000159997 0.000159997 0.000159997 0.000159997 0.000159997 0.000159997 0.000159997 0.000159997 0.000159997 0.000159997 0.000159997 0.000159997 0.000159997 0.000159997 0.000159997 0.000159997 0.000159997 0.000159997 0.000159997 0.000159997 0.000159997 0.000159997 0.000159997 0.000159997 0.000159997 0.000159997 0.000159997 0.000159997 0.000159997 0.000159997 0.000159997 0.000159997 0.000159997 0.000159997 0.000159997 0.000159997 0.000159997 0.000159997 0.000159997 0.000159997 0.000159997
0.000159997 0.000159997 0.000159997 0.000159997 0.000159997 0.000159997 0.000159997 0.000159997 0.000159997 0.000159997 0.000159997 0.000159997 0.000159997 0.000159997 0.000159997 0.000159997 0.000159997 0.000159997 0.000159997 0.000159997 0.000159997 0.000159997 0.000159997 0.000159997 0.000159997 0.000159997 0.000159997 0.000159997 0.000159997 0.000159997 0.000159997 0.000159997 0.000159997 0.000159997 0.000159997 0.000159997 0.000159997 0.000159997 0.000159997 0.000159997 0.000159997 0.000159997 0.000159997 0.000159997 0.000159997 0.000159997 0.000159997 0.000159997 0.000159997 0.000159997 0.000159997 0.000159997 0.000159997 0.000159997 0.000159997 0.000159997 0.000159997 0.000159997 0.000159997 0.000159997 0.000159997 0.000159997 0.000159997 0.000159997
0.000159997 0.000159997 0.000159997 0.000159997 0.000159997 0.000159997 0.000159997 0.000159997 0.000159997 0.000159997 0.000159997 0.000159997 0.000159997 0.000159997 0.000159997 0.000159997 0.000159997 0.000159997 0.000159997 0.000159997 0.000159997 0.000159997 0.000159997 0.000159997 0.000159997 0.000159997 0.000159997 0.000159997 0.000159997 0.000159997 0.000159997 0.000159997 0.000159997 0.000159997 0.000159997 0.000159997 0.000159997 0.000159997 0.000159997 0.000159997 0.000159997 0.000159997 0.000159997 0.000159997 0.000159997 0.000159997 0.000159997 0.000159997 0.000159997 0.000159997 0.000159997 0.000159997 0.000159997 0.000159997 0.000159997 0.000159997 0.000159997 0.000159997 0.000159997 0.000159997 0.000159997 0.000159997 0.000159997 0.000159997
0.000159997 0.000159997 0.000159997 0.000159997 0.000159997 0.000159997 0.000159997 0.000159997 0.000159997 0.000159997 0.000159997 0.000159997 0.000159997 0.000159997 0.000159997 0.000159997 0.000159997 0.000159997 0.000159997 0.000159997 0.000159997 0.000159997 0.000159997 0.000159997 0.000159997 0.000159997 0.000159997 0.000159997 0.000159997 0.000159997 0.000159997 0.000159997 0.000159997 0.000159997 0.000159997 0.000159997 0.000159997 0.000159997 0.000159997 0.000159997 0.000159997 0.000159997 0.000159997 0.000159997 0.000159997 0.000159997 0.000159997 0.000159997 0.000159997 0.000159997 0.000159997 0.000159997 0.000159997 0.000159997 0.000159997 0.000159997 0.000159997 0.000159997 0.000159997 0.000159997 0.000159997 0.000159997 0.000159997 0.000159997
0.000159997 0.000159997 0.000159997 0.000159997 0.000159997 0.000159997 0.000159997 0.000159997 0.000159997 0.000159997 0.000159997 0.000159997 0.000159997 0.000159997 0.000159997 0.000159997 0.000159997 0.000159997 0.000159997 0.000159997 0.000159997 0.000159997 0.000159997 0.000159997 0.000159997 0.000159997 0.000159997 0.000159901 0.000159799 0.000159744 0.000159685 0.000159681 0.00015968 0.000159681 0.000159686 0.000159742 0.0001598 0.000159901 0.000159997 0.000159997 0.000159997 0.000159997 0.000159997 0.000159997 0.000159997 0.000159997 0.000159997 0.000159997 0.000159997 0.000159997 0.000159997 0.000159997 0.000159997 0.000159997 0.000159997 0.000159997 0.000159997 0.000159997 0.000159997 0.000159997 0.000159997 0.000159997 0.000159997 0.000159997
0.000159997 0.000159997 0.000159997 0.000159997 0.000159997 0.000159997 0.000159997 0.000159997 0.000159997 0.000159997 0.000159997 0.000159997 0.000159997 0.000159997 0.000159997 0.000159997 0.000159997 0.000159997 0.000159997 0.000159997 0.000159997 0.000159997 0.000159997 0.000159997 0.000159876 0.000159741 0.000159588 0.000159535 0.000159515 0.000159505 0.000159493 0.000159485 0.000159483 0.000159485 0.000159494 0.000159504 0.000159517 0.000159535 0.000159589 0.000159741 0.000159876 0.000159997 0.000159997 0.000159997 0.000159997 0.000159997 0.000159997 0.000159997 0.000159997 0.000159997 0.000159997 0.000159997 0.000159997 0.000159997 0.000159997 0.000159997 0.000159997 0.000159997 0.000159997 0.000159997 0.000159997 0.000159997 0.000159997 0.000159997
0.000159997 0.000159997 0.000159997 0.000159997 0.000159997 0.000159997 0.000159997 0.000159997 0.000159997 0.000159997 0.000159997 0.000159997 0.000159997 0.000159997 0.000159997 0.000159997 0.000159997 0.000159997 0.000159997 0.000159997 0.000159997 0.000159997 0.000159851 0.000159627 0.000159536 0.000159503 0.000159473 0.000159443 0.000159418 0.000159402 0.000159388 0.000159379 0.000159377 0.000159379 0.000159389 0.0001594 0.00015942 0.000159443 0.000159473 0.000159504 0.000159536 0.000159627 0.000159851 0.000159997 0.000159997 0.000159997 0.000159997 0.000159997 0.000159997 0.000159997 0.000159997 0.000159997 0.000159997 0.000159997 0.000159997 0.000159997 0.000159997 0.000159997 0.000159997 0.000159997 0.000159997 0.000159997 0.000159997 0.000159997
0.000159997 0.000159997 0.000159997 0.000159997 0.000159997 0.000159997 0.000159997 0.000159997 0.000159997 0.000159997 0.000159997 0.000159997 0.000159997 0.000159997 0.000159997 0.000159997 0.000159997 0.000159997 0.000159997 0.000159997 0.000159927 0.000159686 0.000159534 0.000159494 0.000159452 0.000159408 0.000159369 0.000159332 0.000159299 0.000159273 0.000159251 0.000159238 0.000159234 0.000159237 0.000159253 0.000159271 0.0001593 0.000159332 0.000159369 0.00015941 0.00015945 0.000159493 0.000159534 0.000159686 0.000159927 0.000159997 0.000159997 0.000159997 0.000159997 0.000159997 0.000159997 0.000159997 0.000159997 0.000159997 0.000159997 0.000159997 0.000159997 0.000159997 0.000159997 0.000159997 0.000159997 0.000159997 0.000159997 0.000159997
0.000159997 0.000159997 0.000159997 0.000159997 0.000159997 0.000159997 0.000159997 0.000159997 0.000159997 0.000159997 0.000159997 0.000159997 0.000159997 0.000159997 0.000159997 0.000159997 0.000159997 0.000159997 0.000159997 0.000159825 0.000159555 0.000159503 0.000159452 0.000159397 0.000159346 0.00015929 0.000159236 0.000159184 0.000159135 0.000159097 0.000159066 0.000159047 0.000159041 0.000159047 0.000159067 0.000159094 0.000159137 0.000159183 0.000159236 0.00015929 0.000159343 0.000159399 0.000159451 0.000159499 0.000159555 0.000159825 0.000159997 0.000159997 0.000159997 0.000159997 0.000159997 0.000159997 0.000159997 0.000159997 0.000159997 0.000159997 0.000159997 0.000159997 0.000159997 0.000159997 0.000159997 0.000159997 0.000159997 0.000159997
0.000159997 0.000159997 0.000159997 0.000159997 0.000159997 0.000159997 0.000159997 0.000159997 0.000159997 0.000159997 0.000159997 0.000159997 0.000159997 0.000159997 0.000159997 0.000159997 0.000159997 0.000159997 0.000159747 0.000159537 0.000159481 0.000159421 0.000159357 0.000159287 0.000159216 0.000159137 0.00015906 0.000158985 0.000158914 0.000158853 0.000158806 0.000158776 0.000158767 0.000158775 0.000158807 0.000158853 0.000158916 0.000158984 0.00015906 0.000159138 0.000159215 0.000159289 0.000159355 0.000159419 0.000159482 0.000159537 0.000159746 0.000159997 0.000159997 0.000159997 0.000159997 0.000159997 0.000159997 0.000159997 0.000159997 0.000159997 0.000159997 0.000159997 0.000159997 0.000159997 0.000159997 0.000159997 0.000159997 0.000159997
0.000159997 0.000159997 0.000159997 0.000159997 0.000159997 0.000159997 0.000159997 0.000159997 0.000159997 0.000159997 0.000159997 0.000159997 0.000159997 0.000159997 0.000159997 0.000159997 0.000159997 0.000159744 0.000159527 0.000159465 0.000159395 0.00015932 0.000159237 0.000159139 0.000159038 0.000158925 0.00015881 0.000158695 0.000158584 0.000158486 0.00015841 0.000158359 0.000158343 0.000158358 0.00015841 0.000158486 0.000158585 0.000158693 0.00015881 0.000158925 0.000159034 0.00015914 0.000159235 0.00015932 0.000159397 0.000159464 0.000159526 0.000159744 0.000159997 0.000159997 0.000159997 0.000159997 0.000159997 0.000159997 0.000159997 0.000159997 0.000159997 0.000159997 0.000159997 0.000159997 0.000159997 0.000159997 0.000159997 0.000159997
0.000159997 0.000159997 0.000159997 0.000159997 0.000159997 0.000159997 0.000159997 0.000159997 0.000159997 0.000159997 0.000159997 0.000159997 0.000159997 0.000159997 0.000159997 0.000159997 0.000159747 0.000159527 0.000159458 0.000159384 0.000159298 0.0001592 0.000159084 0.000158951 0.000158804 0.000158639 0.00015846 0.000158277 0.000158101 0.000157942 0.00015782 0.000157734 0.000157709 0.000157739 0.00015782 0.000157941 0.000158102 0.000158276 0.00015846 0.000158638 0.000158803 0.000158953 0.000159084 0.000159199 0.000159299 0.000159383 0.000159459 0.000159528 0.000159746 0.000159997 0.000159997 0.000159997 0.000159997 0.000159997 0.000159997 0.000159997 0.000159997 0.000159997 0.000159997 0.000159997 0.000159997 0.000159997 0.000159997 0.000159997
0.000159997 0.000159997 0.000159997 0.000159997 0.000159997 0.000159997 0.000159997 0.000159997 0.000159997 0.000159997 0.000159997 0.000159997 0.000159997 0.000159997 0.000159997 0.000159825 0.000159537 0.000159465 0.000159384 0.000159292 0.00015918 0.000159046 0.000158888 0.000158696 0.000158474 0.000158218 0.000157936 0.000157643 0.000157357 0.000157085 0.000156879 0.000156736 0.000156691 0.000156739 0.000156874 0.000157091 0.000157356 0.000157642 0.00015794 0.000158218 0.000158474 0.000158699 0.000158887 0.000159045 0.00015918 0.000159291 0.000159385 0.000159467 0.000159536 0.000159825 0.000159997 0.000159997 0.000159997 0.000159997 0.000159997 0.000159997 0.000159997 0.000159997 0.000159997 0.000159997 0.000159997 0.000159997 0.000159997 0.000159997
0.000159997 0.000159997 0.000159997 0.000159997 0.000159997 0.000159997 0.000159997 0.000159997 0.000159997 0.000159997 0.000159997 0.000159997 0.000159997 0.000159997 0.000159927 0.000159554 0.000159481 0.000159395 0.000159298 0.000159179 0.00015903 0.00015885 0.000158626 0.000158345 0.000158007 0.000157613 0.000157167 0.000156691 0.000156208 0.000155739 0.000155385 0.000155128 0.000155043 0.000155132 0.000155369 0.000155753 0.000156203 0.000156685 0.000157171 0.000157612 0.000158007 0.000158346 0.000158626 0.000158849 0.000159032 0.00015918 0.000159299 0.000159397 0.00015948 0.000159555 0.000159927 0.000159997 0.000159997 0.000159997 0.000159997 0.000159997 0.000159997 0.000159997 0.000159997 0.000159997 0.000159997 0.000159997 0.000159997 0.000159997
0.000159997 0.000159997 0.000159997 0.000159997 0.000159997 0.000159997 0.000159997 0.000159997 0.000159997 0.000159997 0.000159997 0.000159997 0.000159997 0.000159997 0.000159687 0.000159504 0.000159421 0.00015932 0.0001592 0.000159047 0.000158851 0.0001586 0.000158277 0.000157868 0.000157357 0.000156744 0.000156021 0.000155226 0.000154411 0.000153595 0.000152963 0.000152497 0.000152343 0.000152522 0.000152934 0.000153621 0.000154397 0.000155222 0.000156025 0.000156739 0.000157358 0.000157867 0.000158279 0.0001586 0.000158852 0.000159047 0.000159199 0.000159322 0.00015942 0.000159507 0.000159686 0.000159997 0.000159997 0.000159997 0.000159997 0.000159997 0.000159997 0.000159997 0.000159997 0.000159997 0.000159997 0.000159997 0.000159997 0.000159997
0.000159997 0.000159997 0.000159997 0.000159997 0.000159997 0.000159997 0.000159997 0.000159997 0.000159997 0.000159997 0.000159997 0.000159997 0.000159997 0.000159851 0.000159534 0.000159452 0.000159357 0.000159237 0.000159084 0.000158888 0.000158625 0.000158277 0.000157812 0.00015721 0.000156427 0.000155461 0.000154277 0.00015293 0.000151529 0.000150083 0.000148959 0.000148115 0.000147829 0.000148159 0.000148882 0.000150135 0.000151497 0.000152932 0.000154285 0.000155446 0.000156431 0.000157208 0.000157815 0.000158276 0.000158627 0.000158888 0.000159083 0.000159239 0.000159356 0.000159454 0.000159534 0.000159851 0.000159997 0.000159997 0.000159997 0.000159997 0.000159997 0.000159997 0.000159997 0.000159997 0.000159997 0.000159997 0.000159997 0.000159997
0.000159997 0.000159997 0.000159997 0.000159997 0.000159997 0.000159997 0.000159997 0.000159997 0.000159997 0.000159997 0.000159997 0.000159997 0.000159997 0.000159627 0.000159495 0.000159397 0.000159288 0.00015914 0.000158951 0.000158697 0.000158346 0.000157868 0.00015721 0.000156324 0.000155133 0.000153621 0.000151699 0.000149441 0.000147015 0.000144404 0.000142376 0.000140829 0.000140287 0.000140914 0.000142236 0.000144548 0.000146964 0.000149446 0.000151715 0.000153603 0.000155144 0.000156319 0.000157214 0.000157863 0.000158346 0.000158697 0.000158949 0.000159143 0.000159286 0.000159399 0.000159494 0.000159627 0.000159997 0.000159997 0.000159997 0.000159997 0.000159997 0.000159997 0.000159997 0.000159997 0.000159997 0.000159997 0.000159997 0.000159997
0.000159997 0.000159997 0.000159997 0.000159997 0.000159997 0.000159997 0.000159997 0.000159997 0.000159997 0.000159997 0.000159997 0.000159997 0.000159876 0.000159535 0.000159451 0.000159345 0.000159216 0.000159037 0.000158804 0.000158474 0.000158007 0.000157356 0.000156426 0.000155133 0.000153318 0.000150944 0.000147831 0.000144028 0.000139814 0.000135154 0.000131485 0.000128612 0.000127601 0.000128801 0.000131174 0.000135446 0.000139711 0.000144026 0.000147848 0.000150916 0.000153337 0.000155123 0.000156434 0.000157352 0.000158008 0.000158476 0.000158802 0.000159042 0.000159214 0.000159347 0.000159451 0.000159535 0.000159876 0.000159997 0.000159997 0.000159997 0.000159997 0.000159997 0.000159997 0.000159997 0.000159997 0.000159997 0.000159997 0.000159997
0.000159997 0.000159997 0.000159997 0.000159997 0.000159997 0.000159997 0.000159997 0.000159997 0.000159997 0.000159997 0.000159997 0.000159997 0.000159741 0.000159503 0.000159408 0.00015929 0.000159138 0.000158926 0.00015864 0.00015822 0.000157614 0.000156746 0.000155462 0.000153622 0.00015094 0.000147283 0.000142312 0.000136033 0.000128881 0.000120822 0.000114478 0.000109507 0.000107766 0.00010987 0.000113906 0.000121348 0.000128705 0.000136055 0.000142349 0.000147248 0.000150968 0.000153599 0.000155469 0.000156739 0.000157614 0.000158221 0.000158636 0.00015893 0.000159135 0.000159291 0.000159408 0.000159505 0.000159741 0.000159997 0.000159997 0.000159997 0.000159997 0.000159997 0.000159997 0.000159997 0.000159997 0.000159997 0.000159997 0.000159997
0.000159997 0.000159997 0.000159997 0.000159997 0.000159997 0.000159997 0.000159997 0.000159997 0.000159997 0.000159997 0.000159997 0.000159997 0.000159588 0.000159473 0.000159368 0.000159236 0.000159059 0.000158809 0.000158459 0.000157936 0.000157166 0.000156021 0.000154275 0.000151701 0.000147828 0.000142323 0.000134581 0.000124549 0.000112928 0.000100024 9.0027e-05 8.23971e-05 7.97478e-05 8.29768e-05 8.90651e-05 0.000100738 0.000112602 0.000124546 0.000134629 0.000142273 0.00014787 0.000151671 0.000154288 0.000156016 0.000157168 0.00015794 0.000158456 0.000158815 0.000159057 0.000159238 0.000159369 0.000159474 0.000159589 0.000159997 0.000159997 0.000159997 0.000159997 0.000159997 0.000159997 0.000159997 0.000159997 0.000159997 0.000159997 0.000159997
0.000159997 0.000159997 0.000159997 0.000159997 0.000159997 0.000159997 0.000159997 0.000159997 0.000159997 0.000159997 0.000159997 0.000159902 0.000159536 0.000159444 0.000159333 0.000159185 0.000158986 0.000158696 0.000158278 0.000157645 0.000156692 0.000155228 0.000152927 0.000149439 0.000144017 0.000136037 0.000124504 0.000109459 9.2256e-05 7.44773e-05 6.15378e-05 5.25163e-05 4.95695e-05 5.32042e-05 6.05087e-05 7.53535e-05 9.19734e-05 0.0001095 0.000124622 0.000135982 0.000144075 0.000149407 0.000152944 0.000155219 0.000156691 0.000157648 0.000158272 0.0001587 0.000158981 0.000159186 0.000159332 0.000159444 0.000159536 0.000159901 0.000159997 0.000159997 0.000159997 0.000159997 0.000159997 0.000159997 0.000159997 0.000159997 0.000159997 0.000159997
0.000159997 0.000159997 0.000159997 0.000159997 0.000159997 0.000159997 0.000159997 0.000159997 0.000159997 0.000159997 0.000159997 0.000159798 0.000159514 0.000159418 0.000159299 0.000159134 0.000158914 0.000158583 0.0001581 0.000157356 0.000156205 0.000154411 0.000151523 0.000147016 0.000139816 0.000128919 0.000112943 9.23495e-05 6.99002e-05 4.94871e-05 3.63464e-05 2.85019e-05 2.6102e-05 2.89252e-05 3.5489e-05 5.00912e-05 6.96209e-05 9.22291e-05 0.000113009 0.000128812 0.000139856 0.000146973 0.000151544 0.000154401 0.000156207 0.000157362 0.000158095 0.00015859 0.000158911 0.000159137 0.0001593 0.000159419 0.000159517 0.000159799 0.000159997 0.000159997 0.000159997 0.000159997 0.000159997 0.000159997 0.000159997 0.000159997 0.000159997 0.000159997
0.000159997 0.000159997 0.000159997 0.000159997 0.000159997 0.000159997 0.000159997 0.000159997 0.000159997 0.000159997 0.000159997 0.000159744 0.000159505 0.000159402 0.000159274 0.000159097 0.000158855 0.000158487 0.000157944 0.000157087 0.00015574 0.000153596 0.000150081 0.000144408 0.000135128 0.00012081 9.99513e-05 7.44219e-05 4.93062e-05 3.03029e-05 2.00022e-05 1.48082e-05 1.33149e-05 1.5031e-05 1.9591e-05 3.08367e-05 4.93117e-05 7.43531e-05 0.000100145 0.000120726 0.000135206 0.000144361 0.0001501 0.000153584 0.000155735 0.00015709 0.000157936 0.000158492 0.00015885 0.000159099 0.000159273 0.000159403 0.000159506 0.000159743 0.000159997 0.000159997 0.000159997 0.000159997 0.000159997 0.000159997 0.000159997 0.000159997 0.000159997 0.000159997
0.000159997 0.000159997 0.000159997 0.000159997 0.000159997 0.000159997 0.000159997 0.000159997 0.000159997 0.000159997 0.000159997 0.000159685 0.000159492 0.000159388 0.00015925 0.000159065 0.000158805 0.000158409 0.000157818 0.000156876 0.00015538 0.00015296 0.000148955 0.000142393 0.000131498 0.00011453 9.00905e-05 6.17076e-05 3.64228e-05 2.01237e-05 1.23612e-05 8.84994e-06 7.85716e-06 8.93773e-06 1.2077e-05 2.0298e-05 3.62806e-05 6.13502e-05 9.01946e-05 0.000114366 0.000131537 0.000142334 0.000148982 0.000152956 0.00015538 0.000156883 0.000157813 0.000158416 0.000158803 0.000159068 0.000159251 0.000159388 0.000159494 0.000159685 0.000159997 0.000159997 0.000159997 0.000159997 0.000159997 0.000159997 0.000159997 0.000159997 0.000159997 0.000159997
0.000159997 0.000159997 0.000159997 0.000159997 0.000159997 0.000159997 0.000159997 0.000159997 0.000159997 0.000159997 0.000159997 0.000159681 0.000159486 0.000159379 0.000159239 0.000159047 0.000158778 0.000158361 0.000157736 0.000156738 0.00015513 0.000152501 0.000148116 0.000140827 0.00012859 0.00010944 8.22651e-05 5.24008e-05 2.83691e-05 1.47537e-05 8.78705e-06 6.18654e-06 5.47358e-06 6.27792e-06 8.68619e-06 1.49638e-05 2.84904e-05 5.22883e-05 8.26064e-05 0.000109357 0.000128666 0.000140788 0.000148146 0.000152492 0.000155125 0.00015674 0.000157727 0.000158365 0.000158774 0.000159049 0.000159238 0.000159379 0.000159486 0.000159681 0.000159997 0.000159997 0.000159997 0.000159997 0.000159997 0.000159997 0.000159997 0.000159997 0.000159997 0.000159997
0.000159997 0.000159997 0.000159997 0.000159997 0.000159997 0.000159997 0.000159997 0.000159997 0.000159997 0.000159997 0.000159997 0.00015968 0.000159483 0.000159376 0.000159233 0.00015904 0.000158766 0.000158341 0.000157707 0.000156689 0.00015504 0.000152341 0.000147831 0.000140294 0.000127622 0.00010783 7.98695e-05 4.97116e-05 2.62168e-05 1.33891e-05 7.8982e-06 5.49115e-06 4.84002e-06 5.54218e-06 7.73365e-06 1.34167e-05 2.61128e-05 4.93098e-05 7.99825e-05 0.000107612 0.000127661 0.000140239 0.000147864 0.000152338 0.00015504 0.000156695 0.000157702 0.000158349 0.000158764 0.000159044 0.000159234 0.000159377 0.000159484 0.00015968 0.000159997 0.000159997 0.000159997 0.000159997 0.000159997 0.000159997 0.000159997 0.000159997 0.000159997 0.000159997
0.000159997 0.000159997 0.000159997 0.000159997 0.000159997 0.000159997 0.000159997 0.000159997 0.000159997 0.000159997 0.000159997 0.000159681 0.000159485 0.000159379 0.000159238 0.000159048 0.000158776 0.000158359 0.000157741 0.000156741 0.000155137 0.000152524 0.000148158 0.000140902 0.000128778 0.000109815 8.28816e-05 5.30443e-05 2.88289e-05 1.49364e-05 8.91681e-06 6.24073e-06 5.56054e-06 6.34031e-06 8.80113e-06 1.51498e-05 2.89578e-05 5.29329e-05 8.32136e-05 0.000109735 0.000128859 0.000140858 0.00014819 0.000152516 0.000155131 0.000156744 0.000157732 0.000158363 0.000158772 0.000159049 0.000159237 0.000159379 0.000159486 0.000159681 0.000159997 0.000159997 0.000159997 0.000159997 0.000159997 0.000159997 0.000159997 0.000159997 0.000159997 0.000159997
0.000159997 0.000159997 0.000159997 0.000159997 0.000159997 0.000159997 0.000159997 0.000159997 0.000159997 0.000159997 0.000159997 0.000159686 0.000159494 0.000159388 0.000159252 0.000159066 0.000158806 0.000158408 0.000157818 0.000156871 0.000155368 0.000152932 0.000148884 0.00014223 0.000131202 0.000113941 8.91758e-05 6.05957e-05 3.56482e-05 1.96232e-05 1.21649e-05 8.66597e-06 7.77311e-06 8.7392e-06 1.19012e-05 1.97938e-05 3.54887e-05 6.02371e-05 8.92949e-05 0.000113773 0.00013124 0.000142173 0.000148909 0.000152926 0.000155368 0.000156879 0.000157813 0.000158415 0.000158804 0.000159069 0.000159253 0.000159389 0.000159495 0.000159686 0.000159997 0.000159997 0.000159997 0.000159997 0.000159997 0.000159997 0.000159997 0.000159997 0.000159997 0.000159997
0.000159997 0.000159997 0.000159997 0.000159997 0.000159997 0.000159997 0.000159997 0.000159997 0.000159997 0.000159997 0.000159997 0.000159743 0.000159504 0.000159401 0.000159272 0.000159095 0.000158853 0.000158487 0.000157943 0.000157093 0.000155756 0.000153623 0.000150139 0.000144538 0.000135439 0.000121303 0.000100704 7.52189e-05 5.00548e-05 3.06779e-05 2.03271e-05 1.48691e-05 1.34906e-05 1.50971e-05 1.99165e-05 3.11992e-05 5.00775e-05 7.51501e-05 0.000100896 0.000121227 0.000135511 0.000144494 0.000150157 0.000153609 0.000155752 0.000157096 0.000157935 0.000158492 0.000158849 0.000159096 0.000159272 0.000159401 0.000159505 0.000159742 0.000159997 0.000159997 0.000159997 0.000159997 0.000159997 0.000159997 0.000159997 0.000159997 0.000159997 0.000159997
0.000159997 0.000159997 0.000159997 0.000159997 0.000159997 0.000159997 0.000159997 0.000159997 0.000159997 0.000159997 0.000159997 0.0001598 0.000159516 0.000159419 0.000159299 0.000159136 0.000158914 0.000158584 0.0001581 0.000157354 0.000156202 0.000154394 0.0001515 0.000146961 0.000139723 0.000128707 0.000112663 9.19981e-05 6.97734e-05 4.92737e-05 3.6442e-05 2.83866e-05 2.6231e-05 2.88265e-05 3.5566e-05 4.98985e-05 6.94793e-05 9.18828e-05 0.000112733 0.000128593 0.00013977 0.000146915 0.000151519 0.000154385 0.000156203 0.00015736 0.000158096 0.000158591 0.000158912 0.000159139 0.0001593 0.000159421 0.00015952 0.0001598 0.000159997 0.000159997 0.000159997 0.000159997 0.000159997 0.000159997 0.000159997 0.000159997 0.000159997 0.000159997
0.000159997 0.000159997 0.000159997 0.000159997 0.000159997 0.000159997 0.000159997 0.000159997 0.000159997 0.000159997 0.000159997 0.000159901 0.000159535 0.000159444 0.000159332 0.000159183 0.000158985 0.000158694 0.000158277 0.000157643 0.000156688 0.000155222 0.000152936 0.000149445 0.000144029 0.000136025 0.000124537 0.000109433 9.2258e-05 7.42169e-05 6.14395e-05 5.21291e-05 4.94517e-05 5.28159e-05 6.04083e-05 7.50927e-05 9.19739e-05 0.000109474 0.000124654 0.000135976 0.000144083 0.000149411 0.000152953 0.000155213 0.000156686 0.000157645 0.000158271 0.000158698 0.00015898 0.000159185 0.000159331 0.000159444 0.000159536 0.000159901 0.000159997 0.000159997 0.000159997 0.000159997 0.000159997 0.000159997 0.000159997 0.000159997 0.000159997 0.000159997
0.000159997 0.000159997 0.000159997 0.000159997 0.000159997 0.000159997 0.000159997 0.000159997 0.000159997 0.000159997 0.000159997 0.000159997 0.000159588 0.000159473 0.000159369 0.000159235 0.00015906 0.00015881 0.00015846 0.000157938 0.00015717 0.000156024 0.000154287 0.000151716 0.000147854 0.000142345 0.000134651 0.000124612 0.000113068 0.000100122 9.03017e-05 8.2515e-05 8.01021e-05 8.30823e-05 8.93575e-05 0.000100815 0.000112747 0.000124609 0.000134699 0.000142296 0.000147895 0.000151686 0.000154301 0.000156019 0.000157171 0.000157942 0.000158457 0.000158815 0.000159057 0.000159237 0.000159369 0.000159474 0.000159589 0.000159997 0.000159997 0.000159997 0.000159997 0.000159997 0.000159997 0.000159997 0.000159997 0.000159997 0.000159997 0.000159997
0.000159997 0.000159997 0.000159997 0.000159997 0.000159997 0.000159997 0.000159997 0.000159997 0.000159997 0.000159997 0.000159997 0.000159997 0.000159741 0.000159504 0.00015941 0.000159291 0.000159139 0.000158926 0.000158639 0.000158218 0.000157613 0.00015674 0.000155449 0.000153603 0.000150919 0.000147244 0.000142269 0.000135958 0.000128811 0.000120679 0.000114408 0.000109297 0.000107677 0.000109671 0.000113819 0.000121215 0.000128635 0.000135975 0.000142306 0.000147209 0.000150948 0.00015358 0.000155457 0.000156733 0.000157613 0.00015822 0.000158635 0.00015893 0.000159136 0.000159292 0.000159409 0.000159505 0.000159742 0.000159997 0.000159997 0.000159997 0.000159997 0.000159997 0.000159997 0.000159997 0.000159997 0.000159997 0.000159997 0.000159997
0.000159997 0.000159997 0.000159997 0.000159997 0.000159997 0.000159997 0.000159997 0.000159997 0.000159997 0.000159997 0.000159997 0.000159997 0.000159876 0.000159535 0.00015945 0.000159343 0.000159214 0.000159034 0.000158802 0.000158474 0.000158006 0.000157358 0.000156431 0.000155144 0.000153341 0.000150971 0.000147875 0.000144074 0.000139873 0.000135197 0.000131561 0.00012865 0.000127682 0.000128829 0.000131257 0.000135488 0.000139767 0.000144075 0.000147893 0.000150944 0.00015336 0.000155134 0.000156438 0.000157352 0.000158008 0.000158476 0.0001588 0.000159039 0.000159213 0.000159345 0.000159449 0.000159535 0.000159876 0.000159997 0.000159997 0.000159997 0.000159997 0.000159997 0.000159997 0.000159997 0.000159997 0.000159997 0.000159997 0.000159997
0.000159997 0.000159997 0.000159997 0.000159997 0.000159997 0.000159997 0.000159997 0.000159997 0.000159997 0.000159997 0.000159997 0.000159997 0.000159997 0.000159628 0.000159493 0.000159399 0.000159289 0.000159141 0.000158953 0.0001587 0.000158345 0.000157867 0.000157208 0.00015632 0.000155124 0.000153599 0.000151672 0.000149404 0.000146968 0.000144353 0.000142332 0.00014077 0.000140246 0.000140862 0.000142187 0.000144496 0.000146919 0.000149411 0.000151688 0.000153581 0.000155135 0.000156316 0.000157212 0.000157862 0.000158346 0.0001587 0.000158951 0.000159144 0.000159287 0.000159401 0.000159492 0.000159627 0.000159997 0.000159997 0.000159997 0.000159997 0.000159997 0.000159997 0.000159997 0.000159997 0.000159997 0.000159997 0.000159997 0.000159997
0.000159997 0.000159997 0.000159997 0.000159997 0.000159997 0.000159997 0.000159997 0.000159997 0.000159997 0.000159997 0.000159997 0.000159997 0.000159997 0.000159851 0.000159534 0.00015945 0.000159355 0.000159235 0.000159084 0.000158887 0.000158625 0.000158279 0.000157815 0.000157214 0.000156433 0.000155472 0.000154291 0.000152948 0.000151545 0.000150104 0.000148981 0.000148147 0.000147866 0.00014819 0.000148907 0.000150156 0.000151515 0.00015295 0.000154298 0.000155457 0.000156438 0.000157212 0.000157818 0.000158278 0.000158627 0.000158887 0.000159083 0.000159238 0.000159355 0.000159454 0.000159534 0.000159851 0.000159997 0.000159997 0.000159997 0.000159997 0.000159997 0.000159997 0.000159997 0.000159997 0.000159997 0.000159997 0.000159997 0.000159997
0.000159997 0.000159997 0.000159997 0.000159997 0.000159997 0.000159997 0.000159997 0.000159997 0.000159997 0.000159997 0.000159997 0.000159997 0.000159997 0.000159997 0.000159686 0.000159499 0.000159419 0.00015932 0.0001592 0.000159045 0.000158849 0.0001586 0.000158275 0.000157863 0.000157351 0.00015674 0.000156014 0.000155219 0.000154399 0.000153584 0.000152953 0.000152495 0.000152336 0.000152519 0.000152924 0.000153612 0.000154385 0.000155215 0.000156019 0.000156735 0.000157353 0.000157863 0.000158277 0.000158599 0.000158851 0.000159045 0.000159198 0.000159322 0.000159419 0.000159506 0.000159686 0.000159997 0.000159997 0.000159997 0.000159997 0.000159997 0.000159997 0.000159997 0.000159997 0.000159997 0.000159997 0.000159997 0.000159997 0.000159997
0.000159997 0.000159997 0.000159997 0.000159997 0.000159997 0.000159997 0.000159997 0.000159997 0.000159997 0.000159997 0.000159997 0.000159997 0.000159997 0.000159997 0.000159927 0.000159555 0.000159481 0.000159397 0.000159298 0.00015918 0.000159032 0.000158852 0.000158626 0.000158346 0.000158008 0.000157615 0.000157167 0.000156693 0.000156206 0.000155739 0.00015538 0.000155128 0.000155037 0.000155133 0.000155363 0.000155753 0.000156201 0.000156688 0.000157171 0.000157614 0.000158008 0.000158347 0.000158627 0.000158851 0.000159034 0.00015918 0.000159299 0.000159399 0.000159481 0.000159556 0.000159927 0.000159997 0.000159997 0.000159997 0.000159997 0.000159997 0.000159997 0.000159997 0.000159997 0.000159997 0.000159997 0.000159997 0.000159997 0.000159997
0.000159997 0.000159997 0.000159997 0.000159997 0.000159997 0.000159997 0.000159997 0.000159997 0.000159997 0.000159997 0.000159997 0.000159997 0.000159997 0.000159997 0.000159997 0.000159825 0.000159537 0.000159464 0.000159383 0.000159291 0.00015918 0.000159047 0.000158888 0.000158697 0.000158476 0.000158222 0.000157939 0.000157649 0.00015736 0.000157092 0.000156881 0.000156743 0.000156693 0.000156745 0.000156876 0.000157098 0.000157359 0.000157648 0.000157942 0.000158221 0.000158476 0.0001587 0.000158887 0.000159046 0.00015918 0.000159291 0.000159384 0.000159466 0.000159536 0.000159825 0.000159997 0.000159997 0.000159997 0.000159997 0.000159997 0.000159997 0.000159997 0.000159997 0.000159997 0.000159997 0.000159997 0.000159997 0.000159997 0.000159997
0.000159997 0.000159997 0.000159997 0.000159997 0.000159997 0.000159997 0.000159997 0.000159997 0.000159997 0.000159997 0.000159997 0.000159997 0.000159997 0.000159997 0.000159997 0.000159997 0.000159746 0.000159526 0.000159458 0.000159385 0.000159298 0.000159199 0.000159082 0.000158949 0.000158802 0.000158637 0.000158455 0.000158273 0.000158094 0.000157937 0.000157811 0.000157729 0.0001577 0.000157733 0.000157811 0.000157937 0.000158095 0.000158272 0.000158456 0.000158637 0.0001588 0.000158951 0.000159083 0.000159199 0.000159299 0.000159384 0.000159459 0.000159528 0.000159746 0.000159997 0.000159997 0.000159997 0.000159997 0.000159997 0.000159997 0.000159997 0.000159997 0.000159997 0.000159997 0.000159997 0.000159997 0.000159997 0.000159997 0.000159997
0.000159997 0.000159997 0.000159997 0.000159997 0.000159997 0.000159997 0.000159997 0.000159997 0.000159997 0.000159997 0.000159997 0.000159997 0.000159997 0.000159997 0.000159997 0.000159997 0.000159997 0.000159744 0.000159528 0.000159467 0.000159397 0.000159322 0.000159239 0.000159143 0.000159041 0.00015893 0.000158814 0.000158701 0.000158589 0.000158493 0.000158414 0.000158366 0.000158347 0.000158365 0.000158414 0.000158493 0.00015859 0.000158699 0.000158814 0.000158931 0.000159038 0.000159144 0.000159237 0.000159322 0.000159399 0.000159466 0.000159527 0.000159745 0.000159997 0.000159997 0.000159997 0.000159997 0.000159997 0.000159997 0.000159997 0.000159997 0.000159997 0.000159997 0.000159997 0.000159997 0.000159997 0.000159997 0.000159997 0.000159997
0.000159997 0.000159997 0.000159997 0.000159997 0.000159997 0.000159997 0.000159997 0.000159997 0.000159997 0.000159997 0.000159997 0.000159997 0.000159997 0.000159997 0.000159997 0.000159997 0.000159997 0.000159997 0.000159746 0.000159537 0.000159479 0.00015942 0.000159356 0.000159287 0.000159214 0.000159136 0.000159056 0.000158982 0.00015891 0.000158851 0.000158802 0.000158774 0.000158763 0.000158773 0.000158803 0.00015885 0.000158911 0.000158981 0.000159057 0.000159137 0.000159213 0.000159288 0.000159355 0.000159419 0.000159481 0.000159537 0.000159746 0.000159997 0.000159997 0.000159997 0.000159997 0.000159997 0.000159997 0.000159997 0.000159997 0.000159997 0.000159997 0.000159997 0.000159997 0.000159997 0.000159997 0.000159997 0.000159997 0.000159997
0.000159997 0.000159997 0.000159997 0.000159997 0.000159997 0.000159997 0.000159997 0.000159997 0.000159997 0.000159997 0.000159997 0.000159997 0.000159997 0.000159997 0.000159997 0.000159997 0.000159997 0.000159997 0.000159997 0.000159825 0.000159555 0.000159507 0.000159454 0.000159399 0.000159347 0.000159292 0.000159237 0.000159186 0.000159136 0.0001591 0.000159068 0.00015905 0.000159043 0.00015905 0.000159068 0.000159097 0.000159138 0.000159185 0.000159237 0.000159292 0.000159344 0.000159401 0.000159454 0.000159506 0.000159555 0.000159825 0.000159997 0.000159997 0.000159997 0.000159997 0.000159997 0.000159997 0.000159997 0.000159997 0.000159997 0.000159997 0.000159997 0.000159997 0.000159997 0.000159997 0.000159997 0.000159997 0.000159997 0.000159997
0.000159997 0.000159997 0.000159997 0.000159997 0.000159997 0.000159997 0.000159997 0.000159997 0.000159997 0.000159997 0.000159997 0.000159997 0.000159997 0.000159997 0.000159997 0.000159997 0.000159997 0.000159997 0.000159997 0.000159997 0.000159927 0.000159686 0.000159534 0.000159494 0.000159451 0.000159409 0.000159368 0.000159332 0.000159299 0.000159273 0.00015925 0.000159239 0.000159233 0.000159238 0.000159252 0.000159272 0.000159299 0.000159332 0.000159369 0.00015941 0.000159449 0.000159493 0.000159534 0.000159686 0.000159927 0.000159997 0.000159997 0.000159997 0.000159997 0.000159997 0.000159997 0.000159997 0.000159997 0.000159997 0.000159997 0.000159997 0.000159997 0.000159997 0.000159997 0.000159997 0.000159997 0.000159997 0.000159997 0.000159997
0.000159997 0.000159997 0.000159997 0.000159997 0.000159997 0.000159997 0.000159997 0.000159997 0.000159997 0.000159997 0.000159997 0.000159997 0.000159997 0.000159997 0.000159997 0.000159997 0.000159997 0.000159997 0.000159997 0.000159997 0.000159997 0.000159997 0.00015985 0.000159627 0.000159535 0.000159506 0.000159474 0.000159445 0.000159419 0.000159403 0.000159388 0.00015938 0.000159376 0.00015938 0.000159389 0.000159402 0.000159421 0.000159445 0.000159473 0.000159505 0.000159535 0.000159627 0.00015985 0.000159997 0.000159997 0.000159997 0.000159997 0.000159997 0.000159997 0.000159997 0.000159997 0.000159997 0.000159997 0.000159997 0.000159997 0.000159997 0.000159997 0.000159997 0.000159997 0.000159997 0.000159997 0.000159997 0.000159997 0.000159997
0.000159997 0.000159997 0.000159997 0.000159997 0.000159997 0.000159997 0.000159997 0.000159997 0.000159997 0.000159997 0.000159997 0.000159997 0.000159997 0.000159997 0.000159997 0.000159997 0.000159997 0.000159997 0.000159997 0.000159997 0.000159997 0.000159997 0.000159997 0.000159997 0.000159876 0.000159742 0.000159588 0.000159536 0.000159517 0.000159506 0.000159493 0.000159487 0.000159484 0.000159486 0.000159495 0.000159506 0.000159519 0.000159536 0.000159589 0.000159742 0.000159876 0.000159997 0.000159997 0.000159997 0.000159997 0.000159997 0.000159997 0.000159997 0.000159997 0.000159997 0.000159997 0.000159997 0.000159997 0.000159997 0.000159997 0.000159997 0.000159997 0.000159997 0.000159997 0.000159997 0.000159997 0.000159997 0.000159997 0.000159997
0.000159997 0.000159997 0.000159997 0.000159997 0.000159997 0.000159997 0.000159997 0.000159997 0.000159997 0.000159997 0.000159997 0.000159997 0.000159997 0.000159997 0.000159997 0.000159997 0.000159997 0.000159997 0.000159997 0.000159997 0.000159997 0.000159997 0.000159997 0.000159997 0.000159997 0.000159997 0.000159997 0.000159901 0.000159798 0.000159744 0.000159685 0.000159681 0.000159679 0.000159681 0.000159685 0.000159742 0.000159799 0.000159901 0.000159997 0.000159997 0.000159997 0.000159997 0.000159997 0.000159997 0.000159997 0.000159997 0.000159997 0.000159997 0.000159997 0.000159997 0.000159997 0.000159997 0.000159997 0.000159997 0.000159997 0.000159997 0.000159997 0.000159997 0.000159997 0.000159997 0.000159997 0.000159997 0.000159997 0.000159997
0.000159997 0.000159997 0.000159997 0.000159997 0.000159997 0.000159997 0.000159997 0.000159997 0.000159997 0.000159997 0.000159997 0.000159997 0.000159997 0.000159997 0.000159997 0.000159997 0.000159997 0.000159997 0.000159997 0.000159997 0.000159997 0.000159997 0.000159997 0.000159997 0.000159997 0.000159997 0.000159997 0.000159997 0.000159997 0.000159997 0.000159997 0.000159997 0.000159997 0.000159997 0.000159997 0.000159997 0.000159997 0.000159997 0.000159997 0.000159997 0.000159997 0.000159997 0.000159997 0.000159997 0.000159997 0.000159997 0.000159997 0.000159997 0.000159997 0.000159997 0.000159997 0.000159997 0.000159997 0.000159997 0.000159997 0.000159997 0.000159997 0.000159997 0.000159997 0.000159997 0.000159997 0.000159997 0.000159997 0.000159997
0.000159997 0.000159997 0.000159997 0.000159997 0.000159997 0.000159997 0.000159997 0.000159997 0.000159997 0.000159997 0.000159997 0.000159997 0.000159997 0.000159997 0.000159997 0.000159997 0.000159997 0.000159997 0.000159997 0.000159997 0.000159997 0.000159997 0.000159997 0.000159997 0.000159997 0.000159997 0.000159997 0.000159997 0.000159997 0.000159997 0.000159997 0.000159997 0.000159997 0.000159997 0.000159997 0.000159997 0.000159997 0.000159997 0.000159997 0.000159997 0.000159997 0.000159997 0.000159997 0.000159997 0.000159997 0.000159997 0.000159997 0.000159997 0.000159997 0.000159997 0.000159997 0.000159997 0.000159997 0.000159997 0.000159997 0.000159997 0.000159997 0.000159997 0.000159997 0.000159997 0.000159997 0.000159997 0.000159997 0.000159997
0.000159997 0.000159997 0.000159997 0.000159997 0.000159997 0.000159997 0.000159997 0.000159997 0.000159997 0.000159997 0.000159997 0.000159997 0.000159997 0.000159997 0.000159997 0.000159997 0.000159997 0.000159997 0.000159997 0.000159997 0.000159997 0.000159997 0.000159997 0.000159997 0.000159997 0.000159997 0.000159997 0.000159997 0.000159997 0.000159997 0.000159997 0.000159997 0.000159997 0.000159997 0.000159997 0.000159997 0.000159997 0.000159997 0.000159997 0.000159997 0.000159997 0.000159997 0.000159997 0.000159997 0.000159997 0.000159997 0.000159997 0.000159997 0.000159997 0.000159997 0.000159997 0.000159997 0.000159997 0.000159997 0.000159997 0.000159997 0.000159997 0.000159997 0.000159997 0.000159997 0.000159997 0.000159997 0.000159997 0.000159997
0.000159997 0.000159997 0.000159997 0.000159997 0.000159997 0.000159997 0.000159997 0.000159997 0.000159997 0.000159997 0.000159997 0.000159997 0.000159997 0.000159997 0.000159997 0.000159997 0.000159997 0.000159997 0.000159997 0.000159997 0.000159997 0.000159997 0.000159997 0.000159997 0.000159997 0.000159997 0.000159997 0.000159997 0.000159997 0.000159997 0.000159997 0.000159997 0.000159997 0.000159997 0.000159997 0.000159997 0.000159997 0.000159997 0.000159997 0.000159997 0.000159997 0.000159997 0.000159997 0.000159997 0.000159997 0.000159997 0.000159997 0.000159997 0.000159997 0.000159997 0.000159997 0.000159997 0.000159997 0.000159997 0.000159997 0.000159997 0.000159997 0.000159997 0.000159997 0.000159997 0.000159997 0.000159997 0.000159997 0.000159997
0.000159997 0.000159997 0.000159997 0.000159997 0.000159997 0.000159997 0.000159997 0.000159997 0.000159997 0.000159997 0.000159997 0.000159997 0.000159997 0.000159997 0.000159997 0.000159997 0.000159997 0.000159997 0.000159997 0.000159997 0.000159997 0.000159997 0.000159997 0.000159997 0.000159997 0.000159997 0.000159997 0.000159997 0.000159997 0.000159997 0.000159997 0.000159997 0.000159997 0.000159997 0.000159997 0.000159997 0.000159997 0.000159997 0.000159997 0.000159997 0.000159997 0.000159997 0.000159997 0.000159997 0.000159997 0.000159997 0.000159997 0.000159997 0.000159997 0.000159997 0.000159997 0.000159997 0.000159997 0.000159997 0.000159997 0.000159997 0.000159997 0.000159997 0.000159997 0.000159997 0.000159997 0.000159997 0.000159997 0.000159997
0.000159997 0.000159997 0.000159997 0.000159997 0.000159997 0.000159997 0.000159997 0.000159997 0.000159997 0.000159997 0.000159997 0.000159997 0.000159997 0.000159997 0.000159997 0.000159997 0.000159997 0.000159997 0.000159997 0.000159997 0.000159997 0.000159997 0.000159997 0.000159997 0.000159997 0.000159997 0.000159997 0.000159997 0.000159997 0.000159997 0.000159997 0.000159997 0.000159997 0.000159997 0.000159997 0.000159997 0.000159997 0.000159997 0.000159997 0.000159997 0.000159997 0.000159997 0.000159997 0.000159997 0.000159997 0.000159997 0.000159997 0.000159997 0.000159997 0.000159997 0.000159997 0.000159997 0.000159997 0.000159997 0.000159997 0.000159997 0.000159997 0.000159997 0.000159997 0.000159997 0.000159997 0.000159997 0.000159997 0.000159997
0.000159997 0.000159997 0.000159997 0.000159997 0.000159997 0.000159997 0.000159997 0.000159997 0.000159997 0.000159997 0.000159997 0.000159997 0.000159997 0.000159997 0.000159997 0.000159997 0.000159997 0.000159997 0.000159997 0.000159997 0.000159997 0.000159997 0.000159997 0.000159997 0.000159997 0.000159997 0.000159997 0.000159997 0.000159997 0.000159997 0.000159997 0.000159997 0.000159997 0.000159997 0.000159997 0.000159997 0.000159997 0.000159997 0.000159997 0.000159997 0.000159997 0.000159997 0.000159997 0.000159997 0.000159997 0.000159997 0.000159997 0.000159997 0.000159997 0.000159997 0.000159997 0.000159997 0.000159997 0.000159997 0.000159997 0.000159997 0.000159997 0.000159997 0.000159997 0.000159997 0.000159997 0.000159997 0.000159997 0.000159997
0.000159997 0.000159997 0.000159997 0.000159997 0.000159997 0.000159997 0.000159997 0.000159997 0.000159997 0.000159997 0.000159997 0.000159997 0.000159997 0.000159997 0.000159997 0.000159997 0.000159997 0.000159997 0.000159997 0.000159997 0.000159997 0.000159997 0.000159997 0.000159997 0.000159997 0.000159997 0.000159997 0.000159997 0.000159997 0.000159997 0.000159997 0.000159997 0.000159997 0.000159997 0.000159997 0.000159997 0.000159997 0.000159997 0.000159997 0.000159997 0.000159997 0.000159997 0.000159997 0.000159997 0.000159997 0.000159997 0.000159997 0.000159997 0.000159997 0.000159997 0.000159997 0.000159997 0.000159997 0.000159997 0.000159997 0.000159997 0.000159997 0.000159997 0.000159997 0.000159997 0.000159997 0.000159997 0.000159997 0.000159997
0.000159997 0.000159997 0.000159997 0.000159997 0.000159997 0.000159997 0.000159997 0.000159997 0.000159997 0.000159997 0.000159997 0.000159997 0.000159997 0.000159997 0.000159997 0.000159997 0.000159997 0.000159997 0.000159997 0.000159997 0.000159997 0.000159997 0.000159997 0.000159997 0.000159997 0.000159997 0.000159997 0.000159997 0.000159997 0.000159997 0.000159997 0.000159997 0.000159997 0.000159997 0.000159997 0.000159997 0.000159997 0.000159997 0.000159997 0.000159997 0.000159997 0.000159997 0.000159997 0.000159997 0.000159997 0.000159997 0.000159997 0.000159997 0.000159997 0.000159997 0.000159997 0.000159997 0.000159997 0.000159997 0.000159997 0.000159997 0.000159997 0.000159997 0.000159997 0.000159997 0.000159997 0.000159997 0.000159997 0.000159997
0.000159997 0.000159997 0.000159997 0.000159997 0.000159997 0.000159997 0.000159997 0.000159997 0.000159997 0.000159997 0.000159997 0.000159997 0.000159997 0.000159997 0.000159997 0.000159997 0.000159997 0.000159997 0.000159997 0.000159997 0.000159997 0.000159997 0.000159997 0.000159997 0.000159997 0.000159997 0.000159997 0.000159997 0.000159997 0.000159997 0.000159997 0.000159997 0.000159997 0.000159997 0.000159997 0.000159997 0.000159997 0.000159997 0.000159997 0.000159997 0.000159997 0.000159997 0.000159997 0.000159997 0.000159997 0.000159997 0.000159997 0.000159997 0.000159997 0.000159997 0.000159997 0.000159997 0.000159997 0.000159997 0.000159997 0.000159997 0.000159997 0.000159997 0.000159997 0.000159997 0.000159997 0.000159997 0.000159997 0.000159997
@ u_xCI 64 64
2.63764e-09 2.64672e-09 2.64579e-09 2.65213e-09 2.65123e-09 2.65506e-09 2.6538e-09 2.65518e-09 2.65129e-09 2.65324e-09 2.64427e-09 2.64625e-09 2.63782e-09 2.64148e-09 2.65545e-09 2.6737e-09 2.67909e-09 2.68909e-09 2.69072e-09 2.69876e-09 2.69861e-09 2.70424e-09 2.70685e-09 2.71787e-09 2.71833e-09 2.72244e-09 2.71509e-09 2.71402e-09 2.70379e-09 2.70322e-09 2.70322e-09 2.705e-09 2.7055e-09 2.70499e-09 2.70323e-09 2.70103e-09 2.70202e-09 2.70854e-09 2.7158e-09 2.71926e-09 2.71841e-09 2.71464e-09 2.70677e-09 2.70069e-09 2.6987e-09 2.69552e-09 2.69115e-09 2.68629e-09 2.6792e-09 2.67055e-09 2.65516e-09 2.6379e-09 2.63869e-09 2.64029e-09 2.64651e-09 2.64897e-09 2.64998e-09 2.65343e-09 2.65167e-09 2.65296e-09 2.65027e-09 2.64814e-09 2.64632e-09 2.64182e-09
2.64312e-09 2.65223e-09 2.65149e-09 2.65836e-09 2.65792e-09 2.66233e-09 2.66149e-09 2.66366e-09 2.66045e-09 2.66335e-09 2.65663e-09 2.65889e-09 2.64731e-09 2.65185e-09 2.66814e-09 2.68276e-09 2.68776e-09 2.69821e-09 2.69996e-09 2.70877e-09 2.70936e-09 2.71559e-09 2.72058e-09 2.73293e-09 2.73528e-09 2.74029e-09 2.73642e-09 2.73618e-09 2.72394e-09 2.7178e-09 2.70845e-09 2.70732e-09 2.7073e-09 2.70701e-09 2.70867e-09 2.71682e-09 2.72851e-09 2.7366e-09 2.73976e-09 2.74025e-09 2.73797e-09 2.73273e-09 2.723e-09 2.71515e-09 2.71203e-09 2.70842e-09 2.70326e-09 2.69834e-09 2.6911e-09 2.68353e-09 2.67012e-09 2.64957e-09 2.65493e-09 2.65601e-09 2.66089e-09 2.66292e-09 2.6633e-09 2.6651e-09 2.6631e-09 2.66385e-09 2.66108e-09 2.65839e-09 2.65573e-09 2.65075e-09
2.64576e-09 2.65532e-09 2.65516e-09 2.66274e-09 2.66267e-09 2.66708e-09 2.6669e-09 2.67009e-09 2.66754e-09 2.67101e-09 2.66545e-09 2.66821e-09 2.65959e-09 2.66454e-09 2.67955e-09 2.69263e-09 2.6977e-09 2.70461e-09 2.70716e-09 2.71738e-09 2.72069e-09 2.73219e-09 2.74155e-09 2.75411e-09 2.75769e-09 2.76333e-09 2.76131e-09 2.76201e-09 2.75335e-09 2.74706e-09 2.73048e-09 2.72311e-09 2.71754e-09 2.71967e-09 2.72954e-09 2.74352e-09 2.7538e-09 2.75919e-09 2.76125e-09 2.76066e-09 2.75747e-09 2.75132e-09 2.74108e-09 2.72894e-09 2.72036e-09 2.71404e-09 2.70734e-09 2.70303e-09 2.69522e-09 2.6907e-09 2.68027e-09 2.65886e-09 2.6623e-09 2.66316e-09 2.6665e-09 2.66727e-09 2.66688e-09 2.66782e-09 2.66548e-09 2.66516e-09 2.66161e-09 2.65863e-09 2.65565e-09 2.65023e-09
2.64815e-09 2.65832e-09 2.65866e-09 2.66672e-09 2.66725e-09 2.67188e-09 2.67213e-09 2.6759e-09 2.67385e-09 2.67766e-09 2.67313e-09 2.67633e-09 2.66899e-09 2.68328e-09 2.69889e-09 2.7111e-09 2.71727e-09 2.72097e-09 2.728e-09 2.73822e-09 2.74286e-09 2.75846e-09 2.76989e-09 2.78111e-09 2.78422e-09 2.78972e-09 2.78844e-09 2.78995e-09 2.78389e-09 2.78105e-09 2.76929e-09 2.76322e-09 2.75612e-09 2.76375e-09 2.77361e-09 2.78136e-09 2.78684e-09 2.79016e-09 2.79113e-09 2.7899e-09 2.78689e-09 2.78124e-09 2.77232e-09 2.75827e-09 2.74576e-09 2.73784e-09 2.72814e-09 2.72562e-09 2.71791e-09 2.71118e-09 2.70217e-09 2.68164e-09 2.67439e-09 2.67468e-09 2.67693e-09 2.67731e-09 2.67674e-09 2.67689e-09 2.67388e-09 2.67328e-09 2.66978e-09 2.66667e-09 2.66307e-09 2.65714e-09
2.6513e-09 2.66196e-09 2.66264e-09 2.67062e-09 2.67179e-09 2.67687e-09 2.67741e-09 2.68166e-09 2.68023e-09 2.68395e-09 2.67986e-09 2.68336e-09 2.67717e-09 2.69383e-09 2.71018e-09 2.72348e-09 2.73306e-09 2.74321e-09 2.75467e-09 2.76405e-09 2.76811e-09 2.78211e-09 2.7888e-09 2.79945e-09 2.80238e-09 2.80824e-09 2.80716e-09 2.80987e-09 2.80681e-09 2.80909e-09 2.80653e-09 2.81175e-09 2.81115e-09 2.81288e-09 2.80776e-09 2.80675e-09 2.80704e-09 2.8074e-09 2.80732e-09 2.80577e-09 2.80247e-09 2.79693e-09 2.78967e-09 2.7773e-09 2.76764e-09 2.76342e-09 2.7516e-09 2.74335e-09 2.73129e-09 2.72068e-09 2.71055e-09 2.68972e-09 2.67899e-09 2.67893e-09 2.6807e-09 2.68059e-09 2.67955e-09 2.67936e-09 2.67607e-09 2.67481e-09 2.67093e-09 2.66727e-09 2.66316e-09 2.6569e-09
2.65109e-09 2.66232e-09 2.6637e-09 2.67186e-09 2.67361e-09 2.67928e-09 2.68034e-09 2.68519e-09 2.68452e-09 2.68867e-09 2.68543e-09 2.68946e-09 2.68393e-09 2.70094e-09 2.71871e-09 2.73434e-09 2.74742e-09 2.76095e-09 2.77354e-09 2.78429e-09 2.79379e-09 2.80983e-09 2.81134e-09 2.82189e-09 2.82086e-09 2.82693e-09 2.82788e-09 2.83685e-09 2.84173e-09 2.85158e-09 2.85944e-09 2.87389e-09 2.87533e-09 2.87335e-09 2.85984e-09 2.85248e-09 2.84405e-09 2.83655e-09 2.83038e-09 2.82708e-09 2.82436e-09 2.81885e-09 2.81735e-09 2.80867e-09 2.79525e-09 2.78571e-09 2.77428e-09 2.76338e-09 2.74854e-09 2.73449e-09 2.7217e-09 2.69982e-09 2.6883e-09 2.68782e-09 2.68901e-09 2.68839e-09 2.68682e-09 2.68605e-09 2.68235e-09 2.68056e-09 2.6762e-09 2.67188e-09 2.66736e-09 2.66126e-09
2.65366e-09 2.66476e-09 2.66688e-09 2.67544e-09 2.6774e-09 2.68364e-09 2.68505e-09 2.68993e-09 2.68966e-09 2.69402e-09 2.69131e-09 2.69546e-09 2.69259e-09 2.72038e-09 2.73743e-09 2.75775e-09 2.77376e-09 2.78861e-09 2.79843e-09 2.80868e-09 2.81885e-09 2.83558e-09 2.83948e-09 2.85007e-09 2.8456e-09 2.85229e-09 2.85648e-09 2.8671e-09 2.87448e-09 2.89063e-09 2.90385e-09 2.9158e-09 2.91566e-09 2.91562e-09 2.90319e-09 2.89135e-09 2.87532e-09 2.86555e-09 2.85514e-09 2.84792e-09 2.8499e-09 2.84419e-09 2.84125e-09 2.83205e-09 2.81825e-09 2.80725e-09 2.79667e-09 2.7881e-09 2.7724e-09 2.75538e-09 2.73759e-09 2.71671e-09 2.69418e-09 2.69139e-09 2.69202e-09 2.69105e-09 2.68917e-09 2.68806e-09 2.68396e-09 2.68137e-09 2.67666e-09 2.67204e-09 2.6672e-09 2.66063e-09
2.65169e-09 2.66367e-09 2.66665e-09 2.67586e-09 2.67829e-09 2.68518e-09 2.68706e-09 2.69229e-09 2.69272e-09 2.69751e-09 2.69547e-09 2.69982e-09 2.69811e-09 2.72756e-09 2.7484e-09 2.77157e-09 2.78752e-09 2.80142e-09 2.81177e-09 2.82678e-09 2.84043e-09 2.85596e-09 2.86068e-09 2.87211e-09 2.87669e-09 2.89283e-09 2.89926e-09 2.90989e-09 2.92645e-09 2.94223e-09 2.95219e-09 2.96035e-09 2.95994e-09 2.96005e-09 2.95127e-09 2.94309e-09 2.92267e-09 2.91263e-09 2.90197e-09 2.8904e-09 2.88201e-09 2.8699e-09 2.86475e-09 2.85517e-09 2.84238e-09 2.82779e-09 2.8128e-09 2.80332e-09 2.78834e-09 2.7718e-09 2.75114e-09 2.7265e-09 2.70169e-09 2.69852e-09 2.69887e-09 2.69733e-09 2.69486e-09 2.69301e-09 2.68879e-09 2.6861e-09 2.68107e-09 2.67586e-09 2.67033e-09 2.66289e-09
2.65133e-09 2.66409e-09 2.66754e-09 2.67725e-09 2.68019e-09 2.68737e-09 2.68965e-09 2.69527e-09 2.69616e-09 2.70131e-09 2.69994e-09 2.70436e-09 2.70574e-09 2.73992e-09 2.76524e-09 2.78793e-09 2.80269e-09 2.81592e-09 2.82703e-09 2.84403e-09 2.85857e-09 2.87551e-09 2.87997e-09 2.89697e-09 2.90912e-09 2.92725e-09 2.93905e-09 2.9584e-09 2.97834e-09 2.98489e-09 2.99205e-09 2.9957e-09 2.99408e-09 2.99535e-09 2.98821e-09 2.99092e-09 2.97338e-09 2.96061e-09 2.93921e-09 2.92401e-09 2.91259e-09 2.89129e-09 2.88319e-09 2.87091e-09 2.85902e-09 2.84241e-09 2.82516e-09 2.8157e-09 2.80142e-09 2.78602e-09 2.76543e-09 2.7367e-09 2.70725e-09 2.70114e-09 2.70057e-09 2.69844e-09 2.69566e-09 2.69341e-09 2.68875e-09 2.6853e-09 2.6797e-09 2.67375e-09 2.6677e-09 2.65984e-09
2.64941e-09 2.66329e-09 2.66759e-09 2.6776e-09 2.68103e-09 2.68867e-09 2.6914e-09 2.6975e-09 2.69875e-09 2.70418e-09 2.70355e-09 2.70823e-09 2.71991e-09 2.76097e-09 2.78429e-09 2.80462e-09 2.82261e-09 2.83369e-09 2.85309e-09 2.87104e-09 2.88786e-09 2.91025e-09 2.91585e-09 2.94694e-09 2.95305e-09 2.98196e-09 3.00393e-09 3.02259e-09 3.04404e-09 3.03947e-09 3.05006e-09 3.04796e-09 3.04712e-09 3.05387e-09 3.04049e-09 3.05297e-09 3.03318e-09 3.02728e-09 3.0034e-09 2.97602e-09 2.96626e-09 2.93672e-09 2.92628e-09 2.90548e-09 2.88884e-09 2.87482e-09 2.84851e-09 2.84036e-09 2.82072e-09 2.8061e-09 2.78628e-09 2.76001e-09 2.72317e-09 2.7071e-09 2.70616e-09 2.70397e-09 2.70092e-09 2.69809e-09 2.6932e-09 2.68925e-09 2.68352e-09 2.67757e-09 2.67116e-09 2.6629e-09
2.64408e-09 2.65972e-09 2.66539e-09 2.67602e-09 2.6798e-09 2.68818e-09 2.69131e-09 2.69807e-09 2.69994e-09 2.70563e-09 2.70577e-09 2.71252e-09 2.72737e-09 2.77222e-09 2.79918e-09 2.82087e-09 2.84718e-09 2.856e-09 2.88554e-09 2.90478e-09 2.92273e-09 2.94863e-09 2.96897e-09 3.0024e-09 3.01874e-09 3.06017e-09 3.08738e-09 3.11206e-09 3.1409e-09 3.14186e-09 3.18012e-09 3.1788e-09 3.18117e-09 3.19402e-09 3.15325e-09 3.16528e-09 3.13024e-09 3.11323e-09 3.088e-09 3.05552e-09 3.02798e-09 2.99318e-09 2.9747e-09 2.94449e-09 2.92057e-09 2.9086e-09 2.87668e-09 2.86459e-09 2.83989e-09 2.82198e-09 2.79917e-09 2.76782e-09 2.73001e-09 2.70914e-09 2.70623e-09 2.70335e-09 2.69956e-09 2.6959e-09 2.69067e-09 2.68588e-09 2.67956e-09 2.67304e-09 2.66553e-09 2.65629e-09
2.64306e-09 2.65896e-09 2.66515e-09 2.67635e-09 2.68033e-09 2.68938e-09 2.69272e-09 2.6998e-09 2.70221e-09 2.70823e-09 2.71066e-09 2.72827e-09 2.75216e-09 2.80099e-09 2.82661e-09 2.85187e-09 2.87477e-09 2.88996e-09 2.91673e-09 2.93826e-09 2.96383e-09 3.00197e-09 3.03263e-09 3.08727e-09 3.1255e-09 3.17656e-09 3.21686e-09 9.85153e-08 2.01317e-07 2.56487e-07 3.14839e-07 3.19041e-07 3.20081e-07 3.19232e-07 3.14122e-07 2.57633e-07 2.00307e-07 9.87267e-08 3.21841e-09 3.16968e-09 3.13435e-09 3.07854e-09 3.04073e-09 3.00002e-09 2.9615e-09 2.94412e-09 2.91317e-09 2.89511e-09 2.87327e-09 2.85249e-09 2.82954e-09 2.79553e-09 2.7614e-09 2.72355e-09 2.71329e-09 2.70833e-09 2.704e-09 2.7002e-09 2.69498e-09 2.68974e-09 2.68312e-09 2.67623e-09 2.66824e-09 2.65867e-09
2.63781e-09 2.65075e-09 2.65966e-09 2.6722e-09 2.67719e-09 2.68664e-09 2.69251e-09 2.70028e-09 2.70572e-09 2.72187e-09 2.72737e-09 2.75387e-09 2.79309e-09 2.83987e-09 2.87095e-09 2.89927e-09 2.92292e-09 2.9459e-09 2.97913e-09 3.00916e-09 3.0589e-09 3.1077e-09 3.15181e-09 3.21925e-09 1.24021e-07 2.59005e-07 4.11882e-07 4.64715e-07 4.85258e-07 4.95344e-07 5.07168e-07 5.14524e-07 5.16587e-07 5.15134e-07 5.05546e-07 4.95912e-07 4.83211e-07 4.6484e-07 4.11446e-07 2.58678e-07 1.24349e-07 3.21019e-09 3.15911e-09 3.10658e-09 3.05603e-09 3.01274e-09 2.97349e-09 2.94803e-09 2.921e-09 2.89683e-09 2.87091e-09 2.83777e-09 2.79679e-09 2.74635e-09 2.73424e-09 2.71537e-09 2.7058e-09 2.70072e-09 2.69051e-09 2.68426e-09 2.67716e-09 2.66889e-09 2.65957e-09 2.64717e-09
2.63779e-09 2.65163e-09 2.66125e-09 2.68322e-09 2.69104e-09 2.70091e-09 2.71797e-09 2.72757e-09 2.73773e-09 2.76095e-09 2.7704e-09 2.80099e-09 2.83843e-09 2.88345e-09 2.91083e-09 2.93736e-09 2.96184e-09 2.98612e-09 3.02881e-09 3.0793e-09 3.13981e-09 3.20427e-09 1.49257e-07 3.7312e-07 4.64184e-07 4.96927e-07 5.26965e-07 5.56802e-07 5.81504e-07 5.98143e-07 6.11861e-07 6.20936e-07 6.23476e-07 6.21283e-07 6.11476e-07 5.99984e-07 5.80236e-07 5.56804e-07 5.2684e-07 4.95946e-07 4.64348e-07 3.72644e-07 1.49332e-07 3.20321e-09 3.13915e-09 3.08335e-09 3.02558e-09 2.99054e-09 2.96167e-09 2.93735e-09 2.91272e-09 2.88208e-09 2.84294e-09 2.79724e-09 2.77792e-09 2.75536e-09 2.74073e-09 2.73258e-09 2.7123e-09 2.70552e-09 2.6958e-09 2.67735e-09 2.66784e-09 2.65286e-09
2.65518e-09 2.67092e-09 2.67932e-09 2.70163e-09 2.71012e-09 2.72136e-09 2.73741e-09 2.75084e-09 2.76526e-09 2.78624e-09 2.79915e-09 2.82811e-09 2.87095e-09 2.91209e-09 2.94094e-09 2.96788e-09 2.99858e-09 3.03975e-09 3.10116e-09 3.1689e-09 7.29864e-08 3.13601e-07 4.66007e-07 5.05602e-07 5.48389e-07 5.92464e-07 6.31318e-07 6.67991e-07 7.00526e-07 7.27235e-07 7.49034e-07 7.61804e-07 7.65717e-07 7.62861e-07 7.47128e-07 7.28573e-07 7.0007e-07 6.68335e-07 6.30664e-07 5.90332e-07 5.4975e-07 5.06784e-07 4.65831e-07 3.13972e-07 7.29796e-08 3.16706e-09 3.0984e-09 3.04246e-09 2.99681e-09 2.96682e-09 2.9408e-09 2.90942e-09 2.87273e-09 2.82344e-09 2.80301e-09 2.78084e-09 2.76466e-09 2.75319e-09 2.73081e-09 2.72176e-09 2.71101e-09 2.69501e-09 2.68346e-09 2.66752e-09
2.67054e-09 2.68284e-09 2.68951e-09 2.71102e-09 2.72031e-09 2.73419e-09 2.75502e-09 2.77153e-09 2.78578e-09 2.80461e-09 2.81918e-09 2.85188e-09 2.8979e-09 2.93736e-09 2.96685e-09 2.99826e-09 3.04597e-09 3.11357e-09 3.19047e-09 1.74994e-07 4.4543e-07 4.96573e-07 5.47995e-07 6.02832e-07 6.54392e-07 7.1014e-07 7.63756e-07 8.16228e-07 8.6501e-07 9.0343e-07 9.33843e-07 9.53265e-07 9.58585e-07 9.53243e-07 9.32883e-07 9.06129e-07 8.63023e-07 8.17319e-07 7.64402e-07 7.09812e-07 6.56884e-07 6.01366e-07 5.49294e-07 5.00958e-07 4.44938e-07 1.7504e-07 3.19888e-09 3.11042e-09 3.04626e-09 2.999e-09 2.96826e-09 2.93726e-09 2.90163e-09 2.84975e-09 2.82456e-09 2.80155e-09 2.7876e-09 2.77625e-09 2.75035e-09 2.73845e-09 2.72437e-09 2.70836e-09 2.69479e-09 2.68213e-09
2.6792e-09 2.69111e-09 2.69778e-09 2.72036e-09 2.73297e-09 2.74996e-09 2.77361e-09 2.78973e-09 2.80264e-09 2.82452e-09 2.84717e-09 2.87631e-09 2.92292e-09 2.96296e-09 2.99857e-09 3.04676e-09 3.10592e-09 3.20148e-09 2.53226e-07 4.62807e-07 5.19184e-07 5.78866e-07 6.43058e-07 7.12935e-07 7.84265e-07 8.62938e-07 9.40269e-07 1.01536e-06 1.08589e-06 1.14663e-06 1.19417e-06 1.22357e-06 1.2327e-06 1.22476e-06 1.1925e-06 1.1474e-06 1.08441e-06 1.01607e-06 9.39641e-07 8.61621e-07 7.85064e-07 7.1124e-07 6.44729e-07 5.81127e-07 5.18266e-07 4.62834e-07 2.53545e-07 3.18705e-09 3.11062e-09 3.04565e-09 2.99613e-09 2.96134e-09 2.92335e-09 2.87173e-09 2.84957e-09 2.8194e-09 2.80279e-09 2.79162e-09 2.76691e-09 2.7522e-09 2.73279e-09 2.71359e-09 2.69976e-09 2.68773e-09
2.68631e-09 2.69837e-09 2.7018e-09 2.72105e-09 2.74052e-09 2.76098e-09 2.7861e-09 2.80143e-09 2.81369e-09 2.83365e-09 2.85417e-09 2.88995e-09 2.94458e-09 2.98612e-09 3.03886e-09 3.11357e-09 3.20086e-09 2.56343e-07 4.73133e-07 5.35099e-07 6.04743e-07 6.79684e-07 7.63033e-07 8.60896e-07 9.62319e-07 1.07477e-06 1.1899e-06 1.30504e-06 1.4157e-06 1.51412e-06 1.59022e-06 1.64084e-06 1.657e-06 1.64211e-06 1.59031e-06 1.51438e-06 1.4147e-06 1.30725e-06 1.18969e-06 1.0746e-06 9.65545e-07 8.59787e-07 7.64658e-07 6.80182e-07 6.03192e-07 5.36116e-07 4.73683e-07 2.55757e-07 3.21242e-09 3.11276e-09 3.03815e-09 2.99006e-09 2.94384e-09 2.88955e-09 2.85983e-09 2.8308e-09 2.81606e-09 2.80452e-09 2.78227e-09 2.76699e-09 2.74322e-09 2.71797e-09 2.7067e-09 2.69774e-09
2.69113e-09 2.70324e-09 2.70732e-09 2.73107e-09 2.75475e-09 2.77641e-09 2.79846e-09 2.81431e-09 2.82704e-09 2.85514e-09 2.8855e-09 2.91823e-09 2.97912e-09 3.02992e-09 3.10116e-09 3.19123e-09 2.53245e-07 4.73366e-07 5.41714e-07 6.16086e-07 7.01728e-07 8.00295e-07 9.16273e-07 1.04923e-06 1.19591e-06 1.36148e-06 1.54002e-06 1.72314e-06 1.89937e-06 2.05764e-06 2.1801e-06 2.26566e-06 2.29063e-06 2.26093e-06 2.17988e-06 2.05857e-06 1.89843e-06 1.72436e-06 1.53956e-06 1.36174e-06 1.19726e-06 1.04725e-06 9.15741e-07 8.00504e-07 7.0128e-07 6.17055e-07 5.41497e-07 4.7202e-07 2.53673e-07 3.18515e-09 3.09807e-09 3.03389e-09 2.9752e-09 2.91934e-09 2.88657e-09 2.84977e-09 2.82838e-09 2.81509e-09 2.7929e-09 2.77779e-09 2.75331e-09 2.72417e-09 2.70984e-09 2.70021e-09
2.69554e-09 2.70844e-09 2.71407e-09 2.73794e-09 2.76095e-09 2.78417e-09 2.80597e-09 2.82674e-09 2.84177e-09 2.87101e-09 2.90297e-09 2.93827e-09 3.00775e-09 3.0793e-09 3.16829e-09 1.7496e-07 4.62534e-07 5.35025e-07 6.15759e-07 7.08257e-07 8.20395e-07 9.53609e-07 1.1116e-06 1.30356e-06 1.52586e-06 1.78167e-06 2.06347e-06 2.35707e-06 2.64304e-06 2.91485e-06 3.12122e-06 3.26415e-06 3.30916e-06 3.26126e-06 3.12621e-06 2.90908e-06 2.64418e-06 2.35821e-06 2.06045e-06 1.78234e-06 1.52575e-06 1.3008e-06 1.11296e-06 9.55095e-07 8.20191e-07 7.09034e-07 6.15275e-07 5.33372e-07 4.63527e-07 1.74735e-07 3.1693e-09 3.08782e-09 3.00075e-09 2.93943e-09 2.9043e-09 2.8691e-09 2.8461e-09 2.82659e-09 2.80502e-09 2.78841e-09 2.76341e-09 2.73516e-09 2.72004e-09 2.70804e-09
2.69871e-09 2.71204e-09 2.72037e-09 2.7453e-09 2.76783e-09 2.79624e-09 2.81874e-09 2.8428e-09 2.85853e-09 2.88992e-09 2.92269e-09 2.96555e-09 3.05891e-09 3.14144e-09 7.30216e-08 4.45666e-07 5.19365e-07 6.0504e-07 7.01736e-07 8.20718e-07 9.70206e-07 1.14976e-06 1.37438e-06 1.65506e-06 1.99283e-06 2.38697e-06 2.83268e-06 3.30932e-06 3.79191e-06 4.26097e-06 4.61503e-06 4.87112e-06 4.95605e-06 4.8672e-06 4.63099e-06 4.24666e-06 3.79687e-06 3.31438e-06 2.82934e-06 2.38765e-06 1.99313e-06 1.65448e-06 1.37372e-06 1.15056e-06 9.67948e-07 8.20383e-07 7.01438e-07 6.03091e-07 5.20432e-07 4.45062e-07 7.30065e-08 3.14484e-09 3.04773e-09 2.96949e-09 2.92445e-09 2.88568e-09 2.85949e-09 2.84043e-09 2.81779e-09 2.79412e-09 2.76826e-09 2.74163e-09 2.72413e-09 2.70879e-09
2.7007e-09 2.71515e-09 2.72895e-09 2.75828e-09 2.77924e-09 2.80976e-09 2.83284e-09 2.85584e-09 2.87296e-09 2.91014e-09 2.94653e-09 3.00194e-09 3.10665e-09 3.20325e-09 3.13373e-07 4.96403e-07 5.78538e-07 6.79514e-07 7.99845e-07 9.53404e-07 1.14924e-06 1.39957e-06 1.7227e-06 2.1324e-06 2.64339e-06 3.25583e-06 3.97866e-06 4.77395e-06 5.5887e-06 6.40367e-06 7.03548e-06 7.50135e-06 7.65518e-06 7.47672e-06 7.0645e-06 6.37751e-06 5.60262e-06 4.77804e-06 3.97448e-06 3.26102e-06 2.64195e-06 2.13321e-06 1.72071e-06 1.40041e-06 1.14809e-06 9.53232e-07 8.01145e-07 6.78153e-07 5.7971e-07 4.93258e-07 3.1376e-07 3.20729e-09 3.10137e-09 3.01009e-09 2.94889e-09 2.90734e-09 2.87699e-09 2.85705e-09 2.8335e-09 2.80913e-09 2.78449e-09 2.75674e-09 2.7338e-09 2.71618e-09
2.70679e-09 2.72303e-09 2.74111e-09 2.77235e-09 2.78861e-09 2.81395e-09 2.83941e-09 2.86308e-09 2.87984e-09 2.9179e-09 2.96886e-09 3.03491e-09 3.15371e-09 1.49365e-07 4.66215e-07 5.48355e-07 6.43154e-07 7.63399e-07 9.16338e-07 1.11198e-06 1.37456e-06 1.72321e-06 2.18837e-06 2.79011e-06 3.57327e-06 4.53815e-06 5.72258e-06 7.06825e-06 8.46829e-06 9.91298e-06 1.10359e-05 1.18787e-05 1.2164e-05 1.18345e-05 1.11122e-05 9.86164e-06 8.50013e-06 7.06623e-06 5.71383e-06 4.55331e-06 3.56921e-06 2.79176e-06 2.18491e-06 1.72423e-06 1.37284e-06 1.11191e-06 9.17316e-07 7.6094e-07 6.43567e-07 5.45534e-07 4.66008e-07 1.49444e-07 3.14631e-09 3.03742e-09 2.96502e-09 2.91319e-09 2.88219e-09 2.86171e-09 2.83755e-09 2.81185e-09 2.79054e-09 2.76673e-09 2.74333e-09 2.7233e-09
2.71463e-09 2.73273e-09 2.75131e-09 2.78123e-09 2.79692e-09 2.82199e-09 2.84756e-09 2.87219e-09 2.89472e-09 2.947e-09 3.00085e-09 3.08623e-09 3.21717e-09 3.72924e-07 5.05211e-07 6.02527e-07 7.12323e-07 8.60416e-07 1.04853e-06 1.30298e-06 1.65422e-06 2.13189e-06 2.78967e-06 3.67626e-06 4.86649e-06 6.37818e-06 8.29916e-06 1.05547e-05 1.29769e-05 1.55816e-05 1.76027e-05 1.91441e-05 1.9684e-05 1.90588e-05 1.77427e-05 1.54378e-05 1.30272e-05 1.05494e-05 8.28279e-06 6.39568e-06 4.85602e-06 3.68062e-06 2.7861e-06 2.13662e-06 1.65365e-06 1.3033e-06 1.05115e-06 8.57261e-07 7.13727e-07 6.01101e-07 5.06403e-07 3.73365e-07 3.21486e-09 3.08972e-09 3.00004e-09 2.94708e-09 2.90125e-09 2.8721e-09 2.8481e-09 2.82239e-09 2.80112e-09 2.77829e-09 2.7556e-09 2.73422e-09
2.71843e-09 2.73799e-09 2.75749e-09 2.78691e-09 2.8025e-09 2.82367e-09 2.8457e-09 2.87933e-09 2.9092e-09 2.956e-09 3.02114e-09 3.12752e-09 1.24087e-07 4.64575e-07 5.48741e-07 6.54862e-07 7.84486e-07 9.62722e-07 1.19616e-06 1.52637e-06 1.99294e-06 2.64373e-06 3.57381e-06 4.86631e-06 6.68122e-06 9.053e-06 1.21624e-05 1.59565e-05 2.0154e-05 2.47873e-05 2.84254e-05 3.12683e-05 3.22676e-05 3.10814e-05 2.87333e-05 2.44968e-05 2.02571e-05 1.5958e-05 1.21452e-05 9.08084e-06 6.66213e-06 4.87649e-06 3.56606e-06 2.64835e-06 1.99155e-06 1.52392e-06 1.19777e-06 9.58084e-07 7.85883e-07 6.53062e-07 5.48983e-07 4.64746e-07 1.2378e-07 3.12709e-09 3.01885e-09 2.95181e-09 2.91137e-09 2.87312e-09 2.84392e-09 2.82136e-09 2.80408e-09 2.78178e-09 2.75922e-09 2.73646e-09
2.71925e-09 2.74024e-09 2.76066e-09 2.78989e-09 2.80577e-09 2.82683e-09 2.84965e-09 2.8927e-09 2.92513e-09 2.98094e-09 3.05793e-09 3.17419e-09 2.58771e-07 4.96629e-07 5.91874e-07 7.09708e-07 8.62123e-07 1.07403e-06 1.36035e-06 1.78032e-06 2.38602e-06 3.25396e-06 4.53762e-06 6.37696e-06 9.05694e-06 1.27091e-05 1.76667e-05 2.39137e-05 3.10024e-05 3.8942e-05 4.51426e-05 4.99621e-05 5.16406e-05 4.96108e-05 4.56997e-05 3.84258e-05 3.1177e-05 2.38925e-05 1.763e-05 1.27437e-05 9.02884e-06 6.39991e-06 4.53031e-06 3.26063e-06 2.38592e-06 1.7786e-06 1.36407e-06 1.07033e-06 8.64718e-07 7.08547e-07 5.91683e-07 4.94815e-07 2.5857e-07 3.17891e-09 3.06056e-09 2.97891e-09 2.92903e-09 2.88902e-09 2.85294e-09 2.82692e-09 2.80982e-09 2.78751e-09 2.76498e-09 2.74161e-09
2.71581e-09 2.73977e-09 2.76127e-09 2.79114e-09 2.80733e-09 2.83039e-09 2.85638e-09 2.90187e-09 2.94156e-09 3.00611e-09 3.08918e-09 3.21904e-09 4.12136e-07 5.27445e-07 6.31582e-07 7.6438e-07 9.40688e-07 1.19056e-06 1.54068e-06 2.06365e-06 2.83346e-06 3.97918e-06 5.72403e-06 8.29675e-06 1.21653e-05 1.76561e-05 2.53556e-05 3.52776e-05 4.66505e-05 5.90307e-05 6.83375e-05 7.52022e-05 7.75202e-05 7.46795e-05 6.92244e-05 5.83524e-05 4.69658e-05 3.52813e-05 2.53082e-05 1.77054e-05 1.21229e-05 8.32707e-06 5.71118e-06 3.98386e-06 2.83171e-06 2.0597e-06 1.5437e-06 1.1852e-06 9.42852e-07 7.62166e-07 6.31027e-07 5.25961e-07 4.11426e-07 3.21923e-09 3.08882e-09 3.00104e-09 2.94262e-09 2.89638e-09 2.85972e-09 2.82729e-09 2.80864e-09 2.7862e-09 2.76259e-09 2.73781e-09
2.70855e-09 2.7366e-09 2.7592e-09 2.79017e-09 2.80742e-09 2.83656e-09 2.86442e-09 2.90902e-09 2.95612e-09 3.01932e-09 3.10937e-09 9.84524e-08 4.64256e-07 5.5637e-07 6.67238e-07 8.15458e-07 1.01425e-06 1.30406e-06 1.72182e-06 2.35492e-06 3.30762e-06 4.77145e-06 7.0716e-06 1.05564e-05 1.59668e-05 2.391e-05 3.53227e-05 5.00083e-05 6.62897e-05 8.19975e-05 9.20274e-05 9.78128e-05 9.93799e-05 9.73832e-05 9.27949e-05 8.12592e-05 6.65474e-05 4.99682e-05 3.52067e-05 2.39643e-05 1.59098e-05 1.05882e-05 7.05419e-06 4.78083e-06 3.30904e-06 2.35233e-06 1.72798e-06 1.29984e-06 1.01874e-06 8.14355e-07 6.6802e-07 5.5597e-07 4.63947e-07 9.86086e-08 3.11255e-09 3.01974e-09 2.96368e-09 2.90665e-09 2.8704e-09 2.83384e-09 2.81104e-09 2.78765e-09 2.76326e-09 2.73789e-09
2.70201e-09 2.7285e-09 2.75379e-09 2.78684e-09 2.80703e-09 2.8442e-09 2.87666e-09 2.9289e-09 2.98023e-09 3.04593e-09 3.14258e-09 2.01506e-07 4.85617e-07 5.82053e-07 7.00973e-07 8.65627e-07 1.08633e-06 1.41671e-06 1.90033e-06 2.64442e-06 3.79433e-06 5.58874e-06 8.4741e-06 1.29753e-05 2.01523e-05 3.09651e-05 4.66355e-05 6.62029e-05 8.57583e-05 9.94469e-05 0.000103079 0.000100957 9.92454e-05 0.000101151 0.000103155 9.9164e-05 8.5965e-05 6.63166e-05 4.65715e-05 3.10709e-05 2.01122e-05 1.30181e-05 8.45358e-06 5.59822e-06 3.79296e-06 2.63818e-06 1.90497e-06 1.41016e-06 1.08905e-06 8.63161e-07 7.00441e-07 5.80815e-07 4.82611e-07 2.01484e-07 3.14103e-09 3.04217e-09 2.98296e-09 2.92167e-09 2.87794e-09 2.83664e-09 2.80868e-09 2.78181e-09 2.75438e-09 2.72572e-09
2.70105e-09 2.71685e-09 2.74355e-09 2.78139e-09 2.80675e-09 2.85133e-09 2.88858e-09 2.93873e-09 2.98228e-09 3.03738e-09 3.13967e-09 2.56347e-07 4.94919e-07 5.97697e-07 7.26428e-07 9.02526e-07 1.14531e-06 1.51276e-06 2.05616e-06 2.91305e-06 4.26008e-06 6.40252e-06 9.91478e-06 1.55772e-05 2.48126e-05 3.89543e-05 5.91003e-05 8.2046e-05 9.95497e-05 0.000101818 9.08851e-05 7.74353e-05 7.20966e-05 7.81686e-05 9.0096e-05 0.000102062 9.94928e-05 8.21105e-05 5.89152e-05 3.90362e-05 2.47358e-05 1.56239e-05 9.89598e-06 6.41496e-06 4.2643e-06 2.91006e-06 2.0641e-06 1.50802e-06 1.14957e-06 9.01389e-07 7.27141e-07 5.97411e-07 4.94235e-07 2.56674e-07 3.14209e-09 3.0372e-09 2.98843e-09 2.93792e-09 2.89599e-09 2.84578e-09 2.81259e-09 2.77972e-09 2.74777e-09 2.71973e-09
2.70321e-09 2.70865e-09 2.72952e-09 2.77359e-09 2.80886e-09 2.86285e-09 2.90655e-09 2.95373e-09 2.9936e-09 3.05205e-09 3.18235e-09 3.15171e-07 5.07637e-07 6.12497e-07 7.49631e-07 9.34673e-07 1.19509e-06 1.59136e-06 2.18201e-06 3.12392e-06 4.61928e-06 7.03824e-06 1.10395e-05 1.7586e-05 2.84124e-05 4.50919e-05 6.82771e-05 9.19012e-05 0.000103058 9.09914e-05 6.81505e-05 5.00921e-05 4.41104e-05 5.06609e-05 6.69849e-05 9.15308e-05 0.000102994 9.21841e-05 6.81814e-05 4.5252e-05 2.83741e-05 1.76448e-05 1.10128e-05 7.0431e-06 4.61917e-06 3.11664e-06 2.18744e-06 1.58412e-06 1.19696e-06 9.31506e-07 7.49035e-07 6.11538e-07 5.06202e-07 3.15043e-07 3.18029e-09 3.04777e-09 2.99531e-09 2.94777e-09 2.90887e-09 2.85238e-09 2.81173e-09 2.76848e-09 2.73026e-09 2.71008e-09
2.705e-09 2.70702e-09 2.71968e-09 2.76292e-09 2.81012e-09 2.86985e-09 2.91286e-09 2.95752e-09 2.99348e-09 3.0462e-09 3.17718e-09 3.18851e-07 5.14154e-07 6.20537e-07 7.61248e-07 9.52519e-07 1.22245e-06 1.63942e-06 2.26351e-06 3.26218e-06 4.86977e-06 7.49777e-06 1.18779e-05 1.91457e-05 3.12906e-05 5.00272e-05 7.53205e-05 9.78968e-05 0.000100945 7.73415e-05 4.98908e-05 3.29013e-05 2.79954e-05 3.34393e-05 4.90858e-05 7.81359e-05 0.000100825 9.79764e-05 7.50123e-05 5.01075e-05 3.12156e-05 1.91847e-05 1.18474e-05 7.50665e-06 4.87448e-06 3.25998e-06 2.27317e-06 1.63481e-06 1.22644e-06 9.50733e-07 7.62052e-07 6.20577e-07 5.13726e-07 3.19243e-07 3.17901e-09 3.04603e-09 2.99904e-09 2.95604e-09 2.92016e-09 2.86668e-09 2.8186e-09 2.76118e-09 2.72178e-09 2.70872e-09
2.7055e-09 2.7073e-09 2.71809e-09 2.75843e-09 2.81481e-09 2.87857e-09 2.91788e-09 2.96163e-09 2.99596e-09 3.04944e-09 3.18382e-09 3.20436e-07 5.17204e-07 6.24208e-07 7.66629e-07 9.59708e-07 1.23409e-06 1.65885e-06 2.29278e-06 3.31133e-06 4.95902e-06 7.6577e-06 1.21621e-05 1.96771e-05 3.22465e-05 5.15784e-05 7.74112e-05 9.92886e-05 9.92749e-05 7.2253e-05 4.42342e-05 2.80447e-05 2.35631e-05 2.84122e-05 4.3269e-05 7.27382e-05 9.91003e-05 9.95449e-05 7.73107e-05 5.17892e-05 3.22084e-05 1.97315e-05 1.21292e-05 7.65992e-06 4.95923e-06 3.30503e-06 2.29816e-06 1.65081e-06 1.23561e-06 9.5598e-07 7.65972e-07 6.23049e-07 5.15788e-07 3.2028e-07 3.18149e-09 3.04514e-09 2.99734e-09 2.95631e-09 2.92045e-09 2.86894e-09 2.81861e-09 2.75126e-09 2.71553e-09 2.70862e-09
2.70499e-09 2.70701e-09 2.72118e-09 2.75953e-09 2.80836e-09 2.87129e-09 2.91315e-09 2.95769e-09 2.99297e-09 3.05204e-09 3.19245e-09 3.19007e-07 5.14747e-07 6.20734e-07 7.6222e-07 9.52363e-07 1.22385e-06 1.64073e-06 2.25924e-06 3.25876e-06 4.86287e-06 7.47389e-06 1.18351e-05 1.90715e-05 3.11049e-05 4.96645e-05 7.4767e-05 9.74877e-05 0.000101143 7.80067e-05 5.06076e-05 3.3318e-05 2.84615e-05 3.38552e-05 4.98075e-05 7.87892e-05 0.000101015 9.75685e-05 7.4467e-05 4.9741e-05 3.1024e-05 1.91151e-05 1.18032e-05 7.4825e-06 4.86857e-06 3.25631e-06 2.26846e-06 1.6365e-06 1.22796e-06 9.50577e-07 7.63003e-07 6.20889e-07 5.14356e-07 3.19412e-07 3.19435e-09 3.05183e-09 2.99866e-09 2.95604e-09 2.91995e-09 2.86761e-09 2.82026e-09 2.75829e-09 2.72043e-09 2.7083e-09
2.70335e-09 2.71017e-09 2.73435e-09 2.77313e-09 2.8095e-09 2.86195e-09 2.90572e-09 2.95379e-09 2.9903e-09 3.0426e-09 3.15585e-09 3.14418e-07 5.06133e-07 6.12037e-07 7.47922e-07 9.33796e-07 1.19378e-06 1.59207e-06 2.18194e-06 3.12847e-06 4.63205e-06 7.067e-06 1.11107e-05 1.7748e-05 2.87059e-05 4.5666e-05 6.91226e-05 9.27232e-05 0.000103117 9.01216e-05 6.71904e-05 4.903e-05 4.33934e-05 4.96076e-05 6.60012e-05 9.06796e-05 0.000103065 9.30044e-05 6.90122e-05 4.58294e-05 2.86677e-05 1.78051e-05 1.10858e-05 7.07229e-06 4.63183e-06 3.12123e-06 2.18721e-06 1.58478e-06 1.1957e-06 9.30575e-07 7.47123e-07 6.10607e-07 5.04511e-07 3.14269e-07 3.15363e-09 3.03811e-09 2.99172e-09 2.94735e-09 2.90732e-09 2.85367e-09 2.81476e-09 2.76906e-09 2.73352e-09 2.70882e-09
2.70189e-09 2.71426e-09 2.74306e-09 2.77805e-09 2.80685e-09 2.84919e-09 2.88772e-09 2.94092e-09 2.98867e-09 3.05063e-09 3.1636e-09 2.57404e-07 4.95522e-07 5.99239e-07 7.27844e-07 9.05177e-07 1.14659e-06 1.51316e-06 2.05692e-06 2.90694e-06 4.24367e-06 6.3761e-06 9.85733e-06 1.54481e-05 2.45043e-05 3.84699e-05 5.83855e-05 8.13748e-05 9.9188e-05 0.000102058 9.15522e-05 7.79744e-05 7.2893e-05 7.8697e-05 9.07909e-05 0.000102292 9.91173e-05 8.14392e-05 5.8203e-05 3.85449e-05 2.44323e-05 1.54912e-05 9.83963e-06 6.38972e-06 4.24754e-06 2.90437e-06 2.0654e-06 1.50837e-06 1.15097e-06 9.03842e-07 7.28481e-07 5.98973e-07 4.94752e-07 2.57757e-07 3.16591e-09 3.05052e-09 2.99458e-09 2.93942e-09 2.89608e-09 2.84564e-09 2.81272e-09 2.77687e-09 2.7483e-09 2.71482e-09
2.70682e-09 2.72805e-09 2.75676e-09 2.78697e-09 2.80975e-09 2.84405e-09 2.8764e-09 2.92489e-09 2.97594e-09 3.035e-09 3.13249e-09 2.00453e-07 4.8375e-07 5.80664e-07 7.00743e-07 8.63705e-07 1.08557e-06 1.41562e-06 1.89961e-06 2.64594e-06 3.798e-06 5.60492e-06 8.49782e-06 1.30307e-05 2.02447e-05 3.11752e-05 4.69073e-05 6.65246e-05 8.58409e-05 9.95171e-05 0.000102956 0.000100818 9.91279e-05 0.000101007 0.00010304 9.92209e-05 8.60607e-05 6.66334e-05 4.68396e-05 3.12875e-05 2.01987e-05 1.3076e-05 8.4784e-06 5.61444e-06 3.79678e-06 2.63971e-06 1.90428e-06 1.40907e-06 1.08817e-06 8.61229e-07 7.00133e-07 5.78752e-07 4.80411e-07 2.00412e-07 3.13077e-09 3.03091e-09 2.97737e-09 2.91853e-09 2.87988e-09 2.83688e-09 2.81155e-09 2.78193e-09 2.75793e-09 2.72556e-09
2.70927e-09 2.73195e-09 2.75905e-09 2.78763e-09 2.80773e-09 2.83443e-09 2.86522e-09 2.90904e-09 2.95715e-09 3.02509e-09 3.11135e-09 9.86318e-08 4.64576e-07 5.56231e-07 6.67825e-07 8.16631e-07 1.01536e-06 1.30603e-06 1.7231e-06 2.3569e-06 3.31211e-06 4.77768e-06 7.06271e-06 1.05509e-05 1.59555e-05 2.39216e-05 3.52899e-05 5.00327e-05 6.629e-05 8.22264e-05 9.21105e-05 9.80798e-05 9.94543e-05 9.76531e-05 9.28785e-05 8.14902e-05 6.65489e-05 4.99937e-05 3.51751e-05 2.39707e-05 1.59016e-05 1.05847e-05 7.04577e-06 4.78674e-06 3.31372e-06 2.35446e-06 1.7292e-06 1.30193e-06 1.01983e-06 8.15452e-07 6.68641e-07 5.55944e-07 4.64296e-07 9.87778e-08 3.11417e-09 3.0244e-09 2.96526e-09 2.9086e-09 2.87126e-09 2.83128e-09 2.81122e-09 2.78528e-09 2.76336e-09 2.7345e-09
2.71956e-09 2.73962e-09 2.76419e-09 2.79145e-09 2.81008e-09 2.83046e-09 2.85755e-09 2.90188e-09 2.94038e-09 3.00586e-09 3.09052e-09 3.22029e-09 4.11898e-07 5.27266e-07 6.31408e-07 7.6484e-07 9.40258e-07 1.19031e-06 1.54034e-06 2.06155e-06 2.83e-06 3.97583e-06 5.71253e-06 8.28193e-06 1.21392e-05 1.7634e-05 2.52861e-05 3.52159e-05 4.65139e-05 5.89379e-05 6.80824e-05 7.50961e-05 7.72035e-05 7.4585e-05 6.89532e-05 5.82794e-05 4.68255e-05 3.52191e-05 2.52392e-05 1.76829e-05 1.20984e-05 8.31199e-06 5.69807e-06 3.98097e-06 2.82852e-06 2.05778e-06 1.54349e-06 1.1849e-06 9.42645e-07 7.62672e-07 6.30834e-07 5.26137e-07 4.11157e-07 3.22025e-09 3.08962e-09 3.00109e-09 2.94341e-09 2.89706e-09 2.86094e-09 2.8275e-09 2.81143e-09 2.78641e-09 2.76542e-09 2.73787e-09
2.71867e-09 2.73694e-09 2.76057e-09 2.78761e-09 2.80624e-09 2.82501e-09 2.84823e-09 2.8882e-09 2.92341e-09 2.97323e-09 3.05329e-09 3.168e-09 2.58563e-07 4.95546e-07 5.90008e-07 7.09138e-07 8.612e-07 1.07375e-06 1.36091e-06 1.78169e-06 2.38656e-06 3.25987e-06 4.55077e-06 6.39644e-06 9.07768e-06 1.27479e-05 1.77091e-05 2.39886e-05 3.10717e-05 3.90825e-05 4.52105e-05 5.01656e-05 5.17259e-05 4.98037e-05 4.57845e-05 3.85569e-05 3.12463e-05 2.39721e-05 1.76726e-05 1.27829e-05 9.04948e-06 6.41919e-06 4.5431e-06 3.26697e-06 2.38668e-06 1.77987e-06 1.36473e-06 1.07021e-06 8.63675e-07 7.08209e-07 5.90602e-07 4.94881e-07 2.58342e-07 3.172e-09 3.05573e-09 2.97259e-09 2.92785e-09 2.88424e-09 2.85118e-09 2.82469e-09 2.81005e-09 2.78528e-09 2.7652e-09 2.73837e-09
2.72117e-09 2.73788e-09 2.7606e-09 2.78736e-09 2.80558e-09 2.82467e-09 2.85276e-09 2.88223e-09 2.91527e-09 2.96644e-09 3.02962e-09 3.13664e-09 1.24484e-07 4.64648e-07 5.50232e-07 6.57168e-07 7.85592e-07 9.65916e-07 1.19786e-06 1.52609e-06 1.99351e-06 2.64225e-06 3.56932e-06 4.85507e-06 6.65787e-06 9.02585e-06 1.21182e-05 1.59102e-05 2.00954e-05 2.47446e-05 2.83507e-05 3.1231e-05 3.21874e-05 3.1054e-05 2.86515e-05 2.44555e-05 2.02016e-05 1.5909e-05 1.21e-05 9.05329e-06 6.63901e-06 4.86537e-06 3.56187e-06 2.64754e-06 1.99234e-06 1.52384e-06 1.19968e-06 9.61131e-07 7.86995e-07 6.55486e-07 5.50604e-07 4.64759e-07 1.24154e-07 3.13601e-09 3.02859e-09 2.96311e-09 2.91736e-09 2.87592e-09 2.85092e-09 2.82229e-09 2.80699e-09 2.78193e-09 2.76201e-09 2.73615e-09
2.71455e-09 2.72965e-09 2.75123e-09 2.77869e-09 2.79722e-09 2.81652e-09 2.84444e-09 2.86761e-09 2.89141e-09 2.93459e-09 2.9922e-09 3.07605e-09 3.20849e-09 3.72332e-07 5.06576e-07 6.00914e-07 7.10933e-07 8.59304e-07 1.04692e-06 1.30039e-06 1.65465e-06 2.13326e-06 2.79169e-06 3.67968e-06 4.87573e-06 6.40026e-06 8.32609e-06 1.05918e-05 1.30234e-05 1.56322e-05 1.76466e-05 1.92029e-05 1.97245e-05 1.91114e-05 1.77914e-05 1.54892e-05 1.30725e-05 1.05843e-05 8.30966e-06 6.41836e-06 4.865e-06 3.68407e-06 2.78815e-06 2.13782e-06 1.65389e-06 1.30044e-06 1.04939e-06 8.56209e-07 7.12743e-07 5.99106e-07 5.07674e-07 3.72746e-07 3.20573e-09 3.08061e-09 2.9924e-09 2.93465e-09 2.89788e-09 2.86748e-09 2.84484e-09 2.81683e-09 2.80137e-09 2.77592e-09 2.75578e-09 2.73121e-09
2.70956e-09 2.72291e-09 2.74405e-09 2.77261e-09 2.79273e-09 2.81759e-09 2.84405e-09 2.86487e-09 2.8856e-09 2.92633e-09 2.97674e-09 3.04075e-09 3.16024e-09 1.49422e-07 4.66215e-07 5.49541e-07 6.4517e-07 7.64759e-07 9.16075e-07 1.11324e-06 1.37453e-06 1.72117e-06 2.18538e-06 2.78608e-06 3.56644e-06 4.52749e-06 5.70819e-06 7.05108e-06 8.4526e-06 9.8924e-06 1.10135e-05 1.18464e-05 1.21273e-05 1.18041e-05 1.10872e-05 9.84065e-06 8.48294e-06 7.04868e-06 5.7012e-06 4.54287e-06 3.56213e-06 2.78768e-06 2.18192e-06 1.72235e-06 1.37288e-06 1.11322e-06 9.1713e-07 7.62273e-07 6.45146e-07 5.45722e-07 4.65967e-07 1.49477e-07 3.15362e-09 3.04423e-09 2.97273e-09 2.92139e-09 2.88774e-09 2.86327e-09 2.84199e-09 2.81523e-09 2.79429e-09 2.76655e-09 2.74588e-09 2.72296e-09
2.70069e-09 2.712e-09 2.72876e-09 2.75528e-09 2.7772e-09 2.80592e-09 2.83203e-09 2.85256e-09 2.87085e-09 2.90317e-09 2.94446e-09 2.99825e-09 3.10556e-09 3.20156e-09 3.13853e-07 5.00633e-07 5.80932e-07 6.79763e-07 8.00403e-07 9.54891e-07 1.15082e-06 1.40018e-06 1.72483e-06 2.13652e-06 2.64935e-06 3.25988e-06 3.98569e-06 4.78013e-06 5.6005e-06 6.41486e-06 7.04597e-06 7.50358e-06 7.66245e-06 7.47916e-06 7.07471e-06 6.38729e-06 5.6145e-06 4.78456e-06 3.98103e-06 3.26467e-06 2.64719e-06 2.13745e-06 1.72272e-06 1.40103e-06 1.14948e-06 9.54648e-07 8.01624e-07 6.77845e-07 5.81212e-07 4.94459e-07 3.1419e-07 3.20621e-09 3.10128e-09 3.00633e-09 2.94678e-09 2.90031e-09 2.87478e-09 2.85363e-09 2.8326e-09 2.80526e-09 2.78252e-09 2.75382e-09 2.73364e-09 2.71289e-09
2.70154e-09 2.71185e-09 2.72307e-09 2.74567e-09 2.7703e-09 2.79523e-09 2.82075e-09 2.84232e-09 2.86123e-09 2.88882e-09 2.92253e-09 2.96154e-09 3.05758e-09 3.13915e-09 7.30214e-08 4.45125e-07 5.18501e-07 6.0322e-07 7.01602e-07 8.20164e-07 9.68357e-07 1.1482e-06 1.37377e-06 1.65365e-06 1.99219e-06 2.38506e-06 2.83265e-06 3.30697e-06 3.79422e-06 4.26098e-06 4.62009e-06 4.87115e-06 4.9622e-06 4.86621e-06 4.63625e-06 4.24696e-06 3.79907e-06 3.31183e-06 2.82905e-06 2.3855e-06 1.9922e-06 1.6532e-06 1.37294e-06 1.14909e-06 9.65991e-07 8.19798e-07 7.01002e-07 6.01181e-07 5.19262e-07 4.44447e-07 7.30215e-08 3.14342e-09 3.04639e-09 2.96543e-09 2.92423e-09 2.88457e-09 2.86219e-09 2.8399e-09 2.81967e-09 2.79287e-09 2.77048e-09 2.74179e-09 2.72677e-09 2.70864e-09
2.69571e-09 2.70557e-09 2.71406e-09 2.73483e-09 2.76338e-09 2.7829e-09 2.80731e-09 2.82546e-09 2.84254e-09 2.87291e-09 2.90864e-09 2.94254e-09 3.01275e-09 3.08216e-09 3.16643e-09 1.74936e-07 4.62783e-07 5.35843e-07 6.16981e-07 7.08604e-07 8.20406e-07 9.53029e-07 1.11237e-06 1.30261e-06 1.52446e-06 1.77784e-06 2.06095e-06 2.35119e-06 2.63995e-06 2.90832e-06 3.11895e-06 3.25723e-06 3.30719e-06 3.25461e-06 3.12386e-06 2.90218e-06 2.64106e-06 2.35215e-06 2.05781e-06 1.77863e-06 1.52414e-06 1.30013e-06 1.11342e-06 9.54443e-07 8.2008e-07 7.09085e-07 6.16369e-07 5.33869e-07 4.63743e-07 1.74732e-07 3.16808e-09 3.0907e-09 3.00572e-09 2.94368e-09 2.90993e-09 2.87088e-09 2.8467e-09 2.82514e-09 2.8062e-09 2.78695e-09 2.76564e-09 2.73173e-09 2.71972e-09 2.70465e-09
2.69435e-09 2.70328e-09 2.71028e-09 2.7281e-09 2.75449e-09 2.77433e-09 2.79948e-09 2.81293e-09 2.82757e-09 2.84855e-09 2.87848e-09 2.91319e-09 2.97481e-09 3.02558e-09 3.09932e-09 3.19887e-09 2.53673e-07 4.73738e-07 5.41746e-07 6.1515e-07 7.01725e-07 8.01053e-07 9.17783e-07 1.05083e-06 1.19848e-06 1.36337e-06 1.54462e-06 1.72663e-06 1.90621e-06 2.06299e-06 2.18938e-06 2.27105e-06 2.30032e-06 2.2667e-06 2.18928e-06 2.06335e-06 1.9052e-06 1.72794e-06 1.54402e-06 1.36347e-06 1.19989e-06 1.04864e-06 9.17088e-07 8.01156e-07 7.0107e-07 6.1607e-07 5.41239e-07 4.72314e-07 2.54122e-07 3.19306e-09 3.09626e-09 3.02955e-09 2.97088e-09 2.91424e-09 2.87949e-09 2.84317e-09 2.82884e-09 2.81362e-09 2.79383e-09 2.77565e-09 2.75306e-09 2.72122e-09 2.71292e-09 2.7003e-09
2.68648e-09 2.69558e-09 2.70323e-09 2.72293e-09 2.74347e-09 2.76084e-09 2.78818e-09 2.801e-09 2.81574e-09 2.83834e-09 2.86458e-09 2.89356e-09 2.94805e-09 2.98946e-09 3.04246e-09 3.10966e-09 3.18704e-09 2.5564e-07 4.72084e-07 5.33099e-07 6.03117e-07 6.77698e-07 7.61102e-07 8.56775e-07 9.5851e-07 1.06956e-06 1.18578e-06 1.29879e-06 1.41108e-06 1.50684e-06 1.58583e-06 1.63383e-06 1.65265e-06 1.63468e-06 1.58597e-06 1.50699e-06 1.41007e-06 1.30079e-06 1.18562e-06 1.0694e-06 9.61515e-07 8.55742e-07 7.62573e-07 6.77708e-07 6.01499e-07 5.33802e-07 4.72539e-07 2.55058e-07 3.1985e-09 3.10886e-09 3.04175e-09 2.99341e-09 2.94728e-09 2.89314e-09 2.87025e-09 2.83543e-09 2.81809e-09 2.80406e-09 2.7843e-09 2.76678e-09 2.74605e-09 2.71963e-09 2.70791e-09 2.69468e-09
2.68269e-09 2.6913e-09 2.69854e-09 2.71802e-09 2.73428e-09 2.74862e-09 2.77499e-09 2.78837e-09 2.80352e-09 2.82071e-09 2.84163e-09 2.87328e-09 2.92236e-09 2.96167e-09 2.99775e-09 3.04626e-09 3.11131e-09 3.21242e-09 2.5382e-07 4.63448e-07 5.20654e-07 5.79546e-07 6.43995e-07 7.13482e-07 7.86431e-07 8.64218e-07 9.43613e-07 1.01805e-06 1.09016e-06 1.14889e-06 1.19835e-06 1.22563e-06 1.237e-06 1.22671e-06 1.19653e-06 1.1495e-06 1.08868e-06 1.01871e-06 9.42953e-07 8.62933e-07 7.87227e-07 7.12101e-07 6.45318e-07 5.80833e-07 5.19433e-07 4.63498e-07 2.54122e-07 3.19787e-09 3.11603e-09 3.04515e-09 2.99531e-09 2.96004e-09 2.92279e-09 2.86869e-09 2.84401e-09 2.81558e-09 2.80361e-09 2.79015e-09 2.76811e-09 2.75066e-09 2.73391e-09 2.7111e-09 2.70031e-09 2.68763e-09
2.67032e-09 2.68018e-09 2.69065e-09 2.7081e-09 2.72068e-09 2.73163e-09 2.75535e-09 2.76941e-09 2.78606e-09 2.80424e-09 2.822e-09 2.85099e-09 2.89684e-09 2.93614e-09 2.96682e-09 2.99812e-09 3.04565e-09 3.11202e-09 3.18543e-09 1.74652e-07 4.45171e-07 4.92962e-07 5.45767e-07 6.00627e-07 6.53315e-07 7.079e-07 7.62618e-07 8.13591e-07 8.63774e-07 9.0042e-07 9.3227e-07 9.49958e-07 9.57124e-07 9.49784e-07 9.31548e-07 9.02965e-07 8.61907e-07 8.14744e-07 7.63225e-07 7.07746e-07 6.56018e-07 5.98847e-07 5.46174e-07 4.94327e-07 4.44759e-07 1.74677e-07 3.19353e-09 3.10886e-09 3.04593e-09 2.99885e-09 2.96822e-09 2.93605e-09 2.90055e-09 2.84886e-09 2.82737e-09 2.80114e-09 2.78781e-09 2.77405e-09 2.75064e-09 2.73582e-09 2.72462e-09 2.7054e-09 2.69595e-09 2.67958e-09
2.65816e-09 2.67008e-09 2.68327e-09 2.70217e-09 2.71333e-09 2.72167e-09 2.74017e-09 2.75118e-09 2.76768e-09 2.7863e-09 2.8009e-09 2.82954e-09 2.87229e-09 2.91272e-09 2.94196e-09 2.96826e-09 2.99706e-09 3.03816e-09 3.099e-09 3.16931e-09 7.30637e-08 3.13587e-07 4.66343e-07 5.06192e-07 5.49428e-07 5.91394e-07 6.31709e-07 6.67595e-07 7.01131e-07 7.2651e-07 7.49683e-07 7.61497e-07 7.66872e-07 7.62368e-07 7.47856e-07 7.27561e-07 7.0057e-07 6.67816e-07 6.31144e-07 5.90014e-07 5.50934e-07 5.07277e-07 4.66223e-07 3.14015e-07 7.30414e-08 3.16684e-09 3.09625e-09 3.04084e-09 2.99531e-09 2.96719e-09 2.94182e-09 2.91004e-09 2.87406e-09 2.82485e-09 2.80474e-09 2.78088e-09 2.76706e-09 2.75348e-09 2.73351e-09 2.72206e-09 2.71424e-09 2.69551e-09 2.68722e-09 2.66651e-09
2.63807e-09 2.64648e-09 2.65905e-09 2.67886e-09 2.68987e-09 2.69731e-09 2.71673e-09 2.72423e-09 2.73672e-09 2.758e-09 2.76782e-09 2.79393e-09 2.83777e-09 2.88074e-09 2.90942e-09 2.93605e-09 2.96133e-09 2.98898e-09 3.03389e-09 3.08661e-09 3.14571e-09 3.20625e-09 1.4951e-07 3.73025e-07 4.64995e-07 4.94417e-07 5.26304e-07 5.5542e-07 5.81201e-07 5.96735e-07 6.12037e-07 6.20117e-07 6.23783e-07 6.20414e-07 6.11353e-07 5.98477e-07 5.79373e-07 5.55371e-07 5.26671e-07 4.94633e-07 4.65206e-07 3.72577e-07 1.49609e-07 3.20458e-09 3.14419e-09 3.0907e-09 3.03065e-09 2.99341e-09 2.96117e-09 2.93605e-09 2.91131e-09 2.87938e-09 2.84228e-09 2.79019e-09 2.77532e-09 2.7524e-09 2.73969e-09 2.72921e-09 2.71105e-09 2.70177e-09 2.69444e-09 2.67284e-09 2.66539e-09 2.64746e-09
2.6424e-09 2.65512e-09 2.66576e-09 2.67453e-09 2.68202e-09 2.68832e-09 2.69667e-09 2.70171e-09 2.70934e-09 2.72317e-09 2.73186e-09 2.76141e-09 2.79835e-09 2.84294e-09 2.87411e-09 2.90162e-09 2.92471e-09 2.94384e-09 2.97651e-09 3.00075e-09 3.04926e-09 3.10136e-09 3.14825e-09 3.21268e-09 1.23893e-07 2.58434e-07 4.11847e-07 4.63704e-07 4.83114e-07 4.9384e-07 5.06719e-07 5.13387e-07 5.16405e-07 5.13944e-07 5.05041e-07 4.94298e-07 4.80822e-07 4.63817e-07 4.11441e-07 2.58128e-07 1.24243e-07 3.20412e-09 3.15469e-09 3.09924e-09 3.04642e-09 3.00433e-09 2.97088e-09 2.94598e-09 2.92279e-09 2.89919e-09 2.87406e-09 2.84083e-09 2.80207e-09 2.75385e-09 2.73875e-09 2.71665e-09 2.7094e-09 2.70209e-09 2.69457e-09 2.68587e-09 2.68189e-09 2.67109e-09 2.66563e-09 2.65152e-09
2.64042e-09 2.65292e-09 2.66319e-09 2.67155e-09 2.67889e-09 2.68495e-09 2.6914e-09 2.69615e-09 2.70117e-09 2.70513e-09 2.70915e-09 2.72177e-09 2.74635e-09 2.79563e-09 2.82343e-09 2.84825e-09 2.87173e-09 2.88799e-09 2.9193e-09 2.93784e-09 2.96949e-09 3.00826e-09 3.03841e-09 3.08832e-09 3.12918e-09 3.1765e-09 3.22088e-09 9.85032e-08 2.01611e-07 2.56468e-07 3.15319e-07 3.1903e-07 3.20636e-07 3.19209e-07 3.14622e-07 2.57593e-07 2.00619e-07 9.87252e-08 3.22267e-09 3.17035e-09 3.13824e-09 3.07847e-09 3.04555e-09 3.00635e-09 2.96719e-09 2.9437e-09 2.91579e-09 2.89314e-09 2.87024e-09 2.84886e-09 2.82637e-09 2.79019e-09 2.75556e-09 2.71708e-09 2.71178e-09 2.70522e-09 2.70291e-09 2.69651e-09 2.69361e-09 2.68527e-09 2.68167e-09 2.67141e-09 2.66626e-09 2.65262e-09
2.64989e-09 2.66092e-09 2.66952e-09 2.67689e-09 2.68358e-09 2.68902e-09 2.69477e-09 2.69889e-09 2.70291e-09 2.70616e-09 2.70817e-09 2.71329e-09 2.73609e-09 2.77791e-09 2.80472e-09 2.82456e-09 2.85131e-09 2.85979e-09 2.88832e-09 2.9043e-09 2.92636e-09 2.94882e-09 2.9669e-09 3.00006e-09 3.02174e-09 3.05813e-09 3.09079e-09 3.11031e-09 3.14311e-09 3.14029e-09 3.18275e-09 3.17749e-09 3.18414e-09 3.19266e-09 3.15601e-09 3.16384e-09 3.13263e-09 3.11185e-09 3.09197e-09 3.05369e-09 3.02974e-09 2.98986e-09 2.97277e-09 2.94472e-09 2.92425e-09 2.90815e-09 2.87951e-09 2.86844e-09 2.84401e-09 2.82569e-09 2.80474e-09 2.77351e-09 2.73875e-09 2.70992e-09 2.70864e-09 2.70387e-09 2.70252e-09 2.6967e-09 2.6941e-09 2.68671e-09 2.68329e-09 2.67388e-09 2.66956e-09 2.65721e-09
2.64882e-09 2.65928e-09 2.66737e-09 2.67437e-09 2.68066e-09 2.68569e-09 2.69106e-09 2.69471e-09 2.69844e-09 2.70165e-09 2.70334e-09 2.70635e-09 2.71535e-09 2.75333e-09 2.78084e-09 2.79965e-09 2.81937e-09 2.82874e-09 2.84978e-09 2.86707e-09 2.88564e-09 2.90496e-09 2.91303e-09 2.9449e-09 2.95287e-09 2.9775e-09 3.00379e-09 3.01645e-09 3.04364e-09 3.03495e-09 3.04965e-09 3.04417e-09 3.04745e-09 3.0501e-09 3.04031e-09 3.04835e-09 3.03314e-09 3.02223e-09 3.00295e-09 2.97019e-09 2.96518e-09 2.93474e-09 2.92365e-09 2.90027e-09 2.88665e-09 2.87096e-09 2.84524e-09 2.83544e-09 2.8175e-09 2.80118e-09 2.78285e-09 2.75239e-09 2.71862e-09 2.70523e-09 2.70596e-09 2.70145e-09 2.7006e-09 2.69529e-09 2.69285e-09 2.68622e-09 2.68308e-09 2.67419e-09 2.67078e-09 2.65881e-09
2.65362e-09 2.66339e-09 2.67064e-09 2.67681e-09 2.68269e-09 2.68683e-09 2.69183e-09 2.69485e-09 2.69824e-09 2.70091e-09 2.70188e-09 2.70398e-09 2.70787e-09 2.74072e-09 2.76689e-09 2.78757e-09 2.80484e-09 2.81607e-09 2.83072e-09 2.84606e-09 2.8617e-09 2.87684e-09 2.88438e-09 2.90132e-09 2.91396e-09 2.92897e-09 2.94577e-09 2.96076e-09 2.98425e-09 2.98592e-09 2.99711e-09 2.99678e-09 2.99922e-09 2.9963e-09 2.99357e-09 2.99222e-09 2.98054e-09 2.96242e-09 2.94396e-09 2.92519e-09 2.91753e-09 2.89567e-09 2.88783e-09 2.87232e-09 2.86216e-09 2.84461e-09 2.82893e-09 2.81587e-09 2.80362e-09 2.78573e-09 2.7671e-09 2.73753e-09 2.70939e-09 2.70081e-09 2.70253e-09 2.69805e-09 2.69775e-09 2.693e-09 2.69091e-09 2.68471e-09 2.68212e-09 2.67328e-09 2.67072e-09 2.65911e-09
2.65358e-09 2.66177e-09 2.66783e-09 2.67339e-09 2.67932e-09 2.68293e-09 2.68808e-09 2.69039e-09 2.69341e-09 2.69546e-09 2.6959e-09 2.69779e-09 2.70068e-09 2.73029e-09 2.75318e-09 2.77378e-09 2.79153e-09 2.80217e-09 2.81513e-09 2.82409e-09 2.84032e-09 2.8543e-09 2.8616e-09 2.86977e-09 2.87324e-09 2.88653e-09 2.89696e-09 2.90499e-09 2.92474e-09 2.93506e-09 2.9498e-09 2.95352e-09 2.95799e-09 2.95339e-09 2.94937e-09 2.93662e-09 2.92011e-09 2.90581e-09 2.89899e-09 2.8844e-09 2.87865e-09 2.8676e-09 2.8659e-09 2.85365e-09 2.84232e-09 2.82527e-09 2.81625e-09 2.8041e-09 2.79247e-09 2.77409e-09 2.75598e-09 2.72923e-09 2.70433e-09 2.69653e-09 2.69932e-09 2.69529e-09 2.69555e-09 2.69113e-09 2.68979e-09 2.68384e-09 2.6821e-09 2.67334e-09 2.67154e-09 2.66102e-09
2.65528e-09 2.66311e-09 2.66868e-09 2.67385e-09 2.67945e-09 2.68237e-09 2.68709e-09 2.68878e-09 2.69139e-09 2.6932e-09 2.69339e-09 2.69494e-09 2.6929e-09 2.7123e-09 2.73332e-09 2.75028e-09 2.76931e-09 2.78231e-09 2.79561e-09 2.80492e-09 2.82016e-09 2.83339e-09 2.84014e-09 2.84822e-09 2.84672e-09 2.85292e-09 2.86219e-09 2.87013e-09 2.88123e-09 2.8933e-09 2.91069e-09 2.91718e-09 2.92267e-09 2.91749e-09 2.91074e-09 2.89308e-09 2.87986e-09 2.86852e-09 2.86078e-09 2.84888e-09 2.85108e-09 2.84247e-09 2.84211e-09 2.82995e-09 2.81969e-09 2.80366e-09 2.79395e-09 2.78184e-09 2.76814e-09 2.74797e-09 2.73354e-09 2.70868e-09 2.69459e-09 2.69093e-09 2.69412e-09 2.69024e-09 2.69091e-09 2.68694e-09 2.68601e-09 2.68008e-09 2.67869e-09 2.67047e-09 2.66897e-09 2.65886e-09
2.65296e-09 2.66017e-09 2.66521e-09 2.67014e-09 2.67482e-09 2.67722e-09 2.68137e-09 2.68297e-09 2.68526e-09 2.68651e-09 2.68588e-09 2.68683e-09 2.68421e-09 2.70286e-09 2.72172e-09 2.73552e-09 2.75207e-09 2.76438e-09 2.77779e-09 2.78541e-09 2.79386e-09 2.80635e-09 2.81183e-09 2.81996e-09 2.8216e-09 2.82444e-09 2.82752e-09 2.83129e-09 2.83703e-09 2.8445e-09 2.85667e-09 2.86412e-09 2.87217e-09 2.86409e-09 2.85488e-09 2.8434e-09 2.83896e-09 2.83142e-09 2.82986e-09 2.825e-09 2.82517e-09 2.81702e-09 2.8181e-09 2.80522e-09 2.79555e-09 2.78702e-09 2.77858e-09 2.76689e-09 2.7534e-09 2.73573e-09 2.72471e-09 2.70189e-09 2.68865e-09 2.68525e-09 2.68948e-09 2.68626e-09 2.68762e-09 2.68384e-09 2.6834e-09 2.67851e-09 2.6774e-09 2.67011e-09 2.6688e-09 2.659e-09
2.65442e-09 2.66114e-09 2.66548e-09 2.66979e-09 2.67409e-09 2.67621e-09 2.68002e-09 2.68102e-09 2.68275e-09 2.68351e-09 2.68239e-09 2.68307e-09 2.68009e-09 2.69576e-09 2.7138e-09 2.72425e-09 2.73559e-09 2.74322e-09 2.75621e-09 2.76316e-09 2.77067e-09 2.78447e-09 2.79322e-09 2.80136e-09 2.80701e-09 2.81005e-09 2.81144e-09 2.81123e-09 2.81155e-09 2.81271e-09 2.81586e-09 2.81748e-09 2.82229e-09 2.81519e-09 2.81471e-09 2.81034e-09 2.81163e-09 2.80891e-09 2.81157e-09 2.80782e-09 2.80729e-09 2.79889e-09 2.79448e-09 2.77958e-09 2.77044e-09 2.76274e-09 2.75313e-09 2.74349e-09 2.73401e-09 2.72157e-09 2.71415e-09 2.69183e-09 2.682e-09 2.67866e-09 2.68327e-09 2.68023e-09 2.68216e-09 2.67874e-09 2.67869e-09 2.67415e-09 2.67324e-09 2.66643e-09 2.66594e-09 2.65605e-09
2.64816e-09 2.65439e-09 2.65862e-09 2.66282e-09 2.66727e-09 2.6687e-09 2.67202e-09 2.67231e-09 2.67379e-09 2.67447e-09 2.67297e-09 2.67307e-09 2.66891e-09 2.67441e-09 2.69497e-09 2.70523e-09 2.71354e-09 2.71507e-09 2.72414e-09 2.73184e-09 2.74133e-09 2.75383e-09 2.76657e-09 2.77592e-09 2.78195e-09 2.78528e-09 2.78643e-09 2.78529e-09 2.78192e-09 2.77689e-09 2.76905e-09 2.75746e-09 2.75356e-09 2.7575e-09 2.77232e-09 2.77672e-09 2.7849e-09 2.78533e-09 2.78921e-09 2.78541e-09 2.78491e-09 2.77588e-09 2.76944e-09 2.75356e-09 2.74443e-09 2.73178e-09 2.72426e-09 2.71993e-09 2.71433e-09 2.70536e-09 2.6983e-09 2.67295e-09 2.67443e-09 2.67144e-09 2.67681e-09 2.67428e-09 2.67671e-09 2.67334e-09 2.67376e-09 2.67014e-09 2.66981e-09 2.66279e-09 2.66304e-09 2.65322e-09
2.65001e-09 2.65573e-09 2.6596e-09 2.66307e-09 2.66697e-09 2.66734e-09 2.67037e-09 2.67037e-09 2.67138e-09 2.67109e-09 2.66845e-09 2.66826e-09 2.66298e-09 2.66779e-09 2.68627e-09 2.69475e-09 2.70288e-09 2.70667e-09 2.7129e-09 2.71975e-09 2.72678e-09 2.73364e-09 2.74591e-09 2.75577e-09 2.76203e-09 2.7652e-09 2.76543e-09 2.76337e-09 2.75791e-09 2.74833e-09 2.73351e-09 2.72045e-09 2.71608e-09 2.71985e-09 2.73413e-09 2.74376e-09 2.75779e-09 2.7603e-09 2.76547e-09 2.76221e-09 2.76213e-09 2.75272e-09 2.74583e-09 2.73036e-09 2.72652e-09 2.71671e-09 2.71296e-09 2.70532e-09 2.7006e-09 2.69281e-09 2.68719e-09 2.66233e-09 2.66574e-09 2.66322e-09 2.6696e-09 2.66752e-09 2.67081e-09 2.66807e-09 2.66898e-09 2.66549e-09 2.66597e-09 2.65896e-09 2.6601e-09 2.65063e-09
2.64183e-09 2.64705e-09 2.65021e-09 2.65315e-09 2.65692e-09 2.65747e-09 2.66052e-09 2.65959e-09 2.65989e-09 2.65918e-09 2.65604e-09 2.65557e-09 2.64735e-09 2.64951e-09 2.66731e-09 2.6789e-09 2.68764e-09 2.6947e-09 2.70028e-09 2.70468e-09 2.70865e-09 2.71289e-09 2.72299e-09 2.7312e-09 2.73617e-09 2.73836e-09 2.73787e-09 2.7345e-09 2.72555e-09 2.71485e-09 2.7088e-09 2.70831e-09 2.70862e-09 2.7084e-09 2.7118e-09 2.71619e-09 2.72984e-09 2.73367e-09 2.74101e-09 2.73826e-09 2.73907e-09 2.73094e-09 2.72564e-09 2.71259e-09 2.71128e-09 2.70484e-09 2.70352e-09 2.69512e-09 2.69127e-09 2.67955e-09 2.66945e-09 2.64748e-09 2.65498e-09 2.6527e-09 2.66058e-09 2.65883e-09 2.66278e-09 2.661e-09 2.66225e-09 2.65909e-09 2.66012e-09 2.65317e-09 2.65446e-09 2.64561e-09
@ u_xCO 64 64
4.19284e-29 4.26989e-29 4.26201e-29 4.31638e-29 4.30847e-29 4.34253e-29 4.33223e-29 4.34432e-29 4.31155e-29 4.32451e-29 4.2358e-29 4.25398e-29 4.12755e-29 4.17901e-29 4.49341e-29 4.68812e-29 4.74209e-29 4.83815e-29 4.85439e-29 4.93195e-29 4.93004e-29 4.98563e-29 5.0962e-29 5.22633e-29 5.2325e-29 5.27433e-29 5.19106e-29 5.16075e-29 4.9214e-29 4.84944e-29 4.79198e-29 4.80837e-29 4.81267e-29 4.80827e-29 4.79187e-29 4.77803e-29 4.88207e-29 5.07849e-29 5.19882e-29 5.24102e-29 5.23348e-29 5.19313e-29 5.09574e-29 4.95087e-29 4.93118e-29 4.90088e-29 4.8588e-29 4.81212e-29 4.74329e-29 4.65908e-29 4.49082e-29 4.15063e-29 4.14944e-29 4.16127e-29 4.25349e-29 4.29224e-29 4.2996e-29 4.32966e-29 4.31323e-29 4.32407e-29 4.3002e-29 4.28162e-29 4.26658e-29 4.22845e-29
4.23955e-29 4.31742e-29 4.31104e-29 4.37106e-29 4.36709e-29 4.40715e-29 4.40039e-29 4.42031e-29 4.39307e-29 4.42077e-29 4.36251e-29 4.38381e-29 4.26689e-29 4.34686e-29 4.66549e-29 4.77406e-29 4.82413e-29 4.92575e-29 4.94337e-29 5.03265e-29 5.04784e-29 5.12774e-29 5.29285e-29 5.4579e-29 5.49628e-29 5.55284e-29 5.50669e-29 5.49172e-29 5.31764e-29 5.15988e-29 4.90927e-29 4.83688e-29 4.83179e-29 4.83128e-29 4.91248e-29 5.14561e-29 5.3794e-29 5.49613e-29 5.54374e-29 5.5526e-29 5.52471e-29 5.45614e-29 5.31752e-29 5.12309e-29 5.07395e-29 5.0291e-29 4.97532e-29 4.9273e-29 4.85615e-29 4.79391e-29 4.67025e-29 4.28881e-29 4.34998e-29 4.35747e-29 4.40001e-29 4.41685e-29 4.41845e-29 4.43327e-29 4.41429e-29 4.42048e-29 4.39547e-29 4.3712e-29 4.34778e-29 4.30448e-29
4.2618e-29 4.3443e-29 4.34298e-29 4.41016e-29 4.40915e-29 4.44913e-29 4.44806e-29 4.47791e-29 4.45593e-29 4.48947e-29 4.44091e-29 4.46732e-29 4.39109e-29 4.47902e-29 4.82113e-29 4.94561e-29 4.99161e-29 4.9887e-29 5.02349e-29 5.15717e-29 5.23625e-29 5.44417e-29 5.62943e-29 5.80012e-29 5.85716e-29 5.92634e-29 5.9018e-29 5.89932e-29 5.7765e-29 5.67189e-29 5.37721e-29 5.21716e-29 5.06043e-29 5.12205e-29 5.36299e-29 5.6271e-29 5.78223e-29 5.86686e-29 5.90169e-29 5.89621e-29 5.85422e-29 5.76955e-29 5.62388e-29 5.40954e-29 5.23253e-29 5.12381e-29 5.02561e-29 4.99761e-29 4.92106e-29 4.91208e-29 4.83774e-29 4.42692e-29 4.41583e-29 4.42182e-29 4.45023e-29 4.45531e-29 4.44994e-29 4.45706e-29 4.43553e-29 4.43169e-29 4.39963e-29 4.37315e-29 4.34706e-29 4.30009e-29
4.28193e-29 4.3707e-29 4.37356e-29 4.44569e-29 4.44998e-29 4.49208e-29 4.49451e-29 4.53056e-29 4.51257e-29 4.54955e-29 4.50986e-29 4.54106e-29 4.47561e-29 4.78517e-29 5.02733e-29 5.15505e-29 5.22882e-29 5.28574e-29 5.40432e-29 5.50149e-29 5.57081e-29 5.86902e-29 6.02685e-29 6.16051e-29 6.20069e-29 6.26749e-29 6.25395e-29 6.27183e-29 6.19897e-29 6.17966e-29 6.0988e-29 6.06492e-29 5.99091e-29 6.09768e-29 6.15309e-29 6.18349e-29 6.23449e-29 6.2745e-29 6.28599e-29 6.26981e-29 6.23197e-29 6.16222e-29 6.05429e-29 5.86615e-29 5.6114e-29 5.49676e-29 5.34755e-29 5.35176e-29 5.23623e-29 5.15542e-29 5.06025e-29 4.76925e-29 4.52534e-29 4.52613e-29 4.54445e-29 4.54632e-29 4.5397e-29 4.53926e-29 4.51085e-29 4.50443e-29 4.47282e-29 4.44509e-29 4.41285e-29 4.36025e-29
4.30924e-29 4.4032e-29 4.40879e-29 4.48032e-29 4.49062e-29 4.53742e-29 4.54217e-29 4.58345e-29 4.57092e-29 4.60752e-29 4.57125e-29 4.60607e-29 4.55054e-29 4.92082e-29 5.14611e-29 5.31215e-29 5.46858e-29 5.659e-29 5.83992e-29 5.93992e-29 5.99426e-29 6.23016e-29 6.2504e-29 6.38025e-29 6.41918e-29 6.49258e-29 6.48254e-29 6.53039e-29 6.54025e-29 6.63878e-29 6.72272e-29 7.0209e-29 7.18363e-29 7.09439e-29 6.76894e-29 6.60838e-29 6.54281e-29 6.50066e-29 6.48481e-29 6.46318e-29 6.42058e-29 6.35083e-29 6.28665e-29 6.13062e-29 5.95403e-29 5.95036e-29 5.80355e-29 5.66123e-29 5.44962e-29 5.28165e-29 5.14994e-29 4.88031e-29 4.56705e-29 4.56451e-29 4.57861e-29 4.57589e-29 4.56467e-29 4.56099e-29 4.5301e-29 4.51781e-29 4.48277e-29 4.45011e-29 4.41335e-29 4.35801e-29
4.3077e-29 4.40701e-29 4.41901e-29 4.49194e-29 4.50738e-29 4.55972e-29 4.56873e-29 4.61578e-29 4.60969e-29 4.65054e-29 4.6214e-29 4.66199e-29 4.61179e-29 4.99045e-29 5.24533e-29 5.47015e-29 5.69394e-29 5.91476e-29 6.07166e-29 6.19878e-29 6.42668e-29 6.63706e-29 6.63381e-29 6.76793e-29 6.66365e-29 6.72616e-29 6.78778e-29 7.0229e-29 7.21521e-29 7.46242e-29 7.80763e-29 8.17063e-29 8.20365e-29 8.16271e-29 7.76334e-29 7.51556e-29 7.24265e-29 7.01902e-29 6.8185e-29 6.7342e-29 6.72564e-29 6.65448e-29 6.71358e-29 6.62917e-29 6.4437e-29 6.21603e-29 6.08038e-29 5.94387e-29 5.70641e-29 5.4711e-29 5.27691e-29 4.97971e-29 4.6531e-29 4.64673e-29 4.65552e-29 4.64791e-29 4.63192e-29 4.62334e-29 4.5885e-29 4.57128e-29 4.53132e-29 4.492e-29 4.45136e-29 4.39719e-29
4.33093e-29 4.42919e-29 4.44792e-29 4.52496e-29 4.54203e-29 4.60028e-29 4.61255e-29 4.66004e-29 4.65762e-29 4.70112e-29 4.67652e-29 4.71914e-29 4.71247e-29 5.26469e-29 5.52828e-29 5.85808e-29 6.07664e-29 6.25395e-29 6.3697e-29 6.49472e-29 6.74034e-29 6.97595e-29 7.02742e-29 7.16881e-29 7.08531e-29 7.2157e-29 7.37515e-29 7.57477e-29 7.79052e-29 8.27564e-29 8.64075e-29 8.84667e-29 8.84627e-29 8.84434e-29 8.63022e-29 8.34343e-29 7.84481e-29 7.58221e-29 7.32424e-29 7.09704e-29 7.16999e-29 7.09012e-29 7.051e-29 6.92983e-29 6.73258e-29 6.4767e-29 6.34851e-29 6.24682e-29 6.06077e-29 5.82854e-29 5.52885e-29 5.22632e-29 4.72694e-29 4.67944e-29 4.68284e-29 4.67204e-29 4.65306e-29 4.64143e-29 4.60251e-29 4.57799e-29 4.53493e-29 4.49355e-29 4.45062e-29 4.39232e-29
4.31414e-29 4.42041e-29 4.44673e-29 4.53017e-29 4.55144e-29 4.61568e-29 4.63223e-29 4.68251e-29 4.68635e-29 4.73432e-29 4.7152e-29 4.76004e-29 4.76558e-29 5.37065e-29 5.71093e-29 6.04708e-29 6.24132e-29 6.41071e-29 6.53532e-29 6.81215e-29 7.03562e-29 7.24777e-29 7.31093e-29 7.49293e-29 7.68445e-29 8.05146e-29 8.20124e-29 8.54352e-29 9.09201e-29 9.2673e-29 9.44449e-29 9.58572e-29 9.58019e-29 9.58047e-29 9.42718e-29 9.33875e-29 8.87962e-29 8.59113e-29 8.25669e-29 8.01494e-29 7.76354e-29 7.4625e-29 7.36621e-29 7.23689e-29 7.06184e-29 6.82528e-29 6.54994e-29 6.43355e-29 6.25265e-29 6.04855e-29 5.7442e-29 5.36069e-29 4.80046e-29 4.7478e-29 4.74925e-29 4.73265e-29 4.70764e-29 4.68909e-29 4.64905e-29 4.6243e-29 4.57774e-29 4.53009e-29 4.47998e-29 4.41275e-29
4.31197e-29 4.42571e-29 4.45603e-29 4.54437e-29 4.57052e-29 4.63696e-29 4.65751e-29 4.71151e-29 4.71938e-29 4.77157e-29 4.75836e-29 4.80539e-29 4.89004e-29 5.59525e-29 5.97285e-29 6.24929e-29 6.42758e-29 6.59205e-29 6.7298e-29 7.09014e-29 7.28592e-29 7.56126e-29 7.58456e-29 7.99699e-29 8.34905e-29 8.64911e-29 9.08581e-29 9.6691e-29 1.0125e-28 1.01842e-28 1.03203e-28 1.02748e-28 1.01962e-28 1.02544e-28 1.01242e-28 1.0348e-28 1.00225e-28 9.7672e-29 9.0766e-29 8.62111e-29 8.43443e-29 7.87697e-29 7.68808e-29 7.45496e-29 7.31901e-29 7.05603e-29 6.70467e-29 6.58782e-29 6.4122e-29 6.22384e-29 5.97555e-29 5.55894e-29 4.90444e-29 4.77314e-29 4.76426e-29 4.74192e-29 4.71445e-29 4.69284e-29 4.6487e-29 4.61726e-29 4.56553e-29 4.5114e-29 4.45729e-29 4.38685e-29
4.291e-29 4.42018e-29 4.45816e-29 4.5489e-29 4.57997e-29 4.65057e-29 4.67543e-29 4.73425e-29 4.74513e-29 4.8004e-29 4.79403e-29 4.8467e-29 5.22301e-29 5.9174e-29 6.21627e-29 6.46362e-29 6.8058e-29 6.85579e-29 7.3363e-29 7.5967e-29 7.95146e-29 8.33965e-29 8.4838e-29 9.30671e-29 9.35431e-29 1.02489e-28 1.09166e-28 1.13154e-28 1.19433e-28 1.14633e-28 1.18953e-28 1.17032e-28 1.16973e-28 1.19964e-28 1.14288e-28 1.2109e-28 1.1494e-28 1.1416e-28 1.09534e-28 1.00316e-28 9.70903e-29 9.04103e-29 8.68204e-29 8.28201e-29 7.8938e-29 7.77954e-29 7.12812e-29 7.10139e-29 6.68185e-29 6.51809e-29 6.23727e-29 5.9046e-29 5.26009e-29 4.83548e-29 4.82085e-29 4.79811e-29 4.76772e-29 4.73997e-29 4.69278e-29 4.65623e-29 4.60289e-29 4.54862e-29 4.49091e-29 4.41598e-29
4.23405e-29 4.38959e-29 4.44032e-29 4.53637e-29 4.5706e-29 4.64801e-29 4.67655e-29 4.74179e-29 4.75829e-29 4.81571e-29 4.81668e-29 4.92551e-29 5.34869e-29 6.14444e-29 6.54162e-29 6.8969e-29 7.28854e-29 7.41196e-29 7.98654e-29 8.29696e-29 8.58204e-29 9.23888e-29 9.75446e-29 1.04804e-28 1.13144e-28 1.27855e-28 1.36171e-28 1.43684e-28 1.54348e-28 1.5839e-28 1.8256e-28 1.84019e-28 1.85698e-28 1.90574e-28 1.68477e-28 1.70287e-28 1.51586e-28 1.43471e-28 1.36267e-28 1.26996e-28 1.15092e-28 1.03579e-28 9.85357e-29 9.16981e-29 8.54766e-29 8.35333e-29 7.85403e-29 7.53515e-29 7.18005e-29 6.87252e-29 6.57054e-29 6.04731e-29 5.4048e-29 4.87758e-29 4.82121e-29 4.79185e-29 4.75437e-29 4.71941e-29 4.66967e-29 4.62626e-29 4.56787e-29 4.50898e-29 4.44163e-29 4.35861e-29
4.22704e-29 4.38458e-29 4.43989e-29 4.54131e-29 4.57716e-29 4.66115e-29 4.69165e-29 4.75986e-29 4.78319e-29 4.84666e-29 4.90517e-29 5.31248e-29 5.84568e-29 6.68586e-29 7.02636e-29 7.39125e-29 7.70925e-29 8.00402e-29 8.59935e-29 8.96827e-29 9.66429e-29 1.09569e-28 1.2023e-28 1.40885e-28 1.55471e-28 1.73162e-28 1.96809e-28 5.26878e-20 1.09924e-18 3.49727e-18 8.5682e-18 9.97321e-18 1.02265e-17 9.49442e-18 9.27212e-18 3.31442e-18 1.06659e-18 5.47842e-20 2.007e-28 1.69917e-28 1.58209e-28 1.37618e-28 1.22568e-28 1.09559e-28 9.54757e-29 9.13212e-29 8.56079e-29 8.03425e-29 7.7181e-29 7.4034e-29 7.06931e-29 6.57999e-29 6.05011e-29 5.19123e-29 4.94632e-29 4.85505e-29 4.80058e-29 4.76415e-29 4.7139e-29 4.66533e-29 4.60308e-29 4.53992e-29 4.46756e-29 4.38094e-29
4.12756e-29 4.29694e-29 4.39187e-29 4.50536e-29 4.55079e-29 4.638e-29 4.71161e-29 4.78759e-29 4.88994e-29 5.24611e-29 5.34913e-29 5.86768e-29 6.91189e-29 7.62412e-29 8.10278e-29 8.5663e-29 8.93893e-29 9.49754e-29 1.015e-28 1.12297e-28 1.29113e-28 1.43892e-28 1.61121e-28 1.88785e-28 1.35784e-19 3.48895e-18 3.69254e-17 1.42417e-16 1.8738e-15 1.79591e-14 2.21221e-14 2.59721e-14 2.68441e-14 2.49788e-14 2.46867e-14 1.66184e-14 5.26648e-15 1.23856e-16 3.59547e-17 3.53663e-18 1.38693e-19 1.87002e-28 1.63235e-28 1.44409e-28 1.28441e-28 1.12979e-28 1.00474e-28 9.52585e-29 8.9126e-29 8.51489e-29 8.10512e-29 7.61133e-29 6.91521e-29 5.78457e-29 5.51552e-29 5.07251e-29 4.89418e-29 4.83269e-29 4.67412e-29 4.61659e-29 4.55061e-29 4.47458e-29 4.39104e-29 4.26493e-29
4.14774e-29 4.34469e-29 4.44908e-29 4.78464e-29 4.8933e-29 4.99047e-29 5.2387e-29 5.37123e-29 5.56957e-29 5.91718e-29 6.11928e-29 6.68523e-29 7.59942e-29 8.33556e-29 8.7637e-29 9.20167e-29 9.60945e-29 1.03177e-28 1.16144e-28 1.35454e-28 1.53276e-28 1.80951e-28 3.0447e-19 2.11953e-17 1.35625e-16 8.79589e-15 2.39748e-14 3.90762e-14 5.95147e-14 9.11687e-14 1.09126e-13 1.24935e-13 1.28999e-13 1.22981e-13 1.12669e-13 8.63483e-14 6.09371e-14 4.05916e-14 2.49375e-14 1.05951e-14 1.34939e-16 2.01118e-17 2.95611e-19 1.81658e-28 1.53896e-28 1.36394e-28 1.15493e-28 1.03982e-28 9.61242e-29 9.20107e-29 8.79943e-29 8.31325e-29 7.67005e-29 6.63702e-29 6.2146e-29 5.84975e-29 5.59427e-29 5.45084e-29 5.14306e-29 5.06826e-29 4.94168e-29 4.65426e-29 4.56583e-29 4.3757e-29
4.49097e-29 4.69129e-29 4.819e-29 5.05472e-29 5.14536e-29 5.27362e-29 5.52786e-29 5.74025e-29 5.97322e-29 6.24232e-29 6.54057e-29 7.04936e-29 8.10267e-29 8.78931e-29 9.25702e-29 9.72258e-29 1.05116e-28 1.20287e-28 1.39053e-28 1.66783e-28 1.55949e-20 8.5895e-18 1.43077e-16 1.93729e-14 4.16748e-14 7.41259e-14 1.25562e-13 1.89594e-13 2.56191e-13 3.4107e-13 3.99641e-13 4.49254e-13 4.63545e-13 4.44804e-13 4.04893e-13 3.307e-13 2.61046e-13 1.89431e-13 1.24814e-13 7.88979e-14 4.01005e-14 1.62282e-14 1.73691e-16 8.56996e-18 1.51172e-20 1.62066e-28 1.39115e-28 1.20884e-28 1.04806e-28 9.69784e-29 9.25496e-29 8.7398e-29 8.13098e-29 6.982e-29 6.58938e-29 6.17404e-29 5.95341e-29 5.79472e-29 5.42181e-29 5.2912e-29 5.15139e-29 4.98799e-29 4.86353e-29 4.65467e-29
4.65919e-29 4.77495e-29 4.91515e-29 5.15412e-29 5.27808e-29 5.46831e-29 5.82529e-29 6.04619e-29 6.22138e-29 6.46343e-29 6.87065e-29 7.39135e-29 8.53977e-29 9.20158e-29 9.69854e-29 1.04489e-28 1.21074e-28 1.46996e-28 1.75833e-28 5.71317e-19 5.2932e-17 9.04122e-15 3.42929e-14 8.66767e-14 1.67318e-13 2.76896e-13 4.34287e-13 6.33097e-13 8.50443e-13 1.09616e-12 1.26924e-12 1.41957e-12 1.46066e-12 1.40264e-12 1.28894e-12 1.08062e-12 8.55189e-13 6.34105e-13 4.34015e-13 2.82052e-13 1.63018e-13 8.64587e-14 3.25116e-14 1.86168e-15 5.74435e-17 5.99385e-19 1.83594e-28 1.4303e-28 1.2158e-28 1.04815e-28 9.72837e-29 9.19874e-29 8.60533e-29 7.36076e-29 6.94349e-29 6.42567e-29 6.24431e-29 6.10794e-29 5.72993e-29 5.53963e-29 5.31062e-29 5.12632e-29 4.96729e-29 4.76748e-29
4.74333e-29 4.85621e-29 4.99256e-29 5.26088e-29 5.46744e-29 5.7223e-29 6.07457e-29 6.26899e-29 6.42692e-29 6.83207e-29 7.28829e-29 7.73547e-29 8.93903e-29 9.63463e-29 1.05111e-28 1.21309e-28 1.39613e-28 1.85003e-28 3.03729e-18 1.55411e-16 1.87615e-14 6.41213e-14 1.45179e-13 2.82729e-13 5.15535e-13 8.5097e-13 1.31592e-12 1.9004e-12 2.54844e-12 3.2904e-12 3.85985e-12 4.29872e-12 4.43623e-12 4.28497e-12 3.89213e-12 3.24185e-12 2.56397e-12 1.89834e-12 1.30772e-12 8.53867e-13 5.06595e-13 2.86084e-13 1.4074e-13 5.94888e-14 1.96377e-14 1.42869e-16 2.91157e-18 1.77081e-28 1.42867e-28 1.20566e-28 1.04072e-28 9.63574e-29 8.94528e-29 7.66463e-29 7.32085e-29 6.76411e-29 6.42797e-29 6.29114e-29 5.99241e-29 5.78748e-29 5.45403e-29 5.1813e-29 5.01208e-29 4.82358e-29
4.81241e-29 4.9276e-29 4.96178e-29 5.28652e-29 5.62924e-29 5.91489e-29 6.2233e-29 6.41092e-29 6.56207e-29 6.85488e-29 7.3827e-29 8.00381e-29 9.46998e-29 1.03178e-28 1.20028e-28 1.47008e-28 1.84655e-28 3.07618e-18 2.00659e-16 2.63137e-14 8.80195e-14 2.10343e-13 4.37957e-13 8.33793e-13 1.47815e-12 2.43714e-12 3.80514e-12 5.57068e-12 7.62158e-12 9.97326e-12 1.18699e-11 1.33869e-11 1.38873e-11 1.33627e-11 1.19942e-11 9.85382e-12 7.65991e-12 5.59103e-12 3.7896e-12 2.45549e-12 1.47579e-12 8.39733e-13 4.33845e-13 2.08556e-13 9.00513e-14 2.44579e-14 2.41632e-16 3.11875e-18 1.90513e-28 1.45362e-28 1.19151e-28 1.04041e-28 9.33459e-29 8.03036e-29 7.47912e-29 6.8188e-29 6.5929e-29 6.44835e-29 6.17793e-29 5.99481e-29 5.6229e-29 5.23074e-29 5.01081e-29 4.92076e-29
4.85875e-29 4.97528e-29 5.02541e-29 5.43641e-29 5.8404e-29 6.10577e-29 6.37031e-29 6.56855e-29 6.73001e-29 7.36636e-29 7.98577e-29 8.62634e-29 1.01496e-28 1.16422e-28 1.39054e-28 1.76077e-28 3.03425e-18 2.00278e-16 2.50689e-14 1.00618e-13 2.54248e-13 5.61185e-13 1.15464e-12 2.17319e-12 3.8841e-12 6.53713e-12 1.05394e-11 1.59423e-11 2.24092e-11 2.97661e-11 3.59883e-11 4.11327e-11 4.26715e-11 4.06532e-11 3.62144e-11 2.95916e-11 2.24916e-11 1.59581e-11 1.05076e-11 6.58065e-12 3.86574e-12 2.17545e-12 1.1412e-12 5.62268e-13 2.55322e-13 9.81121e-14 2.68842e-14 2.55771e-16 3.08077e-18 1.7348e-28 1.39247e-28 1.18681e-28 1.00728e-28 8.66554e-29 7.92768e-29 7.27726e-29 6.76523e-29 6.57491e-29 6.303e-29 6.1213e-29 5.8037e-29 5.36018e-29 5.05767e-29 4.94549e-29
4.90113e-29 5.02938e-29 5.12389e-29 5.49816e-29 5.90449e-29 6.19736e-29 6.46088e-29 6.81171e-29 7.05862e-29 7.59589e-29 8.26686e-29 8.96852e-29 1.11964e-28 1.35456e-28 1.66804e-28 5.69578e-19 1.55601e-16 2.63011e-14 1.005e-13 2.74956e-13 6.48193e-13 1.39955e-12 2.84956e-12 5.50596e-12 1.02236e-11 1.79293e-11 3.00114e-11 4.69867e-11 6.81233e-11 9.39161e-11 1.1614e-10 1.3406e-10 1.39954e-10 1.3334e-10 1.17323e-10 9.27352e-11 6.84626e-11 4.70022e-11 2.97911e-11 1.8021e-11 1.01453e-11 5.49794e-12 2.84628e-12 1.40959e-12 6.5074e-13 2.72477e-13 1.04591e-13 2.73943e-14 1.03403e-16 5.59392e-19 1.67318e-28 1.37429e-28 1.0813e-28 8.99335e-29 8.28701e-29 7.58399e-29 7.10454e-29 6.74516e-29 6.47586e-29 6.25009e-29 5.92996e-29 5.48054e-29 5.19872e-29 5.02239e-29
4.93129e-29 5.07416e-29 5.23245e-29 5.59588e-29 5.99084e-29 6.45633e-29 6.73879e-29 7.06746e-29 7.28543e-29 7.98307e-29 8.58145e-29 9.69824e-29 1.29092e-28 1.54033e-28 1.56592e-20 5.29842e-17 1.86064e-14 8.8043e-14 2.54243e-13 6.48548e-13 1.51387e-12 3.26602e-12 6.82766e-12 1.37077e-11 2.66512e-11 4.88471e-11 8.54364e-11 1.39859e-10 2.13324e-10 3.06952e-10 3.89862e-10 4.60393e-10 4.85326e-10 4.58588e-10 3.95769e-10 3.02307e-10 2.14823e-10 1.4059e-10 8.49947e-11 4.90311e-11 2.65509e-11 1.37768e-11 6.78381e-12 3.27755e-12 1.50662e-12 6.44612e-13 2.59493e-13 8.74523e-14 1.85888e-14 5.71277e-17 1.58313e-20 1.54096e-28 1.26523e-28 9.92338e-29 8.63671e-29 7.91854e-29 7.2975e-29 7.03853e-29 6.74612e-29 6.35509e-29 6.00275e-29 5.5744e-29 5.27701e-29 5.03357e-29
4.95096e-29 5.12312e-29 5.40945e-29 5.86599e-29 6.19672e-29 6.63624e-29 6.94023e-29 7.24589e-29 7.52425e-29 8.33769e-29 9.20169e-29 1.09564e-28 1.44008e-28 1.80069e-28 8.5646e-18 9.15449e-15 6.40836e-14 2.10148e-13 5.60441e-13 1.39827e-12 3.26288e-12 7.2937e-12 1.59315e-11 3.34007e-11 6.83574e-11 1.32555e-10 2.47836e-10 4.32405e-10 6.94533e-10 1.04832e-09 1.38395e-09 1.67925e-09 1.78387e-09 1.6587e-09 1.4057e-09 1.03195e-09 7.01539e-10 4.33583e-10 2.4671e-10 1.33533e-10 6.79899e-11 3.35747e-11 1.57968e-11 7.31368e-12 3.26013e-12 1.39144e-12 5.72508e-13 2.08604e-13 6.69084e-14 1.42599e-14 8.82847e-18 1.8082e-28 1.42877e-28 1.11379e-28 9.12137e-29 8.25163e-29 7.58178e-29 7.26183e-29 6.9488e-29 6.62613e-29 6.27266e-29 5.82471e-29 5.42202e-29 5.13665e-29
5.09581e-29 5.31768e-29 5.62416e-29 6.05461e-29 6.24814e-29 6.66608e-29 7.02653e-29 7.34346e-29 7.58255e-29 8.51602e-29 9.75207e-29 1.21068e-28 1.62259e-28 3.051e-19 1.42346e-16 3.44186e-14 1.45261e-13 4.38011e-13 1.15466e-12 2.85057e-12 6.83015e-12 1.59338e-11 3.67374e-11 8.12653e-11 1.78187e-10 3.70594e-10 7.48767e-10 1.40836e-09 2.40474e-09 3.84512e-09 5.26611e-09 6.55862e-09 7.03416e-09 6.47399e-09 5.39287e-09 3.77736e-09 2.43696e-09 1.40673e-09 7.445e-10 3.75645e-10 1.7717e-10 8.1718e-11 3.64344e-11 1.59952e-11 6.81641e-12 2.84086e-12 1.17158e-12 4.34032e-13 1.48903e-13 3.88512e-14 1.23009e-16 3.01468e-19 1.60243e-28 1.20894e-28 9.64628e-29 8.47311e-29 7.63824e-29 7.32469e-29 7.0015e-29 6.63945e-29 6.27112e-29 5.98904e-29 5.64111e-29 5.31527e-29
5.19311e-29 5.45578e-29 5.76917e-29 6.16216e-29 6.35077e-29 6.76947e-29 7.13626e-29 7.49436e-29 7.96451e-29 9.3079e-29 1.04729e-28 1.40205e-28 1.88075e-28 2.11895e-17 1.92917e-14 8.65499e-14 2.82396e-13 8.31938e-13 2.16904e-12 5.4972e-12 1.36931e-11 3.33723e-11 8.1286e-11 1.93729e-10 4.58787e-10 1.03219e-09 2.26532e-09 4.61886e-09 8.5052e-09 1.46769e-08 2.10459e-08 2.70733e-08 2.94222e-08 2.66868e-08 2.15926e-08 1.42389e-08 8.61144e-09 4.61142e-09 2.24866e-09 1.04255e-09 4.54585e-10 1.94871e-10 8.07066e-11 3.36654e-11 1.36873e-11 5.4855e-12 2.20309e-12 8.20583e-13 2.88395e-13 8.74414e-14 1.71941e-14 2.08986e-17 1.87519e-28 1.409e-28 1.04584e-28 9.33817e-29 8.10564e-29 7.46864e-29 7.14125e-29 6.77447e-29 6.40058e-29 6.12612e-29 5.80477e-29 5.45794e-29
5.23368e-29 5.52539e-29 5.85487e-29 6.23229e-29 6.42092e-29 6.69855e-29 7.08692e-29 7.72216e-29 8.35124e-29 9.42472e-29 1.14077e-28 1.56006e-28 1.36101e-19 1.35664e-16 4.14745e-14 1.67571e-13 5.15978e-13 1.47896e-12 3.88546e-12 1.0226e-11 2.66483e-11 6.83338e-11 1.78269e-10 4.58436e-10 1.19224e-09 2.93145e-09 7.03446e-09 1.57412e-08 3.16074e-08 5.90545e-08 8.95384e-08 1.19439e-07 1.31449e-07 1.1728e-07 9.24996e-08 5.69087e-08 3.20962e-08 1.57572e-08 6.99964e-09 2.96364e-09 1.17991e-09 4.62625e-10 1.76688e-10 6.88562e-11 2.66175e-11 1.01493e-11 3.9281e-12 1.44873e-12 5.18894e-13 1.67602e-13 3.97056e-14 1.42604e-16 1.34737e-19 1.55629e-28 1.13571e-28 9.31563e-29 8.35173e-29 7.5547e-29 7.06448e-29 6.67104e-29 6.44044e-29 6.17057e-29 5.86793e-29 5.5021e-29
5.2411e-29 5.5526e-29 5.89624e-29 6.26983e-29 6.4632e-29 6.72502e-29 7.18125e-29 8.04936e-29 8.62473e-29 1.02116e-28 1.27339e-28 1.72479e-28 3.4786e-18 8.86915e-15 7.39441e-14 2.76246e-13 8.48338e-13 2.43139e-12 6.52179e-12 1.78817e-11 4.88134e-11 1.32289e-10 3.70658e-10 1.03154e-09 2.93721e-09 7.99506e-09 2.13042e-08 5.28733e-08 1.16294e-07 2.35586e-07 3.793e-07 5.30917e-07 5.93674e-07 5.1943e-07 3.93893e-07 2.25985e-07 1.18232e-07 5.27487e-08 2.11442e-08 8.06703e-09 2.90491e-09 1.04536e-09 3.68099e-10 1.33294e-10 4.88085e-11 1.77848e-11 6.60983e-12 2.39811e-12 8.57317e-13 2.79858e-13 7.64628e-14 1.38357e-14 3.46936e-18 1.73789e-28 1.28124e-28 1.01529e-28 8.68462e-29 7.98663e-29 7.26812e-29 6.72735e-29 6.51278e-29 6.23963e-29 5.94258e-29 5.56574e-29
5.19903e-29 5.54346e-29 5.90149e-29 6.28614e-29 6.48497e-29 6.81924e-29 7.37392e-29 8.24732e-29 9.17917e-29 1.09567e-28 1.36573e-28 1.97472e-28 3.69267e-17 2.40778e-14 1.2574e-13 4.34846e-13 1.31743e-12 3.80915e-12 1.05511e-11 2.99918e-11 8.54943e-11 2.47812e-10 7.49326e-10 2.2621e-09 7.04032e-09 2.12574e-08 6.32297e-08 1.72949e-07 4.21925e-07 9.44807e-07 1.6355e-06 2.4007e-06 2.732e-06 2.34365e-06 1.71055e-06 9.0941e-07 4.31729e-07 1.73125e-07 6.27891e-08 2.14548e-08 6.95782e-09 2.29226e-09 7.43316e-10 2.49034e-10 8.5372e-11 2.97704e-11 1.06621e-11 3.74813e-12 1.33061e-12 4.37319e-13 1.28472e-13 2.7866e-14 3.74557e-17 1.97611e-28 1.36603e-28 1.0836e-28 9.18171e-29 8.1557e-29 7.48124e-29 6.76734e-29 6.50097e-29 6.2252e-29 5.91377e-29 5.52138e-29
5.07855e-29 5.49684e-29 5.86748e-29 6.2747e-29 6.50077e-29 7.01918e-29 7.53915e-29 8.52538e-29 9.63152e-29 1.12504e-28 1.43023e-28 5.25385e-20 1.41866e-16 3.90871e-14 1.89162e-13 6.30923e-13 1.89355e-12 5.55709e-12 1.59098e-11 4.68425e-11 1.39674e-10 4.31679e-10 1.41131e-09 4.62227e-09 1.57788e-08 5.28392e-08 1.73727e-07 5.33145e-07 1.4543e-06 3.52524e-06 6.4348e-06 9.67088e-06 1.10506e-05 9.4126e-06 6.69639e-06 3.38726e-06 1.47925e-06 5.31526e-07 1.71689e-07 5.32475e-08 1.55878e-08 4.66892e-09 1.39849e-09 4.34694e-10 1.39851e-10 4.65916e-11 1.61441e-11 5.48888e-12 1.92535e-12 6.36705e-13 1.91946e-13 4.28359e-14 1.59567e-16 5.29434e-20 1.43891e-28 1.12532e-28 9.79447e-29 8.45524e-29 7.62057e-29 6.91949e-29 6.53606e-29 6.24171e-29 5.9134e-29 5.51344e-29
4.8817e-29 5.37815e-29 5.78166e-29 6.23443e-29 6.54289e-29 7.24734e-29 7.8998e-29 9.13221e-29 1.01609e-28 1.19805e-28 1.54759e-28 1.10232e-18 1.77247e-15 5.95981e-14 2.56788e-13 8.52053e-13 2.55052e-12 7.63464e-12 2.24401e-11 6.82055e-11 2.13752e-10 6.9429e-10 2.41041e-09 8.50163e-09 3.1602e-08 1.15811e-07 4.21621e-07 1.44764e-06 4.34154e-06 1.1066e-05 2.05747e-05 3.05412e-05 3.46526e-05 2.99241e-05 2.13558e-05 1.07448e-05 4.41417e-06 1.45427e-06 4.19508e-07 1.17153e-07 3.13827e-08 8.59869e-09 2.39019e-09 6.98883e-10 2.13584e-10 6.76278e-11 2.26924e-11 7.51658e-12 2.57629e-12 8.54422e-13 2.57304e-13 6.34529e-14 4.80134e-15 1.10351e-18 1.54463e-28 1.18994e-28 1.02125e-28 8.97388e-29 7.88213e-29 7.07899e-29 6.57361e-29 6.17218e-29 5.79106e-29 5.34322e-29
4.77819e-29 5.14563e-29 5.62712e-29 6.18389e-29 6.60871e-29 7.45866e-29 8.25116e-29 9.20556e-29 1.01386e-28 1.14225e-28 1.57828e-28 3.49355e-18 1.79425e-14 9.08736e-14 3.39726e-13 1.09221e-12 3.27815e-12 9.94415e-12 2.97095e-11 9.37466e-11 3.06877e-10 1.04797e-09 3.84764e-09 1.46615e-08 5.92508e-08 2.35717e-07 9.48449e-07 3.53213e-06 1.11442e-05 2.78795e-05 4.91127e-05 6.77566e-05 7.45885e-05 6.68003e-05 5.03131e-05 2.71014e-05 1.11955e-05 3.53633e-06 9.39586e-07 2.37428e-07 5.86264e-08 1.48148e-08 3.82188e-09 1.05508e-09 3.07894e-10 9.33337e-11 3.01568e-11 9.8308e-12 3.32222e-12 1.09648e-12 3.42393e-13 9.53055e-14 1.87083e-14 3.50746e-18 1.58529e-28 1.1412e-28 1.02508e-28 9.19566e-29 8.40913e-29 7.32843e-29 6.71581e-29 6.17842e-29 5.68372e-29 5.18578e-29
4.79176e-29 4.91201e-29 5.36207e-29 6.15253e-29 6.82455e-29 7.86304e-29 8.69035e-29 9.46924e-29 1.0348e-28 1.19343e-28 1.8321e-28 8.60756e-18 2.21947e-14 1.09443e-13 4.0067e-13 1.27267e-12 3.86884e-12 1.1891e-11 3.60857e-11 1.16441e-10 3.91037e-10 1.38563e-09 5.27175e-09 2.09814e-08 8.94339e-08 3.78013e-07 1.63233e-06 6.39115e-06 2.05195e-05 4.88849e-05 7.94884e-05 0.000101058 0.000108032 0.000100401 8.09382e-05 4.81712e-05 2.07256e-05 6.46574e-06 1.62402e-06 3.82306e-07 8.89858e-08 2.12226e-08 5.22664e-09 1.38927e-09 3.91212e-10 1.15521e-10 3.6483e-11 1.17138e-11 3.89268e-12 1.26961e-12 4.01006e-13 1.11397e-13 2.24095e-14 8.56048e-18 1.8273e-28 1.18414e-28 1.03823e-28 9.37123e-29 8.72357e-29 7.64699e-29 6.84866e-29 6.09972e-29 5.37042e-29 4.92732e-29
4.80837e-29 4.83138e-29 5.12212e-29 6.06211e-29 7.01462e-29 8.09744e-29 8.79967e-29 9.5375e-29 1.02359e-28 1.16692e-28 1.83561e-28 9.94978e-18 2.59202e-14 1.24636e-13 4.48214e-13 1.41598e-12 4.28644e-12 1.33519e-11 4.10136e-11 1.3384e-10 4.60157e-10 1.67675e-09 6.55609e-09 2.70706e-08 1.1967e-07 5.33013e-07 2.41438e-06 9.70231e-06 3.06856e-05 6.79047e-05 0.000101322 0.000120912 0.000126531 0.000120283 0.000102228 6.69003e-05 3.06846e-05 9.73532e-06 2.38131e-06 5.35855e-07 1.18797e-07 2.72672e-08 6.49737e-09 1.68329e-09 4.6159e-10 1.33459e-10 4.16811e-11 1.322e-11 4.33458e-12 1.41686e-12 4.50358e-13 1.27279e-13 2.63098e-14 9.97478e-18 1.84239e-28 1.16579e-28 1.03377e-28 9.51395e-29 8.91201e-29 8.05191e-29 7.16681e-29 5.99948e-29 5.17556e-29 4.85077e-29
4.81267e-29 4.83179e-29 5.07449e-29 6.04391e-29 7.25317e-29 8.25371e-29 8.8819e-29 9.60848e-29 1.0229e-28 1.1743e-28 1.86491e-28 1.02763e-17 2.69594e-14 1.29571e-13 4.65277e-13 1.46623e-12 4.45204e-12 1.39373e-11 4.27953e-11 1.40208e-10 4.86171e-10 1.78555e-09 7.03034e-09 2.93985e-08 1.31243e-07 5.91708e-07 2.71933e-06 1.09998e-05 3.45083e-05 7.43579e-05 0.000107868 0.000126464 0.000131597 0.000126046 0.000108997 7.38451e-05 3.47869e-05 1.11453e-05 2.70687e-06 5.99012e-07 1.30685e-07 2.9661e-08 6.96343e-09 1.78752e-09 4.86495e-10 1.39353e-10 4.32285e-11 1.37094e-11 4.47258e-12 1.45784e-12 4.64646e-13 1.31369e-13 2.718e-14 1.02291e-17 1.85956e-28 1.16511e-28 1.02569e-28 9.52095e-29 8.91872e-29 8.10665e-29 7.30771e-29 5.83183e-29 4.98905e-29 4.8452e-29
4.80827e-29 4.83131e-29 5.17162e-29 5.99266e-29 6.97544e-29 8.13232e-29 8.80431e-29 9.54084e-29 1.02119e-28 1.19604e-28 1.90112e-28 9.46525e-18 2.49145e-14 1.22661e-13 4.43606e-13 1.39926e-12 4.27609e-12 1.33298e-11 4.05651e-11 1.33046e-10 4.57274e-10 1.65678e-09 6.47546e-09 2.67381e-08 1.17516e-07 5.2095e-07 2.35138e-06 9.46793e-06 3.00278e-05 6.70569e-05 0.000100476 0.000120441 0.000125978 0.000119804 0.000101391 6.6061e-05 3.00274e-05 9.49853e-06 2.3194e-06 5.23876e-07 1.16564e-07 2.69585e-08 6.41419e-09 1.663e-09 4.59064e-10 1.32626e-10 4.11931e-11 1.3214e-11 4.32493e-12 1.4007e-12 4.46401e-13 1.25222e-13 2.53393e-14 9.50874e-18 1.90832e-28 1.19487e-28 1.03158e-28 9.51449e-29 8.90847e-29 8.07556e-29 7.19704e-29 5.9733e-29 5.14155e-29 4.84363e-29
4.79362e-29 4.95957e-29 5.45825e-29 6.1474e-29 6.76208e-29 7.84598e-29 8.67026e-29 9.46994e-29 1.01602e-28 1.14697e-28 1.69191e-28 9.29688e-18 2.47198e-14 1.13057e-13 4.063e-13 1.29338e-12 3.90565e-12 1.20385e-11 3.63177e-11 1.17577e-10 3.95894e-10 1.40713e-09 5.39077e-09 2.16193e-08 9.22174e-08 3.93158e-07 1.7016e-06 6.68101e-06 2.12348e-05 5.02552e-05 8.06446e-05 0.000102304 0.000108834 0.000101653 8.20976e-05 4.95266e-05 2.14461e-05 6.7585e-06 1.69291e-06 3.97505e-07 9.1798e-08 2.18557e-08 5.34827e-09 1.41105e-09 3.96025e-10 1.16654e-10 3.67113e-11 1.18568e-11 3.93181e-12 1.28797e-12 4.06502e-13 1.16321e-13 2.51985e-14 9.24014e-18 1.68691e-28 1.13761e-28 1.01881e-28 9.3637e-29 8.68917e-29 7.67348e-29 6.88839e-29 6.10572e-29 5.44338e-29 4.88186e-29
4.80401e-29 5.08276e-29 5.621e-29 6.14348e-29 6.60916e-29 7.43054e-29 8.23419e-29 9.30336e-29 1.03065e-28 1.20615e-28 1.69833e-28 3.30261e-18 1.65859e-14 8.632e-14 3.29725e-13 1.07717e-12 3.23529e-12 9.83359e-12 2.95179e-11 9.25394e-11 3.01639e-10 1.0314e-09 3.77209e-09 1.42707e-08 5.69517e-08 2.26815e-07 9.10344e-07 3.40627e-06 1.07572e-05 2.72644e-05 4.81207e-05 6.71565e-05 7.36164e-05 6.6206e-05 4.92926e-05 2.65083e-05 1.08051e-05 3.41073e-06 9.01475e-07 2.28463e-07 5.63759e-08 1.44109e-08 3.74789e-09 1.03912e-09 3.02541e-10 9.21923e-11 2.99955e-11 9.72481e-12 3.28063e-12 1.08241e-12 3.32999e-13 9.07916e-14 1.76147e-14 3.32348e-18 1.70532e-28 1.20534e-28 1.04163e-28 9.27944e-29 8.41094e-29 7.41273e-29 6.71788e-29 6.14496e-29 5.68871e-29 5.08427e-29
4.98055e-29 5.37332e-29 5.81561e-29 6.23594e-29 6.5762e-29 7.24247e-29 7.81801e-29 8.95794e-29 1.00667e-28 1.15296e-28 1.52147e-28 1.06979e-18 5.22919e-15 6.10939e-14 2.61739e-13 8.57235e-13 2.57211e-12 7.67459e-12 2.25227e-11 6.86022e-11 2.14941e-10 7.02402e-10 2.43418e-09 8.61967e-09 3.20315e-08 1.1823e-07 4.29848e-07 1.47732e-06 4.38575e-06 1.12092e-05 2.06023e-05 3.07956e-05 3.46411e-05 3.01662e-05 2.13943e-05 1.08806e-05 4.46003e-06 1.48376e-06 4.27706e-07 1.19669e-07 3.17804e-08 8.72298e-09 2.41506e-09 7.07029e-10 2.14798e-10 6.80257e-11 2.27821e-11 7.55559e-12 2.59758e-12 8.58907e-13 2.62715e-13 6.65646e-14 8.67091e-15 1.0689e-18 1.51804e-28 1.14441e-28 1.00935e-28 8.81555e-29 7.90713e-29 7.08289e-29 6.60976e-29 6.17373e-29 5.83223e-29 5.34236e-29
5.08687e-29 5.44497e-29 5.86495e-29 6.24422e-29 6.50473e-29 6.99218e-29 7.57352e-29 8.51365e-29 9.67929e-29 1.13733e-28 1.43032e-28 5.46251e-20 1.25208e-16 4.04331e-14 1.88837e-13 6.32454e-13 1.8943e-12 5.57608e-12 1.59215e-11 4.69411e-11 1.40277e-10 4.3367e-10 1.40441e-09 4.6145e-09 1.57483e-08 5.29767e-08 1.7327e-07 5.33875e-07 1.45207e-06 3.55671e-06 6.45004e-06 9.79111e-06 1.1094e-05 9.53098e-06 6.71315e-06 3.41706e-06 1.47723e-06 5.32268e-07 1.7126e-07 5.33443e-08 1.55685e-08 4.66465e-09 1.39199e-09 4.3658e-10 1.40489e-10 4.67049e-11 1.61505e-11 5.51193e-12 1.92594e-12 6.37991e-13 1.92054e-13 4.39897e-14 1.33855e-16 5.49588e-20 1.43824e-28 1.13542e-28 9.84938e-29 8.5317e-29 7.66078e-29 6.88701e-29 6.53852e-29 6.21379e-29 5.91456e-29 5.47611e-29
5.24032e-29 5.54184e-29 5.93505e-29 6.28989e-29 6.51822e-29 6.81933e-29 7.35565e-29 8.25492e-29 9.0706e-29 1.10244e-28 1.36857e-28 2.01322e-28 3.61504e-17 2.48813e-14 1.24952e-13 4.34549e-13 1.30963e-12 3.79582e-12 1.05186e-11 2.98409e-11 8.50106e-11 2.46961e-10 7.43493e-10 2.2475e-09 6.98571e-09 2.11624e-08 6.2603e-08 1.71853e-07 4.17742e-07 9.3994e-07 1.61597e-06 2.38895e-06 2.69439e-06 2.33268e-06 1.6893e-06 9.0547e-07 4.27354e-07 1.7201e-07 6.21689e-08 2.13577e-08 6.90678e-09 2.27732e-09 7.36725e-10 2.48296e-10 8.4917e-11 2.96273e-11 1.06316e-11 3.73448e-12 1.32273e-12 4.36866e-13 1.27564e-13 2.78179e-14 3.64742e-17 2.01344e-28 1.36693e-28 1.09063e-28 9.1457e-29 8.18539e-29 7.46488e-29 6.77041e-29 6.53514e-29 6.228e-29 5.94668e-29 5.52247e-29
5.23467e-29 5.5165e-29 5.89496e-29 6.24306e-29 6.46906e-29 6.70902e-29 7.10136e-29 7.98344e-29 8.58969e-29 9.97287e-29 1.2639e-28 1.69442e-28 3.53047e-18 1.0591e-14 7.88304e-14 2.81396e-13 8.52805e-13 2.45032e-12 6.56801e-12 1.80133e-11 4.89591e-11 1.33446e-10 3.74905e-10 1.04354e-09 2.95988e-09 8.07841e-09 2.14722e-08 5.34369e-08 1.17202e-07 2.38367e-07 3.81376e-07 5.37671e-07 5.97017e-07 5.25724e-07 3.96362e-07 2.28541e-07 1.19115e-07 5.33514e-08 2.1312e-08 8.15153e-09 2.92742e-09 1.05731e-09 3.72224e-10 1.34532e-10 4.89771e-11 1.791e-11 6.65933e-12 2.41593e-12 8.61405e-13 2.83936e-13 7.90148e-14 1.34642e-14 3.52073e-18 1.70511e-28 1.27086e-28 9.96732e-29 8.68035e-29 7.91752e-29 7.18202e-29 6.70626e-29 6.51587e-29 6.21395e-29 5.94528e-29 5.53047e-29
5.26186e-29 5.52354e-29 5.88956e-29 6.23761e-29 6.45794e-29 6.72969e-29 7.20789e-29 7.76695e-29 8.4761e-29 9.71241e-29 1.15332e-28 1.58991e-28 1.39321e-19 1.34655e-16 4.02094e-14 1.63246e-13 5.07586e-13 1.47786e-12 3.87035e-12 1.01504e-11 2.65455e-11 6.80077e-11 1.77062e-10 4.54223e-10 1.17649e-09 2.90141e-09 6.94671e-09 1.55897e-08 3.12936e-08 5.86871e-08 8.87685e-08 1.18929e-07 1.30481e-07 1.16892e-07 9.16428e-08 5.65456e-08 3.18018e-08 1.5595e-08 6.90981e-09 2.93301e-09 1.16439e-09 4.58439e-10 1.75547e-10 6.86022e-11 2.65308e-11 1.00801e-11 3.91008e-12 1.44967e-12 5.10323e-13 1.62722e-13 3.80275e-14 1.43464e-16 1.37732e-19 1.58502e-28 1.15248e-28 9.65283e-29 8.47072e-29 7.59472e-29 7.18466e-29 6.70139e-29 6.47554e-29 6.17254e-29 5.89891e-29 5.49825e-29
5.19204e-29 5.42353e-29 5.7686e-29 6.13283e-29 6.35439e-29 6.62628e-29 7.09358e-29 7.43149e-29 7.8784e-29 9.00502e-29 1.02921e-28 1.36962e-28 1.86526e-28 2.00572e-17 1.62201e-14 8.63155e-14 2.8564e-13 8.38828e-13 2.17343e-12 5.49697e-12 1.37862e-11 3.36123e-11 8.17153e-11 1.9482e-10 4.62326e-10 1.04609e-09 2.29097e-09 4.67564e-09 8.61122e-09 1.48402e-08 2.12347e-08 2.73476e-08 2.96371e-08 2.69285e-08 2.18027e-08 1.44037e-08 8.71484e-09 4.66449e-09 2.27417e-09 1.0569e-09 4.5802e-10 1.95978e-10 8.11396e-11 3.39005e-11 1.3776e-11 5.47993e-12 2.20927e-12 8.26622e-13 2.90216e-13 8.82638e-14 1.42543e-14 1.97914e-17 1.85712e-28 1.38026e-28 1.03442e-28 9.03559e-29 8.01817e-29 7.40551e-29 7.09709e-29 6.63011e-29 6.40394e-29 6.09941e-29 5.8074e-29 5.42663e-29
5.12351e-29 5.31654e-29 5.65611e-29 6.05767e-29 6.32288e-29 6.71684e-29 7.08774e-29 7.36789e-29 7.72287e-29 8.68266e-29 9.89135e-29 1.22584e-28 1.63527e-28 2.96583e-19 1.74038e-16 3.2487e-14 1.40899e-13 4.33997e-13 1.14197e-12 2.84911e-12 6.79411e-12 1.5813e-11 3.64292e-11 8.07093e-11 1.76632e-10 3.67287e-10 7.41478e-10 1.3965e-09 2.38882e-09 3.81745e-09 5.22841e-09 6.49534e-09 6.95964e-09 6.41519e-09 5.35017e-09 3.74942e-09 2.41939e-09 1.39458e-09 7.381e-10 3.7238e-10 1.75577e-10 8.11548e-11 3.61317e-11 1.58784e-11 6.78381e-12 2.84307e-12 1.15953e-12 4.30614e-13 1.45989e-13 3.92803e-14 1.43544e-16 2.93087e-19 1.61816e-28 1.2326e-28 9.78548e-29 8.63808e-29 7.77678e-29 7.34578e-29 7.0599e-29 6.68673e-29 6.34147e-29 5.98687e-29 5.66841e-29 5.3115e-29
4.95065e-29 5.09172e-29 5.40797e-29 5.83338e-29 6.12919e-29 6.59492e-29 6.92931e-29 7.20109e-29 7.45383e-29 8.24515e-29 9.16874e-29 1.09185e-28 1.43307e-28 1.81162e-28 8.57119e-18 1.87611e-15 5.94408e-14 2.08292e-13 5.62057e-13 1.41004e-12 3.28131e-12 7.31642e-12 1.60169e-11 3.36932e-11 6.89465e-11 1.33277e-10 2.49403e-10 4.34664e-10 6.99714e-10 1.05529e-09 1.3909e-09 1.6811e-09 1.7892e-09 1.66076e-09 1.41258e-09 1.03803e-09 7.06807e-10 4.35967e-10 2.48155e-10 1.34197e-10 6.85067e-11 3.38819e-11 1.58754e-11 7.33617e-12 3.27749e-12 1.40378e-12 5.74886e-13 2.08882e-13 6.47844e-14 1.2624e-14 8.85121e-18 1.82119e-28 1.43251e-28 1.10843e-28 9.08782e-29 8.15889e-29 7.50938e-29 7.21493e-29 6.93688e-29 6.58493e-29 6.20537e-29 5.792e-29 5.41988e-29 5.10383e-29
4.95835e-29 5.07187e-29 5.26005e-29 5.61072e-29 5.98383e-29 6.4432e-29 6.76426e-29 7.06076e-29 7.35008e-29 7.89372e-29 8.58101e-29 9.54841e-29 1.28879e-28 1.53899e-28 1.51497e-20 5.74876e-17 1.96649e-14 9.00614e-14 2.55519e-13 6.50773e-13 1.50793e-12 3.2619e-12 6.82863e-12 1.36912e-11 2.66243e-11 4.87569e-11 8.54149e-11 1.39572e-10 2.13726e-10 3.07117e-10 3.91284e-10 4.60632e-10 4.87343e-10 4.58464e-10 3.97275e-10 3.02562e-10 2.15201e-10 1.4027e-10 8.49443e-11 4.89233e-11 2.65153e-11 1.37672e-11 6.78429e-12 3.27633e-12 1.50207e-12 6.47562e-13 2.61968e-13 8.96473e-14 2.02377e-14 6.34516e-17 1.5308e-20 1.5489e-28 1.26329e-28 9.76947e-29 8.63554e-29 7.82936e-29 7.36251e-29 7.03141e-29 6.76983e-29 6.33914e-29 5.99276e-29 5.58562e-29 5.30338e-29 5.03213e-29
4.90272e-29 5.00135e-29 5.12414e-29 5.46522e-29 5.94974e-29 6.18234e-29 6.47743e-29 6.79456e-29 7.05814e-29 7.75119e-29 8.35411e-29 9.10259e-29 1.12989e-28 1.36038e-28 1.61372e-28 5.99116e-19 1.44062e-16 2.44262e-14 9.79892e-14 2.7206e-13 6.4474e-13 1.39174e-12 2.84515e-12 5.47943e-12 1.01595e-11 1.77721e-11 2.98281e-11 4.65442e-11 6.77701e-11 9.31923e-11 1.15779e-10 1.33121e-10 1.39605e-10 1.32451e-10 1.16947e-10 9.1973e-11 6.81036e-11 4.65492e-11 2.96001e-11 1.78677e-11 1.00772e-11 5.47652e-12 2.84235e-12 1.40262e-12 6.47743e-13 2.71036e-13 1.02407e-13 2.62446e-14 1.01487e-16 5.84276e-19 1.62527e-28 1.37972e-28 1.09086e-28 9.12785e-29 8.37413e-29 7.73416e-29 7.10107e-29 6.7257e-29 6.49022e-29 6.23263e-29 5.97277e-29 5.44307e-29 5.19507e-29 4.98938e-29
4.88918e-29 4.97537e-29 5.05406e-29 5.34715e-29 5.83655e-29 6.08106e-29 6.38364e-29 6.55189e-29 6.73761e-29 7.12923e-29 7.88346e-29 8.56099e-29 1.00759e-28 1.15493e-28 1.39415e-28 1.83599e-28 2.9176e-18 2.42162e-16 2.691e-14 1.04524e-13 2.59611e-13 5.72399e-13 1.17268e-12 2.20063e-12 3.93198e-12 6.5987e-12 1.0675e-11 1.61022e-11 2.27279e-11 3.01155e-11 3.65771e-11 4.15602e-11 4.33539e-11 4.11042e-11 3.68205e-11 2.99053e-11 2.28092e-11 1.61226e-11 1.06412e-11 6.6421e-12 3.91117e-12 2.20585e-12 1.159e-12 5.74064e-13 2.6192e-13 1.02309e-13 2.94236e-14 4.33533e-16 2.94703e-18 1.80939e-28 1.3952e-28 1.17711e-28 9.99904e-29 8.59865e-29 7.82551e-29 7.04226e-29 6.77185e-29 6.55708e-29 6.3151e-29 6.09588e-29 5.79907e-29 5.27182e-29 5.08819e-29 4.94643e-29
4.81396e-29 4.90106e-29 4.99968e-29 5.3243e-29 5.66334e-29 5.91568e-29 6.24783e-29 6.40381e-29 6.58823e-29 7.07231e-29 7.53499e-29 8.00713e-29 9.52622e-29 1.03727e-28 1.20902e-28 1.42751e-28 1.77133e-28 3.1146e-18 2.55995e-16 2.73485e-14 8.73654e-14 2.08232e-13 4.34233e-13 8.19468e-13 1.45077e-12 2.39347e-12 3.75333e-12 5.47753e-12 7.53029e-12 9.81033e-12 1.17553e-11 1.32026e-11 1.37587e-11 1.3164e-11 1.18791e-11 9.69634e-12 7.56878e-12 5.495e-12 3.73881e-12 2.40971e-12 1.45e-12 8.24994e-13 4.30627e-13 2.08814e-13 8.96958e-14 2.62284e-14 4.32075e-16 3.15563e-18 1.82514e-28 1.41074e-28 1.20006e-28 1.04588e-28 9.38894e-29 8.03327e-29 7.6265e-29 7.03281e-29 6.61891e-29 6.44101e-29 6.2019e-29 5.99276e-29 5.65476e-29 5.26548e-29 5.0468e-29 4.89159e-29
4.7761e-29 4.85816e-29 4.9535e-29 5.23747e-29 5.48233e-29 5.70747e-29 6.09223e-29 6.25302e-29 6.43976e-29 6.68178e-29 7.20723e-29 7.71837e-29 8.94005e-29 9.61242e-29 1.05046e-28 1.21581e-28 1.43131e-28 1.9051e-28 3.08627e-18 1.03913e-16 1.85937e-14 6.67822e-14 1.48925e-13 2.88196e-13 5.19737e-13 8.55511e-13 1.33344e-12 1.92038e-12 2.58289e-12 3.31697e-12 3.90741e-12 4.32674e-12 4.48868e-12 4.31166e-12 3.93974e-12 3.26703e-12 2.60093e-12 1.91962e-12 1.32311e-12 8.59515e-13 5.10766e-13 2.8945e-13 1.45987e-13 6.48631e-14 2.01543e-14 1.01503e-16 2.94566e-18 1.82232e-28 1.46522e-28 1.20755e-28 1.04006e-28 9.61335e-29 8.94612e-29 7.64743e-29 7.23789e-29 6.61468e-29 6.4401e-29 6.27365e-29 6.00619e-29 5.76923e-29 5.46568e-29 5.15678e-29 4.97061e-29 4.82263e-29
4.65669e-29 4.76204e-29 4.91144e-29 5.12385e-29 5.2817e-29 5.4395e-29 5.82851e-29 6.01865e-29 6.22451e-29 6.49304e-29 6.87342e-29 7.37915e-29 8.51502e-29 9.17499e-29 9.69778e-29 1.04586e-28 1.20562e-28 1.45084e-28 1.73765e-28 5.58537e-19 5.72091e-17 1.42332e-14 3.88318e-14 8.72298e-14 1.67831e-13 2.79145e-13 4.37889e-13 6.34806e-13 8.5631e-13 1.09236e-12 1.27274e-12 1.41283e-12 1.46311e-12 1.39719e-12 1.29272e-12 1.07908e-12 8.60735e-13 6.36157e-13 4.3773e-13 2.83366e-13 1.62847e-13 8.81293e-14 3.92283e-14 1.26316e-14 6.34493e-17 5.83224e-19 1.80902e-28 1.41074e-28 1.20991e-28 1.04918e-28 9.72765e-29 9.17217e-29 8.58002e-29 7.34725e-29 6.94481e-29 6.45381e-29 6.24639e-29 6.07976e-29 5.73263e-29 5.50919e-29 5.31281e-29 5.09585e-29 4.96378e-29 4.75589e-29
4.51709e-29 4.66949e-29 4.86642e-29 5.06022e-29 5.17865e-29 5.27651e-29 5.55822e-29 5.74455e-29 6.00436e-29 6.23765e-29 6.59637e-29 7.06938e-29 8.13017e-29 8.79938e-29 9.28039e-29 9.72838e-29 1.04306e-28 1.19151e-28 1.39561e-28 1.67315e-28 1.58797e-20 8.81033e-18 1.23165e-16 1.71575e-14 3.981e-14 7.62786e-14 1.28652e-13 1.91535e-13 2.58015e-13 3.41114e-13 4.01954e-13 4.49176e-13 4.66461e-13 4.45287e-13 4.08061e-13 3.32021e-13 2.63273e-13 1.91353e-13 1.27779e-13 7.8822e-14 3.79614e-14 1.42293e-14 1.43299e-16 8.83902e-18 1.53593e-20 1.61868e-28 1.39511e-28 1.19762e-28 1.04006e-28 9.70355e-29 9.27842e-29 8.74987e-29 8.15837e-29 7.00203e-29 6.64371e-29 6.16893e-29 5.98629e-29 5.79782e-29 5.45175e-29 5.29437e-29 5.18495e-29 4.99264e-29 4.90968e-29 4.63194e-29
4.15214e-29 4.26229e-29 4.4288e-29 4.7427e-29 4.88182e-29 4.95415e-29 5.22631e-29 5.33479e-29 5.55885e-29 5.87839e-29 6.04742e-29 6.55743e-29 7.6115e-29 8.2883e-29 8.73978e-29 9.17265e-29 9.63565e-29 1.03782e-28 1.18666e-28 1.37066e-28 1.55044e-28 1.80476e-28 3.01824e-19 2.08425e-17 1.42343e-16 1.38095e-14 2.79094e-14 4.26914e-14 6.3478e-14 9.51461e-14 1.11747e-13 1.26968e-13 1.31942e-13 1.24861e-13 1.16542e-13 9.0531e-14 6.67277e-14 4.42531e-14 2.79118e-14 1.34471e-14 1.4295e-16 1.97997e-17 2.94264e-19 1.81079e-28 1.54725e-28 1.37975e-28 1.18005e-28 1.04593e-28 9.63864e-29 9.17212e-29 8.77541e-29 8.26627e-29 7.68201e-29 6.50617e-29 6.14023e-29 5.8099e-29 5.5839e-29 5.41559e-29 5.13066e-29 5.02996e-29 4.92834e-29 4.61188e-29 4.54271e-29 4.29013e-29
4.18091e-29 4.35175e-29 4.44726e-29 4.52681e-29 4.59588e-29 4.65325e-29 4.75186e-29 4.80074e-29 4.92644e-29 5.25932e-29 5.42669e-29 6.05085e-29 6.9395e-29 7.66987e-29 8.15595e-29 8.60516e-29 8.97267e-29 9.33445e-29 1.01008e-28 1.08128e-28 1.26919e-28 1.42857e-28 1.60849e-28 1.86735e-28 1.35219e-19 3.46407e-18 3.75304e-17 1.60258e-16 4.72188e-15 1.87804e-14 2.24861e-14 2.62547e-14 2.72969e-14 2.52676e-14 2.5241e-14 1.75521e-14 8.59673e-15 1.34342e-16 3.65826e-17 3.50934e-18 1.3819e-19 1.85299e-28 1.62642e-28 1.42326e-28 1.26335e-28 1.08772e-28 9.99911e-29 9.36223e-29 8.94638e-29 8.55376e-29 8.15843e-29 7.65744e-29 6.94226e-29 5.97184e-29 5.5951e-29 5.08507e-29 4.93074e-29 4.84506e-29 4.71291e-29 4.63108e-29 4.59469e-29 4.49463e-29 4.44607e-29 4.31938e-29
4.16244e-29 4.33052e-29 4.42206e-29 4.49702e-29 4.5641e-29 4.61877e-29 4.67954e-29 4.72383e-29 4.77343e-29 4.81462e-29 4.87749e-29 5.16995e-29 5.78487e-29 6.61198e-29 6.98153e-29 7.33651e-29 7.6646e-29 8.00316e-29 8.66464e-29 8.96421e-29 9.92464e-29 1.10975e-28 1.21768e-28 1.40613e-28 1.56275e-28 1.7308e-28 1.98094e-28 5.27078e-20 1.10537e-18 3.50042e-18 8.59404e-18 9.94863e-18 1.0279e-17 9.48171e-18 9.27163e-18 3.31475e-18 1.07334e-18 5.48881e-20 2.02155e-28 1.70057e-28 1.59152e-28 1.36979e-28 1.23256e-28 1.10858e-28 9.80379e-29 9.12814e-29 8.62673e-29 8.03319e-29 7.67369e-29 7.34751e-29 7.02565e-29 6.50698e-29 5.99726e-29 5.05337e-29 4.91875e-29 4.82289e-29 4.79031e-29 4.72765e-29 4.70118e-29 4.62245e-29 4.5899e-29 4.49553e-29 4.44958e-29 4.32708e-29
4.28239e-29 4.40025e-29 4.47724e-29 4.54404e-29 4.60577e-29 4.65562e-29 4.71036e-29 4.74954e-29 4.7885e-29 4.82088e-29 4.84186e-29 4.9463e-29 5.53868e-29 6.21371e-29 6.61348e-29 6.94266e-29 7.34792e-29 7.4767e-29 7.95614e-29 8.28707e-29 8.66978e-29 9.12023e-29 9.68048e-29 1.0459e-28 1.14226e-28 1.27398e-28 1.3704e-28 1.43332e-28 1.54974e-28 1.58061e-28 1.83439e-28 1.83806e-28 1.86749e-28 1.9034e-28 1.69352e-28 1.69975e-28 1.52268e-28 1.43274e-28 1.37249e-28 1.26658e-28 1.15757e-28 1.02711e-28 9.78572e-29 9.05128e-29 8.63566e-29 8.34438e-29 7.82586e-29 7.59738e-29 7.23837e-29 6.92035e-29 6.64461e-29 6.11557e-29 5.59486e-29 4.89831e-29 4.84653e-29 4.79685e-29 4.78436e-29 4.72686e-29 4.70321e-29 4.63373e-29 4.60267e-29 4.51629e-29 4.47762e-29 4.36652e-29
4.29071e-29 4.38416e-29 4.4563e-29 4.51929e-29 4.57663e-29 4.62205e-29 4.67214e-29 4.7062e-29 4.74186e-29 4.77394e-29 4.79171e-29 4.83397e-29 5.07207e-29 5.82387e-29 6.17383e-29 6.39985e-29 6.76302e-29 6.78922e-29 7.27648e-29 7.5533e-29 7.91754e-29 8.21347e-29 8.47048e-29 9.30125e-29 9.36954e-29 1.01445e-28 1.09074e-28 1.11895e-28 1.19291e-28 1.13694e-28 1.1879e-28 1.16225e-28 1.16966e-28 1.19144e-28 1.14181e-28 1.20083e-28 1.14865e-28 1.13107e-28 1.09415e-28 9.87889e-29 9.67281e-29 9.03691e-29 8.67409e-29 8.15833e-29 7.86143e-29 7.73646e-29 7.07277e-29 7.03375e-29 6.64142e-29 6.45465e-29 6.19534e-29 5.8092e-29 5.10694e-29 4.82297e-29 4.81871e-29 4.77187e-29 4.76437e-29 4.71175e-29 4.68941e-29 4.62728e-29 4.59881e-29 4.51748e-29 4.48732e-29 4.37928e-29
4.33129e-29 4.41943e-29 4.48468e-29 4.54043e-29 4.59437e-29 4.63201e-29 4.67884e-29 4.70758e-29 4.74058e-29 4.76758e-29 4.77837e-29 4.80041e-29 4.91609e-29 5.59455e-29 5.98218e-29 6.24391e-29 6.4549e-29 6.59303e-29 6.79742e-29 7.10385e-29 7.32854e-29 7.57925e-29 7.66947e-29 8.10736e-29 8.39177e-29 8.68378e-29 9.24755e-29 9.71044e-29 1.02337e-28 1.02051e-28 1.04135e-28 1.02972e-28 1.029e-28 1.02741e-28 1.0221e-28 1.03742e-28 1.01521e-28 9.80089e-29 9.164e-29 8.62509e-29 8.47353e-29 7.98564e-29 7.77798e-29 7.474e-29 7.36193e-29 7.07229e-29 6.77313e-29 6.58907e-29 6.44015e-29 6.21958e-29 5.98706e-29 5.55793e-29 4.93071e-29 4.76867e-29 4.78448e-29 4.73806e-29 4.73582e-29 4.68898e-29 4.66982e-29 4.61172e-29 4.58857e-29 4.50727e-29 4.48513e-29 4.38027e-29
4.3311e-29 4.40373e-29 4.45714e-29 4.50654e-29 4.56061e-29 4.59339e-29 4.64166e-29 4.66355e-29 4.69281e-29 4.71333e-29 4.71944e-29 4.73966e-29 4.83225e-29 5.42485e-29 5.79459e-29 6.07684e-29 6.28997e-29 6.41834e-29 6.57561e-29 6.71257e-29 7.03696e-29 7.22389e-29 7.3231e-29 7.4372e-29 7.55702e-29 7.95113e-29 8.17576e-29 8.46471e-29 9.06508e-29 9.14897e-29 9.40538e-29 9.47185e-29 9.54903e-29 9.46947e-29 9.39646e-29 9.22829e-29 8.83638e-29 8.42335e-29 8.20947e-29 7.91963e-29 7.63271e-29 7.40728e-29 7.38178e-29 7.21504e-29 7.06371e-29 6.72751e-29 6.59169e-29 6.44141e-29 6.30302e-29 6.08021e-29 5.8281e-29 5.41585e-29 4.86834e-29 4.7279e-29 4.75378e-29 4.71181e-29 4.71412e-29 4.67031e-29 4.65828e-29 4.60181e-29 4.58683e-29 4.50603e-29 4.49086e-29 4.39647e-29
4.34452e-29 4.41437e-29 4.46397e-29 4.51047e-29 4.56188e-29 4.58873e-29 4.63279e-29 4.64902e-29 4.67429e-29 4.69281e-29 4.69689e-29 4.71346e-29 4.69762e-29 5.14311e-29 5.44998e-29 5.72885e-29 6.02051e-29 6.17858e-29 6.33676e-29 6.47443e-29 6.7762e-29 6.9473e-29 7.03537e-29 7.14316e-29 7.10132e-29 7.26805e-29 7.51508e-29 7.61663e-29 7.96085e-29 8.31828e-29 8.75158e-29 8.86346e-29 8.95471e-29 8.86929e-29 8.75075e-29 8.3624e-29 7.9081e-29 7.61953e-29 7.46253e-29 7.15195e-29 7.18679e-29 7.06647e-29 7.06159e-29 6.90237e-29 6.76994e-29 6.45857e-29 6.31679e-29 6.17189e-29 6.00667e-29 5.70128e-29 5.45202e-29 5.10546e-29 4.71317e-29 4.67434e-29 4.70346e-29 4.66386e-29 4.66988e-29 4.63074e-29 4.62291e-29 4.56632e-29 4.55456e-29 4.47944e-29 4.46657e-29 4.37644e-29
4.32408e-29 4.38763e-29 4.43228e-29 4.47616e-29 4.51788e-29 4.53982e-29 4.57802e-29 4.5942e-29 4.61674e-29 4.62993e-29 4.62625e-29 4.63672e-29 4.61607e-29 5.04086e-29 5.2908e-29 5.50647e-29 5.78524e-29 5.96437e-29 6.12137e-29 6.21391e-29 6.35176e-29 6.59175e-29 6.63938e-29 6.74476e-29 6.6745e-29 6.69711e-29 6.77064e-29 6.88747e-29 7.08577e-29 7.35578e-29 7.7732e-29 8.0125e-29 8.15606e-29 8.01304e-29 7.68178e-29 7.29545e-29 7.10918e-29 6.88872e-29 6.79942e-29 6.71019e-29 6.73707e-29 6.63257e-29 6.72264e-29 6.58425e-29 6.37123e-29 6.23349e-29 6.13077e-29 5.99416e-29 5.80121e-29 5.50813e-29 5.32295e-29 5.0313e-29 4.65809e-29 4.62215e-29 4.66054e-29 4.6277e-29 4.63963e-29 4.60186e-29 4.59805e-29 4.55153e-29 4.54186e-29 4.47581e-29 4.46396e-29 4.37683e-29
4.33651e-29 4.39605e-29 4.43456e-29 4.47288e-29 4.51135e-29 4.53135e-29 4.56656e-29 4.57722e-29 4.59441e-29 4.60287e-29 4.5946e-29 4.60256e-29 4.57833e-29 4.94145e-29 5.18045e-29 5.30912e-29 5.48392e-29 5.62287e-29 5.83585e-29 5.92651e-29 6.02997e-29 6.27258e-29 6.30266e-29 6.40387e-29 6.47588e-29 6.51588e-29 6.53529e-29 6.53874e-29 6.60948e-29 6.7177e-29 6.94489e-29 7.11772e-29 7.37974e-29 7.11914e-29 6.88773e-29 6.68723e-29 6.61032e-29 6.51023e-29 6.53676e-29 6.48917e-29 6.47934e-29 6.37462e-29 6.34381e-29 6.1707e-29 5.99214e-29 5.93999e-29 5.80038e-29 5.62709e-29 5.46709e-29 5.2803e-29 5.18385e-29 4.90247e-29 4.59594e-29 4.56121e-29 4.60237e-29 4.57207e-29 4.58899e-29 4.55493e-29 4.5546e-29 4.51182e-29 4.50365e-29 4.44266e-29 4.43857e-29 4.35068e-29
4.28185e-29 4.33588e-29 4.37309e-29 4.41031e-29 4.45009e-29 4.46341e-29 4.49336e-29 4.49701e-29 4.51186e-29 4.52e-29 4.50827e-29 4.5106e-29 4.4748e-29 4.6266e-29 4.98755e-29 5.09452e-29 5.18084e-29 5.2014e-29 5.35952e-29 5.44462e-29 5.57046e-29 5.79242e-29 5.98723e-29 6.09934e-29 6.17286e-29 6.21397e-29 6.22815e-29 6.21399e-29 6.17366e-29 6.14515e-29 6.10687e-29 5.94041e-29 5.88427e-29 5.92972e-29 6.14727e-29 6.14272e-29 6.20896e-29 6.21426e-29 6.26096e-29 6.21531e-29 6.20728e-29 6.09863e-29 6.01962e-29 5.78905e-29 5.61398e-29 5.44418e-29 5.30347e-29 5.26891e-29 5.19002e-29 5.09538e-29 5.0201e-29 4.6131e-29 4.52576e-29 4.49589e-29 4.54315e-29 4.51841e-29 4.53929e-29 4.50607e-29 4.50957e-29 4.47608e-29 4.47303e-29 4.40991e-29 4.41246e-29 4.32566e-29
4.29796e-29 4.34772e-29 4.38199e-29 4.41283e-29 4.44777e-29 4.45118e-29 4.47898e-29 4.48044e-29 4.49128e-29 4.4902e-29 4.46764e-29 4.46778e-29 4.42192e-29 4.56542e-29 4.89065e-29 4.96686e-29 5.04295e-29 5.01061e-29 5.08803e-29 5.19526e-29 5.30337e-29 5.42046e-29 5.66854e-29 5.807e-29 5.89956e-29 5.94545e-29 5.9465e-29 5.9149e-29 5.83189e-29 5.69044e-29 5.44518e-29 5.14202e-29 5.0029e-29 5.13185e-29 5.45133e-29 5.63156e-29 5.83036e-29 5.87909e-29 5.94701e-29 5.91115e-29 5.90015e-29 5.77357e-29 5.66751e-29 5.38582e-29 5.3007e-29 5.16526e-29 5.08856e-29 5.02179e-29 4.97374e-29 4.93296e-29 4.90907e-29 4.51471e-29 4.44721e-29 4.4223e-29 4.47797e-29 4.45773e-29 4.48605e-29 4.4592e-29 4.46661e-29 4.4345e-29 4.43883e-29 4.3758e-29 4.3863e-29 4.30336e-29
4.22856e-29 4.2729e-29 4.2999e-29 4.32513e-29 4.35827e-29 4.36352e-29 4.3912e-29 4.38373e-29 4.38746e-29 4.38258e-29 4.35617e-29 4.35391e-29 4.26669e-29 4.34625e-29 4.65267e-29 4.73711e-29 4.82268e-29 4.89188e-29 4.94639e-29 4.98965e-29 5.03225e-29 5.10402e-29 5.31162e-29 5.42627e-29 5.49882e-29 5.53064e-29 5.52226e-29 5.47637e-29 5.3426e-29 5.0855e-29 4.88188e-29 4.84373e-29 4.8452e-29 4.8452e-29 4.97842e-29 5.10717e-29 5.39813e-29 5.4667e-29 5.5566e-29 5.52921e-29 5.52937e-29 5.42382e-29 5.33867e-29 5.10073e-29 5.05747e-29 4.99119e-29 4.97749e-29 4.8961e-29 4.85761e-29 4.75545e-29 4.65858e-29 4.29034e-29 4.34981e-29 4.32776e-29 4.39633e-29 4.37941e-29 4.41316e-29 4.3962e-29 4.40626e-29 4.37772e-29 4.38694e-29 4.32519e-29 4.33669e-29 4.26041e-29
@ u_chi_PE 64 64
0.969107 0.966525 0.966792 0.964738 0.964959 0.963218 0.963423 0.96222 0.962909 0.961413 0.963054 0.961867 0.963461 0.962027 0.959581 0.955636 0.954689 0.952383 0.952114 0.950131 0.950055 0.948529 0.947867 0.945293 0.944839 0.943615 0.944698 0.944552 0.946128 0.946008 0.945844 0.94541 0.945323 0.945411 0.945846 0.946391 0.946448 0.945578 0.944572 0.944258 0.944827 0.945991 0.947888 0.949351 0.950034 0.950921 0.952006 0.953098 0.954663 0.956519 0.959678 0.963145 0.96331 0.963379 0.962648 0.962777 0.963167 0.962995 0.963904 0.964114 0.96517 0.966009 0.966671 0.967928
0.967619 0.965009 0.965273 0.96301 0.963141 0.961251 0.961365 0.959964 0.960539 0.958812 0.960086 0.958774 0.961082 0.95945 0.956601 0.953278 0.952483 0.950045 0.949825 0.947643 0.947478 0.945865 0.944757 0.941931 0.941137 0.939735 0.940189 0.939897 0.9419 0.942788 0.944278 0.944327 0.944325 0.94438 0.944241 0.942968 0.941058 0.939821 0.939523 0.939748 0.940567 0.94198 0.94421 0.945983 0.946834 0.947743 0.948962 0.950004 0.951531 0.953142 0.955917 0.959918 0.959147 0.959349 0.958807 0.958929 0.959448 0.959652 0.960639 0.960902 0.961975 0.963001 0.963941 0.965385
0.966802 0.96404 0.964228 0.961742 0.96185 0.960026 0.960015 0.95835 0.958861 0.956973 0.958083 0.956552 0.958375 0.95658 0.954034 0.950937 0.950168 0.948299 0.947987 0.945526 0.944938 0.94241 0.940502 0.937623 0.936588 0.935038 0.935097 0.934595 0.935952 0.936872 0.939713 0.940902 0.941839 0.941505 0.939889 0.937539 0.935873 0.93516 0.935111 0.935605 0.936641 0.938262 0.940622 0.943225 0.945037 0.946438 0.947941 0.948901 0.950606 0.951701 0.953959 0.958204 0.957806 0.958068 0.957867 0.958313 0.95901 0.959339 0.960353 0.960862 0.96213 0.963157 0.964099 0.965615
0.966012 0.963026 0.96316 0.960534 0.960509 0.95868 0.958615 0.956735 0.957196 0.955212 0.956157 0.954403 0.956033 0.952472 0.949744 0.946711 0.945745 0.944517 0.943347 0.940825 0.939984 0.936598 0.934223 0.931482 0.93043 0.928749 0.928495 0.927684 0.928475 0.928709 0.930719 0.931736 0.932961 0.931658 0.929929 0.928648 0.927891 0.927641 0.927929 0.928711 0.929828 0.931454 0.933635 0.936658 0.939266 0.940942 0.942954 0.943656 0.945224 0.946718 0.948701 0.952841 0.954339 0.954776 0.954846 0.955316 0.955982 0.956511 0.957756 0.958311 0.959523 0.960534 0.961649 0.963369
0.964935 0.961768 0.961867 0.959296 0.959081 0.957117 0.957008 0.954939 0.955265 0.953278 0.954184 0.95224 0.953685 0.949645 0.94685 0.943522 0.942017 0.939683 0.93777 0.935401 0.934723 0.931587 0.930076 0.927428 0.926459 0.924675 0.924405 0.923351 0.923652 0.922996 0.92343 0.922559 0.922729 0.922419 0.923224 0.923459 0.923606 0.923871 0.924367 0.925233 0.926434 0.928045 0.92996 0.932701 0.934839 0.935926 0.938342 0.94002 0.942404 0.944636 0.946798 0.951048 0.953274 0.953843 0.953999 0.954608 0.955441 0.956053 0.957373 0.958035 0.959336 0.960479 0.961691 0.96347
0.964532 0.961261 0.961223 0.958689 0.958378 0.956283 0.956122 0.953918 0.954145 0.952036 0.952846 0.950654 0.952015 0.947814 0.944757 0.940865 0.938692 0.935691 0.933593 0.930943 0.929421 0.925873 0.92533 0.92264 0.922339 0.92039 0.919744 0.917547 0.91643 0.91438 0.913031 0.910514 0.910297 0.910603 0.912889 0.91425 0.915953 0.91762 0.919184 0.92038 0.921536 0.92313 0.924038 0.926113 0.928863 0.930707 0.933039 0.935195 0.938044 0.940883 0.943597 0.948085 0.950414 0.951098 0.951395 0.95212 0.95304 0.953686 0.955105 0.955866 0.957329 0.958656 0.95993 0.961652
0.963478 0.960265 0.960025 0.957364 0.957017 0.954729 0.954459 0.95225 0.952368 0.950115 0.950848 0.948492 0.949386 0.943145 0.94023 0.935417 0.932776 0.929335 0.927762 0.925149 0.923438 0.919678 0.918789 0.915991 0.916216 0.914023 0.912791 0.910211 0.908634 0.905557 0.9033 0.901146 0.901193 0.90121 0.903418 0.905573 0.908529 0.910663 0.91302 0.914958 0.915494 0.917274 0.918479 0.920699 0.923579 0.925868 0.928128 0.929905 0.933122 0.936557 0.940212 0.944584 0.949007 0.95021 0.950651 0.951468 0.952503 0.95323 0.954804 0.955748 0.957292 0.95862 0.959887 0.961728
0.963356 0.959967 0.959609 0.956759 0.956335 0.953927 0.953549 0.951341 0.951323 0.948909 0.949589 0.947138 0.947816 0.941159 0.937614 0.932133 0.92944 0.926052 0.924386 0.920914 0.918619 0.91495 0.913997 0.911065 0.909881 0.906106 0.90445 0.9018 0.898718 0.89555 0.893644 0.892055 0.892116 0.892112 0.893765 0.895453 0.899182 0.901398 0.903847 0.906539 0.908675 0.911467 0.91293 0.91515 0.917857 0.920727 0.923661 0.92564 0.928772 0.932101 0.936309 0.941437 0.946291 0.947531 0.947955 0.948972 0.950197 0.951086 0.952669 0.953529 0.955186 0.956715 0.958227 0.960354
0.962901 0.959285 0.958865 0.955869 0.955289 0.952903 0.952377 0.950079 0.949971 0.947354 0.947904 0.945391 0.94557 0.937891 0.933571 0.928054 0.925524 0.922145 0.920379 0.916524 0.914157 0.910192 0.909311 0.905498 0.903184 0.899035 0.89663 0.892634 0.889011 0.887293 0.885839 0.884938 0.885175 0.885013 0.886419 0.886491 0.889832 0.892533 0.896627 0.899888 0.902581 0.906822 0.908798 0.911526 0.914119 0.917373 0.920805 0.922794 0.925858 0.92916 0.933532 0.939453 0.945112 0.946967 0.94768 0.948886 0.950138 0.951036 0.95275 0.953742 0.955534 0.95721 0.958756 0.960912
0.962674 0.958845 0.958239 0.955249 0.954495 0.952042 0.951362 0.948918 0.948763 0.946024 0.946394 0.943767 0.942174 0.933042 0.929008 0.923844 0.92073 0.917489 0.914367 0.91014 0.907412 0.902454 0.901399 0.895171 0.893707 0.887871 0.883911 0.879869 0.876026 0.875842 0.87392 0.873836 0.873952 0.873011 0.875245 0.873889 0.877507 0.879194 0.883765 0.888816 0.891213 0.896819 0.899234 0.903336 0.906671 0.909525 0.914485 0.916315 0.920373 0.923574 0.927755 0.933344 0.9405 0.944186 0.944924 0.946114 0.94749 0.948622 0.950524 0.951673 0.95354 0.955206 0.956834 0.959147
0.963129 0.959058 0.958116 0.955058 0.954222 0.951619 0.950854 0.948216 0.947913 0.945155 0.945411 0.942301 0.94017 0.930278 0.925567 0.920118 0.915511 0.912575 0.907638 0.903132 0.900169 0.894624 0.891385 0.884656 0.881863 0.874232 0.869595 0.86469 0.859894 0.858999 0.853459 0.853266 0.852971 0.851263 0.857143 0.855868 0.861527 0.864781 0.869533 0.875356 0.880349 0.886718 0.890417 0.896029 0.900565 0.903152 0.909309 0.911797 0.916878 0.920737 0.925586 0.932165 0.939463 0.944041 0.945164 0.946498 0.948072 0.949329 0.951241 0.952459 0.954407 0.956149 0.957971 0.960423
0.962864 0.958754 0.957644 0.954405 0.953518 0.950708 0.949857 0.947158 0.946628 0.943771 0.943558 0.938374 0.934627 0.923944 0.919406 0.91327 0.909141 0.905156 0.900621 0.895746 0.891681 0.884271 0.879602 0.869947 0.864159 0.855364 0.849316 0.842107 0.834404 0.831005 0.826644 0.82488 0.82482 0.82459 0.827506 0.829303 0.836088 0.84136 0.848837 0.856431 0.862226 0.871381 0.877711 0.88472 0.891332 0.894706 0.900643 0.904036 0.908732 0.91311 0.917995 0.925054 0.931743 0.939464 0.942014 0.943827 0.945549 0.946844 0.948844 0.950302 0.952472 0.954421 0.956455 0.95907
0.96347 0.959953 0.958355 0.954817 0.953686 0.950814 0.94944 0.946679 0.945589 0.940931 0.940174 0.93334 0.926975 0.91668 0.911223 0.904521 0.90019 0.894897 0.889116 0.88287 0.875233 0.866208 0.859654 0.848341 0.83985 0.828395 0.819886 0.81209 0.806298 0.801146 0.797944 0.795561 0.795322 0.795478 0.798279 0.801225 0.80655 0.812268 0.820264 0.82932 0.838777 0.85048 0.858435 0.86718 0.875707 0.88301 0.890321 0.895135 0.900734 0.905795 0.911203 0.918202 0.925986 0.935964 0.938773 0.94301 0.945653 0.947141 0.950041 0.951679 0.953862 0.956044 0.958276 0.961326
0.963166 0.959541 0.957727 0.952511 0.950758 0.947837 0.94428 0.941161 0.939169 0.933072 0.931565 0.923953 0.91785 0.907906 0.90308 0.896546 0.891998 0.8866 0.879452 0.870211 0.861138 0.850177 0.839342 0.823988 0.813886 0.803394 0.795047 0.787029 0.781023 0.776166 0.77344 0.770984 0.770733 0.770984 0.773218 0.77586 0.781307 0.786665 0.794531 0.803506 0.813066 0.824664 0.838329 0.850527 0.860545 0.869455 0.879401 0.88553 0.891354 0.896502 0.901778 0.908368 0.915778 0.924908 0.929034 0.934143 0.937842 0.94003 0.944916 0.946702 0.949417 0.953554 0.955892 0.959447
0.959675 0.955769 0.954125 0.948805 0.946889 0.943674 0.940252 0.936384 0.933573 0.92781 0.925598 0.918272 0.911231 0.901917 0.896814 0.89015 0.884573 0.876585 0.86667 0.855083 0.84385 0.82738 0.813322 0.799394 0.789124 0.777929 0.769727 0.761725 0.755901 0.750199 0.746596 0.744041 0.743697 0.743949 0.74707 0.750393 0.75594 0.76187 0.770071 0.778742 0.788578 0.800592 0.813219 0.827808 0.843939 0.855909 0.867488 0.876676 0.885138 0.891193 0.896782 0.903539 0.910567 0.920292 0.924668 0.929736 0.933748 0.93651 0.941723 0.943935 0.946798 0.950516 0.953188 0.956849
0.956516 0.95326 0.951933 0.946758 0.944718 0.940951 0.936644 0.932174 0.929226 0.923867 0.921272 0.913279 0.905705 0.896559 0.891266 0.883912 0.875747 0.863955 0.851954 0.835954 0.818583 0.802586 0.789604 0.774338 0.764538 0.753445 0.744559 0.735572 0.72856 0.722762 0.719302 0.716402 0.716099 0.716582 0.71921 0.722285 0.728775 0.735145 0.743956 0.75338 0.763235 0.775328 0.788375 0.802402 0.81839 0.835713 0.850432 0.863881 0.875077 0.883713 0.890028 0.896773 0.90376 0.91394 0.919224 0.924498 0.928188 0.931072 0.937032 0.939886 0.943411 0.947282 0.95043 0.953501
0.954662 0.951531 0.95015 0.944751 0.942065 0.937747 0.932861 0.928451 0.925565 0.919643 0.915533 0.907995 0.900199 0.890909 0.884586 0.874745 0.864862 0.849438 0.832699 0.813107 0.79704 0.780639 0.767649 0.753314 0.742068 0.729394 0.719616 0.710359 0.703114 0.696579 0.692472 0.689637 0.689201 0.689502 0.69275 0.696785 0.703477 0.71053 0.71994 0.730309 0.741887 0.754656 0.767174 0.781191 0.797446 0.813564 0.832518 0.851759 0.864528 0.875763 0.884929 0.892362 0.899827 0.909984 0.914892 0.921422 0.925549 0.928469 0.934261 0.937659 0.942109 0.946543 0.94968 0.952545
0.953094 0.95 0.949115 0.944496 0.940576 0.935687 0.93033 0.926062 0.923265 0.917537 0.913763 0.905183 0.896 0.886616 0.877605 0.863961 0.850427 0.830034 0.810459 0.791934 0.7749 0.758619 0.744822 0.728303 0.715971 0.702406 0.6914 0.681028 0.672573 0.665059 0.660259 0.656609 0.655882 0.656404 0.660136 0.664934 0.672543 0.680491 0.691099 0.702444 0.714462 0.728878 0.743589 0.758721 0.774745 0.791612 0.809694 0.830558 0.848274 0.863991 0.876722 0.886123 0.894824 0.905477 0.91167 0.918149 0.922164 0.925307 0.930755 0.934409 0.939643 0.945145 0.947799 0.950184
0.952006 0.948963 0.947942 0.94244 0.937749 0.932617 0.927758 0.923338 0.920389 0.913314 0.907687 0.899631 0.889144 0.878455 0.866687 0.850968 0.832678 0.80959 0.790826 0.77201 0.755397 0.738021 0.722095 0.705333 0.691866 0.677209 0.664535 0.652732 0.643279 0.635296 0.630017 0.625817 0.625271 0.626357 0.630307 0.635167 0.643659 0.65282 0.664732 0.677758 0.691371 0.706679 0.722068 0.738689 0.755604 0.772335 0.790843 0.810929 0.832215 0.852628 0.867109 0.878839 0.889542 0.900419 0.907193 0.915081 0.920138 0.92358 0.929062 0.932673 0.938002 0.944214 0.947352 0.949765
0.950918 0.94774 0.946435 0.940922 0.936358 0.930996 0.926121 0.920943 0.917523 0.910178 0.904141 0.895758 0.883908 0.870246 0.856065 0.836034 0.814016 0.791985 0.772836 0.754011 0.735686 0.716794 0.700248 0.681533 0.665813 0.649151 0.634782 0.621589 0.610959 0.601368 0.595218 0.590713 0.589865 0.590776 0.595112 0.601332 0.610856 0.621287 0.634814 0.649197 0.664985 0.682483 0.699098 0.716511 0.735199 0.753603 0.77214 0.792339 0.812664 0.83648 0.855063 0.869029 0.884062 0.895749 0.903026 0.910733 0.916121 0.920682 0.926097 0.93 0.935453 0.941617 0.944941 0.94782
0.950032 0.946832 0.945035 0.939344 0.93482 0.928689 0.923491 0.917778 0.914187 0.906504 0.900207 0.890695 0.875245 0.860128 0.843715 0.817739 0.796988 0.774099 0.755399 0.734958 0.714712 0.695061 0.676622 0.656012 0.638192 0.619935 0.603964 0.589275 0.576716 0.565717 0.558813 0.553469 0.552236 0.553535 0.558632 0.56605 0.576899 0.589078 0.604334 0.620513 0.637712 0.657097 0.676465 0.695536 0.715486 0.735478 0.755397 0.775548 0.796353 0.818889 0.843783 0.860326 0.876886 0.890927 0.899663 0.908083 0.913945 0.918426 0.924033 0.92908 0.934585 0.940417 0.944123 0.947573
0.94935 0.945982 0.943224 0.936657 0.932372 0.925905 0.920544 0.915014 0.911178 0.902527 0.895641 0.884313 0.867105 0.850336 0.828299 0.80267 0.781496 0.758714 0.738816 0.716864 0.695725 0.673846 0.65318 0.631022 0.611186 0.591041 0.572572 0.555652 0.541382 0.528803 0.520465 0.514145 0.512637 0.514478 0.5201 0.528837 0.541102 0.555172 0.572462 0.59087 0.610388 0.631456 0.652614 0.673735 0.695587 0.716736 0.737626 0.759303 0.779724 0.802952 0.827262 0.849544 0.867214 0.883028 0.89424 0.903219 0.909811 0.914524 0.920509 0.925792 0.931083 0.937175 0.941834 0.945678
0.947884 0.944207 0.940619 0.933632 0.930135 0.924626 0.918821 0.913252 0.909375 0.900636 0.891458 0.878726 0.859437 0.838505 0.813191 0.788747 0.767608 0.744096 0.722087 0.699613 0.676586 0.652611 0.629578 0.605462 0.582884 0.560412 0.539069 0.519515 0.503273 0.488798 0.479402 0.472392 0.470643 0.472778 0.478857 0.489172 0.503159 0.51962 0.5395 0.560253 0.582623 0.606313 0.629563 0.652975 0.677125 0.699953 0.721676 0.745676 0.766943 0.790023 0.813439 0.838643 0.860713 0.878808 0.891633 0.902205 0.908758 0.913534 0.919611 0.925025 0.929632 0.935197 0.939946 0.944186
0.945992 0.941981 0.938262 0.931455 0.928046 0.922617 0.916681 0.911046 0.906226 0.895161 0.885387 0.870109 0.849265 0.824221 0.80029 0.774523 0.754164 0.728491 0.706097 0.681666 0.656668 0.631091 0.605941 0.579124 0.553852 0.528967 0.50495 0.483003 0.464495 0.447547 0.436835 0.428854 0.426614 0.429194 0.43608 0.448307 0.464132 0.482762 0.505154 0.528566 0.553418 0.579439 0.605422 0.630487 0.656505 0.681367 0.704692 0.729708 0.752364 0.775131 0.799711 0.823478 0.849365 0.869523 0.884749 0.895682 0.904585 0.910727 0.916846 0.922298 0.926917 0.932467 0.937112 0.94162
0.944823 0.940563 0.936638 0.929825 0.926431 0.921645 0.916192 0.90915 0.903165 0.892845 0.881513 0.863366 0.839664 0.813128 0.789012 0.763824 0.742001 0.715317 0.691818 0.6652 0.638173 0.610701 0.582836 0.553453 0.524722 0.496997 0.470105 0.445267 0.424141 0.404671 0.392312 0.383105 0.380459 0.383664 0.391419 0.405971 0.423865 0.445204 0.470561 0.496848 0.524879 0.553982 0.583039 0.610648 0.63865 0.665935 0.691202 0.717628 0.741089 0.765143 0.789361 0.813063 0.841037 0.863836 0.88156 0.894494 0.902543 0.910137 0.917089 0.921944 0.925846 0.931375 0.936006 0.940789
0.944258 0.939748 0.935605 0.928711 0.925233 0.920419 0.914688 0.906153 0.899682 0.888045 0.874949 0.85573 0.829137 0.803584 0.778717 0.753667 0.730237 0.702647 0.677984 0.649384 0.620529 0.591214 0.560875 0.52904 0.497296 0.466518 0.43645 0.40852 0.384648 0.362384 0.348252 0.337776 0.334666 0.338384 0.34702 0.363737 0.383949 0.408404 0.43674 0.466015 0.497205 0.528759 0.560523 0.590612 0.620364 0.64941 0.676426 0.704005 0.728318 0.753952 0.778099 0.802479 0.829521 0.854827 0.873862 0.889015 0.898461 0.906436 0.914592 0.920099 0.924012 0.92969 0.934362 0.939275
0.944571 0.939522 0.935109 0.927928 0.924366 0.919183 0.912821 0.903853 0.896273 0.883334 0.869342 0.848679 0.81967 0.794357 0.769591 0.743876 0.719488 0.690796 0.664424 0.634293 0.603866 0.572091 0.538972 0.504602 0.470009 0.436201 0.402857 0.37173 0.345073 0.32027 0.304348 0.292584 0.288964 0.29336 0.302894 0.32173 0.344171 0.371814 0.403436 0.435955 0.470543 0.504739 0.539237 0.572134 0.604378 0.635081 0.663606 0.693127 0.71822 0.745119 0.769658 0.794034 0.820918 0.848711 0.868979 0.885008 0.895699 0.90465 0.912997 0.919584 0.923706 0.929523 0.934439 0.939623
0.945576 0.939819 0.935159 0.927639 0.923869 0.917618 0.910838 0.901976 0.893241 0.880428 0.865415 0.842396 0.812772 0.787309 0.762447 0.735912 0.711112 0.681294 0.653402 0.621897 0.589899 0.555858 0.519861 0.483044 0.445513 0.408615 0.371871 0.33749 0.30795 0.28064 0.262945 0.250018 0.246049 0.25097 0.261401 0.28224 0.306878 0.337504 0.372289 0.40795 0.445723 0.482786 0.519751 0.555173 0.589624 0.621976 0.651577 0.68292 0.708721 0.736258 0.761685 0.786032 0.813365 0.841424 0.864245 0.881037 0.891372 0.902024 0.910363 0.91783 0.922672 0.928805 0.933902 0.939202
0.946449 0.941059 0.935874 0.927892 0.923607 0.91593 0.908318 0.898218 0.88874 0.875598 0.859666 0.833874 0.806091 0.780495 0.755698 0.728039 0.702978 0.672009 0.643103 0.610396 0.576495 0.540935 0.502994 0.464091 0.424004 0.384463 0.345003 0.307832 0.275726 0.246121 0.226786 0.212774 0.208384 0.213745 0.225157 0.247823 0.27478 0.307963 0.345472 0.384046 0.424518 0.464202 0.503512 0.540832 0.576968 0.611383 0.642018 0.674526 0.701512 0.729211 0.75607 0.779949 0.807784 0.833685 0.859514 0.877045 0.887788 0.899263 0.90878 0.917095 0.922781 0.929617 0.935318 0.941184
0.946388 0.942965 0.937536 0.928645 0.923462 0.914434 0.906018 0.896143 0.887844 0.876208 0.859496 0.831241 0.801636 0.776476 0.750847 0.723156 0.697262 0.665391 0.635856 0.601628 0.566169 0.528985 0.489198 0.447786 0.404906 0.362546 0.320435 0.280667 0.246125 0.214843 0.194208 0.179499 0.174825 0.180419 0.192573 0.21652 0.245231 0.280668 0.320551 0.361836 0.405084 0.447266 0.489084 0.528254 0.565766 0.601836 0.633913 0.667169 0.694997 0.723568 0.750329 0.775111 0.802522 0.830279 0.858646 0.876955 0.886161 0.896027 0.905352 0.915261 0.921859 0.92979 0.936258 0.941978
0.945847 0.944242 0.93989 0.92993 0.923045 0.912396 0.902855 0.893343 0.885584 0.873516 0.853086 0.826111 0.797576 0.772937 0.74631 0.718843 0.692193 0.659794 0.629652 0.594656 0.558412 0.519971 0.479102 0.436568 0.392121 0.348051 0.304199 0.262903 0.226769 0.194196 0.172398 0.157128 0.152203 0.157949 0.170838 0.195791 0.225951 0.263013 0.304616 0.347745 0.39268 0.436564 0.479747 0.520123 0.558721 0.59573 0.628517 0.662369 0.6909 0.720212 0.746687 0.772476 0.79942 0.825864 0.853138 0.875069 0.884724 0.894218 0.903114 0.914123 0.921945 0.931758 0.939287 0.943527
0.94541 0.944378 0.941504 0.931797 0.922881 0.911193 0.901689 0.892561 0.885364 0.874148 0.853576 0.825134 0.795898 0.771251 0.744398 0.716712 0.690074 0.656977 0.626344 0.591076 0.553894 0.51451 0.472798 0.429177 0.383384 0.337886 0.292683 0.250116 0.212815 0.179502 0.157083 0.141531 0.136541 0.14235 0.155634 0.180959 0.211975 0.250059 0.292825 0.337283 0.383394 0.428677 0.472774 0.513929 0.553378 0.591213 0.624292 0.658747 0.687975 0.717441 0.744039 0.77004 0.796981 0.824086 0.852949 0.87492 0.883762 0.892635 0.901048 0.911667 0.920758 0.932972 0.940672 0.943636
0.945323 0.944325 0.941744 0.932562 0.922091 0.909725 0.900795 0.891811 0.884826 0.873508 0.852474 0.824294 0.794777 0.770192 0.743162 0.715563 0.688676 0.655367 0.624811 0.589472 0.551841 0.512272 0.470339 0.42631 0.380168 0.334462 0.288846 0.245973 0.208356 0.174838 0.152212 0.136539 0.131505 0.137342 0.150769 0.176226 0.207577 0.246047 0.289199 0.334239 0.380726 0.426422 0.471029 0.512481 0.552117 0.590419 0.623693 0.658118 0.687466 0.717209 0.743629 0.769837 0.796755 0.824046 0.852646 0.875068 0.88398 0.89255 0.900953 0.911349 0.920837 0.934726 0.941737 0.943617
0.945411 0.94438 0.941241 0.932395 0.923175 0.910993 0.901644 0.892562 0.885448 0.873368 0.851524 0.824927 0.79578 0.771386 0.744287 0.717014 0.68983 0.656856 0.626705 0.591267 0.553955 0.514924 0.473074 0.429479 0.383885 0.338615 0.293491 0.251026 0.213774 0.180413 0.157957 0.142328 0.13734 0.143147 0.156504 0.18187 0.212926 0.250973 0.293628 0.337976 0.383926 0.428939 0.473077 0.51435 0.553407 0.591448 0.62472 0.658567 0.687692 0.71771 0.74388 0.770128 0.796828 0.823866 0.850891 0.874144 0.883817 0.892665 0.901086 0.911547 0.920473 0.933511 0.940909 0.943707
0.945824 0.943977 0.939016 0.930009 0.922862 0.912552 0.902949 0.893343 0.885998 0.874862 0.856595 0.827082 0.797709 0.772835 0.746519 0.71883 0.692179 0.659723 0.62975 0.594763 0.55817 0.519782 0.478447 0.435796 0.391183 0.34687 0.302787 0.261307 0.225116 0.192567 0.170865 0.155639 0.150778 0.156463 0.169305 0.194154 0.224308 0.261412 0.303178 0.346585 0.391706 0.435801 0.47905 0.51995 0.558499 0.59583 0.628635 0.662331 0.690913 0.720299 0.747 0.772439 0.799608 0.826889 0.856704 0.876479 0.885204 0.894307 0.903313 0.91391 0.921373 0.931662 0.938707 0.943749
0.946241 0.943425 0.937616 0.929283 0.923434 0.91486 0.906157 0.895925 0.886884 0.874396 0.856141 0.829798 0.801523 0.776447 0.750745 0.722908 0.697064 0.665501 0.635446 0.601877 0.566329 0.529306 0.489417 0.448611 0.406133 0.363951 0.321864 0.282329 0.247836 0.216529 0.195777 0.180954 0.176239 0.181873 0.19415 0.218206 0.246935 0.28231 0.322003 0.363204 0.406281 0.448124 0.489296 0.528531 0.565942 0.602076 0.633464 0.66729 0.694792 0.723364 0.750238 0.775081 0.802383 0.828813 0.855324 0.875134 0.885246 0.895917 0.905356 0.91539 0.921834 0.930341 0.936166 0.942864
0.945582 0.941135 0.935296 0.927859 0.923051 0.915952 0.908235 0.898849 0.889287 0.877211 0.860978 0.835783 0.805931 0.781028 0.755347 0.728518 0.702819 0.672297 0.643039 0.6106 0.576367 0.540895 0.502775 0.463932 0.423565 0.383831 0.344043 0.306895 0.274749 0.245237 0.22592 0.211996 0.207548 0.212975 0.224281 0.246946 0.273803 0.307032 0.344489 0.383375 0.424119 0.464007 0.503257 0.540807 0.57686 0.611614 0.641993 0.674862 0.701404 0.729729 0.755742 0.780572 0.80771 0.835674 0.860899 0.87875 0.888564 0.899764 0.908354 0.917048 0.922196 0.929597 0.934638 0.941225
0.945435 0.940714 0.935185 0.928154 0.923794 0.918072 0.910703 0.902146 0.893082 0.879775 0.865078 0.841995 0.812485 0.787336 0.76212 0.735766 0.710737 0.681162 0.653056 0.621894 0.589309 0.555662 0.519801 0.483141 0.445321 0.408552 0.371807 0.337638 0.307987 0.280737 0.262914 0.250119 0.245971 0.251067 0.261374 0.282357 0.306907 0.337651 0.372216 0.407925 0.44548 0.482828 0.519681 0.554999 0.589047 0.621984 0.651261 0.682788 0.708409 0.736197 0.761363 0.786079 0.813094 0.841096 0.864006 0.880589 0.891155 0.901929 0.910261 0.918389 0.922634 0.92929 0.933885 0.939867
0.943838 0.939548 0.934501 0.927853 0.923761 0.91916 0.912451 0.903868 0.896209 0.883399 0.868858 0.848555 0.819509 0.794248 0.769264 0.74375 0.719255 0.690919 0.664104 0.634641 0.603802 0.572333 0.539103 0.50513 0.470288 0.43666 0.403218 0.372273 0.345321 0.320708 0.304483 0.292952 0.289081 0.293732 0.303055 0.322145 0.344442 0.372365 0.403798 0.436413 0.470794 0.505275 0.539437 0.572363 0.604303 0.635435 0.663309 0.693306 0.717984 0.745028 0.769412 0.794 0.82082 0.848645 0.868591 0.885034 0.895346 0.904565 0.912621 0.919533 0.923097 0.929476 0.933859 0.939617
0.944372 0.940431 0.93562 0.929198 0.925115 0.920854 0.914866 0.907099 0.89993 0.889519 0.875638 0.857023 0.829447 0.804175 0.778898 0.754144 0.730447 0.703199 0.677935 0.649795 0.62065 0.591411 0.560416 0.528966 0.496946 0.46631 0.435874 0.408136 0.383889 0.362014 0.347615 0.337479 0.334035 0.338121 0.346363 0.363403 0.38323 0.407983 0.436165 0.465806 0.49685 0.528697 0.56008 0.590781 0.620479 0.649863 0.676384 0.704581 0.728612 0.754463 0.778314 0.803113 0.82992 0.856296 0.874646 0.890349 0.898693 0.907483 0.914874 0.920647 0.923959 0.930172 0.934314 0.939951
0.944255 0.940582 0.935944 0.929711 0.925689 0.921444 0.914729 0.908595 0.901756 0.891132 0.879589 0.861856 0.837877 0.812808 0.787748 0.763074 0.741127 0.714335 0.690664 0.664911 0.637162 0.610348 0.582199 0.553458 0.524617 0.497298 0.470242 0.445789 0.424257 0.405215 0.392408 0.383646 0.380435 0.384173 0.391551 0.406546 0.423943 0.445776 0.470726 0.497154 0.524774 0.553975 0.582381 0.610236 0.637615 0.665627 0.690069 0.716665 0.740254 0.764462 0.788183 0.812843 0.839359 0.862404 0.879506 0.8927 0.901185 0.909631 0.915657 0.921773 0.92516 0.93134 0.935395 0.940861
0.946008 0.94266 0.93828 0.932043 0.927963 0.923717 0.91719 0.912126 0.906769 0.897552 0.886831 0.872265 0.850692 0.825512 0.800718 0.776141 0.754767 0.729598 0.706758 0.683098 0.657068 0.631927 0.606319 0.579911 0.55401 0.529171 0.504722 0.48311 0.463966 0.447603 0.436289 0.428922 0.426118 0.429302 0.435525 0.448329 0.463638 0.482924 0.50492 0.528758 0.553587 0.580226 0.605801 0.631345 0.656945 0.682876 0.705378 0.730859 0.752984 0.776811 0.80019 0.824853 0.85091 0.87157 0.886084 0.898109 0.905163 0.911839 0.917407 0.923435 0.926855 0.933019 0.937073 0.942288
0.947271 0.944228 0.939911 0.933553 0.929156 0.923954 0.917646 0.912877 0.907943 0.8992 0.889535 0.877685 0.85762 0.838106 0.812291 0.788213 0.766309 0.743535 0.721369 0.699019 0.675783 0.652538 0.629037 0.60543 0.582594 0.560703 0.538909 0.519923 0.503092 0.489322 0.479295 0.473098 0.470726 0.473456 0.478792 0.489702 0.503013 0.520037 0.539271 0.560527 0.582353 0.606279 0.629022 0.652884 0.676304 0.699328 0.720947 0.745127 0.765696 0.789544 0.81262 0.838332 0.85884 0.877704 0.889819 0.900888 0.907437 0.913263 0.918519 0.924449 0.928772 0.935247 0.939346 0.944269
0.94935 0.946729 0.94327 0.937426 0.932726 0.926899 0.9207 0.91603 0.911541 0.904294 0.896023 0.885635 0.867267 0.851437 0.827918 0.803258 0.781278 0.759551 0.738722 0.717138 0.695469 0.674284 0.652882 0.63098 0.610548 0.591126 0.571993 0.555685 0.54064 0.52868 0.519821 0.514381 0.512116 0.514708 0.51944 0.528756 0.540344 0.555183 0.571895 0.590982 0.60981 0.631392 0.652332 0.674172 0.69537 0.717025 0.737542 0.760185 0.779536 0.803558 0.82698 0.850632 0.867322 0.88442 0.894685 0.905055 0.910243 0.915621 0.920716 0.926812 0.931424 0.937934 0.941881 0.946471
0.949369 0.946879 0.944341 0.939291 0.934077 0.928864 0.922748 0.917872 0.913226 0.906665 0.89954 0.891279 0.874649 0.860515 0.843021 0.818233 0.796609 0.774722 0.754812 0.735202 0.714794 0.69556 0.676426 0.656517 0.638077 0.620495 0.603836 0.589868 0.576455 0.566061 0.55828 0.553766 0.551721 0.553863 0.558078 0.566378 0.576619 0.589658 0.604216 0.621078 0.63762 0.657561 0.676286 0.695995 0.715567 0.735708 0.75484 0.7762 0.796009 0.819477 0.843067 0.860648 0.876346 0.89158 0.899062 0.908286 0.91301 0.918561 0.92336 0.92935 0.933934 0.940436 0.943455 0.947615
0.950867 0.948458 0.946428 0.941793 0.935931 0.931614 0.925832 0.921612 0.917289 0.910422 0.903109 0.895678 0.88298 0.870457 0.855977 0.83665 0.813589 0.792448 0.772378 0.754428 0.735467 0.717378 0.699844 0.682058 0.665842 0.650049 0.634913 0.622594 0.611155 0.602371 0.595375 0.591748 0.590025 0.591767 0.595275 0.602345 0.611024 0.622281 0.634941 0.650053 0.665033 0.682932 0.698723 0.71708 0.734994 0.75402 0.7717 0.792818 0.812278 0.837081 0.854931 0.869296 0.883182 0.895713 0.902053 0.91108 0.916009 0.921451 0.9259 0.930708 0.935118 0.942607 0.945041 0.948691
0.951199 0.948952 0.947117 0.942959 0.937415 0.933003 0.927052 0.923576 0.919647 0.914442 0.908221 0.900613 0.889281 0.879389 0.866455 0.850416 0.831578 0.809653 0.790018 0.772202 0.754635 0.737668 0.720966 0.704797 0.690517 0.676609 0.663002 0.651843 0.641437 0.634153 0.627979 0.624707 0.623233 0.62518 0.62825 0.634063 0.641778 0.651901 0.663175 0.677151 0.69 0.706117 0.72095 0.738327 0.754812 0.772508 0.790034 0.810994 0.831103 0.852065 0.866908 0.879806 0.889728 0.901483 0.907807 0.916267 0.919471 0.923896 0.928423 0.933105 0.937684 0.944745 0.946503 0.949748
0.953039 0.950743 0.948829 0.944471 0.939966 0.936089 0.929858 0.926637 0.922763 0.917424 0.911788 0.905148 0.895104 0.886542 0.876664 0.864872 0.851756 0.831481 0.81089 0.793191 0.775553 0.760178 0.745634 0.730473 0.71752 0.704784 0.693002 0.683591 0.674328 0.667747 0.661989 0.659139 0.657603 0.658994 0.661833 0.667611 0.67425 0.683054 0.692646 0.704798 0.715992 0.731003 0.74439 0.760235 0.77537 0.792853 0.810122 0.832005 0.849611 0.864917 0.875801 0.886088 0.893981 0.905486 0.909757 0.918105 0.921708 0.92592 0.930324 0.934859 0.939098 0.945212 0.947601 0.95102
0.953708 0.951459 0.949577 0.945171 0.941341 0.937998 0.93203 0.928741 0.924767 0.920364 0.91572 0.908701 0.899554 0.891341 0.884088 0.875074 0.863535 0.84828 0.831263 0.81273 0.795551 0.779842 0.76613 0.752492 0.740367 0.728539 0.717531 0.708992 0.700906 0.695269 0.690355 0.688263 0.686941 0.688167 0.690607 0.695482 0.701217 0.709099 0.717859 0.729371 0.740148 0.753817 0.765603 0.780363 0.795921 0.813146 0.831094 0.850592 0.8632 0.876098 0.884452 0.892824 0.899214 0.910737 0.915118 0.922185 0.924812 0.928847 0.933543 0.938025 0.941484 0.947044 0.949201 0.952582
0.956582 0.954128 0.951711 0.947752 0.944623 0.942026 0.936558 0.933244 0.929116 0.924665 0.920707 0.914237 0.905781 0.89767 0.891191 0.884755 0.875767 0.864997 0.852601 0.837403 0.818826 0.803827 0.789916 0.776006 0.765051 0.75475 0.744948 0.736964 0.728994 0.724234 0.719932 0.71784 0.716673 0.718053 0.71974 0.723714 0.729169 0.736452 0.744311 0.754651 0.763679 0.776935 0.788631 0.803624 0.818539 0.837176 0.851091 0.864908 0.875089 0.884556 0.88996 0.897901 0.903867 0.914923 0.918704 0.925363 0.928156 0.932217 0.937002 0.941019 0.943398 0.948318 0.950225 0.954346
0.958815 0.955927 0.952973 0.948688 0.945738 0.943598 0.939018 0.936265 0.932244 0.927725 0.924379 0.917982 0.910053 0.901776 0.89561 0.890033 0.883901 0.876729 0.866107 0.855087 0.842843 0.82747 0.812591 0.799889 0.788616 0.778289 0.768931 0.76194 0.755501 0.750691 0.74624 0.74433 0.743094 0.744286 0.746609 0.750875 0.755515 0.762081 0.769195 0.779068 0.787985 0.801035 0.812409 0.827799 0.842955 0.855957 0.866894 0.876801 0.884443 0.89107 0.895576 0.903404 0.909403 0.920034 0.923495 0.9297 0.932465 0.93645 0.940544 0.943888 0.945658 0.950438 0.952122 0.957075
0.963082 0.960898 0.958123 0.953836 0.950972 0.949149 0.944565 0.942603 0.939429 0.934616 0.932157 0.926259 0.918193 0.909513 0.903543 0.897958 0.89238 0.887175 0.87886 0.870087 0.860231 0.850441 0.838507 0.82441 0.812904 0.803192 0.793825 0.786723 0.77976 0.775697 0.772159 0.770395 0.769296 0.770442 0.77187 0.775392 0.779953 0.786339 0.793234 0.80326 0.811985 0.825001 0.837407 0.850805 0.859703 0.869275 0.878776 0.886065 0.891706 0.897896 0.902235 0.909974 0.916135 0.927236 0.929652 0.935722 0.938146 0.9415 0.945234 0.948105 0.949735 0.954977 0.956397 0.960913
0.962141 0.959067 0.956564 0.954262 0.952008 0.950394 0.947784 0.946267 0.943894 0.940493 0.938161 0.931734 0.924755 0.915783 0.90943 0.903777 0.898679 0.894846 0.888551 0.884081 0.875885 0.867247 0.859841 0.849695 0.840247 0.829737 0.820226 0.813598 0.807252 0.802794 0.798907 0.797249 0.79621 0.7972 0.799184 0.802899 0.807416 0.81376 0.820542 0.830574 0.839064 0.851716 0.858679 0.868274 0.876303 0.884172 0.889707 0.895031 0.899191 0.90502 0.909398 0.917291 0.923765 0.934366 0.936777 0.942598 0.943982 0.946786 0.948464 0.951315 0.952255 0.955569 0.956525 0.960464
0.963327 0.960362 0.958049 0.955977 0.95385 0.952388 0.950195 0.948777 0.946944 0.945409 0.944037 0.940753 0.935964 0.926135 0.920311 0.915092 0.91 0.906634 0.900471 0.896764 0.890943 0.884014 0.878718 0.870298 0.863544 0.855597 0.848487 0.842133 0.833461 0.830751 0.825494 0.824409 0.82352 0.824133 0.826302 0.829071 0.835063 0.841311 0.84795 0.856485 0.861533 0.871841 0.876891 0.884392 0.890524 0.895681 0.900411 0.90547 0.909543 0.914907 0.918867 0.927222 0.933071 0.941842 0.942497 0.945479 0.945906 0.948506 0.94923 0.952031 0.952833 0.956018 0.956882 0.960694
0.961565 0.958789 0.956783 0.954853 0.952797 0.951379 0.949292 0.947931 0.946353 0.944919 0.943929 0.942014 0.937488 0.929053 0.923507 0.91924 0.913773 0.911722 0.906184 0.903042 0.898705 0.894297 0.89086 0.884754 0.880671 0.87424 0.8684 0.864641 0.859038 0.858953 0.852647 0.853204 0.852149 0.851208 0.856275 0.855787 0.860598 0.864634 0.86824 0.875268 0.879286 0.886923 0.889784 0.895639 0.899034 0.903003 0.907775 0.910883 0.915101 0.919812 0.92348 0.930913 0.936764 0.943749 0.94368 0.946277 0.946533 0.949072 0.949708 0.952243 0.953016 0.955975 0.956696 0.960276
0.962825 0.96018 0.958263 0.956441 0.954569 0.953305 0.951459 0.950314 0.948886 0.947451 0.946509 0.945064 0.943028 0.93545 0.929756 0.925656 0.921456 0.919326 0.915096 0.911733 0.90812 0.904247 0.902291 0.896452 0.894332 0.889579 0.884602 0.881822 0.87684 0.877453 0.87475 0.875281 0.874624 0.874452 0.876011 0.875509 0.878231 0.880944 0.884496 0.890663 0.891918 0.898062 0.900006 0.905058 0.907334 0.911015 0.915156 0.918084 0.921056 0.925319 0.928452 0.935717 0.94133 0.945468 0.945022 0.947538 0.947623 0.950033 0.950635 0.952969 0.953661 0.956483 0.956947 0.960529
0.961972 0.959398 0.957597 0.955942 0.954131 0.953031 0.951274 0.950198 0.948791 0.947501 0.946766 0.945567 0.944458 0.937862 0.932507 0.928222 0.924519 0.922179 0.919056 0.916159 0.913078 0.909896 0.908014 0.904567 0.901769 0.898487 0.894992 0.891863 0.887472 0.886599 0.884369 0.884169 0.883631 0.884272 0.884883 0.885752 0.888063 0.89182 0.895279 0.899357 0.901114 0.905855 0.90739 0.91116 0.913013 0.916886 0.919406 0.922782 0.924792 0.92925 0.932421 0.939381 0.943977 0.947102 0.946521 0.949023 0.948954 0.951157 0.951663 0.953909 0.954426 0.957311 0.95754 0.961058
0.962934 0.960782 0.95933 0.95787 0.956065 0.955032 0.953217 0.952315 0.951039 0.949979 0.949334 0.948133 0.947174 0.941224 0.936524 0.93229 0.928527 0.926342 0.923573 0.921668 0.918482 0.915485 0.913586 0.911417 0.910106 0.907096 0.90457 0.902508 0.898799 0.896607 0.893885 0.893114 0.892245 0.893142 0.893917 0.896403 0.899394 0.902371 0.904068 0.907429 0.908851 0.911788 0.912414 0.915605 0.917679 0.92138 0.922769 0.925892 0.92777 0.932183 0.935161 0.941474 0.945592 0.948483 0.947671 0.950026 0.94991 0.952057 0.952353 0.954649 0.954934 0.957857 0.957946 0.961168
0.962723 0.96063 0.959213 0.957768 0.95601 0.955092 0.953426 0.952673 0.951536 0.950529 0.949912 0.948877 0.948897 0.944931 0.940585 0.93709 0.933283 0.930748 0.928053 0.926153 0.923272 0.920561 0.918861 0.916815 0.916355 0.914604 0.912421 0.910435 0.908143 0.905801 0.90275 0.901565 0.900556 0.901546 0.902762 0.905952 0.908381 0.910855 0.912657 0.915435 0.915603 0.918046 0.918469 0.92153 0.923344 0.92678 0.928352 0.931278 0.933515 0.938172 0.94051 0.946334 0.948439 0.950546 0.949685 0.951867 0.951656 0.953636 0.953768 0.956124 0.9563 0.959023 0.959091 0.962151
0.964109 0.962158 0.960835 0.959457 0.958031 0.957223 0.955748 0.95489 0.953772 0.952891 0.952468 0.951642 0.951715 0.947857 0.943964 0.941087 0.937728 0.935352 0.932683 0.930997 0.929177 0.926604 0.925038 0.922922 0.921882 0.920686 0.919531 0.918387 0.917024 0.915574 0.913417 0.912137 0.910776 0.912146 0.913644 0.915742 0.916616 0.918355 0.919001 0.920563 0.921049 0.923374 0.92365 0.926818 0.928524 0.930671 0.932083 0.934807 0.936965 0.941046 0.942777 0.948036 0.950058 0.952034 0.950992 0.952942 0.952628 0.954643 0.954718 0.956802 0.956986 0.959446 0.959581 0.962597
0.963812 0.961948 0.960756 0.959519 0.958165 0.957329 0.955944 0.955215 0.954275 0.953548 0.953239 0.952509 0.952667 0.949445 0.94575 0.94348 0.941145 0.939654 0.937092 0.93555 0.933915 0.931096 0.928947 0.926855 0.925157 0.923959 0.923096 0.922632 0.922197 0.921836 0.921193 0.920936 0.920199 0.921375 0.921377 0.922297 0.92218 0.923115 0.923062 0.924452 0.925077 0.927452 0.928711 0.932222 0.93394 0.935983 0.937647 0.939927 0.941432 0.944512 0.945686 0.950743 0.952185 0.954081 0.95302 0.95483 0.954399 0.956311 0.956294 0.958243 0.958416 0.960708 0.960609 0.963669
0.965998 0.96433 0.963158 0.961907 0.960482 0.959825 0.958632 0.958105 0.957199 0.956416 0.956188 0.955647 0.956047 0.954647 0.950543 0.948358 0.94657 0.946052 0.944231 0.942587 0.940514 0.937933 0.935243 0.93302 0.931336 0.930172 0.929474 0.929288 0.929598 0.930338 0.931663 0.933651 0.934327 0.933631 0.931048 0.930364 0.929001 0.929275 0.92888 0.93014 0.930655 0.933028 0.934527 0.938003 0.939723 0.942585 0.943826 0.9451 0.945968 0.948323 0.94946 0.954917 0.954274 0.955994 0.954845 0.956435 0.955955 0.95785 0.957772 0.959433 0.959489 0.961904 0.961648 0.964673
0.965526 0.963942 0.962776 0.961652 0.960347 0.959941 0.958765 0.958217 0.957395 0.956873 0.956945 0.956458 0.957073 0.955919 0.952288 0.950458 0.948745 0.947816 0.946503 0.945038 0.943454 0.94188 0.939342 0.937073 0.935391 0.934314 0.933858 0.933883 0.934639 0.936163 0.938708 0.940907 0.941642 0.941011 0.938591 0.937002 0.934661 0.934493 0.933844 0.934945 0.935362 0.937769 0.939355 0.942694 0.943525 0.945843 0.946482 0.948328 0.949089 0.951204 0.952127 0.957436 0.956465 0.957952 0.956671 0.958125 0.957492 0.959208 0.959084 0.960739 0.960595 0.963064 0.962643 0.965524
0.967923 0.966542 0.965623 0.9647 0.963463 0.962957 0.961778 0.961483 0.960896 0.960446 0.960526 0.960099 0.96127 0.960536 0.956928 0.954464 0.952582 0.951016 0.949749 0.948688 0.947614 0.94647 0.944265 0.942289 0.940857 0.93995 0.939616 0.939866 0.941226 0.94286 0.943751 0.943706 0.943617 0.943689 0.943226 0.942615 0.940419 0.940019 0.938982 0.939971 0.940234 0.942349 0.943657 0.946543 0.946973 0.948635 0.948892 0.950881 0.951521 0.954351 0.956175 0.960895 0.959311 0.960658 0.959125 0.960515 0.959772 0.961172 0.960993 0.962558 0.962276 0.964689 0.964283 0.966912
@ u_chi_LW 64 64
0.949934 0.946843 0.947159 0.945012 0.945327 0.943988 0.944387 0.943916 0.945195 0.94446 0.947528 0.94679 0.94966 0.948267 0.943083 0.936625 0.934672 0.931291 0.930723 0.928066 0.928135 0.926302 0.925402 0.921686 0.921538 0.920225 0.92282 0.923307 0.926935 0.927236 0.92731 0.926739 0.926593 0.926742 0.927313 0.927992 0.927546 0.925181 0.922572 0.921285 0.921504 0.922752 0.925421 0.927474 0.928094 0.929121 0.930568 0.93219 0.934627 0.937671 0.943188 0.949506 0.949339 0.948869 0.946722 0.94594 0.945662 0.944482 0.945136 0.944708 0.945651 0.946384 0.946974 0.948494
0.94805 0.944968 0.945223 0.942879 0.943037 0.941483 0.941739 0.940972 0.942012 0.940931 0.943173 0.942337 0.946327 0.944625 0.93868 0.933568 0.931794 0.928288 0.927699 0.924799 0.924613 0.922593 0.920862 0.91672 0.9159 0.91428 0.91562 0.915795 0.920013 0.922198 0.92547 0.925896 0.925927 0.926002 0.925397 0.92253 0.918464 0.915648 0.914511 0.91429 0.915025 0.916781 0.920083 0.922743 0.923753 0.924917 0.926621 0.928232 0.930681 0.933301 0.938042 0.945449 0.943632 0.943356 0.941717 0.94108 0.941031 0.940471 0.941206 0.940969 0.941931 0.942871 0.94378 0.945473
0.947168 0.943918 0.943975 0.941371 0.941417 0.939885 0.939924 0.938784 0.939613 0.938327 0.94016 0.939142 0.942055 0.940212 0.93478 0.930229 0.928458 0.926197 0.925352 0.921984 0.920878 0.917098 0.913915 0.909776 0.908543 0.906733 0.907397 0.907236 0.910139 0.912311 0.917931 0.920468 0.922378 0.921637 0.918253 0.913483 0.909987 0.908141 0.907409 0.907572 0.908613 0.910652 0.91407 0.91814 0.920992 0.923067 0.925287 0.926674 0.929311 0.930859 0.93453 0.942196 0.941094 0.940878 0.939802 0.939621 0.939838 0.939575 0.940398 0.940548 0.94178 0.942802 0.943812 0.945649
0.946374 0.942893 0.942789 0.940015 0.93986 0.938265 0.938175 0.936812 0.937483 0.936087 0.937559 0.936376 0.938826 0.933706 0.928158 0.923967 0.921888 0.920769 0.91844 0.915141 0.913626 0.908532 0.904715 0.901094 0.900008 0.898242 0.898588 0.898121 0.90006 0.90101 0.904849 0.906864 0.909213 0.906685 0.903438 0.900901 0.89912 0.898048 0.897749 0.89818 0.899183 0.901047 0.903968 0.908594 0.912713 0.915269 0.91844 0.91918 0.921697 0.923952 0.927059 0.934275 0.936946 0.936932 0.936263 0.936204 0.936459 0.936486 0.937554 0.937799 0.938988 0.940035 0.941264 0.943294
0.945296 0.941636 0.941431 0.938708 0.938326 0.936571 0.936398 0.934854 0.935315 0.933952 0.935279 0.933977 0.936018 0.9301 0.924359 0.919812 0.916633 0.91335 0.909616 0.906663 0.905396 0.900933 0.898737 0.895358 0.894345 0.892478 0.892733 0.891867 0.892778 0.892042 0.892801 0.891123 0.891288 0.890749 0.892405 0.892758 0.8927 0.89261 0.892673 0.893214 0.894307 0.896109 0.89845 0.90245 0.905558 0.906832 0.910629 0.913272 0.917215 0.920775 0.924233 0.9315 0.935404 0.935513 0.935006 0.935118 0.935543 0.935691 0.936844 0.937306 0.938618 0.93985 0.94125 0.943385
0.945358 0.941488 0.941036 0.93827 0.937698 0.935745 0.935421 0.933675 0.9339 0.932396 0.933452 0.931953 0.933773 0.927759 0.921571 0.91623 0.911909 0.907521 0.903496 0.900135 0.897154 0.892145 0.891686 0.888419 0.888705 0.886793 0.886384 0.88354 0.881906 0.878806 0.876285 0.871822 0.871354 0.871985 0.876184 0.878522 0.881216 0.883631 0.88564 0.886742 0.887637 0.889378 0.889816 0.892513 0.896726 0.899675 0.903259 0.906733 0.911526 0.916198 0.920548 0.928124 0.93226 0.932504 0.932201 0.932488 0.933077 0.933398 0.934677 0.935313 0.936793 0.938263 0.939796 0.941865
0.944438 0.940636 0.939929 0.93703 0.936404 0.934249 0.93381 0.932068 0.932158 0.930573 0.931454 0.929898 0.930791 0.921127 0.915318 0.9085 0.903346 0.898617 0.895628 0.892498 0.889371 0.88422 0.883028 0.879797 0.881119 0.879009 0.87758 0.874258 0.871865 0.866918 0.862838 0.859255 0.859257 0.859295 0.863042 0.866665 0.871609 0.874691 0.877991 0.880321 0.879777 0.881576 0.882481 0.885298 0.889565 0.892953 0.896173 0.898809 0.903774 0.90933 0.915263 0.922374 0.930275 0.931332 0.931226 0.931625 0.93232 0.932748 0.934172 0.935074 0.936666 0.938207 0.939821 0.942049
0.945098 0.940968 0.939971 0.936827 0.936047 0.933679 0.933086 0.931259 0.931126 0.929391 0.930075 0.928455 0.928963 0.918763 0.911744 0.904018 0.898951 0.894557 0.891459 0.886853 0.882722 0.878034 0.876648 0.873243 0.871794 0.866879 0.864833 0.861596 0.856558 0.851902 0.848914 0.846568 0.846653 0.846653 0.84921 0.851652 0.857714 0.860784 0.864056 0.867611 0.87021 0.8739 0.875432 0.878277 0.882118 0.886543 0.891083 0.893975 0.898642 0.903956 0.910775 0.919097 0.927725 0.928885 0.928846 0.929447 0.930349 0.931019 0.932464 0.933357 0.935062 0.936824 0.9387 0.941262
0.945177 0.940754 0.939608 0.936288 0.93533 0.932897 0.932162 0.930215 0.929943 0.928069 0.92854 0.926902 0.926368 0.914605 0.9062 0.898728 0.894132 0.889992 0.886732 0.881553 0.877246 0.872191 0.870931 0.865908 0.862246 0.856866 0.853322 0.847659 0.841846 0.839984 0.837885 0.836879 0.837296 0.836965 0.83897 0.838252 0.843261 0.847002 0.853271 0.857786 0.861224 0.867574 0.869978 0.873604 0.877103 0.882096 0.887297 0.890137 0.894514 0.899412 0.906137 0.915735 0.925869 0.928043 0.928329 0.929133 0.930116 0.930888 0.93248 0.933615 0.935513 0.937523 0.939555 0.942254
0.945784 0.940954 0.939515 0.936112 0.93497 0.932395 0.931505 0.929394 0.929021 0.92705 0.92728 0.925551 0.921525 0.907585 0.900007 0.893437 0.887916 0.884505 0.878748 0.873365 0.86848 0.861901 0.860345 0.851314 0.849521 0.841236 0.834995 0.829767 0.823825 0.825068 0.822136 0.822744 0.822935 0.821141 0.824751 0.821416 0.826802 0.828492 0.835166 0.842914 0.845742 0.854255 0.857284 0.863322 0.868151 0.872226 0.88009 0.88245 0.888434 0.892968 0.899281 0.90789 0.920359 0.925937 0.926324 0.927127 0.928201 0.929184 0.930873 0.932181 0.934122 0.936116 0.938265 0.941116
0.9476 0.942125 0.940183 0.936566 0.935304 0.932474 0.931453 0.929113 0.928543 0.926507 0.926502 0.924053 0.919 0.903881 0.895218 0.888292 0.880263 0.877595 0.868865 0.863229 0.858172 0.850757 0.845047 0.835721 0.831208 0.819947 0.812691 0.806179 0.798742 0.798469 0.78881 0.789171 0.788546 0.785397 0.79554 0.792569 0.801446 0.805905 0.812525 0.821176 0.828701 0.838275 0.843459 0.85199 0.858809 0.862159 0.871534 0.875057 0.882511 0.888018 0.895221 0.905419 0.918105 0.925289 0.926336 0.927355 0.928679 0.929918 0.931703 0.933263 0.935403 0.937586 0.940125 0.943328
0.947868 0.942305 0.940185 0.936366 0.935048 0.931985 0.930897 0.928462 0.927692 0.92555 0.924767 0.9186 0.91062 0.894497 0.886479 0.878599 0.871828 0.867298 0.859634 0.853454 0.846362 0.835712 0.82738 0.812823 0.802908 0.790041 0.780198 0.769173 0.756086 0.750977 0.74384 0.74122 0.741028 0.740909 0.745156 0.748299 0.759262 0.767826 0.779809 0.79173 0.80066 0.815075 0.825182 0.83624 0.846956 0.851767 0.860579 0.865786 0.872172 0.878414 0.885466 0.896262 0.907444 0.920218 0.92378 0.925526 0.927032 0.928304 0.930087 0.931821 0.934087 0.936414 0.939126 0.94245
0.949658 0.945131 0.942024 0.937699 0.936008 0.932808 0.930822 0.928177 0.926375 0.920785 0.918999 0.909952 0.897154 0.882176 0.872749 0.864216 0.857497 0.850861 0.841672 0.833377 0.820116 0.807357 0.796218 0.779681 0.764792 0.74703 0.732707 0.720825 0.711725 0.703518 0.698579 0.695018 0.694443 0.694949 0.698747 0.703843 0.71164 0.720687 0.733359 0.747687 0.763207 0.781874 0.794429 0.807695 0.82087 0.832499 0.843249 0.850375 0.858037 0.865059 0.872759 0.88294 0.895951 0.912577 0.916658 0.923081 0.926354 0.928035 0.93155 0.933625 0.936047 0.93886 0.942049 0.946407
0.949546 0.944709 0.941348 0.933731 0.931056 0.927766 0.921965 0.918754 0.915408 0.907595 0.90457 0.894498 0.88272 0.868783 0.860785 0.85302 0.846264 0.839477 0.827966 0.814458 0.799096 0.783182 0.763662 0.739427 0.721296 0.705357 0.691346 0.679198 0.669753 0.662415 0.658521 0.654952 0.654398 0.655184 0.65788 0.662389 0.670279 0.678714 0.691072 0.705265 0.721317 0.740066 0.763539 0.783432 0.799151 0.81342 0.828717 0.838254 0.846192 0.853029 0.860112 0.869216 0.881198 0.895718 0.902 0.909452 0.914345 0.917042 0.923923 0.926142 0.929439 0.935789 0.939028 0.94429
0.943182 0.93776 0.934864 0.927248 0.924384 0.920666 0.915325 0.910876 0.906191 0.899299 0.895228 0.88592 0.87275 0.860298 0.852089 0.844393 0.836054 0.824819 0.808818 0.791616 0.772598 0.746291 0.720949 0.699764 0.681721 0.665102 0.651769 0.64022 0.631523 0.622956 0.617565 0.613865 0.613043 0.613788 0.61788 0.623438 0.631067 0.640051 0.652354 0.66537 0.681206 0.700004 0.72126 0.745405 0.772612 0.792223 0.809515 0.824217 0.836549 0.844815 0.85212 0.861224 0.87219 0.887493 0.893986 0.901125 0.906411 0.910133 0.917563 0.920513 0.924103 0.929492 0.933401 0.938918
0.937666 0.933535 0.931268 0.923998 0.92089 0.916287 0.90944 0.904035 0.899477 0.89344 0.888901 0.878596 0.864733 0.853021 0.844805 0.83603 0.82323 0.805444 0.786403 0.76124 0.730761 0.705715 0.682922 0.660237 0.643744 0.628197 0.614215 0.601535 0.591086 0.582813 0.578035 0.574012 0.573393 0.574584 0.577586 0.58263 0.591517 0.601084 0.613974 0.627729 0.643046 0.661246 0.682582 0.705139 0.731459 0.761151 0.784189 0.806268 0.823034 0.835816 0.844274 0.853071 0.863489 0.879269 0.887136 0.894394 0.898858 0.902484 0.91095 0.914843 0.919533 0.924887 0.929485 0.933798
0.934626 0.93068 0.928426 0.920866 0.916664 0.911076 0.903404 0.898217 0.894149 0.887253 0.880266 0.871262 0.857494 0.84583 0.836056 0.822902 0.807523 0.783534 0.755318 0.723214 0.695729 0.67057 0.648447 0.628101 0.609438 0.591707 0.57659 0.563792 0.553332 0.543892 0.538155 0.534291 0.533352 0.534243 0.538026 0.544487 0.553328 0.563654 0.577037 0.591953 0.609826 0.628445 0.648215 0.669983 0.696175 0.723187 0.754442 0.78721 0.806316 0.823321 0.836737 0.846446 0.85735 0.872765 0.879544 0.888895 0.89412 0.897636 0.905559 0.910331 0.916746 0.923117 0.927767 0.931808
0.932181 0.928223 0.927099 0.920735 0.914208 0.907504 0.899428 0.894551 0.890748 0.884521 0.878243 0.867302 0.851338 0.839478 0.825171 0.805443 0.783813 0.751238 0.717902 0.688425 0.660386 0.636702 0.614181 0.591239 0.571764 0.55362 0.537534 0.523704 0.512048 0.501635 0.495251 0.490449 0.489127 0.490397 0.494704 0.502232 0.511928 0.523178 0.537788 0.553293 0.570997 0.59126 0.613883 0.636651 0.661075 0.688316 0.717199 0.752725 0.780896 0.805647 0.825233 0.83839 0.851427 0.867422 0.876444 0.885368 0.88997 0.893594 0.900621 0.905554 0.913363 0.921747 0.92551 0.928455
0.930569 0.926622 0.925287 0.917442 0.909582 0.90257 0.895611 0.890622 0.886726 0.878059 0.868881 0.85912 0.841677 0.827563 0.808818 0.786094 0.755269 0.717691 0.686614 0.657389 0.631083 0.606113 0.58078 0.558205 0.537551 0.518344 0.500211 0.484526 0.471781 0.460998 0.45421 0.448747 0.447615 0.449672 0.453914 0.461202 0.471663 0.484343 0.500398 0.517931 0.537555 0.558536 0.581492 0.605905 0.63115 0.657229 0.686032 0.71927 0.754215 0.787714 0.809611 0.826611 0.842773 0.858853 0.86859 0.879723 0.886324 0.890443 0.897345 0.902152 0.910092 0.919693 0.924469 0.92761
0.929114 0.92491 0.923061 0.915237 0.907651 0.900173 0.893355 0.886864 0.882281 0.873377 0.863821 0.853448 0.833851 0.814463 0.791883 0.761364 0.723481 0.688501 0.657582 0.629324 0.601061 0.574458 0.549106 0.524455 0.501135 0.479796 0.460117 0.443323 0.429771 0.417271 0.409808 0.404289 0.402855 0.404657 0.409121 0.418159 0.429472 0.443247 0.460739 0.479476 0.501596 0.524952 0.548928 0.57372 0.601008 0.629233 0.657097 0.689604 0.722371 0.762184 0.791497 0.812241 0.835713 0.853118 0.863421 0.873917 0.880922 0.886954 0.89359 0.898838 0.906892 0.916123 0.921126 0.925055
0.928091 0.923749 0.920989 0.912868 0.905492 0.896402 0.889409 0.881988 0.877257 0.867827 0.858184 0.845801 0.820111 0.798586 0.772283 0.730527 0.695621 0.660229 0.631083 0.600973 0.570647 0.543691 0.516488 0.489998 0.46458 0.441887 0.420975 0.402902 0.387457 0.373476 0.365375 0.359002 0.357103 0.359252 0.364299 0.374569 0.386967 0.402434 0.421382 0.441647 0.464751 0.489743 0.516918 0.543327 0.571477 0.60131 0.630638 0.661704 0.694599 0.731238 0.772399 0.797847 0.823113 0.844741 0.857693 0.86911 0.876984 0.882762 0.889647 0.897087 0.905355 0.913979 0.91975 0.924808
0.927471 0.92274 0.918137 0.908591 0.901815 0.892165 0.885054 0.878077 0.872986 0.861941 0.851419 0.835724 0.807702 0.783433 0.746654 0.705831 0.670769 0.636822 0.60629 0.574554 0.543795 0.514137 0.484522 0.456669 0.429552 0.405153 0.381846 0.361669 0.344965 0.32978 0.32053 0.313353 0.311283 0.314192 0.319482 0.330846 0.34426 0.36144 0.382186 0.404597 0.429924 0.456332 0.485215 0.513908 0.544108 0.57484 0.605054 0.637759 0.669166 0.706161 0.745957 0.782474 0.808974 0.833449 0.850687 0.862745 0.871755 0.877717 0.884847 0.892406 0.900172 0.909056 0.916584 0.922375
0.925414 0.920076 0.914063 0.903961 0.898797 0.890897 0.883048 0.875932 0.870974 0.859735 0.845087 0.826721 0.79574 0.763275 0.720685 0.682622 0.648375 0.61407 0.580765 0.549057 0.516445 0.484505 0.452535 0.423112 0.39363 0.367206 0.341571 0.319321 0.301389 0.285027 0.275264 0.26774 0.265488 0.268538 0.273788 0.286134 0.300519 0.319397 0.341983 0.366175 0.394037 0.422722 0.453206 0.48419 0.516787 0.549189 0.579888 0.615368 0.647556 0.683391 0.720951 0.762949 0.797583 0.82609 0.846165 0.861124 0.87026 0.876329 0.883623 0.891544 0.898188 0.905739 0.913348 0.919927
0.922753 0.916782 0.910653 0.901048 0.89611 0.888381 0.880529 0.873212 0.866561 0.851292 0.836167 0.813096 0.780244 0.739739 0.700127 0.660482 0.628392 0.59149 0.558413 0.524624 0.490104 0.456749 0.423087 0.390983 0.359246 0.330863 0.303342 0.279443 0.259996 0.241983 0.23155 0.223611 0.221072 0.224386 0.23014 0.243711 0.259271 0.279537 0.303847 0.33016 0.359921 0.390558 0.42365 0.455971 0.490215 0.524684 0.557173 0.593092 0.627177 0.661308 0.700105 0.739131 0.78073 0.812226 0.836366 0.851296 0.864623 0.873222 0.88042 0.888255 0.89483 0.902012 0.909303 0.916293
0.921497 0.915018 0.908606 0.899176 0.894299 0.887857 0.881081 0.871017 0.862215 0.848666 0.830541 0.802355 0.76445 0.720878 0.681488 0.643477 0.609321 0.571678 0.537492 0.501099 0.464582 0.429582 0.393589 0.359309 0.32478 0.294466 0.265463 0.23997 0.219129 0.200115 0.18891 0.180426 0.177716 0.181284 0.187338 0.201968 0.218339 0.239892 0.265769 0.29375 0.325501 0.358642 0.394287 0.428937 0.464736 0.501751 0.536727 0.573756 0.608621 0.644484 0.681917 0.720687 0.76591 0.802552 0.831141 0.849928 0.861576 0.872851 0.881679 0.888511 0.893795 0.900807 0.908041 0.915509
0.921284 0.91429 0.907572 0.898179 0.893213 0.88682 0.879782 0.86692 0.857462 0.841526 0.820551 0.790631 0.747517 0.705627 0.66553 0.62848 0.592057 0.553889 0.51859 0.480059 0.441953 0.405325 0.36719 0.33091 0.29433 0.261738 0.230866 0.203834 0.181732 0.161835 0.150049 0.141373 0.138592 0.142212 0.148537 0.163644 0.180957 0.203943 0.231302 0.2612 0.295056 0.329962 0.367705 0.404709 0.441986 0.480514 0.517478 0.555301 0.590895 0.628666 0.665092 0.70474 0.747956 0.789494 0.819789 0.842176 0.856347 0.867991 0.878874 0.88675 0.891959 0.898972 0.906173 0.913833
0.922569 0.914509 0.907406 0.897746 0.89267 0.885637 0.877607 0.86409 0.85259 0.834418 0.812227 0.779668 0.732351 0.690897 0.651572 0.613945 0.576429 0.537403 0.500083 0.460169 0.42091 0.381854 0.341514 0.303443 0.265408 0.230992 0.198564 0.170367 0.147366 0.127243 0.115053 0.106325 0.103444 0.107085 0.113545 0.128626 0.146414 0.170312 0.198938 0.230479 0.266135 0.302553 0.342087 0.381479 0.421061 0.460819 0.499248 0.539057 0.575459 0.614648 0.651404 0.690669 0.733232 0.779651 0.812242 0.835879 0.852274 0.86565 0.876675 0.886528 0.892241 0.899346 0.906944 0.915135
0.925178 0.915644 0.908137 0.898044 0.892606 0.883627 0.875038 0.861858 0.848287 0.830671 0.806876 0.769562 0.721337 0.679553 0.64067 0.601948 0.564187 0.523968 0.484729 0.44361 0.403017 0.361803 0.319171 0.279394 0.239829 0.203872 0.170163 0.141188 0.117691 0.097904 0.0857336 0.0773582 0.0746733 0.0781333 0.0845765 0.0991842 0.117061 0.141314 0.17073 0.203469 0.240534 0.278765 0.3198 0.361279 0.40292 0.44404 0.483468 0.525174 0.562446 0.602018 0.639863 0.67872 0.721649 0.768664 0.805986 0.83064 0.846127 0.862499 0.873345 0.884446 0.89147 0.898915 0.906782 0.915194
0.927548 0.918466 0.909988 0.899121 0.892701 0.881168 0.871199 0.85588 0.84132 0.823353 0.798341 0.755563 0.711396 0.669345 0.631233 0.590842 0.553213 0.511857 0.471637 0.42966 0.387289 0.344987 0.301223 0.260017 0.219134 0.181926 0.147388 0.117852 0.0940458 0.0746466 0.0626234 0.0546614 0.0520882 0.0552352 0.0615878 0.0755118 0.0934868 0.117712 0.147606 0.181354 0.219521 0.259331 0.301788 0.344512 0.387366 0.430385 0.470728 0.513421 0.552225 0.591515 0.631453 0.669284 0.712672 0.755654 0.798648 0.824419 0.840511 0.857916 0.870923 0.88346 0.892142 0.900794 0.90976 0.91939
0.927986 0.922523 0.913476 0.900894 0.892763 0.878881 0.867499 0.852922 0.840684 0.825623 0.799 0.751288 0.70392 0.662785 0.623436 0.583228 0.544299 0.501936 0.461178 0.417431 0.373497 0.329804 0.28499 0.242051 0.199948 0.161825 0.127105 0.097846 0.0744397 0.0562141 0.044909 0.0377325 0.035431 0.0381875 0.044206 0.057008 0.0742915 0.0978292 0.127428 0.161487 0.200496 0.241439 0.285416 0.329326 0.373233 0.417786 0.459919 0.503019 0.542956 0.583417 0.622892 0.66206 0.704132 0.750612 0.798363 0.825772 0.838948 0.853097 0.86542 0.880582 0.890897 0.901518 0.912026 0.921512
0.927316 0.925399 0.918256 0.90344 0.892052 0.875253 0.862037 0.848506 0.837469 0.821636 0.788278 0.74325 0.698098 0.658054 0.617229 0.577709 0.537889 0.495059 0.453948 0.409582 0.365133 0.320436 0.275191 0.231718 0.18895 0.15018 0.115105 0.0859426 0.0626989 0.0450476 0.0340675 0.0273866 0.0252359 0.0276474 0.0334556 0.0454695 0.0624095 0.0856136 0.115278 0.14972 0.189234 0.231073 0.275743 0.320273 0.3651 0.410251 0.453077 0.496518 0.537343 0.578694 0.617467 0.658352 0.699299 0.743531 0.788726 0.82285 0.836935 0.85013 0.861462 0.87843 0.891097 0.905203 0.917963 0.924884
0.926739 0.926 0.921634 0.906961 0.891629 0.873052 0.860102 0.847361 0.837469 0.823191 0.789538 0.741543 0.695359 0.655244 0.614154 0.574306 0.534602 0.490718 0.449016 0.404433 0.359046 0.313463 0.267774 0.22363 0.180356 0.141226 0.106139 0.0772708 0.0545277 0.0376613 0.0272779 0.021129 0.0192195 0.0213931 0.0269272 0.0381227 0.0545305 0.0771813 0.106573 0.141013 0.18069 0.22322 0.268327 0.313204 0.358799 0.404655 0.447658 0.491635 0.533496 0.57479 0.613688 0.654815 0.695529 0.740917 0.789081 0.823354 0.835911 0.847737 0.858098 0.873986 0.888893 0.907627 0.920879 0.925397
0.926593 0.925927 0.922189 0.908448 0.890125 0.870375 0.858618 0.846192 0.836798 0.822336 0.787913 0.740396 0.693825 0.653837 0.612543 0.572938 0.532957 0.488765 0.447345 0.402699 0.356966 0.311214 0.265516 0.221105 0.177765 0.138707 0.103588 0.0748032 0.0522076 0.0355359 0.0253039 0.0192496 0.017391 0.0194289 0.0248595 0.0357461 0.0519813 0.074437 0.103728 0.138254 0.177995 0.220632 0.266116 0.311161 0.356916 0.403204 0.446547 0.490332 0.532561 0.574183 0.612873 0.654304 0.694954 0.740724 0.788436 0.823559 0.836352 0.847612 0.857971 0.873258 0.888881 0.910925 0.923026 0.925445
0.926742 0.926002 0.921123 0.90808 0.892194 0.872598 0.860017 0.847304 0.837614 0.8216 0.785753 0.741287 0.695325 0.655575 0.614137 0.574909 0.534482 0.490649 0.44988 0.40485 0.35948 0.314279 0.268529 0.224289 0.181208 0.142111 0.106987 0.0779611 0.0551367 0.0380633 0.0276169 0.0213243 0.0194591 0.0215883 0.0272654 0.0385251 0.0551366 0.0778775 0.107423 0.141876 0.181587 0.223822 0.269117 0.314031 0.359171 0.405098 0.448586 0.491458 0.533341 0.575378 0.61363 0.655082 0.695441 0.740637 0.785285 0.82177 0.836018 0.847725 0.858161 0.873685 0.888361 0.908579 0.921335 0.92554
0.927271 0.924883 0.916629 0.903597 0.891869 0.87554 0.86232 0.848496 0.83842 0.824198 0.794909 0.744613 0.698192 0.65744 0.617436 0.577192 0.537651 0.49433 0.453648 0.408932 0.364271 0.319406 0.273804 0.230061 0.187473 0.1486 0.113725 0.0846368 0.0617481 0.0442399 0.0335832 0.0268959 0.0249275 0.0271574 0.0329713 0.0446592 0.0614685 0.0843126 0.113888 0.148164 0.187726 0.229455 0.274309 0.319233 0.364248 0.409592 0.452798 0.495798 0.537066 0.57826 0.61778 0.657784 0.699432 0.744937 0.795408 0.825478 0.837973 0.850259 0.861955 0.87803 0.890146 0.905009 0.916864 0.925322
0.927694 0.923404 0.913643 0.901971 0.892733 0.879518 0.867762 0.852249 0.838882 0.822015 0.792971 0.748791 0.704249 0.662897 0.623872 0.583026 0.544729 0.502458 0.461447 0.418346 0.374749 0.33089 0.286229 0.243584 0.201937 0.163492 0.128602 0.0990044 0.0754798 0.0568375 0.0455008 0.0379989 0.035851 0.0384535 0.0448004 0.0576313 0.0753299 0.0989829 0.128949 0.163139 0.202468 0.243005 0.286639 0.330357 0.374508 0.418649 0.46008 0.503531 0.54333 0.583241 0.623302 0.662142 0.7044 0.748061 0.792372 0.822144 0.837218 0.852625 0.86539 0.88059 0.890847 0.902426 0.911842 0.923185
0.925891 0.918624 0.909026 0.899082 0.891871 0.88122 0.871327 0.857067 0.842576 0.826318 0.800892 0.758826 0.711102 0.669916 0.630679 0.591204 0.552964 0.511723 0.471525 0.429285 0.386919 0.344166 0.300594 0.259208 0.218445 0.180948 0.146592 0.117108 0.0936924 0.0742578 0.0625796 0.0544291 0.0521006 0.0550057 0.0615342 0.0751246 0.0931331 0.116976 0.146803 0.18035 0.218881 0.25849 0.30112 0.343693 0.386986 0.430004 0.470596 0.513282 0.552008 0.591904 0.63088 0.669927 0.712443 0.758978 0.801255 0.827487 0.842134 0.858844 0.870371 0.883379 0.891252 0.900753 0.908593 0.919444
0.924933 0.917209 0.908194 0.898842 0.892509 0.884256 0.874796 0.861815 0.848 0.82907 0.806382 0.768366 0.721002 0.679212 0.640424 0.6014 0.563917 0.52347 0.484583 0.443372 0.402628 0.361426 0.319517 0.279495 0.239928 0.203714 0.170272 0.141141 0.117766 0.0976447 0.0856787 0.077015 0.0745669 0.0777842 0.0845168 0.0989296 0.117129 0.141266 0.170833 0.203354 0.24059 0.278814 0.320129 0.360923 0.402511 0.443775 0.48334 0.524612 0.562183 0.601511 0.639531 0.678346 0.721284 0.767534 0.805597 0.829351 0.845685 0.861881 0.873081 0.885202 0.891406 0.899648 0.906746 0.916321
0.921301 0.914565 0.906476 0.897647 0.891838 0.885618 0.877298 0.86409 0.852971 0.834486 0.811874 0.779362 0.732774 0.690702 0.651895 0.613753 0.576849 0.537607 0.500291 0.460577 0.421365 0.382102 0.342087 0.303884 0.265897 0.231249 0.199089 0.170685 0.147777 0.127428 0.115448 0.106477 0.103873 0.107234 0.11395 0.128786 0.146832 0.170635 0.199462 0.230739 0.266598 0.302997 0.342745 0.381689 0.421484 0.461198 0.499425 0.539275 0.575801 0.61444 0.651757 0.690508 0.733696 0.779403 0.812036 0.835862 0.852073 0.865438 0.876339 0.886451 0.891385 0.89927 0.906035 0.915109
0.921493 0.915378 0.907608 0.898879 0.893065 0.887346 0.880222 0.868235 0.857958 0.843686 0.821768 0.792153 0.747958 0.705636 0.665625 0.628094 0.59214 0.55354 0.518147 0.479527 0.441787 0.404653 0.366334 0.330089 0.293838 0.261111 0.23043 0.203283 0.18132 0.16132 0.149807 0.14089 0.138369 0.141751 0.148271 0.163144 0.18057 0.203349 0.230862 0.260573 0.294559 0.329158 0.366868 0.403994 0.441783 0.480005 0.516998 0.554921 0.591035 0.628267 0.665181 0.704747 0.748437 0.791206 0.821069 0.843946 0.856687 0.869395 0.879417 0.8874 0.89188 0.899644 0.906094 0.914888
0.920599 0.915061 0.907622 0.899034 0.893361 0.887538 0.878928 0.87014 0.860441 0.845685 0.828227 0.800066 0.7626 0.720948 0.680818 0.642848 0.609593 0.570843 0.537432 0.501536 0.464767 0.429899 0.394092 0.359984 0.325718 0.29514 0.266237 0.240527 0.219676 0.200447 0.189338 0.18066 0.178044 0.181472 0.187796 0.202318 0.218838 0.240492 0.266569 0.294427 0.326439 0.359304 0.394764 0.42916 0.464874 0.502134 0.53665 0.572899 0.608892 0.643866 0.681271 0.720818 0.764163 0.80032 0.828484 0.84669 0.859826 0.872 0.879536 0.888204 0.892907 0.900751 0.907155 0.915609
0.922789 0.917788 0.910689 0.90183 0.896017 0.890065 0.881496 0.874567 0.867536 0.854877 0.838551 0.815771 0.782288 0.740497 0.700226 0.661546 0.628649 0.591419 0.558654 0.524984 0.489685 0.456231 0.422726 0.390577 0.358693 0.329908 0.302593 0.27867 0.259235 0.241345 0.231032 0.223066 0.220664 0.223898 0.229585 0.243039 0.258543 0.278817 0.303095 0.329188 0.35938 0.390151 0.423282 0.455479 0.489834 0.525133 0.557415 0.593032 0.627368 0.662397 0.700212 0.739924 0.782893 0.814608 0.838462 0.854884 0.865607 0.874586 0.881422 0.889961 0.894742 0.902725 0.909239 0.917261
0.924512 0.920119 0.913131 0.903876 0.897511 0.889736 0.88164 0.875394 0.869253 0.85727 0.842851 0.825179 0.794092 0.763157 0.720865 0.682374 0.647973 0.613833 0.581414 0.548827 0.516767 0.485115 0.453219 0.423648 0.394317 0.367883 0.342276 0.319903 0.301823 0.285496 0.275711 0.268353 0.266144 0.269116 0.274282 0.286618 0.300993 0.319995 0.342603 0.366833 0.39475 0.423264 0.453889 0.484767 0.517075 0.548888 0.580481 0.615096 0.647185 0.68315 0.721187 0.762924 0.795727 0.824286 0.84398 0.858727 0.868609 0.875865 0.882274 0.890465 0.897022 0.905793 0.912541 0.920037
0.927482 0.923772 0.918209 0.909539 0.90249 0.893358 0.885311 0.879082 0.87363 0.864048 0.852001 0.836792 0.807954 0.783912 0.745644 0.705421 0.670154 0.636866 0.605957 0.573711 0.543216 0.513875 0.484058 0.455896 0.428818 0.404722 0.381357 0.361287 0.34442 0.329315 0.320186 0.313302 0.311092 0.31413 0.319149 0.330436 0.343713 0.361036 0.381735 0.404209 0.429284 0.455533 0.484784 0.513645 0.543587 0.573999 0.60471 0.637837 0.668541 0.705725 0.745045 0.782807 0.808972 0.834533 0.851282 0.864874 0.872426 0.878768 0.885126 0.893602 0.900809 0.909967 0.916635 0.923446
0.927177 0.923822 0.920136 0.912753 0.904739 0.896739 0.888801 0.882144 0.876418 0.868162 0.858178 0.846939 0.820365 0.799149 0.772349 0.731206 0.696 0.661057 0.631016 0.60102 0.571378 0.544056 0.516601 0.490195 0.464706 0.442088 0.421013 0.403094 0.387307 0.373437 0.365082 0.358965 0.356779 0.359276 0.363996 0.374507 0.386828 0.402646 0.421451 0.441885 0.464923 0.489902 0.517066 0.543633 0.572207 0.601331 0.6306 0.662553 0.695001 0.732019 0.772322 0.798187 0.823371 0.845893 0.857702 0.869447 0.876139 0.882929 0.889079 0.897498 0.90468 0.913927 0.918912 0.924855
0.929058 0.925838 0.923067 0.916238 0.906851 0.90057 0.892934 0.887281 0.882046 0.872838 0.862144 0.852294 0.832495 0.813838 0.792383 0.761455 0.723253 0.688521 0.657307 0.629446 0.601296 0.574834 0.549017 0.524805 0.501636 0.480589 0.460628 0.444137 0.430193 0.417921 0.410053 0.404874 0.403048 0.405215 0.409375 0.41886 0.429898 0.444089 0.461279 0.480245 0.502153 0.525212 0.54891 0.574093 0.601269 0.629355 0.656847 0.689629 0.722177 0.762195 0.791839 0.811621 0.834359 0.851964 0.861756 0.873422 0.880751 0.887426 0.893225 0.899296 0.906161 0.917232 0.921236 0.926155
0.929525 0.92662 0.924342 0.918459 0.909706 0.90324 0.895263 0.891033 0.886486 0.880075 0.870923 0.860574 0.84279 0.82872 0.809161 0.784188 0.754198 0.717129 0.685857 0.6572 0.630532 0.605094 0.579754 0.557291 0.536588 0.517657 0.49911 0.483725 0.47057 0.460056 0.452832 0.44793 0.446277 0.448791 0.452516 0.460367 0.470472 0.483524 0.499328 0.517281 0.536608 0.557622 0.580522 0.604898 0.630571 0.657015 0.685275 0.718696 0.753095 0.78574 0.809952 0.827767 0.843891 0.860328 0.870655 0.881751 0.886108 0.890883 0.897025 0.902838 0.910206 0.920697 0.923471 0.927578
0.932125 0.929123 0.926604 0.920045 0.913231 0.907551 0.898781 0.894741 0.890127 0.883148 0.875063 0.866346 0.850369 0.838656 0.824217 0.806582 0.787212 0.752938 0.719188 0.689813 0.661706 0.638008 0.615283 0.593262 0.57358 0.555516 0.53889 0.525402 0.513211 0.503235 0.496153 0.491778 0.489971 0.491835 0.495597 0.503842 0.513095 0.524939 0.53913 0.555221 0.572836 0.593273 0.615021 0.637923 0.662375 0.6897 0.718497 0.754425 0.784293 0.806784 0.824278 0.837572 0.850465 0.866468 0.873276 0.884012 0.889355 0.893788 0.899982 0.90562 0.912425 0.92113 0.925092 0.929446
0.933468 0.930611 0.928208 0.921656 0.916227 0.911499 0.902914 0.898632 0.893801 0.88844 0.881894 0.872166 0.857527 0.846192 0.836177 0.823035 0.806015 0.780896 0.753923 0.72247 0.694448 0.669328 0.647345 0.627315 0.608387 0.591139 0.575194 0.562715 0.551894 0.543142 0.536929 0.533701 0.532165 0.533687 0.53684 0.543793 0.551857 0.562571 0.575718 0.591329 0.608776 0.627725 0.647082 0.66875 0.69487 0.72241 0.753095 0.784574 0.804807 0.823453 0.836859 0.846809 0.857383 0.873675 0.881174 0.890087 0.893791 0.898091 0.905135 0.910828 0.916377 0.923963 0.927625 0.931841
0.93776 0.934425 0.930882 0.924983 0.920775 0.917177 0.909343 0.904781 0.899393 0.89362 0.888009 0.878967 0.865058 0.853502 0.844816 0.836176 0.823321 0.80596 0.787645 0.762408 0.731087 0.706417 0.683189 0.661634 0.644298 0.629018 0.614411 0.602374 0.59123 0.583838 0.578383 0.5751 0.573729 0.575688 0.577851 0.58363 0.591634 0.601884 0.614187 0.628564 0.643588 0.662617 0.682843 0.705867 0.731683 0.762399 0.7855 0.806784 0.823125 0.835961 0.844284 0.853552 0.863817 0.879639 0.886252 0.894595 0.898803 0.903259 0.91087 0.915755 0.919465 0.925886 0.929091 0.934638
0.942194 0.938066 0.933529 0.927059 0.923299 0.920562 0.914369 0.910756 0.905325 0.899273 0.894584 0.885465 0.872245 0.860113 0.851662 0.844274 0.836367 0.825231 0.809256 0.791499 0.771993 0.746295 0.720611 0.700336 0.681552 0.665342 0.650974 0.640149 0.631048 0.623298 0.61713 0.613994 0.612372 0.61396 0.617337 0.623809 0.630608 0.640067 0.65153 0.665615 0.681014 0.700567 0.720869 0.745308 0.772151 0.792264 0.809953 0.824632 0.836859 0.844697 0.851691 0.861037 0.871686 0.887043 0.893354 0.90111 0.905553 0.910033 0.916624 0.920408 0.923006 0.929319 0.932133 0.939276
0.949445 0.946507 0.942126 0.935216 0.931444 0.928992 0.922368 0.91991 0.915727 0.908641 0.90542 0.896868 0.882938 0.869718 0.861224 0.853545 0.846448 0.838796 0.826613 0.812663 0.797622 0.782807 0.76266 0.739599 0.720378 0.705109 0.690333 0.679185 0.668993 0.662538 0.65796 0.655141 0.653742 0.655439 0.657269 0.662542 0.669448 0.678734 0.690025 0.705018 0.720339 0.7402 0.762444 0.783203 0.797899 0.811621 0.827365 0.837569 0.846374 0.853554 0.860551 0.870149 0.881419 0.898092 0.902854 0.910504 0.914675 0.918198 0.924331 0.92742 0.929896 0.937342 0.939892 0.946178
0.948051 0.943562 0.939888 0.93689 0.934333 0.932254 0.92938 0.927717 0.9251 0.920361 0.917391 0.907442 0.89535 0.881198 0.871675 0.863491 0.856841 0.851428 0.842318 0.835711 0.822612 0.808979 0.797038 0.781263 0.765406 0.748267 0.732689 0.721934 0.7122 0.704477 0.698785 0.695851 0.694337 0.695835 0.698909 0.704863 0.712047 0.721824 0.733299 0.748883 0.763718 0.783337 0.795457 0.809572 0.823362 0.83483 0.843891 0.850935 0.85738 0.86433 0.871687 0.88196 0.894146 0.910067 0.915052 0.922662 0.925082 0.9276 0.930149 0.933096 0.934409 0.938099 0.939927 0.944836
0.94882 0.944409 0.940869 0.938029 0.935529 0.933533 0.931328 0.92975 0.928032 0.926679 0.925288 0.920914 0.912575 0.896328 0.887498 0.879821 0.872765 0.867984 0.85887 0.853645 0.844738 0.834016 0.825824 0.812628 0.802015 0.790109 0.779263 0.769271 0.755281 0.75105 0.743031 0.741271 0.740093 0.740984 0.744305 0.748426 0.758392 0.767857 0.778814 0.791604 0.79971 0.815174 0.823889 0.834529 0.845318 0.851958 0.859793 0.86647 0.873103 0.879637 0.886477 0.898089 0.909399 0.92253 0.9243 0.926658 0.927388 0.929608 0.930538 0.933387 0.934569 0.93808 0.93981 0.944549
0.945573 0.941708 0.938778 0.936279 0.934002 0.932197 0.930225 0.928835 0.92746 0.926323 0.925603 0.923778 0.915946 0.902005 0.89336 0.887136 0.878928 0.876461 0.868001 0.863419 0.857077 0.850711 0.845608 0.836356 0.830324 0.820445 0.811738 0.806569 0.79815 0.798803 0.788146 0.789426 0.787803 0.785663 0.794824 0.792864 0.800798 0.80619 0.811425 0.821608 0.82816 0.839194 0.843968 0.851931 0.857699 0.862336 0.870649 0.873912 0.881175 0.886852 0.893353 0.903539 0.915049 0.925015 0.925432 0.927177 0.927603 0.92965 0.930483 0.93299 0.934114 0.937311 0.938757 0.943017
0.946003 0.942344 0.939583 0.937214 0.93509 0.933435 0.931621 0.930405 0.929135 0.927992 0.927361 0.926271 0.923088 0.910209 0.901128 0.895067 0.888906 0.886083 0.87972 0.874574 0.869124 0.863494 0.861178 0.851924 0.849614 0.842558 0.835114 0.83153 0.824038 0.826351 0.822364 0.823821 0.82296 0.82221 0.824912 0.822719 0.826912 0.829943 0.83537 0.844626 0.846092 0.854857 0.858049 0.86489 0.868791 0.87339 0.881051 0.884011 0.889419 0.894577 0.90039 0.910508 0.921917 0.926654 0.926398 0.928063 0.928317 0.9302 0.930991 0.933236 0.934268 0.937278 0.938398 0.942533
0.944414 0.940992 0.938514 0.936431 0.93444 0.933074 0.931381 0.930351 0.929171 0.928206 0.927817 0.927038 0.925588 0.914349 0.905607 0.898868 0.893426 0.889967 0.885539 0.880936 0.876294 0.871809 0.869605 0.864594 0.860817 0.856363 0.851392 0.846969 0.840193 0.839649 0.836472 0.836522 0.835854 0.836646 0.83747 0.837846 0.841241 0.846468 0.851923 0.857439 0.859771 0.866251 0.868582 0.873193 0.876155 0.881414 0.886076 0.890105 0.89379 0.899522 0.905536 0.915467 0.925086 0.928162 0.927599 0.929267 0.929337 0.931023 0.931704 0.933814 0.934653 0.937674 0.938492 0.942506
0.944424 0.941603 0.939572 0.937718 0.935706 0.934505 0.93274 0.931947 0.930889 0.930147 0.929917 0.929185 0.928052 0.917856 0.910133 0.903338 0.897668 0.894364 0.890424 0.887747 0.882798 0.878568 0.876365 0.873897 0.872807 0.868704 0.865471 0.862954 0.857011 0.853895 0.849556 0.848433 0.847151 0.848473 0.849712 0.853444 0.858425 0.862718 0.864907 0.869347 0.871197 0.874547 0.875076 0.878766 0.882184 0.887381 0.890014 0.893778 0.897316 0.903246 0.909145 0.918189 0.926789 0.929599 0.928678 0.930198 0.930112 0.931701 0.932126 0.934189 0.934726 0.937731 0.938286 0.941882
0.943909 0.941203 0.939317 0.937569 0.935654 0.934669 0.933055 0.932465 0.931547 0.930872 0.93071 0.930103 0.930696 0.923924 0.916688 0.910982 0.904766 0.900602 0.896463 0.893627 0.888923 0.884882 0.882842 0.880375 0.88084 0.878878 0.875955 0.873428 0.86996 0.866224 0.86095 0.858968 0.857332 0.85886 0.860943 0.866263 0.870385 0.873883 0.876393 0.880086 0.879488 0.882119 0.882235 0.885937 0.889077 0.894026 0.89698 0.900785 0.905124 0.911793 0.916612 0.925162 0.930139 0.931517 0.930474 0.931921 0.931702 0.933135 0.933411 0.935501 0.935924 0.938736 0.939213 0.942663
0.944708 0.942234 0.940526 0.938864 0.937303 0.936488 0.935073 0.934469 0.933635 0.933143 0.933264 0.93287 0.933645 0.927064 0.920525 0.915844 0.910378 0.906391 0.902149 0.899794 0.897175 0.893254 0.891546 0.888964 0.888424 0.887477 0.886448 0.885198 0.883332 0.880949 0.877099 0.874752 0.87228 0.874761 0.877685 0.881293 0.882775 0.885162 0.885762 0.887304 0.887344 0.889901 0.889595 0.89362 0.896673 0.899273 0.901896 0.905584 0.90992 0.915791 0.919504 0.927373 0.932106 0.933399 0.932009 0.933221 0.932788 0.934187 0.934321 0.936049 0.9364 0.938873 0.939316 0.942651
0.94422 0.941908 0.940436 0.938985 0.937542 0.936792 0.935484 0.935082 0.934441 0.934122 0.934412 0.934106 0.935013 0.929452 0.923158 0.91958 0.915825 0.913361 0.909158 0.906979 0.904614 0.900173 0.897368 0.894743 0.8929 0.89188 0.891382 0.891402 0.891254 0.890852 0.889793 0.889242 0.887717 0.889964 0.890166 0.891587 0.891235 0.892111 0.891346 0.892546 0.892811 0.895489 0.896962 0.901729 0.904698 0.90708 0.910183 0.913244 0.916341 0.920496 0.923042 0.930783 0.934362 0.935636 0.934126 0.935258 0.934637 0.935914 0.935922 0.937526 0.937828 0.94013 0.940278 0.943667
0.946375 0.94425 0.942805 0.94137 0.939851 0.939344 0.938214 0.938072 0.937505 0.937187 0.937614 0.937515 0.938852 0.936799 0.929508 0.925931 0.923133 0.922685 0.9197 0.9172 0.914082 0.909964 0.905786 0.902726 0.900744 0.899644 0.899267 0.899644 0.900754 0.902419 0.905011 0.908854 0.91016 0.908842 0.90395 0.902479 0.899816 0.899637 0.898405 0.899609 0.899832 0.902748 0.9049 0.910063 0.913106 0.91722 0.919712 0.921022 0.922886 0.925903 0.928393 0.937298 0.936924 0.938067 0.936307 0.937242 0.936469 0.93773 0.937598 0.938862 0.938975 0.941383 0.941277 0.944646
0.945732 0.943783 0.942452 0.941265 0.93993 0.939803 0.938746 0.938682 0.938262 0.938292 0.939137 0.939117 0.940856 0.939044 0.932467 0.9295 0.926739 0.925517 0.923471 0.921229 0.918908 0.916632 0.912534 0.90924 0.907148 0.906093 0.906032 0.906742 0.908595 0.911835 0.916867 0.921332 0.922838 0.921535 0.916661 0.913359 0.908647 0.90774 0.906023 0.907048 0.90712 0.910216 0.912564 0.917696 0.919008 0.922208 0.923459 0.925917 0.927517 0.930138 0.93215 0.940942 0.939882 0.940853 0.938743 0.939521 0.938456 0.939488 0.939211 0.940437 0.940268 0.942697 0.942282 0.945518
0.94849 0.946722 0.945657 0.944669 0.943374 0.943171 0.942093 0.94238 0.942229 0.942408 0.943425 0.943498 0.946335 0.945439 0.938994 0.934872 0.93184 0.929438 0.927578 0.926148 0.924851 0.923444 0.92003 0.917262 0.915602 0.914888 0.915106 0.916317 0.919445 0.923179 0.925325 0.925537 0.925445 0.925503 0.924297 0.922718 0.918001 0.916608 0.91408 0.914931 0.91467 0.917361 0.919184 0.923555 0.924018 0.926094 0.926532 0.92929 0.930625 0.934655 0.938303 0.946171 0.943642 0.944522 0.941863 0.942528 0.941234 0.941894 0.941512 0.942616 0.942255 0.944665 0.944208 0.947217
@ u_chi_H2 64 64
0.916895 0.916881 0.916865 0.91685 0.916839 0.916822 0.916812 0.916801 0.916791 0.917939 0.920397 0.920392 0.9327 0.928644 0.89002 0.885967 0.885943 0.88593 0.885928 0.885919 0.885914 0.885698 0.871106 0.868416 0.868162 0.868108 0.868623 0.871313 0.894368 0.90613 0.91667 0.916677 0.916677 0.916679 0.916676 0.915569 0.898319 0.875639 0.868599 0.868117 0.868169 0.868417 0.87108 0.885702 0.885918 0.885927 0.885928 0.885939 0.885945 0.885966 0.88999 0.928222 0.929503 0.929507 0.920883 0.916835 0.916834 0.916814 0.916823 0.916839 0.916851 0.916865 0.916881 0.916895
0.916881 0.916858 0.91684 0.916825 0.916811 0.916793 0.916784 0.916767 0.916755 0.916744 0.916736 0.916732 0.920009 0.912026 0.879676 0.885922 0.885912 0.885898 0.885839 0.885322 0.883651 0.88048 0.861801 0.856658 0.854824 0.854405 0.854735 0.856258 0.862407 0.877393 0.904526 0.915791 0.916611 0.916274 0.904335 0.878095 0.860408 0.856316 0.854676 0.854389 0.854908 0.856618 0.861831 0.880493 0.883654 0.885326 0.885839 0.885907 0.885913 0.883641 0.882133 0.91994 0.916776 0.916781 0.91676 0.916757 0.916769 0.916784 0.916794 0.916811 0.916825 0.91684 0.916858 0.916881
0.916865 0.91684 0.916816 0.916799 0.916784 0.916766 0.916754 0.916737 0.916724 0.916711 0.916698 0.916693 0.916688 0.908362 0.871112 0.872285 0.873323 0.885726 0.884035 0.878628 0.871088 0.857002 0.844673 0.840444 0.838398 0.837729 0.837857 0.839084 0.84215 0.846662 0.863624 0.876812 0.893777 0.886909 0.864256 0.847425 0.842081 0.839129 0.837805 0.837731 0.838466 0.84042 0.844722 0.857096 0.871114 0.878621 0.884003 0.881586 0.881387 0.874942 0.869402 0.908405 0.916694 0.916699 0.916712 0.916724 0.916737 0.916754 0.916766 0.916784 0.916799 0.916816 0.91684 0.916864
0.916851 0.916825 0.916799 0.916776 0.91676 0.916742 0.916727 0.91671 0.916696 0.916681 0.916667 0.916662 0.91665 0.883447 0.86876 0.868549 0.86696 0.863477 0.856375 0.85811 0.855181 0.836986 0.833953 0.833925 0.833909 0.833904 0.833901 0.833899 0.833832 0.831673 0.823399 0.818029 0.816528 0.814508 0.823107 0.831696 0.833829 0.833905 0.833905 0.833905 0.833915 0.833924 0.833964 0.837082 0.8537 0.858195 0.865512 0.860919 0.866738 0.868572 0.868774 0.883428 0.916663 0.916668 0.916681 0.916696 0.91671 0.916727 0.916742 0.91676 0.916776 0.916799 0.916824 0.91685
0.916839 0.916811 0.916784 0.91676 0.916738 0.916719 0.916705 0.916687 0.916672 0.916656 0.916641 0.916634 0.916621 0.877622 0.868106 0.863998 0.855389 0.843094 0.83554 0.836317 0.835142 0.825554 0.833861 0.833852 0.833843 0.83384 0.833751 0.832018 0.82611 0.817494 0.803513 0.777269 0.758873 0.770959 0.799948 0.817654 0.826173 0.832009 0.833756 0.833842 0.83385 0.833852 0.830489 0.831259 0.839973 0.833963 0.835675 0.84313 0.855374 0.864028 0.868108 0.877596 0.916634 0.916641 0.916656 0.916672 0.916687 0.916705 0.916719 0.916738 0.91676 0.916784 0.916811 0.916838
0.916822 0.916793 0.916766 0.916742 0.916719 0.916694 0.916679 0.916661 0.916646 0.91663 0.916615 0.916606 0.916592 0.877546 0.866023 0.857234 0.845152 0.8354 0.833884 0.833664 0.81883 0.817494 0.820208 0.820206 0.831554 0.833512 0.827911 0.814224 0.800404 0.788738 0.765577 0.751983 0.751105 0.751954 0.770444 0.784524 0.800789 0.814216 0.827981 0.832771 0.829318 0.829319 0.819785 0.816636 0.81883 0.833668 0.833883 0.835272 0.845237 0.857263 0.866088 0.877522 0.916606 0.916615 0.91663 0.916645 0.916661 0.916679 0.916694 0.916719 0.916741 0.916765 0.916793 0.91682
0.916812 0.916784 0.916754 0.916727 0.916705 0.916679 0.916658 0.916639 0.916624 0.916608 0.916593 0.916584 0.912954 0.865237 0.852969 0.838465 0.833882 0.833827 0.833811 0.833611 0.818782 0.816548 0.81654 0.816538 0.819418 0.815084 0.804385 0.799352 0.788677 0.765527 0.751941 0.751038 0.751027 0.751035 0.751907 0.76047 0.784459 0.796398 0.807928 0.822015 0.816436 0.816582 0.816552 0.81655 0.818756 0.833619 0.833813 0.833836 0.833895 0.838567 0.85316 0.865151 0.912973 0.916593 0.916608 0.916624 0.916639 0.916658 0.916679 0.916705 0.916727 0.916753 0.916783 0.91681
0.916801 0.916767 0.916737 0.91671 0.916687 0.916661 0.916639 0.916615 0.916599 0.916583 0.916568 0.916558 0.912665 0.860251 0.843621 0.834531 0.833813 0.833785 0.833638 0.822696 0.81711 0.816508 0.816463 0.813649 0.800463 0.787601 0.783019 0.766915 0.743602 0.751161 0.750994 0.750983 0.750982 0.750986 0.750994 0.746586 0.755933 0.766543 0.781563 0.7876 0.800153 0.813636 0.81647 0.81651 0.817105 0.822681 0.833641 0.833795 0.833819 0.834651 0.84357 0.860117 0.912689 0.916568 0.916583 0.916598 0.916615 0.916639 0.916661 0.916687 0.916709 0.916736 0.916766 0.916794
0.916791 0.916755 0.916724 0.916696 0.916672 0.916646 0.916624 0.916599 0.916576 0.91656 0.916545 0.916305 0.903234 0.846474 0.833964 0.833792 0.83373 0.833753 0.833346 0.81663 0.8162 0.811545 0.815479 0.798021 0.781982 0.780673 0.759788 0.739848 0.732935 0.737345 0.737339 0.745391 0.74911 0.746452 0.746452 0.733687 0.733818 0.735443 0.7608 0.778676 0.779029 0.801796 0.809284 0.815964 0.813221 0.817878 0.833562 0.833623 0.83377 0.833801 0.833901 0.846312 0.90327 0.916317 0.91656 0.916576 0.916598 0.916624 0.916645 0.916671 0.916695 0.916723 0.916753 0.916781
0.917939 0.916744 0.916711 0.916681 0.916656 0.91663 0.916608 0.916583 0.91656 0.916537 0.916521 0.915773 0.870308 0.834777 0.83185 0.832523 0.817902 0.829132 0.80296 0.801741 0.789707 0.784543 0.778842 0.751439 0.756095 0.727248 0.710406 0.70865 0.697504 0.720919 0.707955 0.716792 0.716236 0.70655 0.724543 0.69876 0.711014 0.708199 0.707262 0.735121 0.746092 0.759316 0.775796 0.783029 0.797074 0.788444 0.819548 0.81063 0.830373 0.827927 0.832625 0.835045 0.870134 0.915799 0.916537 0.916559 0.916582 0.916608 0.916629 0.916655 0.91668 0.91671 0.91674 0.91677
0.920394 0.916736 0.916698 0.916667 0.916641 0.916615 0.916593 0.916568 0.916545 0.916521 0.916406 0.909135 0.862733 0.822056 0.813769 0.805089 0.800437 0.800194 0.784078 0.781802 0.780341 0.759559 0.74596 0.736821 0.702512 0.668476 0.657939 0.650613 0.636014 0.620877 0.574281 0.568383 0.565565 0.562819 0.595084 0.600515 0.636144 0.652774 0.658188 0.667652 0.701857 0.733455 0.745968 0.759386 0.78036 0.781788 0.784205 0.799624 0.801369 0.809369 0.810171 0.82764 0.858339 0.911438 0.916441 0.916534 0.916567 0.916593 0.916615 0.916641 0.916666 0.916696 0.916727 0.916761
0.920389 0.916732 0.916693 0.916662 0.916634 0.916606 0.916584 0.916558 0.91631 0.915786 0.90912 0.870598 0.829867 0.799584 0.799054 0.797248 0.797222 0.789809 0.771398 0.769027 0.746542 0.704699 0.677546 0.635454 0.614484 0.600771 0.564583 0.520871 0.449876 0.374634 0.344955 0.312718 0.308951 0.329263 0.315699 0.40305 0.453274 0.50574 0.555078 0.605388 0.612876 0.641023 0.674108 0.702373 0.752773 0.7633 0.770213 0.794304 0.794511 0.79685 0.799058 0.803798 0.81716 0.882411 0.90677 0.914344 0.916524 0.916565 0.916605 0.916634 0.916661 0.916691 0.916722 0.916756
0.932699 0.920006 0.916688 0.91665 0.916621 0.916592 0.912958 0.91267 0.903218 0.870231 0.862666 0.829985 0.76115 0.755945 0.753971 0.751995 0.751811 0.737793 0.731983 0.697639 0.661099 0.644709 0.619715 0.590683 0.50965 0.391132 0.227416 0.0940321 0.00846836 0.000953776 0.000847496 0.000762854 0.000749397 0.000797042 0.000749594 0.00103488 0.00296246 0.108248 0.232451 0.383956 0.504671 0.587594 0.619021 0.641017 0.661306 0.697429 0.732064 0.73797 0.751463 0.752672 0.753703 0.753764 0.766348 0.828872 0.84838 0.887891 0.902548 0.904917 0.916369 0.916407 0.916476 0.916679 0.916716 0.920033
0.928653 0.912038 0.908378 0.883417 0.877581 0.877506 0.865224 0.860202 0.846366 0.83476 0.822098 0.799657 0.755956 0.751008 0.750973 0.750952 0.750677 0.730017 0.698366 0.653559 0.639028 0.60184 0.481097 0.269933 0.0983656 0.00197743 0.000908591 0.000687512 0.000530195 0.000381774 0.000345377 0.000317721 0.000312104 0.000323517 0.000333695 0.000408362 0.000513172 0.000661524 0.00087236 0.00162873 0.0988897 0.283097 0.496103 0.598486 0.636134 0.653484 0.69881 0.73005 0.750683 0.750963 0.750983 0.751016 0.755928 0.79953 0.822038 0.835023 0.84795 0.856316 0.871149 0.872351 0.877355 0.897242 0.89728 0.907812
0.889988 0.879634 0.871069 0.868752 0.868105 0.866021 0.852996 0.843643 0.833953 0.831866 0.813852 0.799104 0.753978 0.750973 0.750944 0.750662 0.732427 0.687983 0.660603 0.616995 0.541456 0.337682 0.0946287 0.000956872 0.000606754 0.000455375 0.00033787 0.000272825 0.000237822 0.000202059 0.000190581 0.000178922 0.000176299 0.000181942 0.000185961 0.000210353 0.000232732 0.000273659 0.000338421 0.000421251 0.000636981 0.00115547 0.0777712 0.340539 0.558469 0.632514 0.65728 0.687355 0.732274 0.750671 0.750956 0.750985 0.753945 0.799175 0.81394 0.831896 0.835647 0.839479 0.858154 0.863913 0.868561 0.868729 0.870548 0.880509
0.885967 0.885922 0.872283 0.868548 0.86401 0.857235 0.838469 0.834571 0.833792 0.832532 0.805232 0.797249 0.751998 0.750952 0.750662 0.736838 0.690636 0.638755 0.606032 0.48892 0.213675 0.00191657 0.000737225 0.000415062 0.000287609 0.0002309 0.000187756 0.000159918 0.000143554 0.000126619 0.000121256 0.00011506 0.000113566 0.000116681 0.000118538 0.000130486 0.000141187 0.000160549 0.000188546 0.000226094 0.000300023 0.000412158 0.000784859 0.00966298 0.195893 0.466373 0.588954 0.652937 0.688536 0.735544 0.750768 0.750965 0.751968 0.797267 0.805367 0.832559 0.833824 0.833892 0.844703 0.853516 0.865706 0.868642 0.87231 0.885955
0.885943 0.885911 0.87332 0.866955 0.855412 0.845186 0.833883 0.833813 0.83373 0.818011 0.800448 0.797222 0.751814 0.750677 0.732453 0.690667 0.663511 0.587026 0.408168 0.0846461 0.00109636 0.000482152 0.000311727 0.000229098 0.000172099 0.000141983 0.000119545 0.000103871 9.43696e-05 8.47156e-05 8.12655e-05 7.77442e-05 7.68128e-05 7.85149e-05 7.97439e-05 8.67254e-05 9.30229e-05 0.000104385 0.000120074 0.000140543 0.000176107 0.00022421 0.000325329 0.000529245 0.00103979 0.0921008 0.428413 0.598496 0.653558 0.693141 0.736552 0.747801 0.751954 0.797236 0.800456 0.818005 0.833756 0.833832 0.834372 0.839407 0.857113 0.868514 0.873339 0.885941
0.88593 0.885898 0.885723 0.863518 0.843176 0.83546 0.833827 0.833785 0.833753 0.829164 0.800244 0.78981 0.737797 0.73001 0.687994 0.638708 0.587126 0.424483 0.0715874 0.000877513 0.000413459 0.000261295 0.000185365 0.000144232 0.000114131 9.60354e-05 8.18009e-05 7.1742e-05 6.54276e-05 5.91395e-05 5.67434e-05 5.43254e-05 5.36476e-05 5.47995e-05 5.57292e-05 6.04092e-05 6.46324e-05 7.20397e-05 8.21725e-05 9.5043e-05 0.000116127 0.000142338 0.000188891 0.000264494 0.000399453 0.0009515 0.0597484 0.414283 0.580237 0.645072 0.692673 0.729009 0.747974 0.78661 0.798684 0.829197 0.833779 0.83381 0.833869 0.834081 0.848457 0.867458 0.885446 0.885929
0.885928 0.885837 0.884031 0.856435 0.835636 0.833884 0.833811 0.833637 0.833347 0.803032 0.784079 0.771398 0.73199 0.698422 0.660595 0.606346 0.408719 0.0718459 0.000966435 0.000386527 0.000241589 0.000169346 0.000126166 0.000100588 8.11615e-05 6.87004e-05 5.87228e-05 5.15923e-05 4.70022e-05 4.2643e-05 4.0847e-05 3.9082e-05 3.85977e-05 3.94598e-05 4.02005e-05 4.33978e-05 4.64828e-05 5.1764e-05 5.8941e-05 6.8121e-05 8.2175e-05 9.96212e-05 0.000127504 0.000169266 0.00023994 0.000399319 0.000899785 0.0555783 0.405598 0.608895 0.656258 0.689446 0.732445 0.769246 0.791281 0.804582 0.831067 0.833805 0.833845 0.833898 0.838378 0.856963 0.882703 0.88592
0.88592 0.885315 0.878646 0.858141 0.836318 0.833665 0.833611 0.822695 0.816637 0.801767 0.781803 0.769028 0.697667 0.653531 0.615912 0.489981 0.0843634 0.000877407 0.000386283 0.000230083 0.000158829 0.000117368 8.99916e-05 7.26179e-05 5.90114e-05 5.00796e-05 4.28692e-05 3.76276e-05 3.41776e-05 3.09271e-05 2.95398e-05 2.82595e-05 2.78887e-05 2.84966e-05 2.9073e-05 3.14802e-05 3.38338e-05 3.77488e-05 4.3044e-05 4.9712e-05 5.96978e-05 7.19179e-05 9.06375e-05 0.000117233 0.000157926 0.000233344 0.000369471 0.000831215 0.128064 0.49601 0.615492 0.653564 0.713781 0.768506 0.781846 0.800312 0.818151 0.830397 0.830432 0.833371 0.836586 0.856307 0.87611 0.885792
0.885914 0.883634 0.871146 0.855273 0.835139 0.818828 0.818781 0.81711 0.816201 0.78975 0.780335 0.746517 0.661227 0.637958 0.54042 0.213861 0.00110717 0.000414024 0.000241601 0.000158927 0.000114735 8.67482e-05 6.73018e-05 5.45078e-05 4.43173e-05 3.74862e-05 3.19844e-05 2.79441e-05 2.51626e-05 2.26276e-05 2.14953e-05 2.04994e-05 2.02006e-05 2.06561e-05 2.11528e-05 2.30188e-05 2.49107e-05 2.799e-05 3.20949e-05 3.72348e-05 4.47313e-05 5.39516e-05 6.77771e-05 8.66931e-05 0.000114125 0.000159755 0.000235982 0.000411411 0.00111774 0.197279 0.534096 0.640918 0.661672 0.734547 0.777755 0.789869 0.816243 0.816614 0.816649 0.828426 0.834175 0.852771 0.87022 0.885132
0.885698 0.880501 0.857124 0.837118 0.825551 0.817494 0.816549 0.816508 0.811552 0.78454 0.759501 0.704678 0.642788 0.603775 0.33773 0.00189012 0.000481509 0.000261274 0.000169256 0.000117379 8.67103e-05 6.62656e-05 5.16646e-05 4.1806e-05 3.39302e-05 2.85084e-05 2.40914e-05 2.08467e-05 1.85955e-05 1.65921e-05 1.56317e-05 1.4828e-05 1.45849e-05 1.49655e-05 1.53917e-05 1.68656e-05 1.84129e-05 2.08879e-05 2.41849e-05 2.83266e-05 3.42289e-05 4.1456e-05 5.20105e-05 6.61851e-05 8.62996e-05 0.000117943 0.000166389 0.000261121 0.000464547 0.00118105 0.329323 0.605165 0.642425 0.703344 0.769692 0.788729 0.81155 0.816538 0.816573 0.817578 0.823754 0.840659 0.863175 0.880074
0.871105 0.861843 0.844718 0.833956 0.833861 0.820205 0.81654 0.816463 0.815483 0.778858 0.745961 0.675691 0.61732 0.48148 0.0953016 0.00073625 0.00031174 0.000185641 0.000126198 9.00492e-05 6.73135e-05 5.17086e-05 4.0251e-05 3.24623e-05 2.61393e-05 2.17102e-05 1.81008e-05 1.54389e-05 1.35815e-05 1.19724e-05 1.11733e-05 1.05287e-05 1.03305e-05 1.06287e-05 1.0982e-05 1.21622e-05 1.34428e-05 1.54656e-05 1.8159e-05 2.15406e-05 2.63268e-05 3.21716e-05 4.04833e-05 5.15657e-05 6.70355e-05 9.04865e-05 0.000124612 0.000185026 0.000304537 0.000638049 0.110075 0.488414 0.617486 0.679464 0.748996 0.776029 0.813126 0.816528 0.816568 0.820237 0.833889 0.834045 0.845813 0.862945
0.868411 0.856667 0.840468 0.833925 0.833853 0.820203 0.816538 0.813643 0.798007 0.751441 0.735259 0.637399 0.590719 0.269392 0.000958197 0.000414806 0.000228644 0.000144238 0.000100557 7.26107e-05 5.44709e-05 4.18042e-05 3.24281e-05 2.58445e-05 2.05602e-05 1.68076e-05 1.37664e-05 1.15243e-05 9.93795e-06 8.59491e-06 7.91318e-06 7.39108e-06 7.22544e-06 7.4626e-06 7.77932e-06 8.75095e-06 9.85108e-06 1.15479e-05 1.38236e-05 1.67116e-05 2.07269e-05 2.56658e-05 3.26372e-05 4.17267e-05 5.4353e-05 7.29375e-05 9.96876e-05 0.000144151 0.000225223 0.000406385 0.00108552 0.274404 0.590482 0.637904 0.735318 0.749009 0.793645 0.81638 0.816566 0.820233 0.833883 0.833969 0.842179 0.858845
0.86817 0.854839 0.838408 0.833909 0.833843 0.831554 0.819416 0.800421 0.781923 0.754502 0.699746 0.614589 0.509697 0.0986567 0.000611365 0.000287915 0.000172142 0.000114217 8.12077e-05 5.90689e-05 4.434e-05 3.39681e-05 2.61449e-05 2.05879e-05 1.60985e-05 1.29156e-05 1.03575e-05 8.46504e-06 7.11491e-06 6.01095e-06 5.42949e-06 4.9994e-06 4.8628e-06 5.05273e-06 5.32641e-06 6.1239e-06 7.04892e-06 8.46638e-06 1.03888e-05 1.28296e-05 1.62016e-05 2.04171e-05 2.62743e-05 3.38628e-05 4.42263e-05 5.92561e-05 8.04772e-05 0.000114603 0.000172299 0.000284656 0.000639985 0.0939895 0.509468 0.615343 0.700141 0.757328 0.785007 0.808876 0.819044 0.831584 0.833873 0.83395 0.839394 0.855923
0.868103 0.85439 0.837728 0.833904 0.83384 0.833513 0.815069 0.787607 0.779936 0.728563 0.668568 0.600787 0.390872 0.0019562 0.000454786 0.000230889 0.000141953 9.60059e-05 6.8661e-05 5.00675e-05 3.74497e-05 2.85049e-05 2.16836e-05 1.68044e-05 1.28916e-05 1.00827e-05 7.85455e-06 6.22443e-06 5.05987e-06 4.1396e-06 3.6446e-06 3.29677e-06 3.18646e-06 3.33566e-06 3.57299e-06 4.22346e-06 5.01893e-06 6.23243e-06 7.89351e-06 1.00346e-05 1.29821e-05 1.66889e-05 2.18098e-05 2.84485e-05 3.74175e-05 5.02355e-05 6.82076e-05 9.6132e-05 0.000141969 0.000226136 0.000438786 0.00123383 0.390652 0.600819 0.667719 0.729815 0.78002 0.788496 0.809939 0.833542 0.83387 0.833945 0.838244 0.854704
0.868578 0.854734 0.837849 0.8339 0.833752 0.827906 0.804384 0.782293 0.755531 0.710446 0.657997 0.564696 0.228008 0.000907884 0.000337956 0.000188083 0.000119619 8.18723e-05 5.87624e-05 4.29234e-05 3.20061e-05 2.41199e-05 1.8109e-05 1.37902e-05 1.03602e-05 7.87125e-06 5.92204e-06 4.51742e-06 3.51916e-06 2.76424e-06 2.34923e-06 2.07157e-06 1.98159e-06 2.09718e-06 2.29604e-06 2.8138e-06 3.48302e-06 4.5093e-06 5.94409e-06 7.82235e-06 1.04105e-05 1.36778e-05 1.81874e-05 2.40391e-05 3.19364e-05 4.29979e-05 5.83776e-05 8.18944e-05 0.000119377 0.000184674 0.000329372 0.000774634 0.223282 0.564383 0.657727 0.711722 0.756818 0.783356 0.797496 0.829643 0.833866 0.833944 0.838414 0.854919
0.875645 0.856225 0.839059 0.833899 0.832017 0.814218 0.799232 0.767294 0.73977 0.708629 0.650638 0.520906 0.0940283 0.000685131 0.000272264 0.000159878 0.000103844 7.17122e-05 5.15544e-05 3.76107e-05 2.79183e-05 2.08368e-05 1.54101e-05 1.15141e-05 8.44727e-06 6.22249e-06 4.50322e-06 3.28806e-06 2.43545e-06 1.82274e-06 1.4822e-06 1.26672e-06 1.19888e-06 1.2863e-06 1.45082e-06 1.85933e-06 2.42e-06 3.29013e-06 4.53727e-06 6.19927e-06 8.50406e-06 1.14549e-05 1.55059e-05 2.07927e-05 2.79147e-05 3.77486e-05 5.12955e-05 7.18075e-05 0.000103752 0.0001573 0.000269386 0.000622416 0.0833863 0.520299 0.650449 0.708664 0.737473 0.770513 0.79913 0.821783 0.83329 0.833946 0.839341 0.855931
0.898374 0.860596 0.842154 0.833829 0.826157 0.800501 0.780978 0.743521 0.732799 0.697495 0.636029 0.450345 0.00897984 0.000531388 0.000237861 0.000143647 9.44423e-05 6.54898e-05 4.70369e-05 3.4212e-05 2.51787e-05 1.8624e-05 1.35903e-05 9.95374e-06 7.12227e-06 5.07486e-06 3.52216e-06 2.44441e-06 1.70381e-06 1.19721e-06 9.16554e-07 7.48668e-07 6.95867e-07 7.59734e-07 8.93722e-07 1.21518e-06 1.69013e-06 2.43324e-06 3.53415e-06 5.03743e-06 7.14126e-06 9.87768e-06 1.36356e-05 1.8538e-05 2.51359e-05 3.42583e-05 4.6747e-05 6.54411e-05 9.42972e-05 0.000141423 0.000236581 0.000494106 0.00323156 0.449582 0.635891 0.697474 0.732827 0.746966 0.784168 0.808035 0.82507 0.833798 0.841913 0.86145
0.915574 0.878128 0.847457 0.831681 0.817592 0.788769 0.765002 0.75136 0.737342 0.720901 0.620887 0.374177 0.000951471 0.000381889 0.000202008 0.000126592 8.46741e-05 5.9112e-05 4.26102e-05 3.09061e-05 2.26001e-05 1.6575e-05 1.19532e-05 8.58664e-06 5.99492e-06 4.13403e-06 2.75502e-06 1.82005e-06 1.1903e-06 7.83063e-07 5.60486e-07 4.34753e-07 3.96081e-07 4.4227e-07 5.48758e-07 7.98135e-07 1.19056e-06 1.81745e-06 2.77668e-06 4.12008e-06 6.03387e-06 8.54658e-06 1.20213e-05 1.65341e-05 2.26044e-05 3.09826e-05 4.23939e-05 5.91815e-05 8.46125e-05 0.000125268 0.000201071 0.000362696 0.000907464 0.374578 0.620732 0.720949 0.73737 0.75129 0.760525 0.794417 0.813746 0.829357 0.846297 0.876553
0.916678 0.904404 0.864389 0.823167 0.795133 0.765052 0.751399 0.750993 0.737336 0.707953 0.574289 0.34488 0.000847924 0.000345781 0.000190677 0.000121327 8.13162e-05 5.68002e-05 4.08809e-05 2.95675e-05 2.15126e-05 1.56523e-05 1.11869e-05 7.93307e-06 5.43878e-06 3.65483e-06 2.35383e-06 1.48979e-06 9.18783e-07 5.64144e-07 3.73059e-07 2.71183e-07 2.40095e-07 2.74469e-07 3.63763e-07 5.69268e-07 9.13952e-07 1.47559e-06 2.36147e-06 3.62751e-06 5.44831e-06 7.87244e-06 1.12259e-05 1.55835e-05 2.14801e-05 2.95698e-05 4.06151e-05 5.67572e-05 8.11817e-05 0.000119803 0.000189844 0.000337157 0.000830357 0.346089 0.57404 0.707983 0.737366 0.751028 0.751328 0.771368 0.796919 0.821598 0.864513 0.904327
0.916677 0.916271 0.886911 0.817932 0.775559 0.753027 0.751039 0.750984 0.74539 0.716779 0.568383 0.3127 0.000762256 0.00031771 0.000178858 0.000115018 7.77051e-05 5.42875e-05 3.90544e-05 2.82314e-05 2.04702e-05 1.481e-05 1.05129e-05 7.37902e-06 4.98817e-06 3.28739e-06 2.06303e-06 1.26283e-06 7.44641e-07 4.33127e-07 2.69129e-07 1.85031e-07 1.60621e-07 1.88248e-07 2.65225e-07 4.39839e-07 7.48257e-07 1.259e-06 2.08362e-06 3.27952e-06 5.0153e-06 7.35477e-06 1.05867e-05 1.47838e-05 2.04898e-05 2.82832e-05 3.88623e-05 5.434e-05 7.7675e-05 0.000113887 0.000178669 0.000310713 0.000748557 0.3134 0.568017 0.716825 0.745419 0.751014 0.751061 0.752895 0.771822 0.823248 0.88166 0.915854
0.916677 0.916611 0.892299 0.813094 0.756944 0.751096 0.751026 0.750981 0.74911 0.71624 0.565559 0.308893 0.000749832 0.000312174 0.000176464 0.000113645 7.68708e-05 5.36803e-05 3.86245e-05 2.79164e-05 2.02214e-05 1.46034e-05 1.03483e-05 7.23878e-06 4.87304e-06 3.19548e-06 1.98871e-06 1.20378e-06 6.99262e-07 3.98371e-07 2.41384e-07 1.61164e-07 1.38311e-07 1.62853e-07 2.35668e-07 3.99617e-07 6.96259e-07 1.18986e-06 1.99448e-06 3.16978e-06 4.87889e-06 7.18822e-06 1.03905e-05 1.45421e-05 2.0191e-05 2.79076e-05 3.83934e-05 5.36818e-05 7.67702e-05 0.000112378 0.000176061 0.0003052 0.000735721 0.309593 0.565172 0.71626 0.749144 0.751013 0.751055 0.751149 0.756986 0.830321 0.903046 0.916665
0.916679 0.916269 0.88109 0.821864 0.77724 0.751892 0.751041 0.750986 0.746452 0.706544 0.562823 0.329343 0.000796716 0.000323257 0.000181849 0.000116548 7.84564e-05 5.47606e-05 3.94268e-05 2.84661e-05 2.06385e-05 1.49471e-05 1.0611e-05 7.44642e-06 5.04183e-06 3.32658e-06 2.09143e-06 1.28019e-06 7.56919e-07 4.39364e-07 2.73834e-07 1.87046e-07 1.63396e-07 1.90264e-07 2.69918e-07 4.46072e-07 7.60496e-07 1.27645e-06 2.11211e-06 3.31838e-06 5.07037e-06 7.42013e-06 1.06867e-05 1.49207e-05 2.06529e-05 2.852e-05 3.92454e-05 5.47859e-05 7.8453e-05 0.000115348 0.00018133 0.000316501 0.000781094 0.329456 0.562455 0.706557 0.746492 0.751016 0.751063 0.75207 0.771073 0.822136 0.885092 0.91643
0.916572 0.898477 0.857437 0.823085 0.803393 0.765369 0.751842 0.75099 0.746452 0.724551 0.595074 0.316114 0.000752086 0.000333759 0.000186068 0.000118569 7.97808e-05 5.57577e-05 4.02276e-05 2.90963e-05 2.1183e-05 1.5411e-05 1.10005e-05 7.78723e-06 5.33994e-06 3.58005e-06 2.3051e-06 1.45402e-06 8.98862e-07 5.49631e-07 3.66534e-07 2.64581e-07 2.36958e-07 2.67872e-07 3.5724e-07 5.54718e-07 8.94142e-07 1.43992e-06 2.31257e-06 3.55326e-06 5.3488e-06 7.72856e-06 1.10379e-05 1.53424e-05 2.11516e-05 2.91037e-05 3.99538e-05 5.57284e-05 7.96108e-05 0.000117298 0.000185093 0.000320767 0.000728304 0.317329 0.594823 0.724557 0.746492 0.751025 0.752013 0.770598 0.79694 0.821748 0.858534 0.910387
0.91222 0.884351 0.847536 0.831713 0.817689 0.788634 0.765329 0.746586 0.733689 0.698771 0.600501 0.403024 0.00103357 0.000406466 0.00021013 0.000130389 8.66625e-05 6.03453e-05 4.33674e-05 3.14534e-05 2.30022e-05 1.68434e-05 1.21511e-05 8.73244e-06 6.11518e-06 4.21113e-06 2.81005e-06 1.85122e-06 1.21404e-06 7.93132e-07 5.70101e-07 4.36926e-07 4.01908e-07 4.44454e-07 5.58415e-07 8.08185e-07 1.21427e-06 1.84856e-06 2.83206e-06 4.19715e-06 6.15386e-06 8.69399e-06 1.22182e-05 1.68043e-05 2.30124e-05 3.15161e-05 4.3147e-05 6.03676e-05 8.65871e-05 0.000128758 0.000208599 0.00038501 0.000967099 0.402678 0.600409 0.698737 0.733701 0.746686 0.760499 0.785308 0.813732 0.829295 0.846484 0.885213
0.889228 0.860564 0.842109 0.83383 0.826171 0.80079 0.788567 0.752373 0.733817 0.711042 0.636131 0.453339 0.00299691 0.000513375 0.000232956 0.000141285 9.30922e-05 6.46669e-05 4.6529e-05 3.3857e-05 2.49397e-05 1.84261e-05 1.34648e-05 9.85972e-06 7.06465e-06 5.02301e-06 3.49437e-06 2.4218e-06 1.69833e-06 1.18939e-06 9.19215e-07 7.45378e-07 6.99656e-07 7.56523e-07 8.96247e-07 1.2074e-06 1.68461e-06 2.41072e-06 3.5063e-06 4.98494e-06 7.08606e-06 9.78173e-06 1.35106e-05 1.8343e-05 2.4899e-05 3.38992e-05 4.62235e-05 6.46298e-05 9.29249e-05 0.000139223 0.000231177 0.000463975 0.00175635 0.453242 0.635989 0.711027 0.73389 0.755977 0.784403 0.807986 0.825039 0.833794 0.841852 0.861315
0.875485 0.856345 0.839136 0.833906 0.832007 0.814182 0.796797 0.768524 0.73746 0.7082 0.652725 0.505222 0.106825 0.000661462 0.000273682 0.000160483 0.000104321 7.19852e-05 5.17291e-05 3.77097e-05 2.79737e-05 2.08587e-05 1.54578e-05 1.15291e-05 8.46176e-06 6.21461e-06 4.50709e-06 3.27905e-06 2.43518e-06 1.8093e-06 1.47886e-06 1.25299e-06 1.19478e-06 1.27246e-06 1.44745e-06 1.84593e-06 2.41957e-06 3.28101e-06 4.54089e-06 6.19259e-06 8.51748e-06 1.14687e-05 1.55528e-05 2.08175e-05 2.79685e-05 3.78409e-05 5.1496e-05 7.20412e-05 0.000104234 0.000157911 0.000270211 0.000605859 0.0996984 0.505202 0.652439 0.708189 0.735425 0.766525 0.796236 0.821803 0.833292 0.833952 0.839354 0.85597
0.868261 0.854699 0.837817 0.833905 0.833755 0.827996 0.807966 0.781571 0.762781 0.705775 0.658149 0.55503 0.232214 0.000877285 0.000339597 0.000188744 0.000120164 8.21973e-05 5.89808e-05 4.30625e-05 3.21246e-05 2.41949e-05 1.81869e-05 1.38316e-05 1.04084e-05 7.89402e-06 5.95958e-06 4.53498e-06 3.54558e-06 2.77339e-06 2.37033e-06 2.07791e-06 2.0016e-06 2.10351e-06 2.31739e-06 2.82252e-06 3.50932e-06 4.52676e-06 5.98142e-06 7.84465e-06 1.04571e-05 1.37198e-05 1.82685e-05 2.41101e-05 3.20597e-05 4.31511e-05 5.8608e-05 8.22197e-05 0.000120072 0.00018546 0.000331214 0.000777156 0.228541 0.55484 0.658183 0.707206 0.760788 0.781537 0.80094 0.829649 0.83387 0.833948 0.83837 0.854877
0.868105 0.854384 0.837735 0.833906 0.833842 0.83277 0.822013 0.787613 0.780676 0.735816 0.668278 0.605379 0.383874 0.00162439 0.000420648 0.000225821 0.00014044 9.49738e-05 6.80838e-05 4.96604e-05 3.72196e-05 2.82972e-05 2.1538e-05 1.66845e-05 1.28299e-05 1.00167e-05 7.82299e-06 6.18279e-06 5.041e-06 4.10776e-06 3.63507e-06 3.27003e-06 3.17879e-06 3.30943e-06 3.56299e-06 4.19181e-06 5.00057e-06 6.18925e-06 7.86119e-06 9.96773e-06 1.29204e-05 1.65677e-05 2.16636e-05 2.82331e-05 3.7174e-05 4.98408e-05 6.76216e-05 9.52313e-05 0.000140453 0.000222447 0.000421308 0.0012697 0.383579 0.605427 0.667598 0.73508 0.778735 0.788441 0.816915 0.832798 0.833871 0.833947 0.838255 0.854716
0.868177 0.854911 0.838452 0.833915 0.83385 0.829318 0.816434 0.800147 0.779011 0.746096 0.702515 0.612242 0.504628 0.0993722 0.000637312 0.00030012 0.000176159 0.000116131 8.2203e-05 5.97228e-05 4.47734e-05 3.42371e-05 2.6355e-05 2.0732e-05 1.62325e-05 1.29823e-05 1.04294e-05 8.49843e-06 7.15869e-06 6.02488e-06 5.46118e-06 5.00577e-06 4.8891e-06 5.05771e-06 5.3588e-06 6.13811e-06 7.09164e-06 8.50053e-06 1.04602e-05 1.28966e-05 1.63338e-05 2.05601e-05 2.6483e-05 3.41199e-05 4.46379e-05 5.99023e-05 8.16392e-05 0.00011624 0.000176386 0.00029804 0.000676077 0.0933587 0.504729 0.613175 0.70184 0.745987 0.782516 0.808865 0.816046 0.829359 0.83388 0.833957 0.839476 0.856008
0.868413 0.856578 0.84038 0.833923 0.833852 0.829319 0.816582 0.81364 0.801834 0.759378 0.736848 0.64121 0.587455 0.282941 0.001154 0.00041172 0.000224162 0.00014222 9.95874e-05 7.18571e-05 5.39263e-05 4.14062e-05 3.21679e-05 2.56395e-05 2.04221e-05 1.66633e-05 1.36864e-05 1.14358e-05 9.88527e-06 8.52928e-06 7.88292e-06 7.33623e-06 7.20152e-06 7.41029e-06 7.74593e-06 8.68425e-06 9.79915e-06 1.14593e-05 1.37432e-05 1.65629e-05 2.05874e-05 2.54565e-05 3.23723e-05 4.13182e-05 5.3796e-05 7.2207e-05 9.85522e-05 0.000142336 0.000222591 0.000397341 0.00132484 0.287988 0.587593 0.641139 0.733527 0.756791 0.797381 0.816381 0.816595 0.829359 0.833882 0.833967 0.842117 0.858783
0.871085 0.861808 0.844692 0.833962 0.830489 0.819784 0.816552 0.81647 0.809278 0.775808 0.745969 0.674035 0.619257 0.495819 0.0778558 0.000786934 0.000325741 0.000188917 0.000127547 9.06267e-05 6.78035e-05 5.20072e-05 4.05248e-05 3.26326e-05 2.63035e-05 2.18086e-05 1.82215e-05 1.54985e-05 1.36572e-05 1.20098e-05 1.12425e-05 1.05714e-05 1.04083e-05 1.06686e-05 1.10526e-05 1.21993e-05 1.35198e-05 1.55248e-05 1.82711e-05 2.16349e-05 2.64876e-05 3.2339e-05 4.07461e-05 5.18719e-05 6.74911e-05 9.09302e-05 0.000125896 0.000188002 0.000313808 0.000631613 0.094184 0.502566 0.619034 0.674251 0.748647 0.772727 0.806887 0.816535 0.816577 0.819806 0.830526 0.834067 0.845859 0.86299
0.885702 0.880474 0.856996 0.836979 0.831261 0.816636 0.81655 0.81651 0.815962 0.783012 0.759426 0.702349 0.644844 0.598259 0.339906 0.00956618 0.000528912 0.000264264 0.000169245 0.000117139 8.66654e-05 6.61347e-05 5.15612e-05 4.16805e-05 3.38672e-05 2.8413e-05 2.40472e-05 2.07653e-05 1.85537e-05 1.6511e-05 1.56028e-05 1.47656e-05 1.45607e-05 1.49024e-05 1.5361e-05 1.6787e-05 1.83692e-05 2.08046e-05 2.41411e-05 2.823e-05 3.41614e-05 4.13113e-05 5.19176e-05 6.60631e-05 8.62124e-05 0.000117594 0.000166065 0.000260366 0.000485432 0.00134904 0.330612 0.599558 0.640736 0.701895 0.769626 0.787203 0.815979 0.816541 0.816575 0.816695 0.829485 0.840746 0.863252 0.880066
0.885918 0.883657 0.871045 0.853606 0.839973 0.818832 0.818759 0.817106 0.813207 0.797033 0.780357 0.75278 0.66115 0.636132 0.558392 0.196106 0.00103989 0.000399473 0.000240104 0.000157888 0.000114168 8.6286e-05 6.70708e-05 5.4331e-05 4.42733e-05 3.73988e-05 3.19732e-05 2.78985e-05 2.51676e-05 2.25936e-05 2.15132e-05 2.04681e-05 2.02121e-05 2.06275e-05 2.11652e-05 2.29786e-05 2.49154e-05 2.79419e-05 3.20814e-05 3.71405e-05 4.466e-05 5.37508e-05 6.74981e-05 8.61593e-05 0.000113362 0.000158475 0.000232954 0.000395826 0.00101657 0.176581 0.552702 0.636184 0.661499 0.74069 0.777767 0.797199 0.813251 0.816605 0.81664 0.828452 0.839023 0.851326 0.870278 0.885134
0.885927 0.885338 0.878575 0.858123 0.83396 0.833668 0.833619 0.822683 0.817878 0.788362 0.781786 0.7633 0.697388 0.653495 0.634564 0.465524 0.0912933 0.000951077 0.000399625 0.000233219 0.000159737 0.000117867 9.05025e-05 7.28916e-05 5.92868e-05 5.01908e-05 4.30214e-05 3.7711e-05 3.42784e-05 3.09503e-05 2.95968e-05 2.82578e-05 2.79352e-05 2.8488e-05 2.91289e-05 3.14977e-05 3.39356e-05 3.78206e-05 4.32004e-05 4.98197e-05 5.99588e-05 7.21768e-05 9.09806e-05 0.000117591 0.000158585 0.000234757 0.000380271 0.000871154 0.130689 0.474846 0.632233 0.65374 0.713704 0.762773 0.781803 0.787216 0.819427 0.830412 0.830447 0.833377 0.834253 0.856473 0.876153 0.8858
0.885928 0.885839 0.884024 0.865483 0.835597 0.833882 0.833813 0.833641 0.833562 0.819494 0.784184 0.770215 0.732059 0.698796 0.657299 0.588937 0.428323 0.0596487 0.000900305 0.000369388 0.000236171 0.000166344 0.000124706 9.96903e-05 8.05749e-05 6.81895e-05 5.84419e-05 5.12789e-05 4.67933e-05 4.23584e-05 4.06511e-05 3.88352e-05 3.84212e-05 3.92101e-05 3.99816e-05 4.31158e-05 4.62609e-05 5.14364e-05 5.86326e-05 6.75628e-05 8.16721e-05 9.84454e-05 0.000125924 0.000165977 0.000233095 0.000380024 0.00082015 0.0328935 0.427409 0.591519 0.653406 0.689948 0.732536 0.768078 0.791342 0.82112 0.831287 0.833806 0.833846 0.833901 0.838504 0.866139 0.882675 0.885921
0.885939 0.885908 0.881587 0.86087 0.843021 0.835117 0.833836 0.833795 0.833623 0.810547 0.799616 0.794305 0.737968 0.730054 0.687255 0.652962 0.598314 0.414155 0.0555631 0.000831151 0.000411901 0.000260976 0.000185101 0.00014408 0.000114646 9.60866e-05 8.19403e-05 7.17494e-05 6.54965e-05 5.91388e-05 5.67922e-05 5.42852e-05 5.37143e-05 5.47692e-05 5.57834e-05 6.03281e-05 6.46813e-05 7.20218e-05 8.22992e-05 9.51895e-05 0.000116359 0.000142304 0.000188223 0.000260232 0.00039632 0.000871215 0.0330583 0.40448 0.592035 0.659845 0.692009 0.729082 0.748199 0.791115 0.798746 0.810752 0.833649 0.83382 0.833879 0.83403 0.84844 0.864851 0.881306 0.885938
0.885945 0.885913 0.881386 0.866743 0.855317 0.845214 0.833895 0.83382 0.83377 0.830357 0.80131 0.794511 0.751458 0.750683 0.732243 0.688527 0.653541 0.580247 0.405766 0.12734 0.00111899 0.000464883 0.000305218 0.000225068 0.000172441 0.000141954 0.000119467 0.00010377 9.44303e-05 8.45619e-05 8.1228e-05 7.76276e-05 7.68213e-05 7.8391e-05 7.96542e-05 8.65283e-05 9.29644e-05 0.000104152 0.000120193 0.000140324 0.000176429 0.000222444 0.000314159 0.000483711 0.00102222 0.130424 0.42761 0.591932 0.643506 0.691467 0.736353 0.747814 0.751611 0.794525 0.801475 0.830408 0.833796 0.833837 0.83456 0.839538 0.85718 0.868268 0.881415 0.885943
0.885967 0.883641 0.874942 0.868573 0.864021 0.857232 0.838505 0.834676 0.833801 0.827885 0.809305 0.796829 0.752667 0.750963 0.750671 0.735563 0.693166 0.645075 0.608177 0.49592 0.197215 0.00118078 0.000639542 0.000406224 0.000284718 0.000225967 0.000184881 0.000157241 0.000141503 0.00012525 0.000119888 0.000113881 0.000112498 0.000115271 0.000117315 0.000128663 0.000139317 0.000157818 0.000185555 0.000222297 0.000298688 0.00039723 0.000634382 0.00134666 0.177049 0.475018 0.592501 0.659845 0.691486 0.73423 0.750778 0.750976 0.752649 0.797001 0.809575 0.827978 0.833831 0.833903 0.844723 0.853594 0.865711 0.868658 0.874966 0.883678
0.890039 0.882162 0.869431 0.86878 0.86811 0.866087 0.853174 0.843609 0.833904 0.832618 0.810057 0.799056 0.753698 0.750983 0.750956 0.750768 0.736545 0.692682 0.656213 0.615502 0.53407 0.329196 0.11023 0.00108594 0.000640233 0.000438994 0.000330292 0.000269296 0.000236815 0.000201156 0.000190015 0.000178655 0.000176179 0.000181218 0.000185084 0.000208173 0.000231239 0.000269903 0.000331294 0.000420736 0.000678949 0.00132331 0.0945689 0.330395 0.551523 0.633104 0.653442 0.691921 0.736352 0.750778 0.750966 0.750994 0.75368 0.799079 0.81032 0.832656 0.835296 0.839527 0.858209 0.863934 0.868584 0.868808 0.868874 0.882974
0.928211 0.919923 0.908387 0.883437 0.877612 0.877537 0.865179 0.860157 0.846366 0.835067 0.827619 0.803684 0.753757 0.751016 0.750985 0.750965 0.747799 0.729019 0.689528 0.653575 0.63794 0.605026 0.488835 0.274168 0.0943796 0.00123247 0.000775537 0.000622158 0.00049524 0.000361685 0.000337182 0.000310604 0.000305296 0.00031648 0.000321726 0.00038484 0.000464774 0.000599643 0.000777575 0.00126863 0.0940422 0.287291 0.502326 0.601402 0.638002 0.653728 0.689933 0.729063 0.747815 0.750976 0.750994 0.751024 0.753739 0.804043 0.827722 0.835523 0.847833 0.855981 0.871124 0.872351 0.877344 0.897224 0.897287 0.915723
0.929502 0.916775 0.916694 0.916663 0.916634 0.916606 0.912968 0.912681 0.903294 0.870256 0.858443 0.81707 0.766376 0.755945 0.753957 0.751974 0.75196 0.747979 0.73245 0.713805 0.661677 0.642495 0.617339 0.590845 0.509526 0.390364 0.223753 0.0828476 0.00329959 0.000901041 0.000830905 0.00074819 0.000736141 0.000780856 0.000730222 0.000967043 0.00177779 0.0989277 0.228534 0.383547 0.50465 0.587191 0.616994 0.642428 0.661506 0.713685 0.732533 0.748193 0.751604 0.75264 0.75367 0.753728 0.771687 0.815036 0.844287 0.887924 0.902606 0.904967 0.916383 0.916421 0.91649 0.916691 0.916723 0.916785
0.929507 0.91678 0.916699 0.916668 0.916641 0.916615 0.916593 0.916568 0.916317 0.915798 0.911462 0.882466 0.828838 0.799673 0.799208 0.797268 0.797236 0.78661 0.769247 0.768509 0.734464 0.703399 0.675742 0.637557 0.61497 0.600827 0.564483 0.52033 0.45004 0.374116 0.346009 0.31339 0.30953 0.329541 0.317731 0.402662 0.453305 0.504689 0.554804 0.605425 0.613103 0.643665 0.67597 0.701817 0.740726 0.762777 0.768078 0.791117 0.794525 0.796979 0.799076 0.803957 0.814754 0.894211 0.909046 0.914349 0.916534 0.916574 0.916614 0.916641 0.916666 0.916696 0.916728 0.91679
0.920883 0.916759 0.916712 0.916681 0.916656 0.91663 0.916608 0.916583 0.916559 0.916537 0.916442 0.906784 0.84835 0.822133 0.813995 0.80546 0.800465 0.798862 0.791288 0.781851 0.777735 0.769677 0.748969 0.735319 0.699771 0.668678 0.657802 0.650496 0.635904 0.62075 0.574055 0.568022 0.565169 0.562461 0.594808 0.600389 0.635977 0.652395 0.658144 0.667516 0.700208 0.735325 0.748684 0.769628 0.777773 0.781803 0.791335 0.798737 0.801414 0.809527 0.810218 0.827712 0.84434 0.909053 0.916475 0.916549 0.916582 0.916608 0.916629 0.916655 0.916681 0.91671 0.916741 0.916781
0.916835 0.916757 0.916724 0.916696 0.916672 0.916646 0.916624 0.916598 0.916576 0.916559 0.916534 0.914349 0.887938 0.835009 0.831908 0.832564 0.818083 0.829236 0.804685 0.800342 0.789899 0.788734 0.776013 0.749009 0.754458 0.728633 0.710528 0.708628 0.697463 0.72093 0.707978 0.716808 0.716264 0.706551 0.724567 0.698751 0.711059 0.708212 0.707175 0.738468 0.747262 0.75681 0.772784 0.787183 0.797164 0.787133 0.821049 0.81065 0.83039 0.827955 0.832653 0.835604 0.887975 0.914356 0.916549 0.916576 0.916598 0.916624 0.916645 0.916671 0.916695 0.916723 0.916753 0.916783
0.916834 0.916769 0.916737 0.91671 0.916687 0.916661 0.916639 0.916615 0.916598 0.916582 0.916567 0.916524 0.902566 0.84789 0.835597 0.833823 0.833756 0.833779 0.831067 0.81816 0.816244 0.811555 0.813122 0.793615 0.784987 0.780018 0.755645 0.739907 0.732826 0.737369 0.737362 0.745418 0.749144 0.746492 0.746491 0.733701 0.733813 0.735382 0.759996 0.780009 0.782519 0.797409 0.806899 0.815977 0.813239 0.819424 0.831288 0.833648 0.833796 0.833831 0.835273 0.847835 0.902591 0.916533 0.916582 0.916598 0.916614 0.916639 0.916661 0.916687 0.916709 0.916736 0.916766 0.916795
0.916814 0.916784 0.916754 0.916727 0.916705 0.916679 0.916658 0.916639 0.916624 0.916608 0.916593 0.916565 0.904915 0.856287 0.839491 0.833893 0.833832 0.83381 0.833805 0.830396 0.816614 0.816538 0.816528 0.81638 0.808846 0.788483 0.782298 0.767434 0.743657 0.751311 0.751024 0.751015 0.751012 0.751017 0.751025 0.74697 0.756221 0.772345 0.781867 0.788467 0.808877 0.816382 0.816535 0.816541 0.816605 0.830413 0.833806 0.83382 0.833837 0.833903 0.839576 0.855989 0.904937 0.916574 0.916608 0.916624 0.916639 0.916658 0.916679 0.916705 0.916727 0.916753 0.916783 0.916811
0.916823 0.916794 0.916766 0.916742 0.916719 0.916694 0.916679 0.916661 0.916645 0.916629 0.916614 0.916605 0.916369 0.871134 0.858162 0.844707 0.834449 0.833869 0.833846 0.830431 0.816649 0.816573 0.816568 0.816566 0.819036 0.809924 0.797475 0.799135 0.781091 0.764995 0.751349 0.751066 0.751053 0.751064 0.751457 0.760744 0.784244 0.796552 0.800932 0.81694 0.816047 0.816595 0.816577 0.816575 0.81664 0.830448 0.833846 0.833878 0.834544 0.844714 0.858228 0.871135 0.916382 0.916614 0.916629 0.916645 0.916661 0.916679 0.916694 0.916719 0.916741 0.916765 0.916793 0.91682
0.916839 0.916811 0.916784 0.91676 0.916738 0.916719 0.916705 0.916687 0.916671 0.916655 0.916641 0.916634 0.916408 0.872323 0.863915 0.853552 0.839497 0.8341 0.833899 0.833371 0.828425 0.817577 0.820233 0.82023 0.831584 0.833541 0.829636 0.821768 0.807891 0.78965 0.765083 0.753008 0.751138 0.752916 0.771431 0.794499 0.808028 0.821804 0.829651 0.8328 0.829358 0.829359 0.819806 0.816695 0.828453 0.833377 0.8339 0.834017 0.839476 0.85358 0.863929 0.872357 0.916421 0.916641 0.916655 0.916671 0.916687 0.916705 0.916719 0.916738 0.91676 0.916784 0.916811 0.916838
0.916851 0.916825 0.916799 0.916776 0.91676 0.916741 0.916727 0.916709 0.916695 0.91668 0.916666 0.916661 0.916477 0.877331 0.86856 0.86571 0.857161 0.848472 0.838473 0.836638 0.834172 0.823751 0.833889 0.833883 0.833872 0.83387 0.833866 0.833284 0.825066 0.813732 0.792154 0.77549 0.754941 0.771922 0.796925 0.81377 0.825061 0.833298 0.83387 0.833872 0.83388 0.833882 0.830525 0.829484 0.839023 0.834196 0.838429 0.848403 0.857143 0.865707 0.868589 0.87735 0.916489 0.916667 0.916681 0.916695 0.916709 0.916727 0.916741 0.91676 0.916775 0.916799 0.916824 0.91685
0.916865 0.91684 0.916816 0.916799 0.916784 0.916765 0.916753 0.916736 0.916723 0.91671 0.916696 0.916691 0.916679 0.897239 0.868723 0.868642 0.868512 0.867452 0.857029 0.856393 0.852852 0.840698 0.834054 0.83397 0.83395 0.833945 0.833943 0.833946 0.833795 0.829305 0.821579 0.825323 0.826704 0.826871 0.821425 0.829335 0.833796 0.833953 0.833948 0.833947 0.833956 0.833966 0.834056 0.840697 0.851254 0.856361 0.866079 0.864836 0.868271 0.868658 0.868834 0.897218 0.916691 0.916696 0.91671 0.916723 0.916736 0.916753 0.916765 0.916784 0.916799 0.916816 0.91684 0.916864
0.916881 0.916858 0.91684 0.916824 0.916811 0.916793 0.916783 0.916766 0.916753 0.91674 0.916727 0.916722 0.916715 0.897276 0.870541 0.872306 0.873335 0.885442 0.882697 0.876158 0.870298 0.863174 0.845878 0.842167 0.839421 0.838233 0.83841 0.839324 0.841891 0.846264 0.858235 0.885026 0.901553 0.88571 0.858324 0.847347 0.84186 0.839372 0.838387 0.838243 0.839483 0.842063 0.845884 0.863188 0.870229 0.876079 0.882673 0.881314 0.881415 0.874966 0.8689 0.89728 0.916723 0.916728 0.916741 0.916754 0.916766 0.916783 0.916793 0.916811 0.916824 0.91684 0.916857 0.916881
0.916895 0.916881 0.916864 0.91685 0.916838 0.91682 0.91681 0.916794 0.916781 0.91677 0.916761 0.916757 0.92003 0.907806 0.880494 0.885955 0.885941 0.885929 0.88592 0.88579 0.885131 0.880047 0.863009 0.858831 0.855954 0.85469 0.854922 0.855947 0.861264 0.885035 0.910365 0.916428 0.916665 0.91633 0.898168 0.883691 0.859778 0.855983 0.854891 0.854699 0.856018 0.858727 0.863018 0.880042 0.885147 0.885801 0.88592 0.885938 0.885943 0.883678 0.883014 0.915719 0.916785 0.91679 0.91678 0.916783 0.916795 0.916811 0.91682 0.916838 0.91685 0.916864 0.916881 0.916894
@ u_chi_CI 64 64
0.948616 0.945314 0.945652 0.943353 0.943679 0.942286 0.94274 0.942231 0.943626 0.942908 0.946139 0.945411 0.948466 0.947123 0.94209 0.935584 0.933682 0.930166 0.929598 0.926792 0.926842 0.924884 0.92398 0.920183 0.92002 0.91861 0.921118 0.921482 0.925003 0.925195 0.925192 0.924575 0.924405 0.92458 0.925192 0.925955 0.925615 0.923365 0.920875 0.919696 0.919992 0.921291 0.924007 0.926114 0.926808 0.927921 0.929447 0.93115 0.933644 0.936705 0.942194 0.94843 0.94815 0.947574 0.945329 0.944452 0.944098 0.942865 0.943504 0.943049 0.944022 0.944799 0.945458 0.947092
0.946621 0.943324 0.94359 0.941112 0.94127 0.939676 0.939976 0.939187 0.940332 0.93928 0.941681 0.940857 0.94502 0.943371 0.937554 0.932379 0.93063 0.926979 0.926372 0.92332 0.923114 0.920967 0.919256 0.915049 0.914248 0.912551 0.913852 0.913929 0.918077 0.920171 0.92338 0.923766 0.923774 0.923873 0.923303 0.920506 0.916521 0.913787 0.912725 0.912565 0.913338 0.915114 0.91843 0.921119 0.922193 0.923441 0.925226 0.926932 0.929457 0.932111 0.936845 0.944193 0.942269 0.94189 0.94015 0.939433 0.939308 0.938673 0.939396 0.939133 0.940131 0.941101 0.942058 0.943857
0.945661 0.942208 0.942266 0.939541 0.939565 0.937982 0.938045 0.936897 0.937803 0.936549 0.938526 0.937528 0.940605 0.938823 0.933514 0.928918 0.927155 0.924752 0.923875 0.920353 0.919221 0.915305 0.912141 0.907926 0.906729 0.904849 0.905514 0.905277 0.908151 0.910252 0.915837 0.918342 0.920244 0.919515 0.916158 0.911441 0.908003 0.906212 0.905533 0.905735 0.906803 0.908861 0.912301 0.916409 0.919336 0.921503 0.923811 0.925304 0.928017 0.929598 0.93326 0.940858 0.939635 0.939334 0.938153 0.937887 0.938038 0.937711 0.938549 0.938673 0.939947 0.941018 0.942092 0.944045
0.944792 0.941125 0.941008 0.938117 0.937929 0.936273 0.936183 0.934831 0.935556 0.934192 0.935794 0.934645 0.937248 0.932186 0.926741 0.922508 0.920392 0.919121 0.916726 0.913259 0.911699 0.906476 0.902688 0.898995 0.897972 0.89617 0.896578 0.896079 0.898049 0.898971 0.902829 0.904834 0.907191 0.904658 0.901409 0.898871 0.897085 0.896012 0.895705 0.896113 0.897099 0.898953 0.901884 0.906539 0.91072 0.913387 0.916675 0.917534 0.92017 0.922481 0.925597 0.932766 0.935324 0.935227 0.934442 0.934316 0.934526 0.934481 0.935555 0.935775 0.937023 0.938134 0.939421 0.94155
0.943651 0.939816 0.939579 0.936724 0.93631 0.934497 0.934307 0.932792 0.933296 0.931967 0.933406 0.932157 0.934341 0.928485 0.922824 0.918254 0.915007 0.911577 0.907744 0.904618 0.903278 0.898673 0.896489 0.893027 0.892077 0.890181 0.890522 0.889644 0.890621 0.889884 0.890704 0.889035 0.889225 0.888674 0.89031 0.890635 0.890548 0.890435 0.89047 0.890975 0.892045 0.893843 0.896205 0.90025 0.903435 0.904834 0.908767 0.911533 0.915605 0.919221 0.922698 0.929927 0.933699 0.933728 0.933112 0.933158 0.933534 0.933612 0.934783 0.935234 0.936617 0.93792 0.939391 0.941638
0.943721 0.939682 0.939192 0.936278 0.935659 0.933643 0.93327 0.931546 0.931783 0.930308 0.931447 0.930015 0.931956 0.926007 0.919889 0.914558 0.910161 0.905642 0.901486 0.897958 0.894873 0.889696 0.889208 0.885832 0.886154 0.884215 0.883905 0.88107 0.879535 0.876456 0.874019 0.869572 0.869134 0.869738 0.873894 0.876177 0.878807 0.881164 0.883115 0.884167 0.885039 0.886798 0.887287 0.890067 0.894394 0.897493 0.901238 0.904835 0.909776 0.914508 0.918859 0.926396 0.930412 0.930591 0.93018 0.930409 0.930966 0.931244 0.932553 0.93319 0.934734 0.936273 0.937882 0.940062
0.94279 0.938802 0.93805 0.935001 0.934312 0.932098 0.931604 0.929876 0.92997 0.928429 0.929375 0.927906 0.928911 0.919299 0.913513 0.90669 0.901403 0.896538 0.893359 0.890048 0.886802 0.881499 0.880273 0.876948 0.878332 0.876232 0.874924 0.871635 0.869364 0.864448 0.860463 0.856893 0.856936 0.856947 0.860663 0.864232 0.869109 0.872115 0.87534 0.877597 0.876994 0.878786 0.879715 0.882616 0.886996 0.890514 0.893927 0.896711 0.901852 0.90749 0.91346 0.920566 0.928355 0.929338 0.929128 0.929477 0.930142 0.930539 0.93199 0.932907 0.934576 0.936214 0.937937 0.940286
0.94349 0.939185 0.938127 0.934845 0.933991 0.93155 0.930892 0.929046 0.928894 0.927206 0.927917 0.926381 0.926982 0.916844 0.909818 0.902106 0.89689 0.892376 0.889057 0.88427 0.879974 0.875118 0.873655 0.870125 0.868717 0.863796 0.861851 0.858651 0.853731 0.849088 0.846186 0.843822 0.84394 0.84391 0.846453 0.848838 0.854845 0.857836 0.861034 0.864532 0.86709 0.870804 0.872394 0.875365 0.879355 0.883949 0.88872 0.891763 0.896616 0.902032 0.90889 0.917205 0.925726 0.926837 0.926722 0.927268 0.92814 0.92879 0.930279 0.931223 0.933001 0.934847 0.936811 0.939465
0.943612 0.939026 0.937801 0.934344 0.93331 0.930775 0.929974 0.927995 0.927685 0.925874 0.926352 0.924797 0.924325 0.912646 0.9042 0.896735 0.891963 0.887707 0.884183 0.878823 0.874307 0.869079 0.867717 0.862551 0.858902 0.853504 0.850029 0.844389 0.838665 0.836792 0.834761 0.833725 0.834181 0.833824 0.835845 0.835087 0.840081 0.843757 0.849982 0.854466 0.857867 0.86427 0.866737 0.870496 0.874168 0.87934 0.884776 0.887786 0.892372 0.897371 0.904138 0.913746 0.923801 0.925925 0.926132 0.926883 0.927861 0.928651 0.930293 0.931504 0.933486 0.935594 0.937744 0.940555
0.944293 0.939302 0.937775 0.934215 0.933004 0.930308 0.929354 0.927208 0.926774 0.924866 0.925088 0.923445 0.919444 0.905595 0.897925 0.891321 0.885577 0.882055 0.87599 0.870434 0.865309 0.858555 0.856886 0.847724 0.845941 0.837626 0.831419 0.82621 0.820309 0.821544 0.818652 0.819218 0.819444 0.817614 0.821256 0.81787 0.823277 0.824914 0.831564 0.839318 0.842124 0.850707 0.853789 0.859985 0.865002 0.869278 0.877405 0.879958 0.886165 0.890846 0.897263 0.905913 0.918315 0.923839 0.924172 0.924942 0.926009 0.927001 0.928717 0.930103 0.932122 0.934224 0.936495 0.939444
0.94621 0.940569 0.938548 0.934763 0.933429 0.930472 0.929375 0.927 0.926354 0.924358 0.924312 0.921959 0.916892 0.901867 0.893086 0.886113 0.877833 0.875069 0.866009 0.860186 0.854844 0.847227 0.841356 0.831857 0.827298 0.815946 0.808661 0.802151 0.79469 0.794432 0.784758 0.785081 0.784489 0.781297 0.791525 0.788487 0.797429 0.801851 0.808496 0.817208 0.824744 0.83446 0.839717 0.848446 0.855484 0.859055 0.868709 0.872426 0.880112 0.885774 0.893088 0.903333 0.915991 0.923138 0.924151 0.925158 0.926486 0.927765 0.929605 0.931282 0.933517 0.935824 0.938496 0.941806
0.946571 0.940831 0.938625 0.934638 0.933234 0.930042 0.928872 0.926387 0.925551 0.923445 0.922613 0.916561 0.908525 0.892478 0.8843 0.876348 0.869287 0.864641 0.856614 0.850243 0.842824 0.831969 0.823462 0.808696 0.798685 0.785672 0.775705 0.764605 0.751357 0.746244 0.738962 0.736291 0.736109 0.735939 0.74037 0.743459 0.754603 0.76322 0.775322 0.787398 0.796393 0.81102 0.821232 0.83252 0.843485 0.848531 0.857663 0.863081 0.869735 0.876157 0.883359 0.894246 0.905431 0.91817 0.921691 0.923412 0.924922 0.926248 0.928075 0.92991 0.932246 0.934682 0.937518 0.940939
0.948469 0.943773 0.940579 0.936101 0.934334 0.930996 0.928938 0.926214 0.924331 0.918761 0.916892 0.90794 0.895059 0.880116 0.870476 0.861848 0.854787 0.848017 0.838442 0.829955 0.816302 0.803304 0.791927 0.775112 0.760038 0.742013 0.727456 0.715427 0.706066 0.697775 0.692612 0.688988 0.688409 0.688869 0.69288 0.697952 0.706058 0.71521 0.7281 0.742694 0.758363 0.77734 0.790073 0.803612 0.817079 0.828968 0.840057 0.847406 0.85536 0.862593 0.870488 0.880793 0.893857 0.910474 0.91456 0.920999 0.924306 0.926071 0.92964 0.931836 0.934347 0.937281 0.94061 0.945072
0.94847 0.943451 0.940005 0.93221 0.929465 0.926015 0.920134 0.916838 0.913399 0.905602 0.90248 0.892478 0.880583 0.86664 0.858393 0.850516 0.843397 0.836435 0.824501 0.810798 0.794986 0.778775 0.758896 0.734239 0.715744 0.69935 0.684894 0.672442 0.662537 0.65504 0.650796 0.647121 0.646536 0.647295 0.650296 0.654873 0.663194 0.6719 0.684657 0.699311 0.715713 0.734975 0.758768 0.779038 0.795145 0.809717 0.825381 0.835178 0.843434 0.850517 0.857813 0.867062 0.879148 0.893695 0.899991 0.90746 0.912374 0.915137 0.922072 0.924417 0.927801 0.934273 0.937649 0.943012
0.942189 0.936561 0.933594 0.925783 0.922847 0.918976 0.913521 0.90899 0.904194 0.897276 0.893093 0.883809 0.870477 0.858 0.849481 0.841644 0.832918 0.821478 0.80501 0.78757 0.768019 0.741294 0.71541 0.69359 0.674955 0.657722 0.64375 0.631744 0.622461 0.613637 0.607823 0.603967 0.603087 0.60383 0.608249 0.613958 0.622103 0.631485 0.64434 0.657971 0.674353 0.693853 0.715664 0.740345 0.768066 0.788044 0.805742 0.820747 0.833419 0.841964 0.849522 0.858816 0.869927 0.885309 0.891845 0.899053 0.904392 0.908213 0.915759 0.918845 0.922542 0.928088 0.932136 0.937776
0.936706 0.932352 0.930015 0.922537 0.919347 0.914609 0.907611 0.902121 0.897447 0.891324 0.886663 0.876347 0.862275 0.850517 0.841955 0.832995 0.819782 0.80175 0.782181 0.756692 0.725489 0.699847 0.676229 0.652712 0.635355 0.619006 0.604167 0.590871 0.579699 0.571043 0.56579 0.561577 0.560884 0.562108 0.565449 0.570772 0.580251 0.590391 0.604009 0.618572 0.634678 0.653803 0.675957 0.699293 0.726308 0.756558 0.780095 0.802564 0.819693 0.832787 0.841536 0.850548 0.861133 0.877013 0.884938 0.892308 0.896845 0.900567 0.90916 0.913166 0.917952 0.923455 0.928162 0.932602
0.933642 0.929454 0.927128 0.919329 0.915036 0.909303 0.901454 0.896163 0.891978 0.88496 0.877837 0.868802 0.854787 0.843057 0.832919 0.819553 0.803744 0.779442 0.750608 0.71798 0.689552 0.663567 0.640331 0.618941 0.5991 0.58035 0.564127 0.550485 0.53915 0.52914 0.522863 0.51873 0.517678 0.518657 0.522768 0.52964 0.539178 0.55026 0.564575 0.58052 0.599455 0.619225 0.640099 0.662874 0.690027 0.717828 0.749747 0.783021 0.802521 0.819871 0.833607 0.843545 0.854655 0.87022 0.877084 0.886598 0.891931 0.895555 0.903663 0.90856 0.915099 0.921659 0.926438 0.93064
0.931142 0.926923 0.925729 0.919093 0.912485 0.90563 0.897363 0.892373 0.888432 0.882069 0.875649 0.864645 0.848415 0.836435 0.821737 0.801749 0.77961 0.746553 0.712391 0.682101 0.652849 0.628103 0.604159 0.579965 0.559029 0.539685 0.522297 0.507455 0.494835 0.483708 0.476766 0.471663 0.470219 0.471626 0.476236 0.484336 0.494773 0.506938 0.522651 0.539343 0.55839 0.579984 0.603991 0.628024 0.653663 0.681973 0.711763 0.748072 0.776763 0.801959 0.821915 0.835321 0.848611 0.86477 0.873879 0.882967 0.887663 0.891376 0.898607 0.903638 0.911572 0.920147 0.924028 0.927142
0.929455 0.925233 0.923819 0.91568 0.907717 0.900538 0.893347 0.888234 0.88418 0.875344 0.866022 0.856158 0.838446 0.824182 0.80501 0.781979 0.750559 0.712285 0.680185 0.649879 0.622116 0.595823 0.568778 0.544694 0.522268 0.501636 0.481971 0.465071 0.451219 0.439519 0.432117 0.426284 0.42497 0.427192 0.431731 0.439768 0.451041 0.464816 0.482167 0.501081 0.522319 0.544892 0.569534 0.595457 0.62221 0.649621 0.679549 0.713827 0.74945 0.783502 0.805822 0.823106 0.83956 0.855843 0.865692 0.877026 0.883757 0.887993 0.895151 0.900091 0.908198 0.918034 0.92295 0.926286
0.927912 0.923432 0.921494 0.913353 0.905651 0.897995 0.890925 0.884281 0.879541 0.870446 0.860741 0.850241 0.83036 0.810799 0.787738 0.756816 0.718145 0.682177 0.649965 0.620311 0.590296 0.562085 0.534676 0.508297 0.482918 0.459984 0.438582 0.420409 0.40564 0.392098 0.383994 0.37803 0.376395 0.37845 0.383203 0.393139 0.405329 0.420361 0.439293 0.459601 0.483568 0.508698 0.53468 0.561279 0.590357 0.620259 0.649501 0.683383 0.717077 0.757648 0.78747 0.808536 0.832307 0.849906 0.86033 0.871034 0.878176 0.884327 0.891227 0.896611 0.904829 0.914295 0.919441 0.923571
0.926805 0.92219 0.919333 0.910876 0.903372 0.894074 0.886839 0.879225 0.874318 0.864676 0.854856 0.84232 0.816299 0.794556 0.767701 0.725344 0.68944 0.652797 0.62211 0.590311 0.557997 0.529133 0.499598 0.471176 0.443462 0.418991 0.396189 0.376569 0.35982 0.344608 0.335753 0.328882 0.32676 0.329188 0.334508 0.345835 0.359196 0.376073 0.396597 0.418572 0.443766 0.470705 0.500124 0.528609 0.5588 0.590596 0.621562 0.654272 0.688351 0.72598 0.767836 0.793699 0.819327 0.841202 0.854333 0.865974 0.87402 0.87997 0.887146 0.894762 0.903227 0.912114 0.918045 0.923311
0.926111 0.921117 0.916407 0.906537 0.899614 0.889718 0.882366 0.875157 0.869867 0.858589 0.847851 0.83198 0.803593 0.779025 0.741583 0.699965 0.663662 0.628224 0.595891 0.562185 0.529148 0.497307 0.465094 0.435052 0.405403 0.379009 0.353656 0.331766 0.313641 0.297062 0.287009 0.27928 0.27695 0.280198 0.285806 0.298388 0.312858 0.331618 0.354097 0.378376 0.406002 0.434575 0.465976 0.497008 0.529516 0.562517 0.594638 0.629254 0.66207 0.700276 0.740963 0.778029 0.804965 0.829701 0.847148 0.85943 0.868626 0.874777 0.882162 0.889916 0.897895 0.907051 0.914756 0.920763
0.923998 0.91842 0.912292 0.901877 0.896551 0.888371 0.880295 0.872911 0.867756 0.856272 0.84139 0.822828 0.791446 0.758566 0.715139 0.676016 0.640252 0.604147 0.568751 0.534721 0.499553 0.465158 0.430342 0.398524 0.366332 0.337698 0.309899 0.285798 0.266335 0.248419 0.237745 0.229546 0.226966 0.230427 0.236045 0.249767 0.265274 0.285866 0.310296 0.336544 0.366901 0.397905 0.431136 0.464699 0.49985 0.534843 0.567768 0.605442 0.639348 0.676682 0.715398 0.758147 0.793332 0.822148 0.842486 0.857684 0.867037 0.873335 0.880886 0.889042 0.89592 0.903737 0.91154 0.918326
0.921294 0.915117 0.908863 0.898956 0.893846 0.885801 0.877733 0.8701 0.863234 0.847708 0.8323 0.808971 0.77563 0.734551 0.693882 0.652964 0.619141 0.580223 0.5448 0.508469 0.471189 0.435133 0.398432 0.363762 0.329124 0.298307 0.268441 0.242413 0.221209 0.201412 0.189932 0.181229 0.178359 0.182143 0.188295 0.20344 0.220314 0.242599 0.268966 0.297534 0.330012 0.36317 0.399187 0.434332 0.471334 0.508606 0.543568 0.581896 0.617954 0.653786 0.693918 0.733906 0.77619 0.808047 0.832515 0.847693 0.861261 0.870122 0.877569 0.885669 0.892486 0.899924 0.907425 0.914611
0.919986 0.913331 0.906796 0.897092 0.892038 0.885259 0.8783 0.867908 0.858877 0.845082 0.826634 0.798154 0.75969 0.715364 0.674706 0.63515 0.598967 0.559031 0.522196 0.48298 0.443456 0.40551 0.366293 0.329247 0.291662 0.258685 0.22711 0.199236 0.17646 0.15547 0.143179 0.133848 0.130796 0.134869 0.141277 0.157615 0.175417 0.199227 0.22738 0.257856 0.292518 0.328356 0.367086 0.404777 0.443552 0.483606 0.521361 0.561084 0.59824 0.63611 0.675132 0.715121 0.761171 0.798273 0.827262 0.846312 0.858226 0.869803 0.878866 0.885989 0.891523 0.898775 0.906216 0.913847
0.919698 0.912566 0.905736 0.896114 0.890977 0.884245 0.877057 0.863838 0.854134 0.837916 0.816557 0.786266 0.742482 0.699636 0.658108 0.619304 0.58062 0.539959 0.501779 0.460245 0.418959 0.379175 0.337608 0.298348 0.258497 0.222936 0.18919 0.159478 0.135204 0.113375 0.100637 0.0912612 0.088238 0.0922966 0.0988077 0.115474 0.134268 0.159673 0.189602 0.222356 0.259391 0.297279 0.338296 0.378549 0.419007 0.46076 0.500701 0.541404 0.57951 0.619475 0.65766 0.698716 0.742944 0.785081 0.815835 0.838505 0.852973 0.864944 0.876041 0.884212 0.889668 0.896897 0.904298 0.912103
0.920872 0.912722 0.905529 0.895701 0.890466 0.883111 0.874954 0.861063 0.849295 0.830808 0.808185 0.775168 0.727082 0.68447 0.643535 0.603955 0.563948 0.522235 0.481827 0.43872 0.396118 0.353751 0.309846 0.268605 0.22707 0.189366 0.153802 0.122797 0.0976175 0.0761357 0.0636399 0.0548948 0.0520915 0.0558015 0.0619413 0.0777045 0.0966446 0.122769 0.154085 0.188785 0.227848 0.267518 0.310519 0.35329 0.396178 0.439345 0.480956 0.523812 0.562995 0.604588 0.643338 0.684222 0.727963 0.775122 0.808274 0.832242 0.84898 0.862713 0.873935 0.884089 0.890039 0.897317 0.905084 0.913377
0.923363 0.913784 0.906209 0.896008 0.89043 0.881161 0.872462 0.858912 0.845052 0.827114 0.802859 0.765001 0.715927 0.672813 0.632161 0.591299 0.550825 0.507729 0.465191 0.420684 0.376574 0.331886 0.285571 0.242361 0.199043 0.159494 0.122557 0.0911465 0.0663108 0.0470033 0.0361281 0.0292141 0.0271111 0.0298888 0.0350088 0.0481673 0.0658377 0.0912696 0.123079 0.159139 0.19983 0.241616 0.286354 0.331387 0.376487 0.421188 0.463996 0.50887 0.54917 0.59132 0.631324 0.671994 0.71621 0.76408 0.802017 0.827011 0.842863 0.859614 0.870632 0.882013 0.88926 0.896839 0.904854 0.913343
0.925619 0.916525 0.908006 0.897086 0.890549 0.878762 0.868699 0.853006 0.838126 0.819791 0.794261 0.750806 0.705705 0.662125 0.622141 0.57948 0.53901 0.494699 0.451067 0.405614 0.359657 0.313759 0.266205 0.221319 0.176501 0.135449 0.097676 0.0665075 0.0430626 0.0270255 0.0186732 0.0140659 0.012717 0.0143699 0.0180042 0.0275531 0.0427494 0.0662552 0.097845 0.13488 0.176841 0.220479 0.266784 0.313215 0.359639 0.406294 0.450169 0.496125 0.538095 0.580096 0.622304 0.662134 0.706926 0.75093 0.79465 0.820833 0.837342 0.85514 0.868319 0.881128 0.890011 0.898737 0.907802 0.917464
0.925946 0.920497 0.911431 0.89886 0.890636 0.876534 0.865068 0.850113 0.837534 0.822116 0.794996 0.746581 0.69819 0.655433 0.614097 0.571468 0.529502 0.484013 0.439641 0.392253 0.34455 0.297069 0.248283 0.201432 0.155234 0.113303 0.0759487 0.0469219 0.0268455 0.0150144 0.00950915 0.00687336 0.00613033 0.00701146 0.00924925 0.0153887 0.0268917 0.0468228 0.0763961 0.113034 0.155819 0.200834 0.248826 0.296637 0.344315 0.392628 0.438457 0.484979 0.528268 0.571603 0.613492 0.654757 0.698278 0.745897 0.794367 0.822178 0.83578 0.850344 0.86284 0.87826 0.888757 0.89942 0.910008 0.919503
0.925198 0.923308 0.916163 0.901415 0.889959 0.872964 0.859655 0.845738 0.834324 0.818111 0.784199 0.738345 0.692102 0.650317 0.607457 0.565467 0.522582 0.476607 0.431874 0.383837 0.335552 0.287012 0.237723 0.190191 0.143292 0.10084 0.063774 0.0363313 0.018739 0.00959678 0.00570564 0.00402033 0.00354753 0.00406901 0.0055364 0.00968868 0.0186463 0.0359024 0.0639404 0.100303 0.143468 0.189445 0.238227 0.286752 0.335468 0.384421 0.431023 0.477906 0.522126 0.566386 0.607646 0.650724 0.693198 0.738697 0.78471 0.819288 0.833831 0.847467 0.858974 0.876205 0.88903 0.903112 0.915905 0.922809
0.924575 0.923869 0.919511 0.904933 0.889557 0.870811 0.857769 0.844639 0.834352 0.819696 0.785488 0.736651 0.689363 0.647448 0.604276 0.561894 0.519038 0.471929 0.426511 0.378142 0.328855 0.279332 0.22948 0.181156 0.133681 0.0910483 0.0546706 0.0290894 0.0139614 0.00683602 0.0039796 0.00277864 0.00245282 0.00283036 0.00392948 0.00695612 0.0140794 0.0289755 0.0552236 0.0908611 0.134118 0.180799 0.230146 0.279112 0.328673 0.37838 0.425243 0.472707 0.518035 0.56228 0.603722 0.647088 0.689343 0.736041 0.785024 0.819756 0.832777 0.845066 0.855611 0.871784 0.88684 0.905524 0.918789 0.923278
0.924405 0.923774 0.920055 0.906424 0.888056 0.868143 0.856277 0.843452 0.833652 0.818813 0.783827 0.735453 0.687775 0.645964 0.602587 0.560442 0.517304 0.469885 0.42473 0.376273 0.32667 0.276942 0.227068 0.178486 0.130953 0.0884428 0.0522912 0.0272568 0.012805 0.00618036 0.00357416 0.0024641 0.00216778 0.00249026 0.00348189 0.00617811 0.0127464 0.0268525 0.0524448 0.0878408 0.131092 0.177875 0.227616 0.276794 0.326576 0.376716 0.423966 0.471264 0.517007 0.561585 0.602858 0.646547 0.68876 0.735862 0.784405 0.819997 0.833253 0.844987 0.855525 0.87109 0.886839 0.908824 0.920926 0.923309
0.92458 0.923874 0.919001 0.906057 0.890121 0.87037 0.857684 0.844591 0.834495 0.818111 0.781687 0.736356 0.689281 0.647711 0.604202 0.562433 0.518901 0.471855 0.427385 0.378587 0.329371 0.280202 0.230353 0.181951 0.134701 0.0921045 0.0556325 0.0297178 0.0142934 0.00694646 0.00405517 0.00280655 0.00250208 0.00286358 0.00399538 0.00706919 0.0144191 0.0296032 0.0561792 0.0919293 0.135173 0.181546 0.231046 0.279989 0.329126 0.378843 0.426178 0.472527 0.517873 0.562811 0.603611 0.647292 0.689208 0.735721 0.781211 0.818179 0.832884 0.845066 0.855673 0.8715 0.886312 0.906485 0.919248 0.923422
0.925149 0.922788 0.914527 0.901564 0.889752 0.873244 0.859905 0.845722 0.835252 0.820681 0.790862 0.739805 0.692312 0.649834 0.607809 0.565041 0.522418 0.475865 0.431512 0.383037 0.334562 0.28578 0.236167 0.188278 0.141488 0.0989412 0.0621557 0.0351147 0.0181392 0.0092723 0.00559503 0.00391623 0.00350741 0.00395526 0.00543988 0.00936115 0.0180327 0.0346953 0.062348 0.0984038 0.141664 0.187565 0.236629 0.2855 0.334481 0.383619 0.430681 0.477174 0.521914 0.566035 0.608092 0.650267 0.693438 0.740191 0.79142 0.821923 0.834844 0.84759 0.859436 0.875806 0.888062 0.902919 0.914801 0.923245
0.925658 0.921382 0.911596 0.899954 0.890605 0.877202 0.865328 0.849473 0.835724 0.818507 0.788911 0.743977 0.698386 0.65538 0.614411 0.571134 0.529889 0.484507 0.440012 0.393256 0.346 0.298338 0.249831 0.203229 0.15753 0.115253 0.0776097 0.0479647 0.0275158 0.0152618 0.00970998 0.0068913 0.00622793 0.0070328 0.00944892 0.0156283 0.0275805 0.0478647 0.07806 0.115012 0.158094 0.202666 0.250351 0.297856 0.345789 0.393573 0.438725 0.48546 0.528598 0.571295 0.613772 0.654677 0.698407 0.743235 0.78832 0.818547 0.834043 0.84991 0.862814 0.878307 0.888716 0.900354 0.90983 0.921184
0.923954 0.916676 0.907017 0.897042 0.889678 0.878807 0.868778 0.854189 0.839347 0.822779 0.796846 0.754146 0.705514 0.662807 0.621729 0.579913 0.538854 0.494556 0.450982 0.405149 0.359246 0.312781 0.26544 0.220288 0.175596 0.134295 0.0968557 0.0658853 0.0429545 0.0268537 0.0187852 0.013998 0.0128372 0.0143144 0.0180986 0.0273998 0.0426223 0.0656449 0.0970376 0.133701 0.175989 0.219415 0.265986 0.312235 0.359211 0.405817 0.450054 0.495974 0.53797 0.58056 0.621871 0.662865 0.706782 0.754321 0.797283 0.823918 0.838932 0.856071 0.867726 0.881051 0.88909 0.898699 0.906621 0.917519
0.923115 0.915357 0.90626 0.896836 0.890329 0.881833 0.872216 0.858908 0.844755 0.825523 0.802342 0.763767 0.715543 0.672383 0.631882 0.590672 0.550542 0.507163 0.465057 0.42039 0.376258 0.331507 0.28597 0.242482 0.199241 0.159408 0.122727 0.0910557 0.0663108 0.0466241 0.0360132 0.0288085 0.026997 0.0294761 0.0348939 0.047778 0.0658354 0.0911755 0.123245 0.159091 0.199994 0.241696 0.286737 0.331028 0.376146 0.420859 0.463882 0.508236 0.548884 0.590725 0.630946 0.671528 0.715787 0.762906 0.801595 0.825726 0.842409 0.859036 0.870368 0.88282 0.889202 0.897611 0.904822 0.91449
0.919587 0.912773 0.90456 0.895598 0.889582 0.883089 0.874592 0.861062 0.849636 0.830877 0.807825 0.774863 0.727528 0.684276 0.643931 0.603774 0.564453 0.522454 0.482144 0.439126 0.396673 0.354014 0.310474 0.269002 0.227559 0.189566 0.154288 0.123035 0.0980585 0.076327 0.064157 0.0550629 0.0526424 0.0559512 0.0624754 0.0778525 0.0970902 0.123008 0.154567 0.188991 0.228312 0.26792 0.311224 0.353514 0.3967 0.439721 0.481236 0.524039 0.563423 0.604392 0.643754 0.68406 0.728447 0.774875 0.808057 0.832228 0.848745 0.862508 0.873556 0.884021 0.889144 0.897247 0.904146 0.913358
0.919897 0.913681 0.905765 0.896856 0.890823 0.884825 0.877499 0.865201 0.854642 0.84012 0.817813 0.787828 0.742982 0.699656 0.658242 0.618877 0.580722 0.539498 0.501303 0.459555 0.418712 0.378344 0.33669 0.297395 0.25793 0.222215 0.188753 0.158909 0.134897 0.112814 0.100464 0.0906625 0.0880478 0.0917187 0.0985831 0.114935 0.13396 0.159071 0.189163 0.221629 0.258825 0.296339 0.337398 0.377676 0.418717 0.460089 0.500183 0.54091 0.579663 0.619037 0.657802 0.698738 0.74348 0.786819 0.817142 0.840313 0.853322 0.866398 0.876588 0.884921 0.889595 0.897623 0.904224 0.913195
0.91905 0.913368 0.90576 0.896947 0.891043 0.884941 0.876098 0.867022 0.857064 0.842073 0.824282 0.795803 0.757791 0.715337 0.67402 0.634468 0.5993 0.558222 0.522297 0.483501 0.443871 0.405971 0.367018 0.330069 0.29278 0.259462 0.228006 0.199813 0.177062 0.155729 0.143663 0.133994 0.131248 0.134962 0.141792 0.157865 0.175987 0.199834 0.228293 0.25864 0.293632 0.329169 0.367788 0.405148 0.443917 0.484068 0.52145 0.560239 0.598572 0.635437 0.674463 0.715153 0.75937 0.795974 0.824564 0.843046 0.856438 0.868947 0.876681 0.885692 0.890588 0.898727 0.905287 0.913952
0.921322 0.916161 0.908891 0.899789 0.893749 0.887542 0.878708 0.871509 0.864234 0.851339 0.834737 0.811692 0.777757 0.735349 0.69408 0.654025 0.619443 0.580051 0.54502 0.508634 0.470655 0.434399 0.397911 0.363123 0.328402 0.297158 0.267557 0.241458 0.220427 0.20065 0.189471 0.180553 0.178001 0.181526 0.187782 0.202659 0.219553 0.241686 0.268082 0.296363 0.329302 0.362527 0.398659 0.43362 0.470831 0.508857 0.543776 0.581732 0.618189 0.654859 0.694124 0.73473 0.778432 0.810476 0.834667 0.851331 0.862274 0.871546 0.878586 0.887441 0.892405 0.900702 0.907365 0.91563
0.923044 0.91846 0.911298 0.90179 0.895209 0.887209 0.878836 0.872358 0.865998 0.853775 0.839125 0.821228 0.789777 0.758382 0.715344 0.675747 0.639958 0.603935 0.569557 0.534573 0.500061 0.465878 0.431223 0.399186 0.367182 0.338461 0.310776 0.286444 0.266914 0.248871 0.238303 0.2301 0.227718 0.23095 0.236651 0.250235 0.265892 0.286525 0.311091 0.337289 0.36777 0.398572 0.432013 0.465387 0.500323 0.53462 0.568516 0.605187 0.639074 0.676408 0.715651 0.758054 0.791459 0.820285 0.840266 0.855248 0.865345 0.872852 0.879487 0.887963 0.894701 0.903798 0.910681 0.918443
0.926116 0.922202 0.916471 0.907537 0.900282 0.890954 0.882624 0.876182 0.870516 0.860685 0.848452 0.833027 0.803876 0.779457 0.740587 0.699488 0.663052 0.628132 0.595515 0.561174 0.528502 0.496895 0.46457 0.434181 0.404658 0.378475 0.353169 0.331295 0.313137 0.296534 0.286706 0.279123 0.276786 0.280033 0.285522 0.297915 0.312355 0.331128 0.353647 0.377882 0.405344 0.433675 0.465483 0.496596 0.528923 0.561504 0.594243 0.629183 0.661438 0.699755 0.740059 0.77831 0.80499 0.830762 0.847763 0.861548 0.869301 0.875845 0.882445 0.891164 0.898536 0.908026 0.91481 0.921896
0.925822 0.922255 0.918406 0.910752 0.902554 0.894402 0.886194 0.879375 0.873477 0.865009 0.854893 0.843473 0.816646 0.795143 0.76789 0.726056 0.689954 0.653642 0.622185 0.590365 0.558796 0.529467 0.499756 0.471318 0.443613 0.419108 0.396223 0.376646 0.359673 0.344503 0.335527 0.328794 0.326486 0.329162 0.334274 0.345709 0.359066 0.376176 0.396663 0.418724 0.443956 0.470809 0.500309 0.52888 0.559589 0.590616 0.621651 0.655135 0.68888 0.726783 0.767878 0.794062 0.81968 0.842368 0.854386 0.866312 0.873177 0.880136 0.886542 0.895167 0.902492 0.912061 0.917144 0.923363
0.927852 0.924427 0.921497 0.914409 0.904847 0.898418 0.890495 0.884695 0.879298 0.869872 0.859041 0.849003 0.828963 0.810049 0.788203 0.756763 0.717897 0.682075 0.649703 0.620365 0.590578 0.562413 0.534669 0.508628 0.483484 0.460733 0.439148 0.421185 0.406101 0.392691 0.384252 0.378536 0.376594 0.378936 0.383467 0.39378 0.405802 0.421164 0.43989 0.460331 0.484186 0.508944 0.534735 0.561602 0.590658 0.620302 0.649259 0.683276 0.716857 0.757513 0.787773 0.807785 0.830913 0.848673 0.858644 0.870499 0.877989 0.884792 0.890851 0.897094 0.904095 0.91546 0.919553 0.924743
0.928328 0.92522 0.922795 0.916689 0.907797 0.90122 0.893012 0.888677 0.884001 0.877392 0.868148 0.857658 0.839667 0.825383 0.805486 0.780095 0.749613 0.711694 0.67948 0.649604 0.621563 0.594681 0.567733 0.543694 0.521321 0.500885 0.480898 0.464257 0.450084 0.438596 0.430829 0.425494 0.423726 0.426345 0.430414 0.438952 0.449927 0.463981 0.481127 0.500364 0.521398 0.543883 0.568549 0.594327 0.621622 0.64932 0.678834 0.713221 0.748454 0.781546 0.806292 0.824305 0.840787 0.857361 0.867837 0.879086 0.883601 0.888464 0.894843 0.900791 0.908274 0.919039 0.921886 0.926254
0.931082 0.927895 0.925234 0.918456 0.911493 0.905682 0.896685 0.89252 0.887776 0.880605 0.872429 0.863564 0.847402 0.835497 0.820747 0.802774 0.783022 0.748174 0.713745 0.683486 0.654272 0.629393 0.605346 0.581967 0.56089 0.541523 0.523624 0.509031 0.495901 0.485146 0.477543 0.472831 0.470931 0.472898 0.477008 0.485772 0.495845 0.508574 0.52397 0.541221 0.560268 0.581986 0.605217 0.629274 0.655065 0.68335 0.713129 0.749688 0.780175 0.802983 0.820925 0.834385 0.847604 0.863694 0.870669 0.88152 0.887016 0.89153 0.897942 0.903714 0.91062 0.919585 0.923614 0.928212
0.93241 0.929387 0.926857 0.92013 0.914587 0.909751 0.900991 0.896606 0.891684 0.886168 0.879556 0.869731 0.854942 0.843434 0.833142 0.819694 0.802327 0.776763 0.749267 0.717176 0.688298 0.662234 0.639235 0.618098 0.598081 0.579764 0.562794 0.549452 0.537805 0.528462 0.52173 0.518253 0.516633 0.518206 0.52168 0.529014 0.537796 0.549223 0.563324 0.579881 0.598442 0.618462 0.638969 0.661548 0.688749 0.716991 0.748454 0.780344 0.801103 0.820012 0.833827 0.843922 0.85481 0.871157 0.878806 0.887815 0.891656 0.896035 0.903259 0.909075 0.914713 0.922515 0.926243 0.930675
0.936785 0.933294 0.929616 0.923549 0.919219 0.915486 0.9075 0.902829 0.897356 0.891454 0.885767 0.876637 0.862592 0.850887 0.841964 0.833049 0.819871 0.802168 0.783433 0.757771 0.725826 0.700442 0.676474 0.65403 0.635906 0.619765 0.604336 0.591633 0.579787 0.57199 0.566051 0.562601 0.561143 0.563135 0.565639 0.571695 0.580313 0.591121 0.604197 0.61935 0.635226 0.655091 0.676195 0.699902 0.726541 0.757719 0.781414 0.802984 0.819783 0.832842 0.841545 0.850918 0.861456 0.877304 0.88405 0.892454 0.896778 0.901299 0.909066 0.914065 0.917869 0.924483 0.927761 0.933507
0.941116 0.936862 0.932198 0.925595 0.921734 0.918869 0.91258 0.908875 0.90338 0.897256 0.892516 0.883358 0.870051 0.857814 0.849168 0.841536 0.833331 0.821913 0.805564 0.78747 0.767511 0.741302 0.715128 0.694152 0.674815 0.657928 0.642952 0.631628 0.62191 0.613916 0.607303 0.604059 0.602359 0.603954 0.607629 0.614261 0.621571 0.631456 0.643516 0.658193 0.674197 0.694408 0.71533 0.74025 0.767707 0.7881 0.806294 0.821186 0.833828 0.841856 0.849208 0.85863 0.869503 0.884862 0.891277 0.899043 0.903586 0.908117 0.914834 0.918742 0.921424 0.927916 0.930811 0.938136
0.948369 0.945313 0.940792 0.93375 0.929877 0.927275 0.92056 0.917991 0.913739 0.906598 0.903334 0.894778 0.880792 0.867483 0.858817 0.850919 0.843546 0.835642 0.823107 0.80887 0.793476 0.778298 0.757854 0.73431 0.714795 0.699056 0.683867 0.672438 0.661811 0.655233 0.650303 0.647442 0.645976 0.64768 0.649749 0.655102 0.66239 0.671936 0.683607 0.699027 0.714719 0.735012 0.757631 0.778711 0.793853 0.807784 0.823987 0.834383 0.843581 0.850918 0.858237 0.867902 0.87936 0.895996 0.900846 0.908463 0.912725 0.916293 0.922504 0.925725 0.928276 0.935879 0.93852 0.944964
0.946795 0.942203 0.938392 0.935274 0.932622 0.930406 0.927475 0.925719 0.923069 0.918315 0.91535 0.90543 0.893336 0.879148 0.869491 0.861134 0.854239 0.848613 0.839175 0.832306 0.8189 0.80497 0.792829 0.776723 0.760698 0.743267 0.727428 0.71651 0.706439 0.698649 0.692665 0.689703 0.688125 0.689636 0.692893 0.698885 0.706365 0.716322 0.728037 0.743916 0.758921 0.778836 0.791186 0.805538 0.819673 0.831313 0.840785 0.847996 0.854808 0.86188 0.869504 0.879825 0.892131 0.907963 0.913021 0.920559 0.923049 0.925597 0.928213 0.93127 0.93267 0.9365 0.938439 0.943505
0.947525 0.943006 0.939323 0.936346 0.93374 0.931605 0.929334 0.92767 0.925916 0.924534 0.923137 0.918792 0.910473 0.894229 0.885312 0.877494 0.870222 0.865258 0.855856 0.850382 0.841202 0.830222 0.821878 0.808426 0.797733 0.78569 0.774721 0.764688 0.750527 0.746359 0.738167 0.736433 0.735206 0.736106 0.739538 0.743627 0.753716 0.763243 0.77428 0.787233 0.795391 0.811044 0.819916 0.830758 0.84185 0.848666 0.856886 0.863694 0.870666 0.877303 0.884366 0.895994 0.907378 0.9204 0.922215 0.924504 0.9253 0.927544 0.928555 0.931489 0.932755 0.936397 0.938222 0.943117
0.944104 0.940139 0.937073 0.934454 0.93209 0.930176 0.928155 0.926713 0.925308 0.924171 0.923468 0.92169 0.913921 0.899994 0.891282 0.884939 0.876531 0.873892 0.865151 0.86033 0.853758 0.847168 0.841938 0.832509 0.826455 0.816493 0.807748 0.802605 0.794116 0.794829 0.784094 0.785405 0.783743 0.78163 0.790815 0.788846 0.796805 0.802205 0.807435 0.8177 0.824246 0.835393 0.840254 0.848374 0.854382 0.859185 0.867831 0.871238 0.878807 0.884592 0.891275 0.901457 0.913018 0.922869 0.923303 0.924976 0.925446 0.927487 0.928394 0.930991 0.932192 0.935529 0.937058 0.941479
0.944508 0.940742 0.937852 0.935363 0.933133 0.931365 0.929473 0.928192 0.926885 0.925757 0.925162 0.92411 0.921005 0.90815 0.899057 0.892934 0.886609 0.88363 0.877025 0.871667 0.865988 0.860154 0.857731 0.848334 0.846004 0.83891 0.831471 0.827926 0.820431 0.822796 0.818776 0.820262 0.819366 0.818649 0.821319 0.819138 0.823302 0.826324 0.831701 0.840999 0.842445 0.851305 0.854573 0.861559 0.86567 0.870472 0.878428 0.881517 0.887191 0.89244 0.898383 0.908465 0.91987 0.9245 0.924241 0.925827 0.926122 0.927989 0.92884 0.931174 0.932277 0.935426 0.936633 0.940913
0.942782 0.939273 0.936689 0.9345 0.93242 0.930962 0.929202 0.928141 0.926952 0.926013 0.925669 0.924927 0.923578 0.912377 0.903642 0.896855 0.891262 0.887662 0.883007 0.87819 0.873331 0.868673 0.866364 0.861238 0.857448 0.85299 0.848058 0.843704 0.836975 0.836491 0.833324 0.833413 0.832724 0.833547 0.834321 0.834712 0.838027 0.843229 0.848587 0.854111 0.856388 0.862943 0.865319 0.870061 0.873188 0.87865 0.883574 0.887732 0.891654 0.897464 0.903572 0.913467 0.923051 0.926041 0.925443 0.927019 0.927122 0.928797 0.929528 0.931713 0.932623 0.935759 0.936663 0.940817
0.942809 0.939868 0.937707 0.93573 0.933624 0.93235 0.930531 0.929717 0.928652 0.927929 0.927765 0.927095 0.926085 0.915927 0.908216 0.90139 0.895583 0.892142 0.88798 0.885125 0.880005 0.875638 0.873369 0.870842 0.869766 0.865703 0.862538 0.860113 0.854231 0.851185 0.846878 0.845795 0.844499 0.845833 0.847003 0.85073 0.855598 0.859869 0.861923 0.866349 0.868108 0.871507 0.872037 0.87584 0.879371 0.884752 0.887612 0.891519 0.89527 0.901288 0.90727 0.916285 0.924808 0.927536 0.926561 0.927986 0.927897 0.929455 0.929926 0.932029 0.932639 0.935748 0.93638 0.940139
0.942202 0.939392 0.937407 0.935567 0.933579 0.932545 0.930879 0.93028 0.929359 0.928717 0.92864 0.928089 0.928795 0.922075 0.914897 0.909187 0.902863 0.898594 0.894265 0.891262 0.886387 0.882197 0.880066 0.877532 0.877988 0.876049 0.873169 0.870716 0.867316 0.863649 0.858429 0.856494 0.854865 0.856402 0.858415 0.86372 0.867732 0.871213 0.873603 0.877306 0.876632 0.87933 0.879448 0.883286 0.886537 0.891674 0.894803 0.898755 0.903248 0.90997 0.914823 0.92333 0.928204 0.929503 0.928386 0.929762 0.929526 0.930933 0.931258 0.93336 0.93385 0.936773 0.9373 0.940921
0.943048 0.940458 0.938652 0.936894 0.935232 0.934378 0.932906 0.932334 0.931522 0.931073 0.931284 0.930942 0.931854 0.925345 0.918857 0.914166 0.908603 0.904509 0.900092 0.897597 0.894845 0.890813 0.889048 0.886444 0.885912 0.885 0.884017 0.882817 0.881006 0.878664 0.874876 0.872574 0.870098 0.872582 0.875429 0.879007 0.880399 0.882775 0.883273 0.884822 0.884776 0.887379 0.887042 0.891176 0.894292 0.89707 0.899824 0.903679 0.90815 0.914095 0.917828 0.925684 0.930286 0.931498 0.93001 0.93116 0.930683 0.932027 0.932181 0.933919 0.934309 0.936904 0.93737 0.940877
0.942525 0.940109 0.938556 0.937021 0.93549 0.934734 0.933379 0.933018 0.9324 0.932124 0.932509 0.932263 0.933305 0.927814 0.921573 0.917995 0.914145 0.911572 0.907224 0.904912 0.902428 0.8979 0.895047 0.892409 0.890581 0.889597 0.889141 0.889199 0.889093 0.888718 0.887712 0.887194 0.885669 0.887925 0.888077 0.889478 0.889067 0.889945 0.889099 0.89031 0.890489 0.893207 0.894638 0.899504 0.902504 0.905059 0.908251 0.911487 0.914679 0.918917 0.921454 0.929193 0.932629 0.933827 0.932201 0.933287 0.932608 0.933833 0.933848 0.935469 0.935791 0.93822 0.938391 0.941942
0.94479 0.942543 0.94102 0.939513 0.937921 0.937407 0.936222 0.936112 0.935579 0.935326 0.93585 0.935808 0.937275 0.935322 0.928105 0.92454 0.921675 0.921145 0.918045 0.915425 0.912216 0.908024 0.903789 0.900705 0.898719 0.897624 0.897243 0.897607 0.898702 0.900345 0.902924 0.90676 0.908057 0.906747 0.901847 0.900401 0.89773 0.897595 0.896337 0.897583 0.89775 0.900718 0.90284 0.908113 0.911169 0.915445 0.917996 0.919482 0.921396 0.924495 0.926939 0.935837 0.935308 0.936383 0.934485 0.935393 0.934537 0.935746 0.935597 0.936895 0.937012 0.939525 0.939432 0.942965
0.944124 0.94206 0.940669 0.939422 0.938024 0.937889 0.936803 0.936796 0.936426 0.93652 0.937452 0.937512 0.939384 0.937666 0.931143 0.928179 0.925353 0.924038 0.921893 0.919543 0.917141 0.914808 0.910671 0.907369 0.90528 0.904225 0.904142 0.904819 0.906625 0.909821 0.914806 0.919243 0.920738 0.919448 0.914595 0.911351 0.906668 0.905837 0.904129 0.905214 0.905247 0.908388 0.910697 0.915923 0.917231 0.920585 0.921871 0.924509 0.92614 0.92886 0.930823 0.939619 0.938397 0.939313 0.937044 0.937798 0.936631 0.937621 0.937297 0.938552 0.938381 0.940899 0.940489 0.943902
0.947087 0.945194 0.944052 0.94299 0.941629 0.941426 0.940327 0.94065 0.940535 0.940782 0.941897 0.942057 0.945009 0.944223 0.937852 0.933747 0.930673 0.928203 0.926261 0.924733 0.923359 0.921894 0.918433 0.915634 0.913946 0.913198 0.913356 0.914488 0.917523 0.921175 0.92325 0.923418 0.923309 0.923386 0.922217 0.920715 0.916064 0.914772 0.912298 0.913232 0.912966 0.915722 0.917529 0.921997 0.922451 0.924679 0.925135 0.928057 0.929396 0.933517 0.937085 0.944954 0.942255 0.943089 0.940264 0.940906 0.939496 0.940147 0.939702 0.940844 0.940476 0.942981 0.942515 0.945717
@ u_xi_CR 64 64
2e-16 2e-16 2e-16 2e-16 2e-16 2e-16 2e-16 2e-16 2e-16 2e-16 2e-16 2e-16 2e-16 2e-16 2e-16 2e-16 2e-16 2e-16 2e-16 2e-16 2e-16 2e-16 2e-16 2e-16 2e-16 2e-16 2e-16 2e-16 2e-16 2e-16 2e-16 2e-16 2e-16 2e-16 2e-16 2e-16 2e-16 2e-16 2e-16 2e-16 2e-16 2e-16 2e-16 2e-16 2e-16 2e-16 2e-16 2e-16 2e-16 2e-16 2e-16 2e-16 2e-16 2e-16 2e-16 2e-16 2e-16 2e-16 2e-16 2e-16 2e-16 2e-16 2e-16 2e-16
2e-16 2e-16 2e-16 2e-16 2e-16 2e-16 2e-16 2e-16 2e-16 2e-16 2e-16 2e-16 2e-16 2e-16 2e-16 2e-16 2e-16 2e-16 2e-16 2e-16 2e-16 2e-16 2e-16 2e-16 2e-16 2e-16 2e-16 2e-16 2e-16 2e-16 2e-16 2e-16 2e-16 2e-16 2e-16 2e-16 2e-16 2e-16 2e-16 2e-16 2e-16 2e-16 2e-16 2e-16 2e-16 2e-16 2e-16 2e-16 2e-16 2e-16 2e-16 2e-16 2e-16 2e-16 2e-16 2e-16 2e-16 2e-16 2e-16 2e-16 2e-16 2e-16 2e-16 2e-16
2e-16 2e-16 2e-16 2e-16 2e-16 2e-16 2e-16 2e-16 2e-16 2e-16 2e-16 2e-16 2e-16 2e-16 2e-16 2e-16 2e-16 2e-16 2e-16 2e-16 2e-16 2e-16 2e-16 2e-16 2e-16 2e-16 2e-16 2e-16 2e-16 2e-16 2e-16 2e-16 2e-16 2e-16 2e-16 2e-16 2e-16 2e-16 2e-16 2e-16 2e-16 2e-16 2e-16 2e-16 2e-16 2e-16 2e-16 2e-16 2e-16 2e-16 2e-16 2e-16 2e-16 2e-16 2e-16 2e-16 2e-16 2e-16 2e-16 2e-16 2e-16 2e-16 2e-16 2e-16
2e-16 2e-16 2e-16 2e-16 2e-16 2e-16 2e-16 2e-16 2e-16 2e-16 2e-16 2e-16 2e-16 2e-16 2e-16 2e-16 2e-16 2e-16 2e-16 2e-16 2e-16 2e-16 2e-16 2e-16 2e-16 2e-16 2e-16 2e-16 2e-16 2e-16 2e-16 2e-16 2e-16 2e-16 2e-16 2e-16 2e-16 2e-16 2e-16 2e-16 2e-16 2e-16 2e-16 2e-16 2e-16 2e-16 2e-16 2e-16 2e-16 2e-16 2e-16 2e-16 2e-16 2e-16 2e-16 2e-16 2e-16 2e-16 2e-16 2e-16 2e-16 2e-16 2e-16 2e-16
2e-16 2e-16 2e-16 2e-16 2e-16 2e-16 2e-16 2e-16 2e-16 2e-16 2e-16 2e-16 2e-16 2e-16 2e-16 2e-16 2e-16 2e-16 2e-16 2e-16 2e-16 2e-16 2e-16 2e-16 2e-16 2e-16 2e-16 2e-16 2e-16 2e-16 2e-16 2e-16 2e-16 2e-16 2e-16 2e-16 2e-16 2e-16 2e-16 2e-16 2e-16 2e-16 2e-16 2e-16 2e-16 2e-16 2e-16 2e-16 2e-16 2e-16 2e-16 2e-16 2e-16 2e-16 2e-16 2e-16 2e-16 2e-16 2e-16 2e-16 2e-16 2e-16 2e-16 2e-16
2e-16 2e-16 2e-16 2e-16 2e-16 2e-16 2e-16 2e-16 2e-16 2e-16 2e-16 2e-16 2e-16 2e-16 2e-16 2e-16 2e-16 2e-16 2e-16 2e-16 2e-16 2e-16 2e-16 2e-16 2e-16 2e-16 2e-16 2e-16 2e-16 2e-16 2e-16 2e-16 2e-16 2e-16 2e-16 2e-16 2e-16 2e-16 2e-16 2e-16 2e-16 2e-16 2e-16 2e-16 2e-16 2e-16 2e-16 2e-16 2e-16 2e-16 2e-16 2e-16 2e-16 2e-16 2e-16 2e-16 2e-16 2e-16 2e-16 2e-16 2e-16 2e-16 2e-16 2e-16
2e-16 2e-16 2e-16 2e-16 2e-16 2e-16 2e-16 2e-16 2e-16 2e-16 2e-16 2e-16 2e-16 2e-16 2e-16 2e-16 2e-16 2e-16 2e-16 2e-16 2e-16 2e-16 2e-16 2e-16 2e-16 2e-16 2e-16 2e-16 2e-16 2e-16 2e-16 2e-16 2e-16 2e-16 2e-16 2e-16 2e-16 2e-16 2e-16 2e-16 2e-16 2e-16 2e-16 2e-16 2e-16 2e-16 2e-16 2e-16 2e-16 2e-16 2e-16 2e-16 2e-16 2e-16 2e-16 2e-16 2e-16 2e-16 2e-16 2e-16 2e-16 2e-16 2e-16 2e-16
2e-16 2e-16 2e-16 2e-16 2e-16 2e-16 2e-16 2e-16 2e-16 2e-16 2e-16 2e-16 2e-16 2e-16 2e-16 2e-16 2e-16 2e-16 2e-16 2e-16 2e-16 2e-16 2e-16 2e-16 2e-16 2e-16 2e-16 2e-16 2e-16 2e-16 2e-16 2e-16 2e-16 2e-16 2e-16 2e-16 2e-16 2e-16 2e-16 2e-16 2e-16 2e-16 2e-16 2e-16 2e-16 2e-16 2e-16 2e-16 2e-16 2e-16 2e-16 2e-16 2e-16 2e-16 2e-16 2e-16 2e-16 2e-16 2e-16 2e-16 2e-16 2e-16 2e-16 2e-16
2e-16 2e-16 2e-16 2e-16 2e-16 2e-16 2e-16 2e-16 2e-16 2e-16 2e-16 2e-16 2e-16 2e-16 2e-16 2e-16 2e-16 2e-16 2e-16 2e-16 2e-16 2e-16 2e-16 2e-16 2e-16 2e-16 2e-16 2e-16 2e-16 2e-16 2e-16 2e-16 2e-16 2e-16 2e-16 2e-16 2e-16 2e-16 2e-16 2e-16 2e-16 2e-16 2e-16 2e-16 2e-16 2e-16 2e-16 2e-16 2e-16 2e-16 2e-16 2e-16 2e-16 2e-16 2e-16 2e-16 2e-16 2e-16 2e-16 2e-16 2e-16 2e-16 2e-16 2e-16
2e-16 2e-16 2e-16 2e-16 2e-16 2e-16 2e-16 2e-16 2e-16 2e-16 2e-16 2e-16 2e-16 2e-16 2e-16 2e-16 2e-16 2e-16 2e-16 2e-16 2e-16 2e-16 2e-16 2e-16 2e-16 2e-16 2e-16 2e-16 2e-16 2e-16 2e-16 2e-16 2e-16 2e-16 2e-16 2e-16 2e-16 2e-16 2e-16 2e-16 2e-16 2e-16 2e-16 2e-16 2e-16 2e-16 2e-16 2e-16 2e-16 2e-16 2e-16 2e-16 2e-16 2e-16 2e-16 2e-16 2e-16 2e-16 2e-16 2e-16 2e-16 2e-16 2e-16 2e-16
2e-16 2e-16 2e-16 2e-16 2e-16 2e-16 2e-16 2e-16 2e-16 2e-16 2e-16 2e-16 2e-16 2e-16 2e-16 2e-16 2e-16 2e-16 2e-16 2e-16 2e-16 2e-16 2e-16 2e-16 2e-16 2e-16 2e-16 2e-16 2e-16 2e-16 2e-16 2e-16 2e-16 2e-16 2e-16 2e-16 2e-16 2e-16 2e-16 2e-16 2e-16 2e-16 2e-16 2e-16 2e-16 2e-16 2e-16 2e-16 2e-16 2e-16 2e-16 2e-16 2e-16 2e-16 2e-16 2e-16 2e-16 2e-16 2e-16 2e-16 2e-16 2e-16 2e-16 2e-16
2e-16 2e-16 2e-16 2e-16 2e-16 2e-16 2e-16 2e-16 2e-16 2e-16 2e-16 2e-16 2e-16 2e-16 2e-16 2e-16 2e-16 2e-16 2e-16 2e-16 2e-16 2e-16 2e-16 2e-16 2e-16 2e-16 2e-16 2e-16 2e-16 2e-16 2e-16 2e-16 2e-16 2e-16 2e-16 2e-16 2e-16 2e-16 2e-16 2e-16 2e-16 2e-16 2e-16 2e-16 2e-16 2e-16 2e-16 2e-16 2e-16 2e-16 2e-16 2e-16 2e-16 2e-16 2e-16 2e-16 2e-16 2e-16 2e-16 2e-16 2e-16 2e-16 2e-16 2e-16
2e-16 2e-16 2e-16 2e-16 2e-16 2e-16 2e-16 2e-16 2e-16 2e-16 2e-16 2e-16 2e-16 2e-16 2e-16 2e-16 2e-16 2e-16 2e-16 2e-16 2e-16 2e-16 2e-16 2e-16 2e-16 2e-16 2e-16 2e-16 2e-16 2e-16 2e-16 2e-16 2e-16 2e-16 2e-16 2e-16 2e-16 2e-16 2e-16 2e-16 2e-16 2e-16 2e-16 2e-16 2e-16 2e-16 2e-16 2e-16 2e-16 2e-16 2e-16 2e-16 2e-16 2e-16 2e-16 2e-16 2e-16 2e-16 2e-16 2e-16 2e-16 2e-16 2e-16 2e-16
2e-16 2e-16 2e-16 2e-16 2e-16 2e-16 2e-16 2e-16 2e-16 2e-16 2e-16 2e-16 2e-16 2e-16 2e-16 2e-16 2e-16 2e-16 2e-16 2e-16 2e-16 2e-16 2e-16 2e-16 2e-16 2e-16 2e-16 2e-16 2e-16 2e-16 2e-16 2e-16 2e-16 2e-16 2e-16 2e-16 2e-16 2e-16 2e-16 2e-16 2e-16 2e-16 2e-16 2e-16 2e-16 2e-16 2e-16 2e-16 2e-16 2e-16 2e-16 2e-16 2e-16 2e-16 2e-16 2e-16 2e-16 2e-16 2e-16 2e-16 2e-16 2e-16 2e-16 2e-16
2e-16 2e-16 2e-16 2e-16 2e-16 2e-16 2e-16 2e-16 2e-16 2e-16 2e-16 2e-16 2e-16 2e-16 2e-16 2e-16 2e-16 2e-16 2e-16 2e-16 2e-16 2e-16 2e-16 2e-16 2e-16 2e-16 2e-16 2e-16 2e-16 2e-16 2e-16 2e-16 2e-16 2e-16 2e-16 2e-16 2e-16 2e-16 2e-16 2e-16 2e-16 2e-16 2e-16 2e-16 2e-16 2e-16 2e-16 2e-16 2e-16 2e-16 2e-16 2e-16 2e-16 2e-16 2e-16 2e-16 2e-16 2e-16 2e-16 2e-16 2e-16 2e-16 2e-16 2e-16
2e-16 2e-16 2e-16 2e-16 2e-16 2e-16 2e-16 2e-16 2e-16 2e-16 2e-16 2e-16 2e-16 2e-16 2e-16 2e-16 2e-16 2e-16 2e-16 2e-16 2e-16 2e-16 2e-16 2e-16 2e-16 2e-16 2e-16 2e-16 2e-16 2e-16 2e-16 2e-16 2e-16 2e-16 2e-16 2e-16 2e-16 2e-16 2e-16 2e-16 2e-16 2e-16 2e-16 2e-16 2e-16 2e-16 2e-16 2e-16 2e-16 2e-16 2e-16 2e-16 2e-16 2e-16 2e-16 2e-16 2e-16 2e-16 2e-16 2e-16 2e-16 2e-16 2e-16 2e-16
2e-16 2e-16 2e-16 2e-16 2e-16 2e-16 2e-16 2e-16 2e-16 2e-16 2e-16 2e-16 2e-16 2e-16 2e-16 2e-16 2e-16 2e-16 2e-16 2e-16 2e-16 2e-16 2e-16 2e-16 2e-16 2e-16 2e-16 2e-16 2e-16 2e-16 2e-16 2e-16 2e-16 2e-16 2e-16 2e-16 2e-16 2e-16 2e-16 2e-16 2e-16 2e-16 2e-16 2e-16 2e-16 2e-16 2e-16 2e-16 2e-16 2e-16 2e-16 2e-16 2e-16 2e-16 2e-16 2e-16 2e-16 2e-16 2e-16 2e-16 2e-16 2e-16 2e-16 2e-16
2e-16 2e-16 2e-16 2e-16 2e-16 2e-16 2e-16 2e-16 2e-16 2e-16 2e-16 2e-16 2e-16 2e-16 2e-16 2e-16 2e-16 2e-16 2e-16 2e-16 2e-16 2e-16 2e-16 2e-16 2e-16 2e-16 2e-16 2e-16 2e-16 2e-16 2e-16 2e-16 2e-16 2e-16 2e-16 2e-16 2e-16 2e-16 2e-16 2e-16 2e-16 2e-16 2e-16 2e-16 2e-16 2e-16 2e-16 2e-16 2e-16 2e-16 2e-16 2e-16 2e-16 2e-16 2e-16 2e-16 2e-16 2e-16 2e-16 2e-16 2e-16 2e-16 2e-16 2e-16
2e-16 2e-16 2e-16 2e-16 2e-16 2e-16 2e-16 2e-16 2e-16 2e-16 2e-16 2e-16 2e-16 2e-16 2e-16 2e-16 2e-16 2e-16 2e-16 2e-16 2e-16 2e-16 2e-16 2e-16 2e-16 2e-16 2e-16 2e-16 2e-16 2e-16 2e-16 2e-16 2e-16 2e-16 2e-16 2e-16 2e-16 2e-16 2e-16 2e-16 2e-16 2e-16 2e-16 2e-16 2e-16 2e-16 2e-16 2e-16 2e-16 2e-16 2e-16 2e-16 2e-16 2e-16 2e-16 2e-16 2e-16 2e-16 2e-16 2e-16 2e-16 2e-16 2e-16 2e-16
2e-16 2e-16 2e-16 2e-16 2e-16 2e-16 2e-16 2e-16 2e-16 2e-16 2e-16 2e-16 2e-16 2e-16 2e-16 2e-16 2e-16 2e-16 2e-16 2e-16 2e-16 2e-16 2e-16 2e-16 2e-16 2e-16 2e-16 2e-16 2e-16 2e-16 2e-16 2e-16 2e-16 2e-16 2e-16 2e-16 2e-16 2e-16 2e-16 2e-16 2e-16 2e-16 2e-16 2e-16 2e-16 2e-16 2e-16 2e-16 2e-16 2e-16 2e-16 2e-16 2e-16 2e-16 2e-16 2e-16 2e-16 2e-16 2e-16 2e-16 2e-16 2e-16 2e-16 2e-16
2e-16 2e-16 2e-16 2e-16 2e-16 2e-16 2e-16 2e-16 2e-16 2e-16 2e-16 2e-16 2e-16 2e-16 2e-16 2e-16 2e-16 2e-16 2e-16 2e-16 2e-16 2e-16 2e-16 2e-16 2e-16 2e-16 2e-16 2e-16 2e-16 2e-16 2e-16 2e-16 2e-16 2e-16 2e-16 2e-16 2e-16 2e-16 2e-16 2e-16 2e-16 2e-16 2e-16 2e-16 2e-16 2e-16 2e-16 2e-16 2e-16 2e-16 2e-16 2e-16 2e-16 2e-16 2e-16 2e-16 2e-16 2e-16 2e-16 2e-16 2e-16 2e-16 2e-16 2e-16
2e-16 2e-16 2e-16 2e-16 2e-16 2e-16 2e-16 2e-16 2e-16 2e-16 2e-16 2e-16 2e-16 2e-16 2e-16 2e-16 2e-16 2e-16 2e-16 2e-16 2e-16 2e-16 2e-16 2e-16 2e-16 2e-16 2e-16 2e-16 2e-16 2e-16 2e-16 2e-16 2e-16 2e-16 2e-16 2e-16 2e-16 2e-16 2e-16 2e-16 2e-16 2e-16 2e-16 2e-16 2e-16 2e-16 2e-16 2e-16 2e-16 2e-16 2e-16 2e-16 2e-16 2e-16 2e-16 2e-16 2e-16 2e-16 2e-16 2e-16 2e-16 2e-16 2e-16 2e-16
2e-16 2e-16 2e-16 2e-16 2e-16 2e-16 2e-16 2e-16 2e-16 2e-16 2e-16 2e-16 2e-16 2e-16 2e-16 2e-16 2e-16 2e-16 2e-16 2e-16 2e-16 2e-16 2e-16 2e-16 2e-16 2e-16 2e-16 2e-16 2e-16 2e-16 2e-16 2e-16 2e-16 2e-16 2e-16 2e-16 2e-16 2e-16 2e-16 2e-16 2e-16 2e-16 2e-16 2e-16 2e-16 2e-16 2e-16 2e-16 2e-16 2e-16 2e-16 2e-16 2e-16 2e-16 2e-16 2e-16 2e-16 2e-16 2e-16 2e-16 2e-16 2e-16 2e-16 2e-16
2e-16 2e-16 2e-16 2e-16 2e-16 2e-16 2e-16 2e-16 2e-16 2e-16 2e-16 2e-16 2e-16 2e-16 2e-16 2e-16 2e-16 2e-16 2e-16 2e-16 2e-16 2e-16 2e-16 2e-16 2e-16 2e-16 2e-16 2e-16 2e-16 2e-16 2e-16 2e-16 2e-16 2e-16 2e-16 2e-16 2e-16 2e-16 2e-16 2e-16 2e-16 2e-16 2e-16 2e-16 2e-16 2e-16 2e-16 2e-16 2e-16 2e-16 2e-16 2e-16 2e-16 2e-16 2e-16 2e-16 2e-16 2e-16 2e-16 2e-16 2e-16 2e-16 2e-16 2e-16
2e-16 2e-16 2e-16 2e-16 2e-16 2e-16 2e-16 2e-16 2e-16 2e-16 2e-16 2e-16 2e-16 2e-16 2e-16 2e-16 2e-16 2e-16 2e-16 2e-16 2e-16 2e-16 2e-16 2e-16 2e-16 2e-16 2e-16 2e-16 2e-16 2e-16 1.99851e-16 1.94904e-16 1.93506e-16 1.95201e-16 1.99365e-16 2e-16 2e-16 2e-16 2e-16 2e-16 2e-16 2e-16 2e-16 2e-16 2e-16 2e-16 2e-16 2e-16 2e-16 2e-16 2e-16 2e-16 2e-16 2e-16 2e-16 2e-16 2e-16 2e-16 2e-16 2e-16 2e-16 2e-16 2e-16 2e-16
2e-16 2e-16 2e-16 2e-16 2e-16 2e-16 2e-16 2e-16 2e-16 2e-16 2e-16 2e-16 2e-16 2e-16 2e-16 2e-16 2e-16 2e-16 2e-16 2e-16 2e-16 2e-16 2e-16 2e-16 2e-16 2e-16 2e-16 2e-16 1.95724e-16 1.84227e-16 1.7728e-16 1.72291e-16 1.70835e-16 1.72577e-16 1.76686e-16 1.84906e-16 1.95352e-16 2e-16 2e-16 2e-16 2e-16 2e-16 2e-16 2e-16 2e-16 2e-16 2e-16 2e-16 2e-16 2e-16 2e-16 2e-16 2e-16 2e-16 2e-16 2e-16 2e-16 2e-16 2e-16 2e-16 2e-16 2e-16 2e-16 2e-16
2e-16 2e-16 2e-16 2e-16 2e-16 2e-16 2e-16 2e-16 2e-16 2e-16 2e-16 2e-16 2e-16 2e-16 2e-16 2e-16 2e-16 2e-16 2e-16 2e-16 2e-16 2e-16 2e-16 2e-16 2e-16 2e-16 2e-16 1.88968e-16 1.75752e-16 1.64238e-16 1.57198e-16 1.52156e-16 1.5063e-16 1.52484e-16 1.56568e-16 1.64897e-16 1.75321e-16 1.89011e-16 2e-16 2e-16 2e-16 2e-16 2e-16 2e-16 2e-16 2e-16 2e-16 2e-16 2e-16 2e-16 2e-16 2e-16 2e-16 2e-16 2e-16 2e-16 2e-16 2e-16 2e-16 2e-16 2e-16 2e-16 2e-16 2e-16
2e-16 2e-16 2e-16 2e-16 2e-16 2e-16 2e-16 2e-16 2e-16 2e-16 2e-16 2e-16 2e-16 2e-16 2e-16 2e-16 2e-16 2e-16 2e-16 2e-16 2e-16 2e-16 2e-16 2e-16 2e-16 2e-16 1.8904e-16 1.72157e-16 1.58768e-16 1.47165e-16 1.3999e-16 1.34899e-16 1.33359e-16 1.3527e-16 1.39375e-16 1.47826e-16 1.58299e-16 1.72163e-16 1.89255e-16 2e-16 2e-16 2e-16 2e-16 2e-16 2e-16 2e-16 2e-16 2e-16 2e-16 2e-16 2e-16 2e-16 2e-16 2e-16 2e-16 2e-16 2e-16 2e-16 2e-16 2e-16 2e-16 2e-16 2e-16 2e-16
2e-16 2e-16 2e-16 2e-16 2e-16 2e-16 2e-16 2e-16 2e-16 2e-16 2e-16 2e-16 2e-16 2e-16 2e-16 2e-16 2e-16 2e-16 2e-16 2e-16 2e-16 2e-16 2e-16 2e-16 2e-16 1.95626e-16 1.75719e-16 1.58717e-16 1.45147e-16 1.33387e-16 1.26032e-16 1.20838e-16 1.19232e-16 1.21195e-16 1.25423e-16 1.34046e-16 1.44761e-16 1.58774e-16 1.75943e-16 1.95404e-16 2e-16 2e-16 2e-16 2e-16 2e-16 2e-16 2e-16 2e-16 2e-16 2e-16 2e-16 2e-16 2e-16 2e-16 2e-16 2e-16 2e-16 2e-16 2e-16 2e-16 2e-16 2e-16 2e-16 2e-16
2e-16 2e-16 2e-16 2e-16 2e-16 2e-16 2e-16 2e-16 2e-16 2e-16 2e-16 2e-16 2e-16 2e-16 2e-16 2e-16 2e-16 2e-16 2e-16 2e-16 2e-16 2e-16 2e-16 2e-16 2e-16 1.84309e-16 1.64312e-16 1.47176e-16 1.33389e-16 1.21598e-16 1.14106e-16 1.08874e-16 1.07226e-16 1.09199e-16 1.1352e-16 1.22216e-16 1.33044e-16 1.47176e-16 1.64365e-16 1.83953e-16 2e-16 2e-16 2e-16 2e-16 2e-16 2e-16 2e-16 2e-16 2e-16 2e-16 2e-16 2e-16 2e-16 2e-16 2e-16 2e-16 2e-16 2e-16 2e-16 2e-16 2e-16 2e-16 2e-16 2e-16
2e-16 2e-16 2e-16 2e-16 2e-16 2e-16 2e-16 2e-16 2e-16 2e-16 2e-16 2e-16 2e-16 2e-16 2e-16 2e-16 2e-16 2e-16 2e-16 2e-16 2e-16 2e-16 2e-16 2e-16 1.99747e-16 1.77183e-16 1.57133e-16 1.39973e-16 1.26026e-16 1.14102e-16 1.06374e-16 1.01043e-16 9.93339e-17 1.01328e-16 1.05827e-16 1.14674e-16 1.25719e-16 1.40017e-16 1.57314e-16 1.77036e-16 2e-16 2e-16 2e-16 2e-16 2e-16 2e-16 2e-16 2e-16 2e-16 2e-16 2e-16 2e-16 2e-16 2e-16 2e-16 2e-16 2e-16 2e-16 2e-16 2e-16 2e-16 2e-16 2e-16 2e-16
2e-16 2e-16 2e-16 2e-16 2e-16 2e-16 2e-16 2e-16 2e-16 2e-16 2e-16 2e-16 2e-16 2e-16 2e-16 2e-16 2e-16 2e-16 2e-16 2e-16 2e-16 2e-16 2e-16 2e-16 1.95052e-16 1.72343e-16 1.52198e-16 1.34937e-16 1.20853e-16 1.08875e-16 1.01028e-16 9.56407e-17 9.39165e-17 9.59238e-17 1.00524e-16 1.0939e-16 1.20545e-16 1.34915e-16 1.52258e-16 1.72059e-16 1.95057e-16 2e-16 2e-16 2e-16 2e-16 2e-16 2e-16 2e-16 2e-16 2e-16 2e-16 2e-16 2e-16 2e-16 2e-16 2e-16 2e-16 2e-16 2e-16 2e-16 2e-16 2e-16 2e-16 2e-16
2e-16 2e-16 2e-16 2e-16 2e-16 2e-16 2e-16 2e-16 2e-16 2e-16 2e-16 2e-16 2e-16 2e-16 2e-16 2e-16 2e-16 2e-16 2e-16 2e-16 2e-16 2e-16 2e-16 2e-16 1.93353e-16 1.7074e-16 1.5058e-16 1.3333e-16 1.19222e-16 1.07231e-16 9.93371e-17 9.39159e-17 9.21766e-17 9.41931e-17 9.88369e-17 1.0772e-16 1.18937e-16 1.33359e-16 1.50729e-16 1.70636e-16 1.93647e-16 2e-16 2e-16 2e-16 2e-16 2e-16 2e-16 2e-16 2e-16 2e-16 2e-16 2e-16 2e-16 2e-16 2e-16 2e-16 2e-16 2e-16 2e-16 2e-16 2e-16 2e-16 2e-16 2e-16
2e-16 2e-16 2e-16 2e-16 2e-16 2e-16 2e-16 2e-16 2e-16 2e-16 2e-16 2e-16 2e-16 2e-16 2e-16 2e-16 2e-16 2e-16 2e-16 2e-16 2e-16 2e-16 2e-16 2e-16 1.95318e-16 1.72686e-16 1.5254e-16 1.35292e-16 1.21205e-16 1.09197e-16 1.01331e-16 9.59161e-17 9.41925e-17 9.61992e-17 1.00826e-16 1.09712e-16 1.20894e-16 1.35271e-16 1.52598e-16 1.72385e-16 1.9534e-16 2e-16 2e-16 2e-16 2e-16 2e-16 2e-16 2e-16 2e-16 2e-16 2e-16 2e-16 2e-16 2e-16 2e-16 2e-16 2e-16 2e-16 2e-16 2e-16 2e-16 2e-16 2e-16 2e-16
2e-16 2e-16 2e-16 2e-16 2e-16 2e-16 2e-16 2e-16 2e-16 2e-16 2e-16 2e-16 2e-16 2e-16 2e-16 2e-16 2e-16 2e-16 2e-16 2e-16 2e-16 2e-16 2e-16 2e-16 1.99237e-16 1.76614e-16 1.56521e-16 1.39338e-16 1.25407e-16 1.13518e-16 1.05836e-16 1.00526e-16 9.88401e-17 1.00812e-16 1.0529e-16 1.14087e-16 1.25106e-16 1.3938e-16 1.56691e-16 1.76477e-16 1.99521e-16 2e-16 2e-16 2e-16 2e-16 2e-16 2e-16 2e-16 2e-16 2e-16 2e-16 2e-16 2e-16 2e-16 2e-16 2e-16 2e-16 2e-16 2e-16 2e-16 2e-16 2e-16 2e-16 2e-16
2e-16 2e-16 2e-16 2e-16 2e-16 2e-16 2e-16 2e-16 2e-16 2e-16 2e-16 2e-16 2e-16 2e-16 2e-16 2e-16 2e-16 2e-16 2e-16 2e-16 2e-16 2e-16 2e-16 2e-16 2e-16 1.85014e-16 1.64957e-16 1.47863e-16 1.34051e-16 1.2222e-16 1.14669e-16 1.09388e-16 1.07724e-16 1.09713e-16 1.14085e-16 1.22839e-16 1.33702e-16 1.47855e-16 1.6502e-16 1.84639e-16 2e-16 2e-16 2e-16 2e-16 2e-16 2e-16 2e-16 2e-16 2e-16 2e-16 2e-16 2e-16 2e-16 2e-16 2e-16 2e-16 2e-16 2e-16 2e-16 2e-16 2e-16 2e-16 2e-16 2e-16
2e-16 2e-16 2e-16 2e-16 2e-16 2e-16 2e-16 2e-16 2e-16 2e-16 2e-16 2e-16 2e-16 2e-16 2e-16 2e-16 2e-16 2e-16 2e-16 2e-16 2e-16 2e-16 2e-16 2e-16 2e-16 1.9529e-16 1.7526e-16 1.58307e-16 1.44748e-16 1.33046e-16 1.25708e-16 1.20553e-16 1.18927e-16 1.20912e-16 1.25096e-16 1.33707e-16 1.44363e-16 1.58367e-16 1.75472e-16 1.95048e-16 2e-16 2e-16 2e-16 2e-16 2e-16 2e-16 2e-16 2e-16 2e-16 2e-16 2e-16 2e-16 2e-16 2e-16 2e-16 2e-16 2e-16 2e-16 2e-16 2e-16 2e-16 2e-16 2e-16 2e-16
2e-16 2e-16 2e-16 2e-16 2e-16 2e-16 2e-16 2e-16 2e-16 2e-16 2e-16 2e-16 2e-16 2e-16 2e-16 2e-16 2e-16 2e-16 2e-16 2e-16 2e-16 2e-16 2e-16 2e-16 2e-16 2e-16 1.89007e-16 1.72226e-16 1.58784e-16 1.47205e-16 1.39978e-16 1.34938e-16 1.33329e-16 1.35308e-16 1.39365e-16 1.47875e-16 1.58312e-16 1.72233e-16 1.89217e-16 2e-16 2e-16 2e-16 2e-16 2e-16 2e-16 2e-16 2e-16 2e-16 2e-16 2e-16 2e-16 2e-16 2e-16 2e-16 2e-16 2e-16 2e-16 2e-16 2e-16 2e-16 2e-16 2e-16 2e-16 2e-16
2e-16 2e-16 2e-16 2e-16 2e-16 2e-16 2e-16 2e-16 2e-16 2e-16 2e-16 2e-16 2e-16 2e-16 2e-16 2e-16 2e-16 2e-16 2e-16 2e-16 2e-16 2e-16 2e-16 2e-16 2e-16 2e-16 2e-16 1.89247e-16 1.75871e-16 1.64436e-16 1.57257e-16 1.52311e-16 1.50679e-16 1.52642e-16 1.56637e-16 1.65085e-16 1.7545e-16 1.89294e-16 2e-16 2e-16 2e-16 2e-16 2e-16 2e-16 2e-16 2e-16 2e-16 2e-16 2e-16 2e-16 2e-16 2e-16 2e-16 2e-16 2e-16 2e-16 2e-16 2e-16 2e-16 2e-16 2e-16 2e-16 2e-16 2e-16
2e-16 2e-16 2e-16 2e-16 2e-16 2e-16 2e-16 2e-16 2e-16 2e-16 2e-16 2e-16 2e-16 2e-16 2e-16 2e-16 2e-16 2e-16 2e-16 2e-16 2e-16 2e-16 2e-16 2e-16 2e-16 2e-16 2e-16 2e-16 1.9532e-16 1.84042e-16 1.76973e-16 1.72152e-16 1.70541e-16 1.72454e-16 1.7637e-16 1.84738e-16 1.9497e-16 2e-16 2e-16 2e-16 2e-16 2e-16 2e-16 2e-16 2e-16 2e-16 2e-16 2e-16 2e-16 2e-16 2e-16 2e-16 2e-16 2e-16 2e-16 2e-16 2e-16 2e-16 2e-16 2e-16 2e-16 2e-16 2e-16 2e-16
2e-16 2e-16 2e-16 2e-16 2e-16 2e-16 2e-16 2e-16 2e-16 2e-16 2e-16 2e-16 2e-16 2e-16 2e-16 2e-16 2e-16 2e-16 2e-16 2e-16 2e-16 2e-16 2e-16 2e-16 2e-16 2e-16 2e-16 2e-16 2e-16 2e-16 1.99903e-16 1.95191e-16 1.93494e-16 1.95471e-16 1.99437e-16 2e-16 2e-16 2e-16 2e-16 2e-16 2e-16 2e-16 2e-16 2e-16 2e-16 2e-16 2e-16 2e-16 2e-16 2e-16 2e-16 2e-16 2e-16 2e-16 2e-16 2e-16 2e-16 2e-16 2e-16 2e-16 2e-16 2e-16 2e-16 2e-16
2e-16 2e-16 2e-16 2e-16 2e-16 2e-16 2e-16 2e-16 2e-16 2e-16 2e-16 2e-16 2e-16 2e-16 2e-16 2e-16 2e-16 2e-16 2e-16 2e-16 2e-16 2e-16 2e-16 2e-16 2e-16 2e-16 2e-16 2e-16 2e-16 2e-16 2e-16 2e-16 2e-16 2e-16 2e-16 2e-16 2e-16 2e-16 2e-16 2e-16 2e-16 2e-16 2e-16 2e-16 2e-16 2e-16 2e-16 2e-16 2e-16 2e-16 2e-16 2e-16 2e-16 2e-16 2e-16 2e-16 2e-16 2e-16 2e-16 2e-16 2e-16 2e-16 2e-16 2e-16
2e-16 2e-16 2e-16 2e-16 2e-16 2e-16 2e-16 2e-16 2e-16 2e-16 2e-16 2e-16 2e-16 2e-16 2e-16 2e-16 2e-16 2e-16 2e-16 2e-16 2e-16 2e-16 2e-16 2e-16 2e-16 2e-16 2e-16 2e-16 2e-16 2e-16 2e-16 2e-16 2e-16 2e-16 2e-16 2e-16 2e-16 2e-16 2e-16 2e-16 2e-16 2e-16 2e-16 2e-16 2e-16 2e-16 2e-16 2e-16 2e-16 2e-16 2e-16 2e-16 2e-16 2e-16 2e-16 2e-16 2e-16 2e-16 2e-16 2e-16 2e-16 2e-16 2e-16 2e-16
2e-16 2e-16 2e-16 2e-16 2e-16 2e-16 2e-16 2e-16 2e-16 2e-16 2e-16 2e-16 2e-16 2e-16 2e-16 2e-16 2e-16 2e-16 2e-16 2e-16 2e-16 2e-16 2e-16 2e-16 2e-16 2e-16 2e-16 2e-16 2e-16 2e-16 2e-16 2e-16 2e-16 2e-16 2e-16 2e-16 2e-16 2e-16 2e-16 2e-16 2e-16 2e-16 2e-16 2e-16 2e-16 2e-16 2e-16 2e-16 2e-16 2e-16 2e-16 2e-16 2e-16 2e-16 2e-16 2e-16 2e-16 2e-16 2e-16 2e-16 2e-16 2e-16 2e-16 2e-16
2e-16 2e-16 2e-16 2e-16 2e-16 2e-16 2e-16 2e-16 2e-16 2e-16 2e-16 2e-16 2e-16 2e-16 2e-16 2e-16 2e-16 2e-16 2e-16 2e-16 2e-16 2e-16 2e-16 2e-16 2e-16 2e-16 2e-16 2e-16 2e-16 2e-16 2e-16 2e-16 2e-16 2e-16 2e-16 2e-16 2e-16 2e-16 2e-16 2e-16 2e-16 2e-16 2e-16 2e-16 2e-16 2e-16 2e-16 2e-16 2e-16 2e-16 2e-16 2e-16 2e-16 2e-16 2e-16 2e-16 2e-16 2e-16 2e-16 2e-16 2e-16 2e-16 2e-16 2e-16
2e-16 2e-16 2e-16 2e-16 2e-16 2e-16 2e-16 2e-16 2e-16 2e-16 2e-16 2e-16 2e-16 2e-16 2e-16 2e-16 2e-16 2e-16 2e-16 2e-16 2e-16 2e-16 2e-16 2e-16 2e-16 2e-16 2e-16 2e-16 2e-16 2e-16 2e-16 2e-16 2e-16 2e-16 2e-16 2e-16 2e-16 2e-16 2e-16 2e-16 2e-16 2e-16 2e-16 2e-16 2e-16 2e-16 2e-16 2e-16 2e-16 2e-16 2e-16 2e-16 2e-16 2e-16 2e-16 2e-16 2e-16 2e-16 2e-16 2e-16 2e-16 2e-16 2e-16 2e-16
2e-16 2e-16 2e-16 2e-16 2e-16 2e-16 2e-16 2e-16 2e-16 2e-16 2e-16 2e-16 2e-16 2e-16 2e-16 2e-16 2e-16 2e-16 2e-16 2e-16 2e-16 2e-16 2e-16 2e-16 2e-16 2e-16 2e-16 2e-16 2e-16 2e-16 2e-16 2e-16 2e-16 2e-16 2e-16 2e-16 2e-16 2e-16 2e-16 2e-16 2e-16 2e-16 2e-16 2e-16 2e-16 2e-16 2e-16 2e-16 2e-16 2e-16 2e-16 2e-16 2e-16 2e-16 2e-16 2e-16 2e-16 2e-16 2e-16 2e-16 2e-16 2e-16 2e-16 2e-16
2e-16 2e-16 2e-16 2e-16 2e-16 2e-16 2e-16 2e-16 2e-16 2e-16 2e-16 2e-16 2e-16 2e-16 2e-16 2e-16 2e-16 2e-16 2e-16 2e-16 2e-16 2e-16 2e-16 2e-16 2e-16 2e-16 2e-16 2e-16 2e-16 2e-16 2e-16 2e-16 2e-16 2e-16 2e-16 2e-16 2e-16 2e-16 2e-16 2e-16 2e-16 2e-16 2e-16 2e-16 2e-16 2e-16 2e-16 2e-16 2e-16 2e-16 2e-16 2e-16 2e-16 2e-16 2e-16 2e-16 2e-16 2e-16 2e-16 2e-16 2e-16 2e-16 2e-16 2e-16
2e-16 2e-16 2e-16 2e-16 2e-16 2e-16 2e-16 2e-16 2e-16 2e-16 2e-16 2e-16 2e-16 2e-16 2e-16 2e-16 2e-16 2e-16 2e-16 2e-16 2e-16 2e-16 2e-16 2e-16 2e-16 2e-16 2e-16 2e-16 2e-16 2e-16 2e-16 2e-16 2e-16 2e-16 2e-16 2e-16 2e-16 2e-16 2e-16 2e-16 2e-16 2e-16 2e-16 2e-16 2e-16 2e-16 2e-16 2e-16 2e-16 2e-16 2e-16 2e-16 2e-16 2e-16 2e-16 2e-16 2e-16 2e-16 2e-16 2e-16 2e-16 2e-16 2e-16 2e-16
2e-16 2e-16 2e-16 2e-16 2e-16 2e-16 2e-16 2e-16 2e-16 2e-16 2e-16 2e-16 2e-16 2e-16 2e-16 2e-16 2e-16 2e-16 2e-16 2e-16 2e-16 2e-16 2e-16 2e-16 2e-16 2e-16 2e-16 2e-16 2e-16 2e-16 2e-16 2e-16 2e-16 2e-16 2e-16 2e-16 2e-16 2e-16 2e-16 2e-16 2e-16 2e-16 2e-16 2e-16 2e-16 2e-16 2e-16 2e-16 2e-16 2e-16 2e-16 2e-16 2e-16 2e-16 2e-16 2e-16 2e-16 2e-16 2e-16 2e-16 2e-16 2e-16 2e-16 2e-16
2e-16 2e-16 2e-16 2e-16 2e-16 2e-16 2e-16 2e-16 2e-16 2e-16 2e-16 2e-16 2e-16 2e-16 2e-16 2e-16 2e-16 2e-16 2e-16 2e-16 2e-16 2e-16 2e-16 2e-16 2e-16 2e-16 2e-16 2e-16 2e-16 2e-16 2e-16 2e-16 2e-16 2e-16 2e-16 2e-16 2e-16 2e-16 2e-16 2e-16 2e-16 2e-16 2e-16 2e-16 2e-16 2e-16 2e-16 2e-16 2e-16 2e-16 2e-16 2e-16 2e-16 2e-16 2e-16 2e-16 2e-16 2e-16 2e-16 2e-16 2e-16 2e-16 2e-16 2e-16
2e-16 2e-16 2e-16 2e-16 2e-16 2e-16 2e-16 2e-16 2e-16 2e-16 2e-16 2e-16 2e-16 2e-16 2e-16 2e-16 2e-16 2e-16 2e-16 2e-16 2e-16 2e-16 2e-16 2e-16 2e-16 2e-16 2e-16 2e-16 2e-16 2e-16 2e-16 2e-16 2e-16 2e-16 2e-16 2e-16 2e-16 2e-16 2e-16 2e-16 2e-16 2e-16 2e-16 2e-16 2e-16 2e-16 2e-16 2e-16 2e-16 2e-16 2e-16 2e-16 2e-16 2e-16 2e-16 2e-16 2e-16 2e-16 2e-16 2e-16 2e-16 2e-16 2e-16 2e-16
2e-16 2e-16 2e-16 2e-16 2e-16 2e-16 2e-16 2e-16 2e-16 2e-16 2e-16 2e-16 2e-16 2e-16 2e-16 2e-16 2e-16 2e-16 2e-16 2e-16 2e-16 2e-16 2e-16 2e-16 2e-16 2e-16 2e-16 2e-16 2e-16 2e-16 2e-16 2e-16 2e-16 2e-16 2e-16 2e-16 2e-16 2e-16 2e-16 2e-16 2e-16 2e-16 2e-16 2e-16 2e-16 2e-16 2e-16 2e-16 2e-16 2e-16 2e-16 2e-16 2e-16 2e-16 2e-16 2e-16 2e-16 2e-16 2e-16 2e-16 2e-16 2e-16 2e-16 2e-16
2e-16 2e-16 2e-16 2e-16 2e-16 2e-16 2e-16 2e-16 2e-16 2e-16 2e-16 2e-16 2e-16 2e-16 2e-16 2e-16 2e-16 2e-16 2e-16 2e-16 2e-16 2e-16 2e-16 2e-16 2e-16 2e-16 2e-16 2e-16 2e-16 2e-16 2e-16 2e-16 2e-16 2e-16 2e-16 2e-16 2e-16 2e-16 2e-16 2e-16 2e-16 2e-16 2e-16 2e-16 2e-16 2e-16 2e-16 2e-16 2e-16 2e-16 2e-16 2e-16 2e-16 2e-16 2e-16 2e-16 2e-16 2e-16 2e-16 2e-16 2e-16 2e-16 2e-16 2e-16
2e-16 2e-16 2e-16 2e-16 2e-16 2e-16 2e-16 2e-16 2e-16 2e-16 2e-16 2e-16 2e-16 2e-16 2e-16 2e-16 2e-16 2e-16 2e-16 2e-16 2e-16 2e-16 2e-16 2e-16 2e-16 2e-16 2e-16 2e-16 2e-16 2e-16 2e-16 2e-16 2e-16 2e-16 2e-16 2e-16 2e-16 2e-16 2e-16 2e-16 2e-16 2e-16 2e-16 2e-16 2e-16 2e-16 2e-16 2e-16 2e-16 2e-16 2e-16 2e-16 2e-16 2e-16 2e-16 2e-16 2e-16 2e-16 2e-16 2e-16 2e-16 2e-16 2e-16 2e-16
2e-16 2e-16 2e-16 2e-16 2e-16 2e-16 2e-16 2e-16 2e-16 2e-16 2e-16 2e-16 2e-16 2e-16 2e-16 2e-16 2e-16 2e-16 2e-16 2e-16 2e-16 2e-16 2e-16 2e-16 2e-16 2e-16 2e-16 2e-16 2e-16 2e-16 2e-16 2e-16 2e-16 2e-16 2e-16 2e-16 2e-16 2e-16 2e-16 2e-16 2e-16 2e-16 2e-16 2e-16 2e-16 2e-16 2e-16 2e-16 2e-16 2e-16 2e-16 2e-16 2e-16 2e-16 2e-16 2e-16 2e-16 2e-16 2e-16 2e-16 2e-16 2e-16 2e-16 2e-16
2e-16 2e-16 2e-16 2e-16 2e-16 2e-16 2e-16 2e-16 2e-16 2e-16 2e-16 2e-16 2e-16 2e-16 2e-16 2e-16 2e-16 2e-16 2e-16 2e-16 2e-16 2e-16 2e-16 2e-16 2e-16 2e-16 2e-16 2e-16 2e-16 2e-16 2e-16 2e-16 2e-16 2e-16 2e-16 2e-16 2e-16 2e-16 2e-16 2e-16 2e-16 2e-16 2e-16 2e-16 2e-16 2e-16 2e-16 2e-16 2e-16 2e-16 2e-16 2e-16 2e-16 2e-16 2e-16 2e-16 2e-16 2e-16 2e-16 2e-16 2e-16 2e-16 2e-16 2e-16
2e-16 2e-16 2e-16 2e-16 2e-16 2e-16 2e-16 2e-16 2e-16 2e-16 2e-16 2e-16 2e-16 2e-16 2e-16 2e-16 2e-16 2e-16 2e-16 2e-16 2e-16 2e-16 2e-16 2e-16 2e-16 2e-16 2e-16 2e-16 2e-16 2e-16 2e-16 2e-16 2e-16 2e-16 2e-16 2e-16 2e-16 2e-16 2e-16 2e-16 2e-16 2e-16 2e-16 2e-16 2e-16 2e-16 2e-16 2e-16 2e-16 2e-16 2e-16 2e-16 2e-16 2e-16 2e-16 2e-16 2e-16 2e-16 2e-16 2e-16 2e-16 2e-16 2e-16 2e-16
2e-16 2e-16 2e-16 2e-16 2e-16 2e-16 2e-16 2e-16 2e-16 2e-16 2e-16 2e-16 2e-16 2e-16 2e-16 2e-16 2e-16 2e-16 2e-16 2e-16 2e-16 2e-16 2e-16 2e-16 2e-16 2e-16 2e-16 2e-16 2e-16 2e-16 2e-16 2e-16 2e-16 2e-16 2e-16 2e-16 2e-16 2e-16 2e-16 2e-16 2e-16 2e-16 2e-16 2e-16 2e-16 2e-16 2e-16 2e-16 2e-16 2e-16 2e-16 2e-16 2e-16 2e-16 2e-16 2e-16 2e-16 2e-16 2e-16 2e-16 2e-16 2e-16 2e-16 2e-16
2e-16 2e-16 2e-16 2e-16 2e-16 2e-16 2e-16 2e-16 2e-16 2e-16 2e-16 2e-16 2e-16 2e-16 2e-16 2e-16 2e-16 2e-16 2e-16 2e-16 2e-16 2e-16 2e-16 2e-16 2e-16 2e-16 2e-16 2e-16 2e-16 2e-16 2e-16 2e-16 2e-16 2e-16 2e-16 2e-16 2e-16 2e-16 2e-16 2e-16 2e-16 2e-16 2e-16 2e-16 2e-16 2e-16 2e-16 2e-16 2e-16 2e-16 2e-16 2e-16 2e-16 2e-16 2e-16 2e-16 2e-16 2e-16 2e-16 2e-16 2e-16 2e-16 2e-16 2e-16
2e-16 2e-16 2e-16 2e-16 2e-16 2e-16 2e-16 2e-16 2e-16 2e-16 2e-16 2e-16 2e-16 2e-16 2e-16 2e-16 2e-16 2e-16 2e-16 2e-16 2e-16 2e-16 2e-16 2e-16 2e-16 2e-16 2e-16 2e-16 2e-16 2e-16 2e-16 2e-16 2e-16 2e-16 2e-16 2e-16 2e-16 2e-16 2e-16 2e-16 2e-16 2e-16 2e-16 2e-16 2e-16 2e-16 2e-16 2e-16 2e-16 2e-16 2e-16 2e-16 2e-16 2e-16 2e-16 2e-16 2e-16 2e-16 2e-16 2e-16 2e-16 2e-16 2e-16 2e-16
2e-16 2e-16 2e-16 2e-16 2e-16 2e-16 2e-16 2e-16 2e-16 2e-16 2e-16 2e-16 2e-16 2e-16 2e-16 2e-16 2e-16 2e-16 2e-16 2e-16 2e-16 2e-16 2e-16 2e-16 2e-16 2e-16 2e-16 2e-16 2e-16 2e-16 2e-16 2e-16 2e-16 2e-16 2e-16 2e-16 2e-16 2e-16 2e-16 2e-16 2e-16 2e-16 2e-16 2e-16 2e-16 2e-16 2e-16 2e-16 2e-16 2e-16 2e-16 2e-16 2e-16 2e-16 2e-16 2e-16 2e-16 2e-16 2e-16 2e-16 2e-16 2e-16 2e-16 2e-16
2e-16 2e-16 2e-16 2e-16 2e-16 2e-16 2e-16 2e-16 2e-16 2e-16 2e-16 2e-16 2e-16 2e-16 2e-16 2e-16 2e-16 2e-16 2e-16 2e-16 2e-16 2e-16 2e-16 2e-16 2e-16 2e-16 2e-16 2e-16 2e-16 2e-16 2e-16 2e-16 2e-16 2e-16 2e-16 2e-16 2e-16 2e-16 2e-16 2e-16 2e-16 2e-16 2e-16 2e-16 2e-16 2e-16 2e-16 2e-16 2e-16 2e-16 2e-16 2e-16 2e-16 2e-16 2e-16 2e-16 2e-16 2e-16 2e-16 2e-16 2e-16 2e-16 2e-16 2e-16
2e-16 2e-16 2e-16 2e-16 2e-16 2e-16 2e-16 2e-16 2e-16 2e-16 2e-16 2e-16 2e-16 2e-16 2e-16 2e-16 2e-16 2e-16 2e-16 2e-16 2e-16 2e-16 2e-16 2e-16 2e-16 2e-16 2e-16 2e-16 2e-16 2e-16 2e-16 2e-16 2e-16 2e-16 2e-16 2e-16 2e-16 2e-16 2e-16 2e-16 2e-16 2e-16 2e-16 2e-16 2e-16 2e-16 2e-16 2e-16 2e-16 2e-16 2e-16 2e-16 2e-16 2e-16 2e-16 2e-16 2e-16 2e-16 2e-16 2e-16 2e-16 2e-16 2e-16 2e-16
@ u_temp_dust 64 64
15.3978 15.3763 15.3763 15.3763 15.3763 15.3763 15.3763 15.3763 15.3763 15.3763 15.3763 15.3763 15.3763 15.3763 15.3763 15.3549 15.3549 15.3549 15.3549 15.3549 15.3549 15.3549 15.3549 15.3336 15.3336 15.3336 15.3336 15.3336 15.3336 15.3336 15.3336 15.3336 15.3336 15.3336 15.3336 15.3336 15.3336 15.3336 15.3336 15.3336 15.3336 15.3336 15.3549 15.3549 15.3549 15.3549 15.3549 15.3549 15.3549 15.3549 15.3763 15.3763 15.3763 15.3763 15.3763 15.3763 15.3763 15.3763 15.3763 15.3763 15.3763 15.3763 15.3763 15.3763
15.3763 15.3763 15.3763 15.3763 15.3763 15.3763 15.3763 15.3763 15.3763 15.3763 15.3763 15.3763 15.3763 15.3763 15.3549 15.3549 15.3549 15.3549 15.3549 15.3336 15.3336 15.3336 15.3336 15.3336 15.3336 15.3336 15.3336 15.3336 15.3336 15.3336 15.3336 15.3336 15.3336 15.3336 15.3336 15.3336 15.3336 15.3336 15.3336 15.3336 15.3336 15.3336 15.3336 15.3336 15.3336 15.3336 15.3549 15.3549 15.3549 15.3549 15.3549 15.3763 15.3763 15.3763 15.3763 15.3763 15.3763 15.3763 15.3763 15.3763 15.3763 15.3763 15.3763 15.3763
15.3763 15.3763 15.3763 15.3763 15.3763 15.3763 15.3763 15.3763 15.3763 15.3549 15.3763 15.3549 15.3763 15.3549 15.3549 15.3549 15.3549 15.3549 15.3549 15.3336 15.3336 15.3336 15.3336 15.3122 15.3122 15.3122 15.3122 15.3122 15.3122 15.3122 15.3336 15.3336 15.3336 15.3336 15.3336 15.3122 15.3122 15.3122 15.3122 15.3122 15.3122 15.3122 15.3336 15.3336 15.3336 15.3336 15.3549 15.3549 15.3549 15.3549 15.3549 15.3763 15.3763 15.3763 15.3763 15.3763 15.3763 15.3763 15.3763 15.3763 15.3763 15.3763 15.3763 15.3763
15.3763 15.3763 15.3763 15.3763 15.3763 15.3763 15.3763 15.3549 15.3549 15.3549 15.3549 15.3549 15.3549 15.3549 15.3549 15.3336 15.3336 15.3336 15.3336 15.3336 15.3336 15.3122 15.3122 15.3122 15.3122 15.3122 15.2909 15.2909 15.3122 15.3122 15.3122 15.3122 15.3122 15.3122 15.3122 15.3122 15.2909 15.2909 15.2909 15.3122 15.3122 15.3122 15.3122 15.3122 15.3336 15.3336 15.3336 15.3336 15.3336 15.3336 15.3549 15.3549 15.3549 15.3549 15.3549 15.3549 15.3549 15.3549 15.3549 15.3763 15.3763 15.3763 15.3763 15.3763
15.3763 15.3763 15.3763 15.3763 15.3763 15.3549 15.3549 15.3549 15.3549 15.3549 15.3549 15.3549 15.3549 15.3549 15.3336 15.3336 15.3336 15.3336 15.3122 15.3122 15.3122 15.3122 15.3122 15.2909 15.2909 15.2909 15.2909 15.2909 15.2909 15.2909 15.2909 15.2909 15.2909 15.2909 15.2909 15.2909 15.2909 15.2909 15.2909 15.2909 15.2909 15.2909 15.3122 15.3122 15.3122 15.3122 15.3122 15.3336 15.3336 15.3336 15.3336 15.3549 15.3549 15.3549 15.3549 15.3549 15.3549 15.3549 15.3549 15.3763 15.3763 15.3763 15.3763 15.3763
15.3763 15.3763 15.3763 15.3763 15.3763 15.3549 15.3549 15.3549 15.3549 15.3549 15.3549 15.3549 15.3549 15.3549 15.3336 15.3336 15.3336 15.3122 15.3122 15.3122 15.3122 15.2909 15.2909 15.2909 15.2909 15.2909 15.2909 15.2697 15.2697 15.2697 15.2697 15.2697 15.2697 15.2697 15.2697 15.2697 15.2697 15.2697 15.2909 15.2909 15.2909 15.2909 15.2909 15.2909 15.2909 15.3122 15.3122 15.3122 15.3122 15.3336 15.3336 15.3549 15.3549 15.3549 15.3549 15.3549 15.3549 15.3549 15.3549 15.3549 15.3549 15.3763 15.3763 15.3763
15.3763 15.3763 15.3763 15.3549 15.3549 15.3549 15.3549 15.3549 15.3549 15.3549 15.3549 15.3549 15.3549 15.3336 15.3336 15.3122 15.3122 15.3122 15.2909 15.2909 15.2909 15.2909 15.2697 15.2697 15.2697 15.2697 15.2697 15.2697 15.2484 15.2484 15.2484 15.2484 15.2484 15.2484 15.2484 15.2484 15.2484 15.2697 15.2697 15.2697 15.2697 15.2697 15.2697 15.2909 15.2909 15.2909 15.2909 15.3122 15.3122 15.3122 15.3336 15.3336 15.3549 15.3549 15.3549 15.3549 15.3549 15.3549 15.3549 15.3549 15.3549 15.3763 15.3763 15.3763
15.3763 15.3763 15.3763 15.3549 15.3549 15.3549 15.3549 15.3549 15.3549 15.3549 15.3549 15.3336 15.3549 15.3336 15.3122 15.3122 15.3122 15.2909 15.2909 15.2909 15.2697 15.2697 15.2697 15.2697 15.2697 15.2484 15.2484 15.2484 15.2272 15.2272 15.2272 15.2272 15.2272 15.2272 15.2272 15.2272 15.2272 15.2484 15.2484 15.2484 15.2484 15.2697 15.2697 15.2697 15.2697 15.2909 15.2909 15.2909 15.3122 15.3122 15.3122 15.3336 15.3336 15.3549 15.3549 15.3549 15.3549 15.3549 15.3549 15.3549 15.3549 15.3549 15.3763 15.3763
15.3763 15.3763 15.3763 15.3549 15.3549 15.3549 15.3549 15.3549 15.3549 15.3549 15.3549 15.3336 15.3336 15.3336 15.3122 15.2909 15.2909 15.2909 15.2909 15.2697 15.2697 15.2697 15.2484 15.2484 15.2484 15.2272 15.2272 15.2272 15.206 15.206 15.206 15.206 15.206 15.206 15.206 15.206 15.206 15.2272 15.2272 15.2272 15.2484 15.2484 15.2484 15.2697 15.2697 15.2697 15.2909 15.2909 15.2909 15.3122 15.3122 15.3336 15.3336 15.3336 15.3549 15.3549 15.3549 15.3549 15.3549 15.3549 15.3549 15.3549 15.3763 15.3763
15.3763 15.3763 15.3763 15.3549 15.3549 15.3549 15.3549 15.3549 15.3549 15.3336 15.3336 15.3336 15.3336 15.3122 15.3122 15.2909 15.2909 15.2697 15.2697 15.2697 15.2484 15.2484 15.2484 15.2272 15.2272 15.206 15.206 15.1848 15.1848 15.1848 15.1848 15.1848 15.1848 15.1637 15.1848 15.1848 15.1848 15.1848 15.206 15.206 15.206 15.2272 15.2272 15.2484 15.2484 15.2484 15.2697 15.2697 15.2909 15.2909 15.2909 15.3122 15.3336 15.3336 15.3336 15.3336 15.3549 15.3549 15.3549 15.3549 15.3549 15.3549 15.3549 15.3763
15.3763 15.3763 15.3763 15.3549 15.3549 15.3549 15.3549 15.3549 15.3549 15.3336 15.3336 15.3336 15.3336 15.3122 15.2909 15.2909 15.2697 15.2697 15.2484 15.2484 15.2272 15.2272 15.206 15.206 15.1848 15.1848 15.1637 15.1637 15.1426 15.1426 15.1215 15.1215 15.1215 15.1215 15.1426 15.1215 15.1426 15.1637 15.1637 15.1848 15.1848 15.206 15.206 15.2272 15.2484 15.2484 15.2484 15.2697 15.2697 15.2909 15.2909 15.3122 15.3336 15.3336 15.3336 15.3336 15.3549 15.3549 15.3549 15.3549 15.3549 15.3549 15.3763 15.3763
15.3763 15.3763 15.3763 15.3549 15.3549 15.3549 15.3549 15.3336 15.3336 15.3336 15.3336 15.3336 15.3122 15.2909 15.2909 15.2697 15.2484 15.2484 15.2484 15.2272 15.2272 15.206 15.1848 15.1637 15.1426 15.1215 15.1215 15.1005 15.0795 15.0585 15.0585 15.0585 15.0585 15.0585 15.0585 15.0585 15.0795 15.1005 15.1215 15.1426 15.1426 15.1637 15.1848 15.206 15.2272 15.2272 15.2484 15.2484 15.2484 15.2697 15.2697 15.2909 15.3122 15.3336 15.3336 15.3336 15.3336 15.3336 15.3549 15.3549 15.3549 15.3549 15.3549 15.3763
15.3763 15.3763 15.3763 15.3549 15.3549 15.3549 15.3549 15.3336 15.3336 15.3336 15.3336 15.3122 15.2909 15.2697 15.2697 15.2484 15.2272 15.2272 15.206 15.206 15.1848 15.1637 15.1426 15.1215 15.1005 15.0585 15.0375 15.0166 14.9957 14.9957 14.9749 14.9749 14.9749 14.9749 14.9749 14.9957 14.9957 15.0166 15.0375 15.0585 15.0795 15.1215 15.1426 15.1637 15.1848 15.206 15.206 15.2272 15.2484 15.2484 15.2697 15.2697 15.2909 15.3122 15.3336 15.3336 15.3336 15.3336 15.3549 15.3549 15.3549 15.3549 15.3763 15.3763
15.3763 15.3763 15.3763 15.3549 15.3549 15.3549 15.3336 15.3336 15.3336 15.3122 15.3122 15.2909 15.2697 15.2484 15.2484 15.2272 15.2272 15.206 15.1848 15.1637 15.1426 15.1215 15.0795 15.0585 15.0166 14.9957 14.9749 14.954 14.9332 14.9332 14.9124 14.9124 14.9124 14.9124 14.9124 14.9332 14.9332 14.954 14.9749 14.9957 15.0166 15.0585 15.0795 15.1215 15.1426 15.1637 15.1848 15.206 15.2272 15.2272 15.2484 15.2484 15.2697 15.2909 15.3122 15.3122 15.3336 15.3336 15.3336 15.3336 15.3549 15.3549 15.3549 15.3763
15.3763 15.3549 15.3549 15.3549 15.3336 15.3336 15.3336 15.3122 15.3122 15.2909 15.2909 15.2697 15.2697 15.2484 15.2272 15.206 15.206 15.1848 15.1637 15.1215 15.1005 15.0585 15.0166 14.9957 14.954 14.9332 14.9124 14.8917 14.871 14.8503 14.8503 14.8296 14.8296 14.8296 14.8503 14.8503 14.871 14.8917 14.9124 14.9332 14.954 14.9957 15.0166 15.0585 15.1005 15.1215 15.1637 15.1848 15.206 15.206 15.2272 15.2484 15.2697 15.2909 15.2909 15.3122 15.3122 15.3122 15.3336 15.3336 15.3336 15.3549 15.3549 15.3549
15.3549 15.3549 15.3549 15.3336 15.3336 15.3336 15.3122 15.3122 15.3122 15.2909 15.2909 15.2697 15.2484 15.2272 15.206 15.206 15.1848 15.1426 15.1215 15.0795 15.0375 14.9957 14.954 14.9124 14.8917 14.871 14.8503 14.809 14.7883 14.7883 14.7678 14.7678 14.7678 14.7678 14.7678 14.7883 14.7883 14.809 14.8296 14.871 14.8917 14.9332 14.954 14.9957 15.0375 15.0795 15.1215 15.1426 15.1848 15.206 15.206 15.2272 15.2484 15.2697 15.2909 15.2909 15.2909 15.3122 15.3122 15.3336 15.3336 15.3336 15.3549 15.3549
15.3549 15.3549 15.3549 15.3336 15.3336 15.3122 15.3122 15.2909 15.2909 15.2909 15.2697 15.2484 15.2272 15.206 15.206 15.1848 15.1637 15.1215 15.0795 15.0166 14.9749 14.9332 14.9124 14.871 14.8296 14.7883 14.7678 14.7472 14.7267 14.7062 14.6857 14.6857 14.6857 14.6857 14.6857 14.7062 14.7267 14.7472 14.7678 14.809 14.8296 14.871 14.8917 14.9332 14.9749 15.0166 15.0795 15.1215 15.1426 15.1848 15.206 15.2272 15.2272 15.2697 15.2697 15.2909 15.2909 15.2909 15.3122 15.3122 15.3336 15.3336 15.3549 15.3549
15.3549 15.3549 15.3549 15.3336 15.3336 15.3122 15.3122 15.2909 15.2909 15.2697 15.2697 15.2484 15.2272 15.206 15.1848 15.1426 15.1215 15.0585 15.0166 14.9749 14.9124 14.871 14.8503 14.7883 14.7678 14.7267 14.6857 14.6653 14.6449 14.6042 14.6042 14.5838 14.5838 14.5838 14.6042 14.6042 14.6449 14.6653 14.6857 14.7267 14.7472 14.7883 14.8296 14.871 14.9124 14.9749 15.0166 15.0585 15.1215 15.1426 15.1848 15.206 15.2272 15.2484 15.2697 15.2697 15.2909 15.2909 15.3122 15.3122 15.3336 15.3336 15.3549 15.3549
15.3549 15.3549 15.3549 15.3336 15.3122 15.3122 15.2909 15.2909 15.2909 15.2697 15.2484 15.2272 15.206 15.1848 15.1637 15.1215 15.0795 15.0166 14.9749 14.9124 14.871 14.8296 14.7678 14.7267 14.6857 14.6449 14.6042 14.5838 14.5433 14.523 14.5028 14.5028 14.5028 14.5028 14.5028 14.523 14.5433 14.5838 14.6042 14.6449 14.6857 14.7267 14.7678 14.8296 14.871 14.9124 14.9749 15.0166 15.0795 15.1215 15.1637 15.1848 15.206 15.2272 15.2484 15.2697 15.2909 15.2909 15.3122 15.3122 15.3122 15.3336 15.3336 15.3549
15.3549 15.3336 15.3336 15.3336 15.3122 15.3122 15.2909 15.2909 15.2697 15.2697 15.2484 15.2272 15.206 15.1637 15.1215 15.0795 15.0166 14.9749 14.9124 14.871 14.809 14.7678 14.7062 14.6653 14.6245 14.5636 14.523 14.4827 14.4424 14.4223 14.4022 14.3822 14.3822 14.3822 14.4022 14.4223 14.4424 14.4827 14.523 14.5636 14.6042 14.6653 14.7062 14.7678 14.809 14.871 14.9124 14.9749 15.0166 15.0795 15.1215 15.1637 15.206 15.2272 15.2484 15.2697 15.2697 15.2909 15.2909 15.3122 15.3122 15.3336 15.3336 15.3336
15.3549 15.3336 15.3336 15.3336 15.3122 15.2909 15.2909 15.2697 15.2697 15.2484 15.2272 15.206 15.1848 15.1426 15.1005 15.0375 14.9749 14.9124 14.871 14.809 14.7472 14.7062 14.6449 14.5838 14.523 14.4827 14.4223 14.3822 14.3422 14.3023 14.2824 14.2625 14.2625 14.2625 14.2824 14.3023 14.3422 14.3822 14.4223 14.4827 14.523 14.5838 14.6449 14.7062 14.7678 14.809 14.871 14.9332 14.9749 15.0375 15.1005 15.1426 15.1848 15.206 15.2272 15.2484 15.2697 15.2697 15.2909 15.3122 15.3122 15.3336 15.3336 15.3336
15.3549 15.3336 15.3336 15.3122 15.3122 15.2909 15.2909 15.2697 15.2697 15.2484 15.2272 15.206 15.1637 15.1215 15.0585 14.9957 14.9332 14.871 14.8296 14.7678 14.7062 14.6449 14.5838 14.5028 14.4424 14.3822 14.3222 14.2625 14.2228 14.1833 14.1438 14.1242 14.1242 14.1242 14.1438 14.1833 14.2228 14.2625 14.3222 14.3822 14.4424 14.5028 14.5838 14.6449 14.7062 14.7678 14.8296 14.871 14.9332 14.9957 15.0585 15.1215 15.1637 15.206 15.2272 15.2484 15.2697 15.2697 15.2909 15.2909 15.3122 15.3122 15.3336 15.3336
15.3549 15.3336 15.3336 15.3122 15.3122 15.2909 15.2697 15.2697 15.2484 15.2484 15.2272 15.1848 15.1426 15.0795 15.0166 14.954 14.9124 14.8296 14.7678 14.7062 14.6449 14.5838 14.5028 14.4223 14.3622 14.2824 14.2228 14.1438 14.0849 14.0262 14.0066 13.9677 13.9677 13.9677 14.0066 14.0457 14.0849 14.1438 14.2228 14.2824 14.3622 14.4424 14.5028 14.5838 14.6449 14.7062 14.7678 14.8503 14.8917 14.954 15.0166 15.0795 15.1426 15.1848 15.2272 15.2484 15.2484 15.2697 15.2909 15.2909 15.3122 15.3122 15.3336 15.3336
15.3336 15.3336 15.3122 15.3122 15.2909 15.2909 15.2697 15.2697 15.2484 15.2272 15.206 15.1637 15.1215 15.0585 14.9957 14.9124 14.871 14.7883 14.7267 14.6653 14.5838 14.5028 14.4424 14.3422 14.2625 14.1833 14.0849 14.0066 13.9482 13.8708 13.8322 13.8129 13.7937 13.8129 13.8322 13.8901 13.9482 14.0066 14.1045 14.1833 14.2625 14.3422 14.4223 14.5028 14.5838 14.6653 14.7267 14.809 14.871 14.9332 14.9957 15.0585 15.1215 15.1637 15.206 15.2272 15.2484 15.2697 15.2697 15.2909 15.2909 15.3122 15.3122 15.3336
15.3336 15.3336 15.3122 15.3122 15.2909 15.2909 15.2697 15.2484 15.2484 15.2272 15.1848 15.1426 15.1005 15.0166 14.954 14.8917 14.8296 14.7678 14.6857 14.6042 14.523 14.4424 14.3622 14.2625 14.1635 14.0653 13.9677 13.8708 13.7937 13.698 13.6599 13.603 13.603 13.6219 13.6409 13.7171 13.7745 13.8708 13.9677 14.0653 14.1635 14.2625 14.3622 14.4424 14.5433 14.6245 14.6857 14.7678 14.8296 14.8917 14.954 15.0166 15.1005 15.1426 15.1848 15.2272 15.2484 15.2697 15.2697 15.2909 15.2909 15.3122 15.3122 15.3336
15.3336 15.3336 15.3122 15.3122 15.2909 15.2909 15.2697 15.2484 15.2272 15.206 15.1848 15.1215 15.0585 14.9957 14.9332 14.871 14.809 14.7267 14.6449 14.5636 14.4827 14.3822 14.2824 14.1833 14.0653 13.9482 13.8322 13.7171 13.6219 13.5274 13.4523 13.3962 13.3962 13.4149 13.4523 13.5274 13.6219 13.7171 13.8322 13.9482 14.0653 14.1833 14.2824 14.3822 14.4827 14.5636 14.6449 14.7267 14.7883 14.871 14.9332 14.9957 15.0585 15.1215 15.1848 15.206 15.2272 15.2484 15.2697 15.2909 15.2909 15.3122 15.3122 15.3336
15.3336 15.3336 15.3122 15.2909 15.2909 15.2909 15.2697 15.2484 15.2272 15.206 15.1637 15.1215 15.0375 14.9749 14.9124 14.8296 14.7678 14.6857 14.6042 14.523 14.4223 14.3222 14.2228 14.0849 13.9677 13.8322 13.698 13.5651 13.4336 13.3218 13.2293 13.1742 13.1559 13.1742 13.2293 13.3218 13.4336 13.5651 13.698 13.8322 13.9677 14.0849 14.2228 14.3222 14.4223 14.523 14.6042 14.6857 14.7678 14.8503 14.9124 14.9749 15.0375 15.1215 15.1637 15.206 15.2272 15.2484 15.2697 15.2909 15.2909 15.3122 15.3122 15.3336
15.3336 15.3336 15.3122 15.2909 15.2909 15.2697 15.2697 15.2484 15.2272 15.1848 15.1637 15.1005 15.0166 14.954 14.8917 14.809 14.7472 14.6653 14.5838 14.4827 14.3822 14.2625 14.1438 14.0066 13.8708 13.7171 13.5651 13.3962 13.2478 13.101 13.0101 12.9379 12.9019 12.9379 12.992 13.1193 13.2478 13.3962 13.5651 13.7171 13.8708 14.0066 14.1438 14.2625 14.3822 14.4827 14.5838 14.6653 14.7472 14.809 14.8917 14.954 15.0166 15.1005 15.1426 15.1848 15.2272 15.2484 15.2697 15.2697 15.2909 15.3122 15.3122 15.3336
15.3336 15.3336 15.3122 15.2909 15.2909 15.2697 15.2484 15.2272 15.206 15.1848 15.1426 15.0795 14.9957 14.9332 14.871 14.7883 14.7267 14.6449 14.5433 14.4424 14.3422 14.2228 14.0849 13.9482 13.7937 13.6219 13.4336 13.2478 13.0828 12.9019 12.7945 12.6881 12.6704 12.7057 12.7767 12.9198 13.0828 13.2478 13.4336 13.6219 13.7937 13.9482 14.0849 14.2228 14.3422 14.4424 14.5433 14.6449 14.7267 14.7883 14.871 14.9332 15.0166 15.0795 15.1426 15.1848 15.206 15.2272 15.2484 15.2697 15.2909 15.3122 15.3122 15.3336
15.3336 15.3336 15.3122 15.3122 15.2909 15.2697 15.2484 15.2272 15.206 15.1848 15.1426 15.0795 14.9957 14.9332 14.8503 14.7883 14.7062 14.6245 14.523 14.4223 14.3023 14.1833 14.0457 13.8708 13.698 13.5274 13.3218 13.101 12.9019 12.7057 12.565 12.4604 12.4085 12.4604 12.5475 12.7235 12.9019 13.101 13.3218 13.5086 13.698 13.8708 14.0457 14.1833 14.3023 14.4223 14.523 14.6245 14.7062 14.7883 14.8503 14.9332 14.9957 15.0585 15.1426 15.1848 15.206 15.2272 15.2484 15.2697 15.2909 15.3122 15.3122 15.3336
15.3336 15.3336 15.3336 15.3122 15.2909 15.2697 15.2484 15.2272 15.206 15.1848 15.1215 15.0585 14.9749 14.9124 14.8503 14.7678 14.6857 14.6042 14.5028 14.4022 14.2824 14.1438 14.0066 13.8322 13.6599 13.4523 13.2293 13.0101 12.7945 12.565 12.3912 12.271 12.2199 12.271 12.3912 12.5825 12.7767 13.0101 13.2293 13.4523 13.6599 13.8322 14.0066 14.1438 14.2824 14.4022 14.5028 14.6042 14.6857 14.7678 14.8503 14.9124 14.9957 15.0585 15.1215 15.1848 15.206 15.2272 15.2484 15.2697 15.2909 15.3122 15.3336 15.3336
15.3336 15.3336 15.3336 15.3122 15.2909 15.2697 15.2484 15.2272 15.206 15.1848 15.1215 15.0585 14.9749 14.9124 14.8296 14.7678 14.6857 14.5838 14.5028 14.3822 14.2625 14.1242 13.9677 13.8129 13.6219 13.3962 13.1742 12.9379 12.6881 12.4604 12.271 12.1351 12.0845 12.1351 12.254 12.4604 12.6881 12.9379 13.1742 13.3962 13.6219 13.8129 13.9677 14.1242 14.2625 14.3822 14.4827 14.6042 14.6857 14.7678 14.8296 14.9124 14.9749 15.0585 15.1215 15.1848 15.206 15.2272 15.2484 15.2697 15.2909 15.3122 15.3336 15.3336
15.3336 15.3336 15.3336 15.3122 15.2909 15.2484 15.2484 15.2272 15.206 15.1848 15.1215 15.0585 14.9749 14.9124 14.8296 14.7678 14.6857 14.5838 14.4827 14.3822 14.2625 14.1242 13.9677 13.7937 13.603 13.3962 13.1559 12.9019 12.6704 12.4085 12.2199 12.0845 12.0341 12.0845 12.2199 12.4258 12.6528 12.9019 13.1559 13.3775 13.603 13.7937 13.9677 14.1242 14.2625 14.3822 14.4827 14.5838 14.6857 14.7678 14.8296 14.9124 14.9749 15.0585 15.1215 15.1848 15.206 15.2272 15.2484 15.2697 15.2909 15.3122 15.3336 15.3336
15.3336 15.3336 15.3336 15.3122 15.2909 15.2697 15.2484 15.2272 15.206 15.1848 15.1215 15.0585 14.9749 14.9124 14.8296 14.7678 14.6857 14.5838 14.5028 14.3822 14.2625 14.1242 13.9677 13.8129 13.6219 13.4149 13.1742 12.9379 12.7057 12.4604 12.271 12.1351 12.0845 12.152 12.271 12.4778 12.6881 12.9379 13.1742 13.3962 13.6219 13.8129 13.9677 14.1242 14.2625 14.3822 14.4827 14.6042 14.6857 14.7678 14.8296 14.9124 14.9749 15.0585 15.1215 15.1848 15.206 15.2272 15.2484 15.2697 15.2909 15.3122 15.3336 15.3336
15.3336 15.3336 15.3336 15.3122 15.2909 15.2697 15.2484 15.2272 15.206 15.1848 15.1426 15.0585 14.9749 14.9124 14.8503 14.7678 14.6857 14.6042 14.5028 14.4022 14.2824 14.1438 13.9871 13.8322 13.6409 13.4523 13.2293 12.992 12.7767 12.5475 12.3912 12.254 12.2199 12.271 12.374 12.565 12.7767 12.992 13.2293 13.4523 13.6409 13.8322 14.0066 14.1438 14.2824 14.4022 14.5028 14.6042 14.6857 14.7678 14.8503 14.9124 14.9957 15.0585 15.1426 15.1848 15.206 15.2272 15.2484 15.2697 15.2909 15.3122 15.3336 15.3336
15.3336 15.3336 15.3122 15.3122 15.2909 15.2697 15.2484 15.2272 15.206 15.1848 15.1426 15.0585 14.9957 14.9332 14.8503 14.7883 14.7062 14.6245 14.523 14.4223 14.3023 14.1833 14.0457 13.8901 13.7171 13.5274 13.3218 13.1193 12.9198 12.7235 12.5825 12.4604 12.4258 12.4778 12.565 12.7235 12.9198 13.1193 13.3218 13.5274 13.7171 13.8901 14.0457 14.1833 14.3023 14.4223 14.523 14.6245 14.7062 14.7883 14.8503 14.9332 14.9957 15.0585 15.1215 15.1848 15.206 15.2272 15.2484 15.2697 15.2909 15.3122 15.3122 15.3336
15.3336 15.3336 15.3122 15.2909 15.2909 15.2697 15.2484 15.2272 15.206 15.1848 15.1426 15.0795 14.9957 14.9332 14.871 14.7883 14.7267 14.6449 14.5433 14.4424 14.3422 14.2228 14.0849 13.9482 13.7745 13.6219 13.4336 13.2478 13.0828 12.9019 12.7767 12.6881 12.6528 12.6881 12.7767 12.9198 13.0646 13.2478 13.4336 13.6219 13.7937 13.9482 14.0849 14.2228 14.3422 14.4424 14.5433 14.6449 14.7267 14.809 14.871 14.9332 15.0166 15.0795 15.1426 15.1848 15.206 15.2272 15.2484 15.2697 15.2909 15.3122 15.3122 15.3336
15.3336 15.3336 15.3122 15.2909 15.2909 15.2697 15.2697 15.2484 15.2272 15.1848 15.1637 15.1005 15.0166 14.954 14.8917 14.809 14.7472 14.6653 14.5838 14.4827 14.3822 14.2625 14.1438 14.0066 13.8708 13.7171 13.5651 13.3962 13.2478 13.101 13.0101 12.9379 12.9019 12.9379 12.992 13.1193 13.2478 13.3962 13.5651 13.7171 13.8708 14.0066 14.1438 14.2625 14.3822 14.4827 14.5636 14.6653 14.7472 14.809 14.8917 14.954 15.0166 15.1005 15.1426 15.1848 15.206 15.2484 15.2697 15.2697 15.2909 15.3122 15.3122 15.3336
15.3336 15.3336 15.3122 15.2909 15.2909 15.2909 15.2697 15.2484 15.2272 15.206 15.1637 15.1215 15.0375 14.9749 14.9124 14.8296 14.7678 14.6857 14.6042 14.523 14.4223 14.3222 14.2228 14.1045 13.9677 13.8322 13.698 13.5651 13.4336 13.3218 13.2293 13.1742 13.1559 13.1742 13.2293 13.3218 13.4336 13.5651 13.698 13.8322 13.9677 14.1045 14.2228 14.3222 14.4223 14.523 14.6042 14.6857 14.7678 14.8503 14.9124 14.9749 15.0375 15.1215 15.1637 15.206 15.2272 15.2484 15.2697 15.2909 15.2909 15.3122 15.3122 15.3336
15.3336 15.3336 15.3122 15.3122 15.2909 15.2909 15.2697 15.2484 15.2272 15.206 15.1848 15.1426 15.0585 14.9957 14.9332 14.871 14.809 14.7267 14.6449 14.5636 14.4827 14.3822 14.2824 14.1833 14.0653 13.9482 13.8322 13.7171 13.6219 13.5086 13.4523 13.3962 13.3775 13.3962 13.4523 13.5274 13.6219 13.7171 13.8322 13.9482 14.0653 14.1833 14.2824 14.3822 14.4827 14.5636 14.6449 14.7267 14.7883 14.871 14.9332 14.9957 15.0585 15.1215 15.1848 15.206 15.2272 15.2484 15.2697 15.2909 15.2909 15.3122 15.3122 15.3336
15.3336 15.3336 15.3122 15.3122 15.2909 15.2909 15.2697 15.2484 15.2484 15.206 15.1848 15.1426 15.0795 15.0166 14.954 14.8917 14.8296 14.7472 14.6857 14.6042 14.523 14.4424 14.3622 14.2625 14.1635 14.0653 13.9677 13.8708 13.7937 13.698 13.6599 13.6219 13.603 13.6219 13.6409 13.7171 13.7937 13.8708 13.9677 14.0653 14.1635 14.2625 14.3622 14.4424 14.523 14.6245 14.6857 14.7678 14.8296 14.8917 14.954 15.0166 15.0795 15.1426 15.1848 15.2272 15.2484 15.2484 15.2697 15.2909 15.2909 15.3122 15.3122 15.3336
15.3336 15.3336 15.3122 15.3122 15.2909 15.2909 15.2697 15.2697 15.2484 15.2272 15.206 15.1637 15.1215 15.0585 14.9957 14.9332 14.871 14.7883 14.7267 14.6653 14.5838 14.523 14.4424 14.3422 14.2625 14.1833 14.0849 14.0066 13.9482 13.8708 13.8322 13.8129 13.7937 13.8129 13.8322 13.8901 13.9482 14.0066 14.0849 14.1833 14.2625 14.3422 14.4424 14.5028 14.5838 14.6653 14.7267 14.809 14.871 14.9332 14.9957 15.0585 15.1215 15.1637 15.206 15.2272 15.2484 15.2697 15.2697 15.2909 15.2909 15.3122 15.3122 15.3336
15.3336 15.3336 15.3336 15.3122 15.3122 15.2909 15.2697 15.2697 15.2484 15.2272 15.206 15.1848 15.1426 15.0795 15.0166 14.954 14.8917 14.8296 14.7678 14.7062 14.6449 14.5838 14.5028 14.4223 14.3622 14.2824 14.2228 14.1438 14.0849 14.0457 14.0066 13.9677 13.9677 13.9871 14.0066 14.0457 14.0849 14.1438 14.2228 14.2824 14.3622 14.4424 14.5028 14.5838 14.6449 14.7062 14.7678 14.8503 14.8917 14.954 15.0166 15.0795 15.1426 15.1848 15.206 15.2484 15.2484 15.2697 15.2697 15.2909 15.2909 15.3122 15.3336 15.3336
15.3549 15.3336 15.3336 15.3122 15.3122 15.2909 15.2909 15.2697 15.2697 15.2484 15.2272 15.206 15.1637 15.1215 15.0585 14.9957 14.9332 14.871 14.8296 14.7678 14.7062 14.6449 14.5838 14.5028 14.4424 14.3822 14.3222 14.2625 14.2228 14.1833 14.1438 14.1242 14.1242 14.1242 14.1438 14.1833 14.2228 14.2625 14.3222 14.3822 14.4424 14.5028 14.5838 14.6449 14.7062 14.7678 14.8296 14.8917 14.9332 14.9957 15.0585 15.1215 15.1637 15.206 15.2272 15.2484 15.2697 15.2697 15.2909 15.2909 15.3122 15.3122 15.3336 15.3336
15.3549 15.3336 15.3336 15.3336 15.3122 15.2909 15.2909 15.2697 15.2697 15.2484 15.2272 15.2272 15.1848 15.1426 15.1005 15.0375 14.9749 14.9124 14.871 14.809 14.7678 14.7062 14.6449 14.5838 14.523 14.4827 14.4223 14.3822 14.3422 14.3023 14.2824 14.2625 14.2625 14.2625 14.2824 14.3023 14.3422 14.3822 14.4223 14.4827 14.523 14.5838 14.6449 14.7062 14.7678 14.809 14.871 14.9332 14.9749 15.0375 15.1005 15.1426 15.1848 15.2272 15.2272 15.2484 15.2697 15.2697 15.2909 15.3122 15.3122 15.3336 15.3336 15.3336
15.3549 15.3549 15.3336 15.3336 15.3122 15.3122 15.2909 15.2909 15.2697 15.2697 15.2484 15.2272 15.206 15.1637 15.1215 15.0795 15.0166 14.9749 14.9124 14.871 14.809 14.7678 14.7062 14.6653 14.6245 14.5636 14.523 14.4827 14.4424 14.4223 14.4022 14.3822 14.3822 14.3822 14.4022 14.4223 14.4424 14.4827 14.523 14.5636 14.6042 14.6653 14.7062 14.7678 14.809 14.871 14.9124 14.9749 15.0166 15.0795 15.1215 15.1637 15.206 15.2272 15.2484 15.2697 15.2697 15.2909 15.2909 15.3122 15.3122 15.3336 15.3336 15.3549
15.3549 15.3549 15.3336 15.3336 15.3122 15.3122 15.2909 15.2909 15.2909 15.2697 15.2484 15.2484 15.206 15.1848 15.1637 15.1215 15.0795 15.0166 14.954 14.9124 14.871 14.8296 14.7678 14.7267 14.6857 14.6449 14.6042 14.5838 14.5433 14.523 14.5028 14.4827 14.4827 14.5028 14.5028 14.523 14.5433 14.5838 14.6042 14.6449 14.6857 14.7267 14.7678 14.8296 14.871 14.9124 14.954 15.0166 15.0795 15.1215 15.1637 15.1848 15.206 15.2484 15.2484 15.2697 15.2909 15.2909 15.2909 15.3122 15.3122 15.3336 15.3336 15.3549
15.3549 15.3549 15.3549 15.3336 15.3336 15.3122 15.3122 15.2909 15.2909 15.2697 15.2697 15.2484 15.2272 15.206 15.1848 15.1637 15.1215 15.0795 15.0166 14.9749 14.9332 14.8917 14.8503 14.809 14.7678 14.7267 14.6857 14.6653 14.6449 14.6245 14.6042 14.6042 14.5838 14.6042 14.6042 14.6245 14.6449 14.6653 14.6857 14.7267 14.7678 14.809 14.8503 14.8917 14.9332 14.9749 15.0166 15.0795 15.1215 15.1637 15.1848 15.206 15.2272 15.2484 15.2697 15.2697 15.2909 15.2909 15.3122 15.3122 15.3336 15.3336 15.3336 15.3549
15.3549 15.3549 15.3549 15.3336 15.3336 15.3122 15.3122 15.3122 15.2909 15.2909 15.2697 15.2484 15.2272 15.2272 15.206 15.1848 15.1426 15.1215 15.0795 15.0166 14.9749 14.9332 14.8917 14.871 14.8296 14.7883 14.7678 14.7472 14.7267 14.7062 14.6857 14.6857 14.6857 14.6857 14.6857 14.7062 14.7267 14.7472 14.7678 14.7883 14.8296 14.871 14.8917 14.9332 14.9749 15.0166 15.0795 15.1215 15.1426 15.1848 15.206 15.2272 15.2272 15.2697 15.2697 15.2909 15.2909 15.3122 15.3122 15.3122 15.3336 15.3336 15.3549 15.3549
15.3549 15.3549 15.3549 15.3336 15.3336 15.3336 15.3122 15.3122 15.3122 15.2909 15.2909 15.2697 15.2484 15.2272 15.206 15.206 15.1848 15.1637 15.1215 15.0795 15.0375 14.9957 14.954 14.9332 14.8917 14.871 14.8503 14.809 14.7883 14.7883 14.7678 14.7678 14.7678 14.7678 14.7678 14.7883 14.7883 14.809 14.8296 14.871 14.8917 14.9332 14.954 14.9957 15.0375 15.0795 15.1215 15.1637 15.1848 15.206 15.206 15.2272 15.2484 15.2697 15.2697 15.2909 15.2909 15.3122 15.3122 15.3336 15.3336 15.3549 15.3549 15.3549
15.3763 15.3549 15.3549 15.3549 15.3336 15.3336 15.3336 15.3122 15.3122 15.2909 15.2909 15.2697 15.2697 15.2484 15.2272 15.206 15.206 15.1848 15.1637 15.1215 15.1005 15.0585 15.0166 14.9957 14.954 14.9332 14.9124 14.8917 14.871 14.8503 14.8503 14.8296 14.8296 14.8296 14.8503 14.8503 14.871 14.8917 14.9124 14.9332 14.954 14.9957 15.0166 15.0585 15.1005 15.1215 15.1637 15.1848 15.206 15.206 15.2272 15.2484 15.2484 15.2909 15.2909 15.3122 15.3122 15.3122 15.3336 15.3336 15.3336 15.3549 15.3549 15.3549
15.3763 15.3763 15.3763 15.3549 15.3549 15.3549 15.3336 15.3336 15.3336 15.3122 15.3122 15.2909 15.2697 15.2484 15.2484 15.2272 15.2272 15.206 15.1848 15.1637 15.1426 15.1215 15.0795 15.0585 15.0166 14.9957 14.9749 14.954 14.9332 14.9332 14.9124 14.9124 14.9124 14.9124 14.9124 14.9332 14.9332 14.954 14.9749 14.9957 15.0166 15.0585 15.0795 15.1215 15.1426 15.1637 15.1848 15.206 15.2272 15.2272 15.2484 15.2484 15.2697 15.2909 15.3122 15.3122 15.3336 15.3336 15.3336 15.3549 15.3549 15.3549 15.3549 15.3763
15.3763 15.3763 15.3549 15.3549 15.3549 15.3549 15.3549 15.3336 15.3336 15.3336 15.3336 15.3122 15.2909 15.2697 15.2484 15.2484 15.2272 15.2272 15.206 15.206 15.1848 15.1637 15.1426 15.1215 15.1005 15.0585 15.0375 15.0166 15.0166 14.9957 14.9957 14.9749 14.9749 14.9749 14.9957 14.9957 15.0166 15.0166 15.0375 15.0585 15.0795 15.1215 15.1426 15.1637 15.1848 15.206 15.206 15.2272 15.2272 15.2484 15.2484 15.2697 15.2909 15.3122 15.3122 15.3336 15.3336 15.3336 15.3549 15.3549 15.3549 15.3549 15.3549 15.3763
15.3763 15.3763 15.3763 15.3549 15.3549 15.3549 15.3549 15.3549 15.3336 15.3336 15.3336 15.3336 15.3122 15.2909 15.2909 15.2697 15.2697 15.2484 15.2272 15.2272 15.206 15.206 15.1848 15.1637 15.1426 15.1215 15.1215 15.1005 15.0795 15.0585 15.0585 15.0585 15.0585 15.0585 15.0585 15.0585 15.0795 15.1005 15.1215 15.1426 15.1426 15.1637 15.1848 15.206 15.206 15.2272 15.2484 15.2484 15.2697 15.2697 15.2909 15.2909 15.3122 15.3336 15.3336 15.3336 15.3336 15.3549 15.3549 15.3549 15.3549 15.3549 15.3549 15.3763
15.3763 15.3763 15.3549 15.3549 15.3549 15.3549 15.3549 15.3549 15.3336 15.3336 15.3336 15.3336 15.3336 15.3122 15.2909 15.2909 15.2697 15.2697 15.2484 15.2484 15.2272 15.2272 15.206 15.206 15.1848 15.1848 15.1637 15.1637 15.1426 15.1426 15.1215 15.1215 15.1215 15.1215 15.1426 15.1215 15.1426 15.1637 15.1637 15.1848 15.1848 15.206 15.206 15.2272 15.2272 15.2484 15.2484 15.2697 15.2697 15.2909 15.2909 15.3122 15.3122 15.3336 15.3336 15.3336 15.3336 15.3549 15.3549 15.3549 15.3549 15.3549 15.3549 15.3763
15.3763 15.3763 15.3763 15.3549 15.3549 15.3549 15.3549 15.3549 15.3549 15.3549 15.3336 15.3336 15.3336 15.3122 15.3122 15.2909 15.2909 15.2909 15.2697 15.2697 15.2484 15.2484 15.2484 15.2272 15.2272 15.206 15.206 15.1848 15.1848 15.1848 15.1848 15.1848 15.1848 15.1848 15.1848 15.1848 15.1848 15.1848 15.206 15.206 15.2272 15.2272 15.2272 15.2484 15.2484 15.2697 15.2697 15.2697 15.2909 15.2909 15.3122 15.3122 15.3336 15.3336 15.3336 15.3549 15.3549 15.3549 15.3549 15.3549 15.3549 15.3549 15.3549 15.3763
15.3763 15.3763 15.3549 15.3549 15.3549 15.3549 15.3549 15.3549 15.3549 15.3549 15.3336 15.3336 15.3336 15.3336 15.3122 15.2909 15.2909 15.2909 15.2909 15.2697 15.2697 15.2697 15.2484 15.2484 15.2484 15.2272 15.2272 15.2272 15.206 15.206 15.206 15.206 15.206 15.206 15.206 15.206 15.206 15.2272 15.2272 15.2272 15.2484 15.2484 15.2484 15.2697 15.2697 15.2697 15.2909 15.2909 15.2909 15.3122 15.3122 15.3336 15.3336 15.3336 15.3336 15.3549 15.3549 15.3549 15.3549 15.3549 15.3549 15.3549 15.3549 15.3763
15.3763 15.3763 15.3763 15.3763 15.3549 15.3549 15.3549 15.3549 15.3549 15.3549 15.3549 15.3549 15.3336 15.3336 15.3122 15.3122 15.2909 15.2909 15.2909 15.2909 15.2697 15.2697 15.2697 15.2697 15.2697 15.2484 15.2484 15.2484 15.2272 15.2272 15.2272 15.2272 15.2272 15.2272 15.2272 15.2272 15.2272 15.2484 15.2484 15.2484 15.2484 15.2697 15.2697 15.2697 15.2697 15.2909 15.2909 15.2909 15.2909 15.3122 15.3122 15.3336 15.3336 15.3549 15.3549 15.3549 15.3549 15.3549 15.3549 15.3549 15.3549 15.3763 15.3763 15.3763
15.3763 15.3763 15.3763 15.3549 15.3549 15.3549 15.3549 15.3549 15.3549 15.3549 15.3549 15.3549 15.3549 15.3336 15.3336 15.3122 15.3122 15.3122 15.2909 15.2909 15.2909 15.2909 15.2697 15.2697 15.2697 15.2697 15.2697 15.2697 15.2484 15.2484 15.2484 15.2484 15.2272 15.2484 15.2484 15.2484 15.2484 15.2697 15.2697 15.2697 15.2697 15.2697 15.2697 15.2909 15.2909 15.2909 15.2909 15.3122 15.3122 15.3336 15.3336 15.3336 15.3549 15.3549 15.3549 15.3549 15.3549 15.3549 15.3549 15.3549 15.3549 15.3763 15.3763 15.3763
15.3763 15.3763 15.3763 15.3763 15.3763 15.3549 15.3549 15.3549 15.3549 15.3549 15.3549 15.3549 15.3549 15.3549 15.3336 15.3336 15.3122 15.3122 15.3122 15.3122 15.3122 15.2909 15.2909 15.2909 15.2909 15.2909 15.2909 15.2697 15.2697 15.2697 15.2697 15.2697 15.2697 15.2697 15.2697 15.2697 15.2697 15.2697 15.2909 15.2909 15.2909 15.2909 15.2909 15.2909 15.2909 15.3122 15.3122 15.3122 15.3122 15.3336 15.3336 15.3549 15.3549 15.3549 15.3549 15.3549 15.3549 15.3549 15.3549 15.3549 15.3549 15.3763 15.3763 15.3763
15.3763 15.3763 15.3763 15.3763 15.3763 15.3549 15.3549 15.3549 15.3549 15.3549 15.3549 15.3549 15.3549 15.3549 15.3336 15.3336 15.3336 15.3336 15.3122 15.3122 15.3122 15.3122 15.3122 15.2909 15.2909 15.2909 15.2909 15.2909 15.2909 15.2909 15.2909 15.2909 15.2909 15.2909 15.2909 15.2909 15.2909 15.2909 15.2909 15.2909 15.2909 15.2909 15.2909 15.3122 15.3122 15.3122 15.3122 15.3336 15.3336 15.3336 15.3336 15.3549 15.3549 15.3549 15.3549 15.3549 15.3549 15.3549 15.3549 15.3763 15.3763 15.3763 15.3763 15.3763
15.3763 15.3763 15.3763 15.3763 15.3763 15.3763 15.3763 15.3763 15.3549 15.3549 15.3549 15.3549 15.3549 15.3549 15.3549 15.3549 15.3336 15.3336 15.3336 15.3336 15.3336 15.3122 15.3122 15.3122 15.3122 15.3122 15.3122 15.3122 15.3122 15.3122 15.3122 15.3122 15.3122 15.3122 15.3122 15.3122 15.3122 15.3122 15.3122 15.3122 15.3122 15.3122 15.3122 15.3122 15.3336 15.3336 15.3336 15.3336 15.3336 15.3549 15.3549 15.3549 15.3549 15.3549 15.3549 15.3549 15.3549 15.3763 15.3549 15.3763 15.3763 15.3763 15.3763 15.3763
15.3763 15.3763 15.3763 15.3763 15.3763 15.3763 15.3763 15.3763 15.3549 15.3549 15.3549 15.3549 15.3549 15.3549 15.3549 15.3549 15.3549 15.3549 15.3336 15.3336 15.3336 15.3336 15.3336 15.3122 15.3122 15.3122 15.3122 15.3122 15.3122 15.3122 15.3336 15.3336 15.3336 15.3336 15.3336 15.3122 15.3122 15.3122 15.3122 15.3122 15.3122 15.3122 15.3336 15.3336 15.3336 15.3336 15.3336 15.3549 15.3549 15.3549 15.3549 15.3763 15.3549 15.3763 15.3549 15.3763 15.3549 15.3763 15.3763 15.3763 15.3763 15.3763 15.3763 15.3763
15.3763 15.3763 15.3763 15.3763 15.3763 15.3763 15.3763 15.3763 15.3763 15.3763 15.3763 15.3763 15.3763 15.3763 15.3549 15.3549 15.3549 15.3549 15.3549 15.3549 15.3336 15.3336 15.3336 15.3336 15.3336 15.3336 15.3336 15.3336 15.3336 15.3336 15.3336 15.3336 15.3336 15.3336 15.3336 15.3336 15.3336 15.3336 15.3336 15.3336 15.3336 15.3336 15.3336 15.3336 15.3336 15.3549 15.3549 15.3549 15.3549 15.3549 15.3549 15.3763 15.3763 15.3763 15.3763 15.3763 15.3763 15.3763 15.3763 15.3763 15.3763 15.3763 15.3763 15.3763
