# F15: plane through the middle of the run be_net/gow17 (last dump), p_ = prim, u_ = uov;
# ndir = diffuse directions, iterations to convergence (-1: not converged)
@ x 64
-2.95312
-2.85938
-2.76562
-2.67188
-2.57812
-2.48438
-2.39062
-2.29688
-2.20312
-2.10938
-2.01562
-1.92188
-1.82812
-1.73438
-1.64062
-1.54688
-1.45312
-1.35938
-1.26562
-1.17188
-1.07812
-0.984375
-0.890625
-0.796875
-0.703125
-0.609375
-0.515625
-0.421875
-0.328125
-0.234375
-0.140625
-0.046875
0.046875
0.140625
0.234375
0.328125
0.421875
0.515625
0.609375
0.703125
0.796875
0.890625
0.984375
1.07812
1.17188
1.26562
1.35938
1.45312
1.54688
1.64062
1.73438
1.82812
1.92188
2.01562
2.10938
2.20312
2.29688
2.39062
2.48438
2.57812
2.67188
2.76562
2.85938
2.95312
@ y 64
-2.95312
-2.85938
-2.76562
-2.67188
-2.57812
-2.48438
-2.39062
-2.29688
-2.20312
-2.10938
-2.01562
-1.92188
-1.82812
-1.73438
-1.64062
-1.54688
-1.45312
-1.35938
-1.26562
-1.17188
-1.07812
-0.984375
-0.890625
-0.796875
-0.703125
-0.609375
-0.515625
-0.421875
-0.328125
-0.234375
-0.140625
-0.046875
0.046875
0.140625
0.234375
0.328125
0.421875
0.515625
0.609375
0.703125
0.796875
0.890625
0.984375
1.07812
1.17188
1.26562
1.35938
1.45312
1.54688
1.64062
1.73438
1.82812
1.92188
2.01562
2.10938
2.20312
2.29688
2.39062
2.48438
2.57812
2.67188
2.76562
2.85938
2.95312
@ ndir 
48
@ iterations 
21
@ p_rho 64 64
0.07 0.07 0.07 0.07 0.07 0.07 0.07 0.07 0.07 0.07 0.07 0.07 0.07 0.07 0.07 0.07 0.07 0.07 0.07 0.07 0.07 0.07 0.07 0.07 0.07 0.07 0.07 0.07 0.07 0.07 0.07 0.07 0.07 0.07 0.07 0.07 0.07 0.07 0.07 0.07 0.07 0.07 0.07 0.07 0.07 0.07 0.07 0.07 0.07 0.07 0.07 0.07 0.07 0.07 0.07 0.07 0.07 0.07 0.07 0.07 0.07 0.07 0.07 0.07
0.07 0.07 0.07 0.07 0.07 0.07 0.07 0.07 0.07 0.07 0.07 0.07 0.07 0.07 0.07 0.07 0.07 0.07 0.07 0.07 0.07 0.07 0.07 0.07 0.07 0.07 0.07 0.07 0.07 0.07 0.07 0.07 0.07 0.07 0.07 0.07 0.07 0.07 0.07 0.07 0.07 0.07 0.07 0.07 0.07 0.07 0.07 0.07 0.07 0.07 0.07 0.07 0.07 0.07 0.07 0.07 0.07 0.07 0.07 0.07 0.07 0.07 0.07 0.07
0.07 0.07 0.07 0.07 0.07 0.07 0.07 0.07 0.07 0.07 0.07 0.07 0.07 0.07 0.07 0.07 0.07 0.07 0.07 0.07 0.07 0.07 0.07 0.07 0.07 0.07 0.07 0.07 0.07 0.07 0.07 0.07 0.07 0.07 0.07 0.07 0.07 0.07 0.07 0.07 0.07 0.07 0.07 0.07 0.07 0.07 0.07 0.07 0.07 0.07 0.07 0.07 0.07 0.07 0.07 0.07 0.07 0.07 0.07 0.07 0.07 0.07 0.07 0.07
0.07 0.07 0.07 0.07 0.07 0.07 0.07 0.07 0.07 0.07 0.07 0.07 0.07 0.07 0.07 0.07 0.07 0.07 0.07 0.07 0.07 0.07 0.07 0.07 0.07 0.07 0.07 0.07 0.07 0.07 0.07 0.07 0.07 0.07 0.07 0.07 0.07 0.07 0.07 0.07 0.07 0.07 0.07 0.07 0.07 0.07 0.07 0.07 0.07 0.07 0.07 0.07 0.07 0.07 0.07 0.07 0.07 0.07 0.07 0.07 0.07 0.07 0.07 0.07
0.07 0.07 0.07 0.07 0.07 0.07 0.07 0.07 0.07 0.07 0.07 0.07 0.07 0.07 0.07 0.07 0.07 0.07 0.07 0.07 0.07 0.07 0.07 0.07 0.07 0.07 0.07 0.07 0.07 0.07 0.07 0.07 0.07 0.07 0.07 0.07 0.07 0.07 0.07 0.07 0.07 0.07 0.07 0.07 0.07 0.07 0.07 0.07 0.07 0.07 0.07 0.07 0.07 0.07 0.07 0.07 0.07 0.07 0.07 0.07 0.07 0.07 0.07 0.07
0.07 0.07 0.07 0.07 0.07 0.07 0.07 0.07 0.07 0.07 0.07 0.07 0.07 0.07 0.07 0.07 0.07 0.07 0.07 0.07 0.07 0.07 0.07 0.07 0.07 0.07 0.07 0.07 0.07 0.07 0.07 0.07 0.07 0.07 0.07 0.07 0.07 0.07 0.07 0.07 0.07 0.07 0.07 0.07 0.07 0.07 0.07 0.07 0.07 0.07 0.07 0.07 0.07 0.07 0.07 0.07 0.07 0.07 0.07 0.07 0.07 0.07 0.07 0.07
0.07 0.07 0.07 0.07 0.07 0.07 0.07 0.07 0.07 0.07 0.07 0.07 0.07 0.07 0.07 0.07 0.07 0.07 0.07 0.07 0.07 0.07 0.07 0.07 0.07 0.07 0.07 0.07 0.07 0.07 0.07 0.07 0.07 0.07 0.07 0.07 0.07 0.07 0.07 0.07 0.07 0.07 0.07 0.07 0.07 0.07 0.07 0.07 0.07 0.07 0.07 0.07 0.07 0.07 0.07 0.07 0.07 0.07 0.07 0.07 0.07 0.07 0.07 0.07
0.07 0.07 0.07 0.07 0.07 0.07 0.07 0.07 0.07 0.07 0.07 0.07 0.07 0.07 0.07 0.07 0.07 0.07 0.07 0.07 0.07 0.07 0.07 0.07 0.07 0.07 0.07 0.07 0.07 0.07 0.07 0.07 0.07 0.07 0.07 0.07 0.07 0.07 0.07 0.07 0.07 0.07 0.07 0.07 0.07 0.07 0.07 0.07 0.07 0.07 0.07 0.07 0.07 0.07 0.07 0.07 0.07 0.07 0.07 0.07 0.07 0.07 0.07 0.07
0.07 0.07 0.07 0.07 0.07 0.07 0.07 0.07 0.07 0.07 0.07 0.07 0.07 0.07 0.07 0.07 0.07 0.07 0.07 0.07 0.07 0.07 0.07 0.07 0.07 0.07 0.07 0.07 0.07 0.07 0.07 0.07 0.07 0.07 0.07 0.07 0.07 0.07 0.07 0.07 0.07 0.07 0.07 0.07 0.07 0.07 0.07 0.07 0.07 0.07 0.07 0.07 0.07 0.07 0.07 0.07 0.07 0.07 0.07 0.07 0.07 0.07 0.07 0.07
0.07 0.07 0.07 0.07 0.07 0.07 0.07 0.07 0.07 0.07 0.07 0.07 0.07 0.07 0.07 0.07 0.07 0.07 0.07 0.07 0.07 0.07 0.07 0.07 0.07 0.07 0.07 0.07 0.07 0.07 0.07 0.07 0.07 0.07 0.07 0.07 0.07 0.07 0.07 0.07 0.07 0.07 0.07 0.07 0.07 0.07 0.07 0.07 0.07 0.07 0.07 0.07 0.07 0.07 0.07 0.07 0.07 0.07 0.07 0.07 0.07 0.07 0.07 0.07
0.07 0.07 0.07 0.07 0.07 0.07 0.07 0.07 0.07 0.07 0.07 0.07 0.07 0.07 0.07 0.07 0.07 0.07 0.07 0.07 0.07 0.07 0.07 0.07 0.07 0.07 0.07 0.07 0.07 0.07 0.07 0.07 0.07 0.07 0.07 0.07 0.07 0.07 0.07 0.07 0.07 0.07 0.07 0.07 0.07 0.07 0.07 0.07 0.07 0.07 0.07 0.07 0.07 0.07 0.07 0.07 0.07 0.07 0.07 0.07 0.07 0.07 0.07 0.07
0.07 0.07 0.07 0.07 0.07 0.07 0.07 0.07 0.07 0.07 0.07 0.07 0.07 0.07 0.07 0.07 0.07 0.07 0.07 0.07 0.07 0.07 0.07 0.07 0.07 0.07 0.07 13.1723 26.5608 33.5818 40.5898 40.94 41.0579 40.94 40.5898 33.5818 26.5608 13.1723 0.07 0.07 0.07 0.07 0.07 0.07 0.07 0.07 0.07 0.07 0.07 0.07 0.07 0.07 0.07 0.07 0.07 0.07 0.07 0.07 0.07 0.07 0.07 0.07 0.07 0.07
0.07 0.07 0.07 0.07 0.07 0.07 0.07 0.07 0.07 0.07 0.07 0.07 0.07 0.07 0.07 0.07 0.07 0.07 0.07 0.07 0.07 0.07 0.07 0.07 16.4703 33.6815 51.4761 56.4874 58.0253 59.2736 60.1946 60.7595 60.9499 60.7595 60.1946 59.2736 58.0253 56.4874 51.4761 33.6815 16.4703 0.07 0.07 0.07 0.07 0.07 0.07 0.07 0.07 0.07 0.07 0.07 0.07 0.07 0.07 0.07 0.07 0.07 0.07 0.07 0.07 0.07 0.07 0.07
0.07 0.07 0.07 0.07 0.07 0.07 0.07 0.07 0.07 0.07 0.07 0.07 0.07 0.07 0.07 0.07 0.07 0.07 0.07 0.07 0.07 0.07 19.8388 47.4084 56.4874 59.0924 61.5274 63.73 65.6379 67.1927 68.3434 69.0506 69.2892 69.0506 68.3434 67.1927 65.6379 63.73 61.5274 59.0924 56.4874 47.4084 19.8388 0.07 0.07 0.07 0.07 0.07 0.07 0.07 0.07 0.07 0.07 0.07 0.07 0.07 0.07 0.07 0.07 0.07 0.07 0.07 0.07 0.07
0.07 0.07 0.07 0.07 0.07 0.07 0.07 0.07 0.07 0.07 0.07 0.07 0.07 0.07 0.07 0.07 0.07 0.07 0.07 0.07 9.89082 40.5743 56.6547 60.0084 63.3192 66.5185 69.5293 72.2695 74.6558 76.6092 78.06 78.9538 79.2557 78.9538 78.06 76.6092 74.6558 72.2695 69.5293 66.5185 63.3192 60.0084 56.6547 40.5743 9.89082 0.07 0.07 0.07 0.07 0.07 0.07 0.07 0.07 0.07 0.07 0.07 0.07 0.07 0.07 0.07 0.07 0.07 0.07 0.07
0.07 0.07 0.07 0.07 0.07 0.07 0.07 0.07 0.07 0.07 0.07 0.07 0.07 0.07 0.07 0.07 0.07 0.07 0.07 23.2262 55.18 59.0924 63.1156 67.1927 71.2514 75.205 78.9538 82.3892 85.3992 87.8756 89.7222 90.8628 91.2486 90.8628 89.7222 87.8756 85.3992 82.3892 78.9538 75.205 71.2514 67.1927 63.1156 59.0924 55.18 23.2262 0.07 0.07 0.07 0.07 0.07 0.07 0.07 0.07 0.07 0.07 0.07 0.07 0.07 0.07 0.07 0.07 0.07 0.07
0.07 0.07 0.07 0.07 0.07 0.07 0.07 0.07 0.07 0.07 0.07 0.07 0.07 0.07 0.07 0.07 0.07 0.07 33.3771 56.4875 60.9499 65.6379 70.5043 75.4822 80.4837 85.3992 90.0996 94.4405 98.2701 101.439 103.812 105.283 105.781 105.283 103.812 101.439 98.2701 94.4405 90.0996 85.3992 80.4837 75.4822 70.5043 65.6379 60.9499 56.4875 33.3771 0.07 0.07 0.07 0.07 0.07 0.07 0.07 0.07 0.07 0.07 0.07 0.07 0.07 0.07 0.07 0.07 0.07
0.07 0.07 0.07 0.07 0.07 0.07 0.07 0.07 0.07 0.07 0.07 0.07 0.07 0.07 0.07 0.07 0.07 33.5665 57.1619 62.1146 67.4201 73.0499 78.9538 85.0554 91.2486 97.3961 103.33 108.858 113.773 117.867 120.949 122.865 123.516 122.865 120.949 117.867 113.773 108.858 103.33 97.3961 91.2486 85.0554 78.9538 73.0499 67.4201 62.1146 57.1619 33.5665 0.07 0.07 0.07 0.07 0.07 0.07 0.07 0.07 0.07 0.07 0.07 0.07 0.07 0.07 0.07 0.07
0.07 0.07 0.07 0.07 0.07 0.07 0.07 0.07 0.07 0.07 0.07 0.07 0.07 0.07 0.07 0.07 33.3771 57.1619 62.5117 68.3435 74.6559 81.4268 88.6063 96.1101 103.812 111.543 119.083 126.178 132.541 137.88 141.924 144.448 145.307 144.448 141.924 137.88 132.541 126.178 119.083 111.543 103.812 96.1101 88.6063 81.4268 74.6559 68.3435 62.5117 57.1619 33.3771 0.07 0.07 0.07 0.07 0.07 0.07 0.07 0.07 0.07 0.07 0.07 0.07 0.07 0.07 0.07
0.07 0.07 0.07 0.07 0.07 0.07 0.07 0.07 0.07 0.07 0.07 0.07 0.07 0.07 0.07 23.2262 56.4875 62.1146 68.3435 75.205 82.7145 90.8628 99.6069 108.858 118.473 128.239 137.88 147.05 155.358 162.388 167.748 171.111 172.257 171.111 167.748 162.388 155.358 147.05 137.88 128.239 118.473 108.858 99.6069 90.8628 82.7145 75.205 68.3435 62.1146 56.4875 23.2262 0.07 0.07 0.07 0.07 0.07 0.07 0.07 0.07 0.07 0.07 0.07 0.07 0.07 0.07
0.07 0.07 0.07 0.07 0.07 0.07 0.07 0.07 0.07 0.07 0.07 0.07 0.07 0.07 9.89082 55.18 60.9499 67.4201 74.6559 82.7145 91.6373 101.439 112.093 123.516 135.547 147.936 160.325 172.257 183.188 192.529 199.706 204.233 205.78 204.233 199.706 192.529 183.188 172.257 160.325 147.936 135.547 123.516 112.093 101.439 91.6373 82.7145 74.6559 67.4201 60.9499 55.18 9.89082 0.07 0.07 0.07 0.07 0.07 0.07 0.07 0.07 0.07 0.07 0.07 0.07 0.07
0.07 0.07 0.07 0.07 0.07 0.07 0.07 0.07 0.07 0.07 0.07 0.07 0.07 0.07 40.5743 59.0924 65.6379 73.0499 81.4268 90.8628 101.439 113.208 126.178 140.282 155.358 171.111 187.096 202.705 217.188 229.702 239.401 245.556 247.667 245.556 239.401 229.702 217.188 202.705 187.096 171.111 155.358 140.282 126.178 113.208 101.439 90.8628 81.4268 73.0499 65.6379 59.0924 40.5743 0.07 0.07 0.07 0.07 0.07 0.07 0.07 0.07 0.07 0.07 0.07 0.07 0.07
0.07 0.07 0.07 0.07 0.07 0.07 0.07 0.07 0.07 0.07 0.07 0.07 0.07 19.8388 56.6547 63.1156 70.5043 78.9538 88.6063 99.6069 112.093 126.178 141.924 159.31 178.189 198.236 218.905 239.402 258.692 275.569 288.784 297.228 300.135 297.228 288.784 275.569 258.692 239.402 218.905 198.236 178.189 159.31 141.924 126.178 112.093 99.6069 88.6063 78.9538 70.5043 63.1156 56.6547 19.8388 0.07 0.07 0.07 0.07 0.07 0.07 0.07 0.07 0.07 0.07 0.07 0.07
0.07 0.07 0.07 0.07 0.07 0.07 0.07 0.07 0.07 0.07 0.07 0.07 0.07 47.4084 60.0084 67.1927 75.4822 85.0554 96.1101 108.858 123.516 140.282 159.31 180.659 204.233 229.702 256.423 283.374 309.145 332.011 350.119 361.785 365.817 361.785 350.119 332.011 309.145 283.374 256.423 229.702 204.233 180.659 159.31 140.282 123.516 108.858 96.1101 85.0554 75.4822 67.1927 60.0084 47.4084 0.07 0.07 0.07 0.07 0.07 0.07 0.07 0.07 0.07 0.07 0.07 0.07
0.07 0.07 0.07 0.07 0.07 0.07 0.07 0.07 0.07 0.07 0.07 0.07 16.4703 56.4874 63.3192 71.2514 80.4837 91.2486 103.812 118.473 135.547 155.358 178.189 204.233 233.501 265.708 300.136 335.507 369.925 400.942 425.822 441.997 447.615 441.997 425.822 400.942 369.925 335.507 300.136 265.708 233.501 204.233 178.189 155.358 135.547 118.473 103.812 91.2486 80.4837 71.2514 63.3192 56.4874 16.4703 0.07 0.07 0.07 0.07 0.07 0.07 0.07 0.07 0.07 0.07 0.07
0.07 0.07 0.07 0.07 0.07 0.07 0.07 0.07 0.07 0.07 0.07 0.07 33.6815 59.0924 66.5185 75.205 85.3992 97.3961 111.543 128.239 147.936 171.111 198.236 229.702 265.708 306.093 350.12 396.253 441.998 483.932 518.047 540.452 548.275 540.452 518.047 483.932 441.998 396.253 350.12 306.093 265.708 229.702 198.236 171.111 147.936 128.239 111.543 97.3961 85.3992 75.205 66.5185 59.0924 33.6815 0.07 0.07 0.07 0.07 0.07 0.07 0.07 0.07 0.07 0.07 0.07
0.07 0.07 0.07 0.07 0.07 0.07 0.07 0.07 0.07 0.07 0.07 0.07 51.4761 61.5274 69.5293 78.9538 90.0996 103.33 119.083 137.88 160.325 187.096 218.905 256.423 300.136 350.12 405.724 465.193 525.345 581.496 627.88 658.679 669.494 658.679 627.88 581.496 525.345 465.193 405.724 350.12 300.136 256.423 218.905 187.096 160.325 137.88 119.083 103.33 90.0996 78.9538 69.5293 61.5274 51.4761 0.07 0.07 0.07 0.07 0.07 0.07 0.07 0.07 0.07 0.07 0.07
0.07 0.07 0.07 0.07 0.07 0.07 0.07 0.07 0.07 0.07 0.07 13.1723 56.4874 63.73 72.2695 82.3892 94.4405 108.858 126.178 147.05 172.257 202.705 239.402 283.374 335.507 396.253 465.193 540.454 618.132 692.013 754.015 795.664 810.38 795.664 754.015 692.013 618.132 540.454 465.193 396.253 335.507 283.374 239.402 202.705 172.257 147.05 126.178 108.858 94.4405 82.3892 72.2695 63.73 56.4874 13.1723 0.07 0.07 0.07 0.07 0.07 0.07 0.07 0.07 0.07 0.07
0.07 0.07 0.07 0.07 0.07 0.07 0.07 0.07 0.07 0.07 0.07 26.5608 58.0253 65.6379 74.6558 85.3992 98.2701 113.773 132.541 155.358 183.188 217.188 258.692 309.145 369.925 441.998 525.345 618.132 715.786 810.381 891.02 945.816 965.295 945.816 891.02 810.381 715.786 618.132 525.345 441.998 369.925 309.145 258.692 217.188 183.188 155.358 132.541 113.773 98.2701 85.3992 74.6558 65.6379 58.0253 26.5608 0.07 0.07 0.07 0.07 0.07 0.07 0.07 0.07 0.07 0.07
0.07 0.07 0.07 0.07 0.07 0.07 0.07 0.07 0.07 0.07 0.07 33.5818 59.2736 67.1927 76.6092 87.8756 101.439 117.867 137.88 162.388 192.529 229.702 275.569 332.011 400.942 483.932 581.496 692.013 810.381 926.962 1027.78 1097.02 1121.78 1097.02 1027.78 926.962 810.381 692.013 581.496 483.932 400.942 332.011 275.569 229.702 192.529 162.388 137.88 117.867 101.439 87.8756 76.6092 67.1927 59.2736 33.5818 0.07 0.07 0.07 0.07 0.07 0.07 0.07 0.07 0.07 0.07
0.07 0.07 0.07 0.07 0.07 0.07 0.07 0.07 0.07 0.07 0.07 40.5898 60.1946 68.3434 78.06 89.7222 103.812 120.949 141.924 167.748 199.706 239.401 288.784 350.119 425.822 518.047 627.88 754.015 891.02 1027.78 1147.44 1230.35 1260.13 1230.35 1147.44 1027.78 891.02 754.015 627.88 518.047 425.822 350.119 288.784 239.401 199.706 167.748 141.924 120.949 103.812 89.7222 78.06 68.3434 60.1946 40.5898 0.07 0.07 0.07 0.07 0.07 0.07 0.07 0.07 0.07 0.07
0.07 0.07 0.07 0.07 0.07 0.07 0.07 0.07 0.07 0.07 0.07 40.94 60.7595 69.0506 78.9538 90.8628 105.283 122.865 144.448 171.111 204.233 245.556 297.228 361.785 441.997 540.452 658.679 795.664 945.816 1097.02 1230.35 1323.25 1356.73 1323.25 1230.35 1097.02 945.816 795.664 658.679 540.452 441.997 361.785 297.228 245.556 204.233 171.111 144.448 122.865 105.283 90.8628 78.9538 69.0506 60.7595 40.94 0.07 0.07 0.07 0.07 0.07 0.07 0.07 0.07 0.07 0.07
0.07 0.07 0.07 0.07 0.07 0.07 0.07 0.07 0.07 0.07 0.07 41.0579 60.9499 69.2892 79.2557 91.2486 105.781 123.516 145.307 172.257 205.78 247.667 300.135 365.817 447.615 548.275 669.494 810.38 965.295 1121.78 1260.13 1356.73 1391.58 1356.73 1260.13 1121.78 965.295 810.38 669.494 548.275 447.615 365.817 300.135 247.667 205.78 172.257 145.307 123.516 105.781 91.2486 79.2557 69.2892 60.9499 41.0579 0.07 0.07 0.07 0.07 0.07 0.07 0.07 0.07 0.07 0.07
0.07 0.07 0.07 0.07 0.07 0.07 0.07 0.07 0.07 0.07 0.07 40.94 60.7595 69.0506 78.9538 90.8628 105.283 122.865 144.448 171.111 204.233 245.556 297.228 361.785 441.997 540.452 658.679 795.664 945.816 1097.02 1230.35 1323.25 1356.73 1323.25 1230.35 1097.02 945.816 795.664 658.679 540.452 441.997 361.785 297.228 245.556 204.233 171.111 144.448 122.865 105.283 90.8628 78.9538 69.0506 60.7595 40.94 0.07 0.07 0.07 0.07 0.07 0.07 0.07 0.07 0.07 0.07
0.07 0.07 0.07 0.07 0.07 0.07 0.07 0.07 0.07 0.07 0.07 40.5898 60.1946 68.3434 78.06 89.7222 103.812 120.949 141.924 167.748 199.706 239.401 288.784 350.119 425.822 518.047 627.88 754.015 891.02 1027.78 1147.44 1230.35 1260.13 1230.35 1147.44 1027.78 891.02 754.015 627.88 518.047 425.822 350.119 288.784 239.401 199.706 167.748 141.924 120.949 103.812 89.7222 78.06 68.3434 60.1946 40.5898 0.07 0.07 0.07 0.07 0.07 0.07 0.07 0.07 0.07 0.07
0.07 0.07 0.07 0.07 0.07 0.07 0.07 0.07 0.07 0.07 0.07 33.5818 59.2736 67.1927 76.6092 87.8756 101.439 117.867 137.88 162.388 192.529 229.702 275.569 332.011 400.942 483.932 581.496 692.013 810.381 926.962 1027.78 1097.02 1121.78 1097.02 1027.78 926.962 810.381 692.013 581.496 483.932 400.942 332.011 275.569 229.702 192.529 162.388 137.88 117.867 101.439 87.8756 76.6092 67.1927 59.2736 33.5818 0.07 0.07 0.07 0.07 0.07 0.07 0.07 0.07 0.07 0.07
0.07 0.07 0.07 0.07 0.07 0.07 0.07 0.07 0.07 0.07 0.07 26.5608 58.0253 65.6379 74.6558 85.3992 98.2701 113.773 132.541 155.358 183.188 217.188 258.692 309.145 369.925 441.998 525.345 618.132 715.786 810.381 891.02 945.816 965.295 945.816 891.02 810.381 715.786 618.132 525.345 441.998 369.925 309.145 258.692 217.188 183.188 155.358 132.541 113.773 98.2701 85.3992 74.6558 65.6379 58.0253 26.5608 0.07 0.07 0.07 0.07 0.07 0.07 0.07 0.07 0.07 0.07
0.07 0.07 0.07 0.07 0.07 0.07 0.07 0.07 0.07 0.07 0.07 13.1723 56.4874 63.73 72.2695 82.3892 94.4405 108.858 126.178 147.05 172.257 202.705 239.402 283.374 335.507 396.253 465.193 540.454 618.132 692.013 754.015 795.664 810.38 795.664 754.015 692.013 618.132 540.454 465.193 396.253 335.507 283.374 239.402 202.705 172.257 147.05 126.178 108.858 94.4405 82.3892 72.2695 63.73 56.4874 13.1723 0.07 0.07 0.07 0.07 0.07 0.07 0.07 0.07 0.07 0.07
0.07 0.07 0.07 0.07 0.07 0.07 0.07 0.07 0.07 0.07 0.07 0.07 51.4761 61.5274 69.5293 78.9538 90.0996 103.33 119.083 137.88 160.325 187.096 218.905 256.423 300.136 350.12 405.724 465.193 525.345 581.496 627.88 658.679 669.494 658.679 627.88 581.496 525.345 465.193 405.724 350.12 300.136 256.423 218.905 187.096 160.325 137.88 119.083 103.33 90.0996 78.9538 69.5293 61.5274 51.4761 0.07 0.07 0.07 0.07 0.07 0.07 0.07 0.07 0.07 0.07 0.07
0.07 0.07 0.07 0.07 0.07 0.07 0.07 0.07 0.07 0.07 0.07 0.07 33.6815 59.0924 66.5185 75.205 85.3992 97.3961 111.543 128.239 147.936 171.111 198.236 229.702 265.708 306.093 350.12 396.253 441.998 483.932 518.047 540.452 548.275 540.452 518.047 483.932 441.998 396.253 350.12 306.093 265.708 229.702 198.236 171.111 147.936 128.239 111.543 97.3961 85.3992 75.205 66.5185 59.0924 33.6815 0.07 0.07 0.07 0.07 0.07 0.07 0.07 0.07 0.07 0.07 0.07
0.07 0.07 0.07 0.07 0.07 0.07 0.07 0.07 0.07 0.07 0.07 0.07 16.4703 56.4874 63.3192 71.2514 80.4837 91.2486 103.812 118.473 135.547 155.358 178.189 204.233 233.501 265.708 300.136 335.507 369.925 400.942 425.822 441.997 447.615 441.997 425.822 400.942 369.925 335.507 300.136 265.708 233.501 204.233 178.189 155.358 135.547 118.473 103.812 91.2486 80.4837 71.2514 63.3192 56.4874 16.4703 0.07 0.07 0.07 0.07 0.07 0.07 0.07 0.07 0.07 0.07 0.07
0.07 0.07 0.07 0.07 0.07 0.07 0.07 0.07 0.07 0.07 0.07 0.07 0.07 47.4084 60.0084 67.1927 75.4822 85.0554 96.1101 108.858 123.516 140.282 159.31 180.659 204.233 229.702 256.423 283.374 309.145 332.011 350.119 361.785 365.817 361.785 350.119 332.011 309.145 283.374 256.423 229.702 204.233 180.659 159.31 140.282 123.516 108.858 96.1101 85.0554 75.4822 67.1927 60.0084 47.4084 0.07 0.07 0.07 0.07 0.07 0.07 0.07 0.07 0.07 0.07 0.07 0.07
0.07 0.07 0.07 0.07 0.07 0.07 0.07 0.07 0.07 0.07 0.07 0.07 0.07 19.8388 56.6547 63.1156 70.5043 78.9538 88.6063 99.6069 112.093 126.178 141.924 159.31 178.189 198.236 218.905 239.402 258.692 275.569 288.784 297.228 300.135 297.228 288.784 275.569 258.692 239.402 218.905 198.236 178.189 159.31 141.924 126.178 112.093 99.6069 88.6063 78.9538 70.5043 63.1156 56.6547 19.8388 0.07 0.07 0.07 0.07 0.07 0.07 0.07 0.07 0.07 0.07 0.07 0.07
0.07 0.07 0.07 0.07 0.07 0.07 0.07 0.07 0.07 0.07 0.07 0.07 0.07 0.07 40.5743 59.0924 65.6379 73.0499 81.4268 90.8628 101.439 113.208 126.178 140.282 155.358 171.111 187.096 202.705 217.188 229.702 239.401 245.556 247.667 245.556 239.401 229.702 217.188 202.705 187.096 171.111 155.358 140.282 126.178 113.208 101.439 90.8628 81.4268 73.0499 65.6379 59.0924 40.5743 0.07 0.07 0.07 0.07 0.07 0.07 0.07 0.07 0.07 0.07 0.07 0.07 0.07
0.07 0.07 0.07 0.07 0.07 0.07 0.07 0.07 0.07 0.07 0.07 0.07 0.07 0.07 9.89082 55.18 60.9499 67.4201 74.6559 82.7145 91.6373 101.439 112.093 123.516 135.547 147.936 160.325 172.257 183.188 192.529 199.706 204.233 205.78 204.233 199.706 192.529 183.188 172.257 160.325 147.936 135.547 123.516 112.093 101.439 91.6373 82.7145 74.6559 67.4201 60.9499 55.18 9.89082 0.07 0.07 0.07 0.07 0.07 0.07 0.07 0.07 0.07 0.07 0.07 0.07 0.07
0.07 0.07 0.07 0.07 0.07 0.07 0.07 0.07 0.07 0.07 0.07 0.07 0.07 0.07 0.07 23.2262 56.4875 62.1146 68.3435 75.205 82.7145 90.8628 99.6069 108.858 118.473 128.239 137.88 147.05 155.358 162.388 167.748 171.111 172.257 171.111 167.748 162.388 155.358 147.05 137.88 128.239 118.473 108.858 99.6069 90.8628 82.7145 75.205 68.3435 62.1146 56.4875 23.2262 0.07 0.07 0.07 0.07 0.07 0.07 0.07 0.07 0.07 0.07 0.07 0.07 0.07 0.07
0.07 0.07 0.07 0.07 0.07 0.07 0.07 0.07 0.07 0.07 0.07 0.07 0.07 0.07 0.07 0.07 33.3771 57.1619 62.5117 68.3435 74.6559 81.4268 88.6063 96.1101 103.812 111.543 119.083 126.178 132.541 137.88 141.924 144.448 145.307 144.448 141.924 137.88 132.541 126.178 119.083 111.543 103.812 96.1101 88.6063 81.4268 74.6559 68.3435 62.5117 57.1619 33.3771 0.07 0.07 0.07 0.07 0.07 0.07 0.07 0.07 0.07 0.07 0.07 0.07 0.07 0.07 0.07
0.07 0.07 0.07 0.07 0.07 0.07 0.07 0.07 0.07 0.07 0.07 0.07 0.07 0.07 0.07 0.07 0.07 33.5665 57.1619 62.1146 67.4201 73.0499 78.9538 85.0554 91.2486 97.3961 103.33 108.858 113.773 117.867 120.949 122.865 123.516 122.865 120.949 117.867 113.773 108.858 103.33 97.3961 91.2486 85.0554 78.9538 73.0499 67.4201 62.1146 57.1619 33.5665 0.07 0.07 0.07 0.07 0.07 0.07 0.07 0.07 0.07 0.07 0.07 0.07 0.07 0.07 0.07 0.07
0.07 0.07 0.07 0.07 0.07 0.07 0.07 0.07 0.07 0.07 0.07 0.07 0.07 0.07 0.07 0.07 0.07 0.07 33.3771 56.4875 60.9499 65.6379 70.5043 75.4822 80.4837 85.3992 90.0996 94.4405 98.2701 101.439 103.812 105.283 105.781 105.283 103.812 101.439 98.2701 94.4405 90.0996 85.3992 80.4837 75.4822 70.5043 65.6379 60.9499 56.4875 33.3771 0.07 0.07 0.07 0.07 0.07 0.07 0.07 0.07 0.07 0.07 0.07 0.07 0.07 0.07 0.07 0.07 0.07
0.07 0.07 0.07 0.07 0.07 0.07 0.07 0.07 0.07 0.07 0.07 0.07 0.07 0.07 0.07 0.07 0.07 0.07 0.07 23.2262 55.18 59.0924 63.1156 67.1927 71.2514 75.205 78.9538 82.3892 85.3992 87.8756 89.7222 90.8628 91.2486 90.8628 89.7222 87.8756 85.3992 82.3892 78.9538 75.205 71.2514 67.1927 63.1156 59.0924 55.18 23.2262 0.07 0.07 0.07 0.07 0.07 0.07 0.07 0.07 0.07 0.07 0.07 0.07 0.07 0.07 0.07 0.07 0.07 0.07
0.07 0.07 0.07 0.07 0.07 0.07 0.07 0.07 0.07 0.07 0.07 0.07 0.07 0.07 0.07 0.07 0.07 0.07 0.07 0.07 9.89082 40.5743 56.6547 60.0084 63.3192 66.5185 69.5293 72.2695 74.6558 76.6092 78.06 78.9538 79.2557 78.9538 78.06 76.6092 74.6558 72.2695 69.5293 66.5185 63.3192 60.0084 56.6547 40.5743 9.89082 0.07 0.07 0.07 0.07 0.07 0.07 0.07 0.07 0.07 0.07 0.07 0.07 0.07 0.07 0.07 0.07 0.07 0.07 0.07
0.07 0.07 0.07 0.07 0.07 0.07 0.07 0.07 0.07 0.07 0.07 0.07 0.07 0.07 0.07 0.07 0.07 0.07 0.07 0.07 0.07 0.07 19.8388 47.4084 56.4874 59.0924 61.5274 63.73 65.6379 67.1927 68.3434 69.0506 69.2892 69.0506 68.3434 67.1927 65.6379 63.73 61.5274 59.0924 56.4874 47.4084 19.8388 0.07 0.07 0.07 0.07 0.07 0.07 0.07 0.07 0.07 0.07 0.07 0.07 0.07 0.07 0.07 0.07 0.07 0.07 0.07 0.07 0.07
0.07 0.07 0.07 0.07 0.07 0.07 0.07 0.07 0.07 0.07 0.07 0.07 0.07 0.07 0.07 0.07 0.07 0.07 0.07 0.07 0.07 0.07 0.07 0.07 16.4703 33.6815 51.4761 56.4874 58.0253 59.2736 60.1946 60.7595 60.9499 60.7595 60.1946 59.2736 58.0253 56.4874 51.4761 33.6815 16.4703 0.07 0.07 0.07 0.07 0.07 0.07 0.07 0.07 0.07 0.07 0.07 0.07 0.07 0.07 0.07 0.07 0.07 0.07 0.07 0.07 0.07 0.07 0.07
0.07 0.07 0.07 0.07 0.07 0.07 0.07 0.07 0.07 0.07 0.07 0.07 0.07 0.07 0.07 0.07 0.07 0.07 0.07 0.07 0.07 0.07 0.07 0.07 0.07 0.07 0.07 13.1723 26.5608 33.5818 40.5898 40.94 41.0579 40.94 40.5898 33.5818 26.5608 13.1723 0.07 0.07 0.07 0.07 0.07 0.07 0.07 0.07 0.07 0.07 0.07 0.07 0.07 0.07 0.07 0.07 0.07 0.07 0.07 0.07 0.07 0.07 0.07 0.07 0.07 0.07
0.07 0.07 0.07 0.07 0.07 0.07 0.07 0.07 0.07 0.07 0.07 0.07 0.07 0.07 0.07 0.07 0.07 0.07 0.07 0.07 0.07 0.07 0.07 0.07 0.07 0.07 0.07 0.07 0.07 0.07 0.07 0.07 0.07 0.07 0.07 0.07 0.07 0.07 0.07 0.07 0.07 0.07 0.07 0.07 0.07 0.07 0.07 0.07 0.07 0.07 0.07 0.07 0.07 0.07 0.07 0.07 0.07 0.07 0.07 0.07 0.07 0.07 0.07 0.07
0.07 0.07 0.07 0.07 0.07 0.07 0.07 0.07 0.07 0.07 0.07 0.07 0.07 0.07 0.07 0.07 0.07 0.07 0.07 0.07 0.07 0.07 0.07 0.07 0.07 0.07 0.07 0.07 0.07 0.07 0.07 0.07 0.07 0.07 0.07 0.07 0.07 0.07 0.07 0.07 0.07 0.07 0.07 0.07 0.07 0.07 0.07 0.07 0.07 0.07 0.07 0.07 0.07 0.07 0.07 0.07 0.07 0.07 0.07 0.07 0.07 0.07 0.07 0.07
0.07 0.07 0.07 0.07 0.07 0.07 0.07 0.07 0.07 0.07 0.07 0.07 0.07 0.07 0.07 0.07 0.07 0.07 0.07 0.07 0.07 0.07 0.07 0.07 0.07 0.07 0.07 0.07 0.07 0.07 0.07 0.07 0.07 0.07 0.07 0.07 0.07 0.07 0.07 0.07 0.07 0.07 0.07 0.07 0.07 0.07 0.07 0.07 0.07 0.07 0.07 0.07 0.07 0.07 0.07 0.07 0.07 0.07 0.07 0.07 0.07 0.07 0.07 0.07
0.07 0.07 0.07 0.07 0.07 0.07 0.07 0.07 0.07 0.07 0.07 0.07 0.07 0.07 0.07 0.07 0.07 0.07 0.07 0.07 0.07 0.07 0.07 0.07 0.07 0.07 0.07 0.07 0.07 0.07 0.07 0.07 0.07 0.07 0.07 0.07 0.07 0.07 0.07 0.07 0.07 0.07 0.07 0.07 0.07 0.07 0.07 0.07 0.07 0.07 0.07 0.07 0.07 0.07 0.07 0.07 0.07 0.07 0.07 0.07 0.07 0.07 0.07 0.07
0.07 0.07 0.07 0.07 0.07 0.07 0.07 0.07 0.07 0.07 0.07 0.07 0.07 0.07 0.07 0.07 0.07 0.07 0.07 0.07 0.07 0.07 0.07 0.07 0.07 0.07 0.07 0.07 0.07 0.07 0.07 0.07 0.07 0.07 0.07 0.07 0.07 0.07 0.07 0.07 0.07 0.07 0.07 0.07 0.07 0.07 0.07 0.07 0.07 0.07 0.07 0.07 0.07 0.07 0.07 0.07 0.07 0.07 0.07 0.07 0.07 0.07 0.07 0.07
0.07 0.07 0.07 0.07 0.07 0.07 0.07 0.07 0.07 0.07 0.07 0.07 0.07 0.07 0.07 0.07 0.07 0.07 0.07 0.07 0.07 0.07 0.07 0.07 0.07 0.07 0.07 0.07 0.07 0.07 0.07 0.07 0.07 0.07 0.07 0.07 0.07 0.07 0.07 0.07 0.07 0.07 0.07 0.07 0.07 0.07 0.07 0.07 0.07 0.07 0.07 0.07 0.07 0.07 0.07 0.07 0.07 0.07 0.07 0.07 0.07 0.07 0.07 0.07
0.07 0.07 0.07 0.07 0.07 0.07 0.07 0.07 0.07 0.07 0.07 0.07 0.07 0.07 0.07 0.07 0.07 0.07 0.07 0.07 0.07 0.07 0.07 0.07 0.07 0.07 0.07 0.07 0.07 0.07 0.07 0.07 0.07 0.07 0.07 0.07 0.07 0.07 0.07 0.07 0.07 0.07 0.07 0.07 0.07 0.07 0.07 0.07 0.07 0.07 0.07 0.07 0.07 0.07 0.07 0.07 0.07 0.07 0.07 0.07 0.07 0.07 0.07 0.07
0.07 0.07 0.07 0.07 0.07 0.07 0.07 0.07 0.07 0.07 0.07 0.07 0.07 0.07 0.07 0.07 0.07 0.07 0.07 0.07 0.07 0.07 0.07 0.07 0.07 0.07 0.07 0.07 0.07 0.07 0.07 0.07 0.07 0.07 0.07 0.07 0.07 0.07 0.07 0.07 0.07 0.07 0.07 0.07 0.07 0.07 0.07 0.07 0.07 0.07 0.07 0.07 0.07 0.07 0.07 0.07 0.07 0.07 0.07 0.07 0.07 0.07 0.07 0.07
0.07 0.07 0.07 0.07 0.07 0.07 0.07 0.07 0.07 0.07 0.07 0.07 0.07 0.07 0.07 0.07 0.07 0.07 0.07 0.07 0.07 0.07 0.07 0.07 0.07 0.07 0.07 0.07 0.07 0.07 0.07 0.07 0.07 0.07 0.07 0.07 0.07 0.07 0.07 0.07 0.07 0.07 0.07 0.07 0.07 0.07 0.07 0.07 0.07 0.07 0.07 0.07 0.07 0.07 0.07 0.07 0.07 0.07 0.07 0.07 0.07 0.07 0.07 0.07
0.07 0.07 0.07 0.07 0.07 0.07 0.07 0.07 0.07 0.07 0.07 0.07 0.07 0.07 0.07 0.07 0.07 0.07 0.07 0.07 0.07 0.07 0.07 0.07 0.07 0.07 0.07 0.07 0.07 0.07 0.07 0.07 0.07 0.07 0.07 0.07 0.07 0.07 0.07 0.07 0.07 0.07 0.07 0.07 0.07 0.07 0.07 0.07 0.07 0.07 0.07 0.07 0.07 0.07 0.07 0.07 0.07 0.07 0.07 0.07 0.07 0.07 0.07 0.07
@ p_rHI 64 64
0.87475094942584686 0.87475794939284635 0.87475694939524629 0.8747629493688458 0.87476294937084598 0.87476794934804547 0.87476694935024546 0.87477094933444521 0.87476894934244531 0.87477294938184613 0.87476794952664871 0.87477194951144854 0.87476695021166173 0.87477094996725702 0.87477894774921527 0.87478994748521033 0.87479294747181013 0.87479994744060952 0.87480094743700954 0.87480694741040887 0.87480694740900888 0.8748119473756083 0.87481394646739108 0.87482194628378773 0.8748229462615873 0.8748269462413869 0.87482394627778748 0.87482394643119055 0.87481894783121694 0.87481994850802969 0.8748199491192411 0.87482194911424094 0.87482194911304101 0.87482194911424094 0.874819949119641 0.87481894906284008 0.87481794805882107 0.87482094669419541 0.87482394627578752 0.87482494625058704 0.87482294626198731 0.87481994629338788 0.87481394646259103 0.87480894738660842 0.87480694740900888 0.87480494742140913 0.87480094743560954 0.87479794745060968 0.87479294747161007 0.87478794749701061 0.87477794775281537 0.87476794995745699 0.87476795003065833 0.87476695003185823 0.87476994956064935 0.87476894934244531 0.87476794934744539 0.8747689493448455 0.8747659493568456 0.87476494936044569 0.87476194937424601 0.87475994938544621 0.87475794939464635 0.87475394941104667
0.8747549494064466 0.87476294937264587 0.87476194937484597 0.87476794934564539 0.87476794934664537 0.87477394932184493 0.87477294932284499 0.87477794930424457 0.87477594931084479 0.8747809492884443 0.8747769493040447 0.87478094928704431 0.87477394948204801 0.87477894900003883 0.87478794709560304 0.87479794745200967 0.87479994744100953 0.87480694740800891 0.87480794740140877 0.87481494734040754 0.8748149472324056 0.87481994701020127 0.87482394581857881 0.87483194547177234 0.87483494534196993 0.87483894529496908 0.87483794532596959 0.87483894541997143 0.87483194581937884 0.87482994675399661 0.87482494838922731 0.87482494904923969 0.8748249490964406 0.8748249490776403 0.87482494837702707 0.87482894679459733 0.87483494568857656 0.87483894542397156 0.87483994531256937 0.87483894529416906 0.87483694533976986 0.8748319454683724 0.87482494581117876 0.87481994701280152 0.87481694722420555 0.87481394734200768 0.87481094739000853 0.87480794740800893 0.87480294742840925 0.87479794730920701 0.87478994723880565 0.87477794945224741 0.87477994929344438 0.87477894929624445 0.87478094928884431 0.87478094929064432 0.8747789492978445 0.87477794930124464 0.87477494931424471 0.87477494931844479 0.87477194933264524 0.87476794934644542 0.87476594935924568 0.87476094937864601
0.87475694939544635 0.87476494935944571 0.87476494936044569 0.87477194932844504 0.87477194932884506 0.87477694930484473 0.87477694930424466 0.87478194928224429 0.8747809492880444 0.87478594926344377 0.87478294927664413 0.87478794925704373 0.87478194927964414 0.87478794877423471 0.87479494654119261 0.87480494658119345 0.87480694663579439 0.87481294737440829 0.87481394726420614 0.87482094689019907 0.87482294641239011 0.87483094547117235 0.8748369446695573 0.87484594435655139 0.87484894420494852 0.87485394413754736 0.87485394414974749 0.87485494422514887 0.87485094445135314 0.87484794475815886 0.8748389458667799 0.87483494667499506 0.87483294772081477 0.87483394729160668 0.87483894590418065 0.87484594481236 0.87485094444415301 0.87485294423734916 0.87485394414634743 0.87485194414594736 0.87484894421014858 0.87484394436295143 0.87483594467435732 0.8748279454889728 0.87482294641559011 0.87481794690199932 0.87481394726160611 0.87481094712560359 0.87480594713580373 0.87480194676579681 0.8747959464495908 0.87478294879643503 0.87478394927304404 0.87478294927644407 0.87478394927464409 0.87478194928104414 0.87477994929044434 0.87477894929564437 0.87477594930904479 0.87477494931644484 0.87477094933324517 0.87476794934704538 0.87476494936024562 0.87476094938044613
0.87475994938464607 0.87476794934584545 0.87476794934624547 0.87477594931184477 0.87477594931064473 0.8747809492866444 0.87478194928504427 0.8747869492602437 0.87478594926544395 0.87479194923944348 0.87478894925064365 0.87479394922804321 0.87478894924804362 0.87479994726000621 0.8748079463629892 0.87481794631238818 0.87482094619338602 0.87482394592298085 0.874827945454972 0.87483594554437372 0.87483794534757009 0.87484894408674629 0.87485594390774291 0.87486494386694214 0.8748679438509418 0.87487394382634143 0.87487494382234132 0.87487694381054104 0.87487494381714115 0.87487394366613846 0.87486794310072769 0.87486394268111978 0.87485994257191768 0.874864942422515 0.87486994307892729 0.87487394366693849 0.87487694380854109 0.87487694381034109 0.87487594381454115 0.87487394382574146 0.8748699438425418 0.87486494386654223 0.87485794389994276 0.8748489440931464 0.87484094523896805 0.87483494554637387 0.87482894603558303 0.87482694576837805 0.87482194617298559 0.87481794631358822 0.87481094635078893 0.87479894726340612 0.87479394922724318 0.87479294923324324 0.8747929492348433 0.87479094924164347 0.87478894925084372 0.87478794925844372 0.8747839492750441 0.87478194928304431 0.87477894929924449 0.87477594931324476 0.8747719493286451 0.87476694935164545
0.87476294937064591 0.87477194932944513 0.87477194932904512 0.87477894929544442 0.87477994929144443 0.87478594926564379 0.87478594926344377 0.87479294923624329 0.87479194923964343 0.87479794921344289 0.87479494922424306 0.87480094919904261 0.87479594921684301 0.87480894686839872 0.8748169462855877 0.87482694597138189 0.87483194538717091 0.87483894454455502 0.8748449440321453 0.87485294406934599 0.87485494397214425 0.87486494326673081 0.87486994384274175 0.87487794380414086 0.87488094378934078 0.8748869437633402 0.87488794375313994 0.8748909436147374 0.87488994319712954 0.8748919425757179 0.87489094158069902 0.87489393958726158 0.87489293811463376 0.87489393908805224 0.8748919413066939 0.8748909425939182 0.87488994320012969 0.87488894362153757 0.87488794375293999 0.87488494377154047 0.87488094378954073 0.8748759438129412 0.87486994360413717 0.87486094367213851 0.8748539443069504 0.87485094393094343 0.87484294405234564 0.87483794455075503 0.87483094538757089 0.87482394598858204 0.87481694628478768 0.87480394688519902 0.87479794921224285 0.87479594921984305 0.87479494922264311 0.87479394923124321 0.87479094924264345 0.87478894925144368 0.87478494926884398 0.87478294927824407 0.87477894929584443 0.87477594931164471 0.87477194932844504 0.87476694935224553
0.87476394936464574 0.874773949322045 0.87477394932004493 0.87478094928684436 0.87478194928164432 0.8747889492536437 0.87478894925084372 0.87479594922184312 0.87479494922384304 0.87480094919624252 0.87479894920564272 0.87480594917724219 0.87480094919384244 0.87481394683939806 0.87482394612078451 0.87483594549797294 0.87484194467575738 0.87485194397974431 0.87485794389434268 0.87486694384134156 0.87487194278132163 0.87488294265151911 0.8748849428179224 0.87489294277812168 0.8748939435715366 0.87490094367793869 0.87490294327013085 0.87490994227271202 0.87491394121789223 0.87491994036067611 0.87492493852104136 0.87493293739842026 0.87493393733561908 0.87493293739322009 0.8749249389148489 0.87492094003406995 0.8749149412378926 0.87490994226951202 0.87490494326773094 0.87490094362573767 0.87489694339893331 0.87489194342233378 0.87488894278612173 0.87488194259891838 0.87487294276852146 0.87486794383814159 0.87485994388634247 0.87485294395274371 0.87484394467235727 0.87483594550157295 0.87482694610938438 0.87481294684099831 0.87480594917424215 0.8748039491834424 0.87480294918804247 0.87480094919824258 0.87479794921084286 0.874795949220043 0.8747919492388434 0.87478994924984355 0.87478494926964401 0.87478094928764438 0.87477794930524466 0.87477194932844504
0.87476694935084554 0.87477694930884475 0.87477694930424466 0.87478494926924399 0.87478594926364384 0.87479294923324324 0.87479394922864318 0.87480094919944273 0.87479994920024262 0.87480694917064206 0.87480494917904228 0.87481194914844174 0.87480894895043793 0.87482894603218286 0.87483794520776736 0.87485294418474813 0.8748609438817424 0.87487194382954137 0.87487694380614101 0.87488494375434012 0.87489094268991996 0.87490294249831635 0.87490594248451603 0.87491494244251533 0.8749139426305188 0.87492194227291209 0.87492594147229696 0.87493394110849021 0.87493994026587429 0.87494993839663904 0.87495793727621796 0.87496493717941615 0.87496493717941615 0.87496493718021617 0.87495693727101786 0.87494993799503151 0.87493993993846819 0.8749329408822859 0.87492494173310198 0.8749189427829217 0.87491694242611506 0.8749109424637157 0.87490694248051593 0.87489994251371661 0.87488994268631981 0.8748829437651402 0.8748759438115411 0.87486994383854166 0.87485994388734245 0.87484894421094861 0.87483794521976765 0.8748239460447832 0.87481094894663791 0.87480694917084212 0.87480594917744214 0.87480294918864243 0.8747999492026427 0.87479794921304288 0.87479294923424333 0.87478994924744347 0.87478494926824402 0.87478194928644437 0.87477794930404473 0.87477194932884506
0.87476694934864541 0.87477694930424466 0.87477894929804456 0.87478694926064371 0.87478794925404368 0.87479594922204307 0.87479694921604301 0.87480294918664248 0.87480294918544244 0.87481094915384172 0.87480894916164209 0.8748159491298414 0.87481394891343722 0.87483494567897624 0.87484594456155529 0.87486294389174257 0.87487194383014155 0.87488194377954043 0.8748879437451399 0.87489894293092452 0.87490694251651679 0.87491894242471502 0.87492194240731458 0.87493094215170986 0.87493494115629111 0.87494794015267219 0.87495393978146518 0.87496293843163964 0.87497293644100216 0.87498393708781441 0.87499093705041364 0.8749959370228132 0.87499593702381318 0.87499593702401313 0.87498993705241379 0.87498393669300689 0.87497193750282209 0.87496393841703946 0.87495593966686303 0.87494694015587227 0.87493894112329051 0.87492994215650988 0.87492494239171437 0.8749179424279151 0.87490894250371642 0.87489994292412443 0.87488994373473961 0.87488394377434042 0.8748739438209413 0.87486294389814268 0.87484994453895482 0.87483394567117612 0.87481894889523693 0.87481494913524149 0.8748139491414415 0.87481094915544177 0.87480694917204205 0.87480394918464233 0.87479894920604273 0.87479694921844309 0.87479194924064341 0.87478694926144374 0.8747829492822442 0.87477594931064473
0.87476894934244531 0.87477994929504443 0.8747809492880444 0.87478994924864362 0.87479094923984346 0.87479894920824275 0.87479994920024262 0.87480694916964208 0.87480794916704196 0.87481594913264149 0.87481394913884147 0.87482194909264066 0.87482094833062618 0.87484494473715846 0.87485794389394267 0.87487594380874101 0.87488394376814027 0.87489494372073939 0.87490094366653848 0.87491294242891504 0.87492094239031426 0.87493394198510666 0.87493694226311192 0.8749499408604855 0.87495793965226265 0.87497193952606034 0.87497993778162753 0.87499393603979458 0.87500693540718277 0.87501293575038919 0.8750179357247887 0.87502093641880163 0.87501993674260792 0.87502093650560342 0.87501593652980392 0.8750159354401833 0.87500393550838462 0.87499393566078754 0.87497993787962924 0.87496893937845754 0.87495993943265848 0.87494594119029168 0.87493894179410314 0.87492994233351318 0.87492094216931027 0.87491094253011692 0.87489894368773868 0.87489294372113946 0.87488294377574038 0.87487194382534139 0.87485894389294261 0.87483994474355875 0.87482194832622617 0.87481694911344099 0.87481494913684144 0.87481094915304181 0.87480694917024215 0.87480394918324234 0.87479894920624279 0.87479594922024295 0.8747909492442435 0.87478594926704378 0.87478094928824435 0.8747749493170448
0.87476894939764649 0.87478094928884431 0.87478294927944422 0.87479194923984349 0.87479394922904319 0.87480094919624252 0.87480294918644241 0.87481094915384172 0.87481094915064173 0.87481994911424099 0.8748189491182411 0.87482694904083969 0.87483194626198735 0.87485994393534339 0.87487294368573876 0.87488994365913819 0.8748999425647177 0.87490994332373195 0.87492094136909504 0.87493494125349291 0.87494394029067479 0.87495993984786646 0.87496393935725714 0.87498493696481205 0.8749899374210206 0.87501093482057168 0.87502493321794139 0.87503893297313695 0.87505293183191535 0.87505393406175735 0.87506093277673314 0.87506093361174886 0.87505993356534806 0.8750639326323304 0.87505593439276375 0.87506093190131662 0.87504793314854012 0.87504193294573629 0.8750249328969355 0.87500693552918496 0.87499893656620464 0.87497993768242555 0.87497093911585255 0.87495693970486366 0.87494594086228561 0.87493694020547308 0.87491994259431827 0.8749139419807066 0.87490094345693448 0.87488994332973202 0.87487694372233937 0.87485894395894392 0.87483694622498653 0.87482494904763974 0.87482294910004077 0.87481894911664115 0.8748149491356414 0.87481194915144178 0.87480594917704213 0.87480194919304255 0.87479694921824303 0.87479194924084347 0.87478694926324385 0.87477994929404446
0.87476794952744885 0.8747799492910443 0.87478294927704403 0.87479194923664338 0.87479494922464307 0.87480294919004242 0.87480494917924212 0.87481294914404173 0.87481394913884147 0.87482194910224076 0.8748219490988407 0.87483094863383204 0.8748379457625779 0.87486894300472584 0.8748839423633139 0.87490194163530022 0.87491694127309316 0.87492594117189126 0.87494293990386751 0.87495793968206326 0.87496793951646012 0.874986937705026 0.87499793657800484 0.87502193564538711 0.87503193238312571 0.87505892878425795 0.87507592757703512 0.87509392667221819 0.87511192486138401 0.87511592295334806 0.87513691652862702 0.87513691558120899 0.87513891516560127 0.87514491477679401 0.87512291948308263 0.87512792022009656 0.87510592491238492 0.87509392691942278 0.87507692761723588 0.8750549287234568 0.87503693230012414 0.87501493537478203 0.87500193656200453 0.87498193772122645 0.87496693952426041 0.87495793968126323 0.87493693992766786 0.87492894115589115 0.87491194133369443 0.87489994198470666 0.87488394208390852 0.87486294343373405 0.87483994546357235 0.87482594879203501 0.87482194909784072 0.87481794912024113 0.8748129491422415 0.87480994915964183 0.87480394918524251 0.87479994920224269 0.87479394922844322 0.87478894925204365 0.87478294927684408 0.87477594930964475
0.87476894952384876 0.87478094928684436 0.87478394927084402 0.87479394922824316 0.87479694921524298 0.87480494917804219 0.87480794916584204 0.87481594913004135 0.87481794910884092 0.87482694904163971 0.87482694864923238 0.87484294623518688 0.87485494354613602 0.87488894131769412 0.8749039412172922 0.87492394100368831 0.87493794093808697 0.874950940302475 0.87496693877164622 0.87498293852664155 0.87499693654380417 0.87502293254932895 0.87503992976847655 0.87507492494938577 0.87509592232633615 0.87512892033869882 0.87515291496359748 0.99886679631799102 0.99948030019764966 0.99957511139713595 0.99962760719685495 0.99961960819650619 0.99961889699645923 0.99962519499668967 0.99961814859654419 0.99958087279735108 0.99948008019766488 0.99886671999792764 0.87515391344496885 0.87512492100851147 0.8751039220725314 0.87506992562699848 0.87504692936626882 0.87502193236572545 0.87499893706901399 0.87498693803643224 0.87496693867224429 0.87495494063388124 0.87493894072308287 0.87492494096728746 0.874908941213692 0.87488594162449995 0.87486394259471822 0.87483994698160084 0.87483194848502932 0.87482594895723809 0.87482094910744079 0.87481694912624131 0.87481094915424173 0.87480694917444224 0.87479994920364279 0.87479394922984322 0.87478794925744374 0.87477994929224445
0.87476695021186168 0.87477794946784759 0.8747819492794443 0.87479294923264328 0.87479594921684301 0.87480494917864215 0.87480894895123795 0.87481794889903697 0.87482094832982615 0.87483494623938685 0.87483794575777785 0.87485894353713589 0.87487993834023803 0.87491293780022783 0.8749309375608233 0.8749529372988184 0.87496793721101673 0.87498593590959228 0.87500593531638104 0.87502793187711625 0.87505592799904308 0.87508892606060662 0.87511292294894794 0.87515591887707123 0.99912610979794125 0.99957992459726042 0.99960555499496062 0.99914024098305287 0.96819351280109656 0.94478453550190333 0.94251666219363117 0.93652429116029579 0.93536583896070946 0.93894370761083534 0.9350574328096567 0.94938235227156942 0.96510452643389921 0.99927869798662017 0.99960897139505345 0.99957827959720325 0.99912643959791936 0.87514791848386386 0.87511792283654577 0.87508492564039864 0.87505392802904369 0.87502793185651584 0.87500193534518156 0.87498493592339244 0.8749659371944164 0.87494893737201973 0.87493093753882301 0.87490793765682517 0.8748829387410455 0.87485094345433434 0.8748419448343604 0.87482894737880834 0.87482094828602541 0.87481594844822852 0.87480694915604185 0.87480194917904219 0.87479594921064285 0.87478894924984363 0.87478294928004419 0.87477294948664808
0.87476794998185736 0.8747789490020389 0.8747839487898349 0.87479994725860599 0.87480494688079891 0.87481394683699809 0.87482494604638317 0.87483494567517628 0.87484094474715868 0.87485994393494337 0.87486494302792628 0.87488894132009409 0.87490893782002821 0.87494193728841818 0.87495793720601667 0.87498093709561453 0.87499593699521261 0.8750149350667763 0.87504093193131716 0.87507392702582476 0.87510792532079262 0.87514892037409941 0.99929022339780704 0.99962645159582131 0.99926121098617704 0.96519203248857599 0.94086952802409785 0.92348685893331528 0.89671866800613587 0.86775446823793878 0.8560068739636193 0.84545500877937829 0.84275600296441455 0.8472564583893869 0.85106750634068962 0.87292366881300187 0.89249017789097873 0.92051451930143702 0.94124895109313989 0.96505483047167706 0.999264334986255 0.99963487259606743 0.99929169519787597 0.87514791989949048 0.87510992495558582 0.8750769269696238 0.87504093198131805 0.87501893504657602 0.87499893698481246 0.87498093709581448 0.87496293718521634 0.8749399372968184 0.87491593778382748 0.87488594133169439 0.87487294298652551 0.8748569439189432 0.87484494482896025 0.8748379454167714 0.87482294641819025 0.87481794651999212 0.87480894685999866 0.87479694808162145 0.87478994811402233 0.87477894875783435
0.87477794774741513 0.87478994708060276 0.87479494653859247 0.87481094634958889 0.87481694628598761 0.87482694610578438 0.87483794520896752 0.87484994454495502 0.87485794389374261 0.87487694366953839 0.87488394237051392 0.87490794120429205 0.87493093756182339 0.87496193718681625 0.87497993709941457 0.87500293696281206 0.87502193523837946 0.87505093083189656 0.87508692787604081 0.87513092244133839 0.99840567543806702 0.9996247265967666 0.99915847398355806 0.94857199019613547 0.91671496338539027 0.88497700107983635 0.84935248127341256 0.8166698792372834 0.79086665789910426 0.76068303606504561 0.74748676956511373 0.73450543382392286 0.73100821544193306 0.73695522950481329 0.74241517584407402 0.76641853446745656 0.78657501618899517 0.81686525230036056 0.85001379948873679 0.88002612966209304 0.92078809629205105 0.95560352026594386 0.99880276197416806 0.99962597619681093 0.99840604781813069 0.87512692440997542 0.87508392750623387 0.87505093074089479 0.87501993522957944 0.87499893698121234 0.87497993710001465 0.87495693721481682 0.87493293754762302 0.8749009412412927 0.8748869423641138 0.87487094369953888 0.87485794399014449 0.8748489442701497 0.87483294557077429 0.87482594597218177 0.87481694631418827 0.87480594637378939 0.87479794651279197 0.8747869471566041
0.87478794749681055 0.87479794745180961 0.87480194659439359 0.87481694631298834 0.8748239459887821 0.87483494549917296 0.87484894420254855 0.87486294389414265 0.8748719438257414 0.87488894366013836 0.87489794166390067 0.87492394100368831 0.87494893731901868 0.87498093709581448 0.87499893698161235 0.87502493560998662 0.87505393110070162 0.87509692524779126 0.87514192091330956 0.99940457379784131 0.99959914299468489 0.96463496442319585 0.92747427166648377 0.878506748461368 0.82722588449439205 0.78491232194976812 0.74182277919688744 0.70368949430400696 0.67470815069628298 0.64328191501031917 0.62943318305595497 0.61578558451095 0.61204428236373198 0.61853534957134093 0.62474757694814909 0.64885347143917094 0.67120043494037696 0.70439745754448813 0.74265674488858935 0.78236653992493554 0.83293411154001396 0.87730216110227544 0.9292370580292697 0.97553878859182963 0.99957263299401777 0.99940258159772122 0.87514791860826613 0.87509692691122265 0.87505593087509737 0.87502493549398441 0.87500293697001219 0.87497993710041455 0.87495593728341814 0.87492194101508847 0.87490494164390009 0.87488694367113851 0.87487594381274114 0.87486594385814198 0.87484794462355631 0.87483894524096806 0.87482794608218395 0.87481594632598847 0.8748059465759932 0.87479694745680969
0.87479294747141001 0.87480294742840925 0.87480694663539438 0.8748239461795857 0.87483194538957076 0.87484494466535712 0.87486094388294244 0.87487494381594122 0.87488394376874024 0.87490294255731738 0.87491694127429342 0.87494194092028665 0.87496793721181665 0.87499993697681233 0.87502193524157956 0.87505793108590124 0.87509392811324538 0.87515191829706029 0.99957791619735692 0.99893923997777301 0.95183699377548925 0.89328837411755446 0.83747579470394218 0.78351294458105836 0.72315880616176897 0.67297625423385909 0.62567186499797289 0.58494165520315111 0.55468145189110707 0.52416833670221707 0.50950913745769189 0.49686507964590804 0.49322765987582601 0.49882893535631895 0.50563542514891791 0.5287279753207641 0.55167567733327594 0.58594756658241287 0.6265857748327669 0.67116436110895006 0.72731446452989901 0.78087507746603824 0.84304777460931413 0.89959322774230632 0.94962071643386248 0.99917561098397412 0.99958170179750794 0.87514291986748993 0.8750949269878241 0.87505393137930676 0.87502093560898642 0.87499493674920803 0.87496893721701685 0.87493494095208724 0.87491894126529313 0.874896942582718 0.87488394377034029 0.87487494381754127 0.87485594391114296 0.87484594427914997 0.87483194550717314 0.87481794630558818 0.8748079466303943 0.87479994744360956
0.87479794745000961 0.87480794740740897 0.87480994738500839 0.87482394592598089 0.87483694456375527 0.87485194398414434 0.87486894384394176 0.87488194377974049 0.87489094373713971 0.87490994332693195 0.87492294119569181 0.87495094030307508 0.87498193592879259 0.8750149350667763 0.87504693085129681 0.87509692524199112 0.87514791833486105 0.99958379199748193 0.99886306997593388 0.94120790414764832 0.8778853213383897 0.80933387100410203 0.74001491679523923 0.67692955969243296 0.61309420072721388 0.56043035122769103 0.511984679177238 0.47186318787281001 0.44225793180463896 0.41407978570502707 0.39989400041259604 0.388157514838467 0.38462797478585198 0.38965942099406198 0.39661222088993897 0.417833532810228 0.43986010170216211 0.47260714838815304 0.51289461918656809 0.55840051158498383 0.61657797886064292 0.67476771242868694 0.74346269905642992 0.81109971665772318 0.87427122329484053 0.94376574858567264 0.99771515794346843 0.99958200179741519 0.87515691731144163 0.87509692603240596 0.87504993132710585 0.87501693499297495 0.87498693679400885 0.87494994005487037 0.87492894104808905 0.87490794333853217 0.87489494372273935 0.87488494377054027 0.87486694385274177 0.87485594391294308 0.87483894491856196 0.87482194618918596 0.87481394735020779 0.87480694741160892
0.87480094743560954 0.87481094739000853 0.87481394726340611 0.87483094544857198 0.8748449440417454 0.87486194388034244 0.87487694380614101 0.87489094372993959 0.87490094366673843 0.87492394136149487 0.87494293990486749 0.87496993875544582 0.87500593531738102 0.87504393191951702 0.87508692787464082 0.87514592093570998 0.99957802519736116 0.99886661797602627 0.94490320080676804 0.8696598822384326 0.79514633458109607 0.717588857825468 0.6409849274583449 0.57369615846473199 0.50928117398462203 0.45692772906995899 0.41026452485689408 0.37262365334175002 0.34509129949218903 0.32051412595716 0.30756776886120196 0.29719686735563206 0.29418919126595505 0.2986107843535169 0.30519789306654393 0.32312997837965496 0.34330940228818102 0.373179615694195 0.41095847358419507 0.45533982838505499 0.5118689923535239 0.57187025322097496 0.6432127437646401 0.71767881241252796 0.79391242309484189 0.87274241214252479 0.94025233601732605 0.99830086496053738 0.99957735619732979 0.87513992128831664 0.87508592734063084 0.87504293100049968 0.8750049353705821 0.8749669386194433 0.87494394045947799 0.87491794150449764 0.87490194350213524 0.87488994374513995 0.87487294382714142 0.87486094388234237 0.87484494422434878 0.87482494549757295 0.87481594717080446 0.87480794740560885
0.87480494742080916 0.87481394734120765 0.87481794690379933 0.87483494554817387 0.87484994408294614 0.8748669438421417 0.87488194376834028 0.87489894293112447 0.87490994244451525 0.87493394125649293 0.87495493969826366 0.87498293852704145 0.87502493189811648 0.87507392701562459 0.87512692232393618 0.99940462959784615 0.99893475697765532 0.9412070991474073 0.86962821621200492 0.78629616849559536 0.70264601392456316 0.62010921051878898 0.54162357066248601 0.47438298911872501 0.412518109484655 0.36352690641063695 0.32127409072589908 0.28796387364668691 0.26372050705352995 0.24274049263578701 0.23139764435636398 0.22295038288402202 0.22038660615913597 0.22382434314336605 0.22966172364289203 0.24479639830529198 0.26241257240423105 0.28838785526362298 0.321910053344997 0.36229898230188101 0.41464598416171206 0.47253909769638597 0.54306749751451511 0.61996123494321209 0.70145214111479892 0.78830002830413071 0.86446028765289529 0.93865705369755881 0.99940599898984883 0.99940493959787335 0.87513092224233457 0.87507792713222676 0.8750239335085469 0.8749829384828407 0.87495793968206326 0.87493294117209131 0.87491494254791735 0.87489994346253452 0.874881943543936 0.87486994380714111 0.87485294407854619 0.87483294543437173 0.87482294672639604 0.87481394737200824
0.87480694740880893 0.87481694722300529 0.87482294641839031 0.87483994534596998 0.87485494397334418 0.87487394277052155 0.87489094269071999 0.87490894250391649 0.87492094239091422 0.87494694028087461 0.87496793951666008 0.87500093652440381 0.87505592801704346 0.8751109251721898 0.99840579783806316 0.99959926699468549 0.95201618580251113 0.87800437938779885 0.79517633259235121 0.70271204780693697 0.61347059789117286 0.5291220027812541 0.45181437425316401 0.38751378938629 0.33039298461225802 0.28611614091195803 0.24918992211331603 0.22057460309494997 0.19949844803437791 0.18208178784725254 0.17240456574227653 0.16549505062782285 0.16334319978529138 0.16605903147878662 0.17114660993211767 0.18351173243067562 0.19856248319644668 0.22072859805738407 0.249643899355663 0.28522018044324299 0.33182691082715099 0.38571988038673505 0.45312828455248405 0.52900999525341896 0.61233665799152093 0.70362994239634491 0.79136265009878315 0.87787766733537131 0.95409749911090846 0.99957706199413088 0.99840553007803801 0.87511092553139658 0.87504992796824255 0.87499993545178356 0.87496993929885603 0.87494094032747538 0.87492194238991428 0.87490694248311607 0.87488894256911764 0.87487294345173428 0.87485494389914276 0.87483694519576716 0.87482594635058897 0.87481494732720733
0.87480894738640835 0.87481994701340149 0.87482794548977261 0.87484894409534653 0.8748619432779311 0.87488294265191924 0.87489994251131664 0.87491794242571497 0.87493094200070698 0.87495993984886644 0.87498393771642624 0.87502293255152885 0.87508592585100275 0.87514892064130434 0.99962459779676782 0.96458415841692846 0.89329729710713512 0.80936746101501467 0.71755881556192391 0.62013120572691294 0.52908798299304882 0.44620936731578498 0.37295962374516406 0.31360709007818305 0.26282654854302906 0.22393633796450405 0.19209503301565864 0.16786288566471047 0.15023813438417394 0.13614701387201186 0.12797353016307056 0.12242984367510484 0.12068993977889897 0.12286783018062998 0.127157552853497 0.13706498664742761 0.14958415546322137 0.16801488460535105 0.19243902080239184 0.22323836929124793 0.26387050648564092 0.31231115344473398 0.37403156656706593 0.44588739027326113 0.5280780661124348 0.62103313719244913 0.71439714889101602 0.8096249981045166 0.8923399308688067 0.95751906948750976 0.99962189759667142 0.87515192081050763 0.87508492577820118 0.87502793245632715 0.87498893857644244 0.87495794019587303 0.87493594197950653 0.87491994242051485 0.87489994251251668 0.8748829426553193 0.87486594315192867 0.8748469443809519 0.87483294588858018 0.87482094698520085
0.87481394646759114 0.87482494581437875 0.87483594467475745 0.87485794389934279 0.87486894384354175 0.87488694280732215 0.87490594248491604 0.87492394239611448 0.87493694226431196 0.87496693934645697 0.87499793657940483 0.87504292955587248 0.87511392264094223 0.99929061579780842 0.99916713798378143 0.92750795167937972 0.83764558376267029 0.74018294601195656 0.64106892079913702 0.54170358657337592 0.45185237247399901 0.37305762756901301 0.30541189099465604 0.25228963778836594 0.20787369056734786 0.17431241405774511 0.14743429154680454 0.12733555154842657 0.11282038283816784 0.10154295216661344 0.094861287063519165 0.090511485637067304 0.089127546655517739 0.090809479294620493 0.094277299570414932 0.10213493872841556 0.11237039361587467 0.12742354883986973 0.14765028325577018 0.17368043676832573 0.2085536650634888 0.25122567943943902 0.30626584430837689 0.37257565048044711 0.45109241284239698 0.54257350628101497 0.63839516240432992 0.73987087821185848 0.83623935128668947 0.92122071335142797 0.99934479698832124 0.99929105239784188 0.8751089226877431 0.87504292996608013 0.87499793680360904 0.87496093913285289 0.87493894208030842 0.87492294240491464 0.87490294249871636 0.87488594281572241 0.87487094383814157 0.87485294392594326 0.87483794475395882 0.87482494590878057
0.87481994629298798 0.87483194547357246 0.8748439443677517 0.87486494386654223 0.8748759438129412 0.87489394277752164 0.87491294245271556 0.87493194215090986 0.87494794087088568 0.87498493696481205 0.87501993551658475 0.87507492519099028 0.87515291890207159 0.99962610019581233 0.94863549020307791 0.87850713246002232 0.78336090048465779 0.67693954929138112 0.57369612919239199 0.47435698729758202 0.38742578017624296 0.31358108837672699 0.2521836378899831 0.20437805257973102 0.1657410404956188 0.13687099161834657 0.11432029943875477 0.097589155224726221 0.085617713453879821 0.07650608689255381 0.071010305968516957 0.067540432364278494 0.066430471702349947 0.067724429555536661 0.070656311869742708 0.076936079209247554 0.085365718484162897 0.09765515437399723 0.11450829444131465 0.13652500268561824 0.16632302353211387 0.20369007583273832 0.25292160668663705 0.31322911675687704 0.38698781109527786 0.475160936742685 0.57171834119721021 0.67705947770450503 0.78148717679871615 0.87701300102294333 0.95372275799431372 0.99962939299590403 0.87515191887707122 0.87507692522839087 0.87502193550978458 0.87498393688921061 0.87495294056607986 0.87493294235171359 0.87491194245731563 0.87489494277512148 0.87487994379874079 0.8748619438837425 0.8748469444717536 0.87483294561137503
0.87482294626198731 0.87483694533516976 0.87484894420654846 0.87486994384214178 0.87488094378894077 0.8748969435613364 0.87491494262991887 0.87493794114269074 0.87495793965006274 0.87499293726941785 0.87503293211212063 0.87509892231393593 0.99912621559794124 0.99926215598619916 0.91701175045254213 0.82736272656470666 0.723212805387077 0.61319822033980997 0.50939316684484193 0.41268011243998198 0.33047297995290997 0.26294054844625792 0.2078936901779897 0.1658290396619658 0.13243923866644924 0.10799063538547714 0.089201546238285634 0.075416132753575296 0.065466508740151086 0.058126755360614353 0.053612902378232352 0.049945019114584141 0.048815053171156669 0.050117015796381205 0.053288908765402154 0.058400751521255755 0.065300511077327886 0.075418132794963039 0.089297543616853853 0.10771464190151149 0.13279722845290776 0.16519705629445641 0.20838566876806974 0.26250657014521711 0.33008099531942892 0.413266056168132 0.50753132853520389 0.61386206652618402 0.72307286926722603 0.82524220577314689 0.92078022228586331 0.99915797498351511 0.99912544679794113 0.87509792240193762 0.87503293214812128 0.87498793754262294 0.8749599398994673 0.87493494178910303 0.87491194261631855 0.87489594356773648 0.8748829437825405 0.87486494386694214 0.87485094427154975 0.8748359454137713
0.87482494624978702 0.87483894529456907 0.87485194414614731 0.87487394382574146 0.87488494377154047 0.87490094367853866 0.87491894228191236 0.87494794015327215 0.87496993947705948 0.87500993494537394 0.87505692880925834 0.87512792034909903 0.99957972299725928 0.96514721448303642 0.88497413306790962 0.78486031092414654 0.67296621277154323 0.56039234529511994 0.45683371514047799 0.363514902987504 0.28601413840358791 0.223928336849638 0.17423041428723859 0.13686299160180759 0.10792063620004022 0.086777657498183974 0.070852308635261166 0.059284720297770543 0.050233011374343113 0.042391239498565783 0.037703360959302053 0.034807428167441257 0.033905448430068701 0.034927426657526565 0.03746736436833685 0.042697234439363504 0.05007301507723335 0.059302720244796915 0.071008307629304823 0.086631660931051291 0.10820663012219964 0.13645100399047452 0.1746744009597366 0.22361435358161899 0.28584414944981595 0.36397487104353798 0.45538386044965107 0.5607102701692861 0.67290431426108188 0.78245449495310981 0.88473580500928684 0.95875682465923251 0.99957962139725876 0.87513192033429865 0.87506092870225638 0.87500693506937632 0.87497393946245916 0.87494694021187325 0.8749199419113054 0.87490194367573848 0.87488894375574011 0.87487094384234165 0.87485594417354795 0.87484094531656942
0.87482394627478755 0.87483994531596943 0.87485394414874751 0.87487594381414113 0.87488794375273993 0.87490494326173074 0.87492594147269698 0.87495593971326391 0.87498193743222097 0.87502693321094138 0.87507692758203515 0.87515491496639752 0.99960630179497967 0.94086279902569581 0.84942248629780381 0.74197080769633827 0.62578386125879115 0.51211468850822595 0.41036852031580806 0.32145408965808897 0.24928392054548501 0.19218503286400007 0.14746029117069959 0.1143902987367291 0.089207546272680405 0.070894308359283759 0.057282784834311005 0.045575150347945743 0.036733383883748645 0.030181520361781341 0.026357593698600492 0.024045631811594612 0.023299643173808986 0.02411963157727243 0.026173595310097834 0.030471517801939456 0.036595385543611754 0.045567150160643846 0.057336783755221998 0.070764310470298603 0.089363542529606863 0.11402030700043982 0.14773428192796531 0.19183104420376482 0.249013926594017 0.32174005913731901 0.40902862881778707 0.51233059772193912 0.62530395720540788 0.73903098276138446 0.84728645558611204 0.93460611487624046 0.99960169759486095 0.87515491491979658 0.8750789275234343 0.87502093335694409 0.87498393752542258 0.87495293981406574 0.8749249409794877 0.87490294339673325 0.87488994375113993 0.87487094383974162 0.8748559441875482 0.87483894533696982
0.87482094669539545 0.87483894541617147 0.87485294423074911 0.87487694380994108 0.87488894362233749 0.87490994227351204 0.87493194110909012 0.87496193846564041 0.8749919360513948 0.87503693298033691 0.87509192669221847 0.99886658933799122 0.99913913198302562 0.92278128578369234 0.81633485409340212 0.70366747768206095 0.584953624247878 0.47182918333368201 0.372555645828205 0.28792187200347896 0.22050460090723506 0.16783488556191367 0.12721755198774673 0.09755915575184565 0.075370133108036391 0.059280720275420251 0.045553150000920681 0.034543427750434626 0.027139579963735352 0.021867665287364297 0.018707707853849349 0.016725726999244718 0.016223732311735614 0.016651727957040102 0.018575708137157036 0.02201766406025818 0.027043581615312354 0.034521428617925148 0.045659147865353036 0.05922272150245405 0.07552613050499965 0.097373159999682615 0.12753354410686954 0.16765289677781056 0.22044860382466999 0.28840784522750501 0.3714917488815529 0.47217711187137801 0.58442176205667395 0.70074970652159707 0.81518760568529303 0.91736822161674636 0.99896845497854792 0.99886726997798825 0.87509592664541769 0.87503493299533719 0.87499893582659061 0.87496193872124517 0.87493394109848999 0.87490894282372256 0.874892943695739 0.87487394382954142 0.8748569442417492 0.8748409453959709
0.8748179480628212 0.87483494570357689 0.87485094445015321 0.87487694380854109 0.87488994319812963 0.87491494120969215 0.87494093966726294 0.87497493643340207 0.87500793539858257 0.87505493182271521 0.87511292485778391 0.99948050859765181 0.96852650983913524 0.8972002771361175 0.79090666791866715 0.67481216837859903 0.55483344487670805 0.44244393295822504 0.34520129566042507 0.26381050895070102 0.19954844760805793 0.15032613368946071 0.1128423830358215 0.085657713419094852 0.065482508653004978 0.050247011944483957 0.036729384478921941 0.027149580233508608 0.020711681632648353 0.016181731920450425 0.013399750095714967 0.011783751057631017 0.011279748753075957 0.011841752209647021 0.013291748859249969 0.016249732041573289 0.020641682551104851 0.027135579925104646 0.036665382430932175 0.050125014454989403 0.065534507488661325 0.085397716289216732 0.11299837805197255 0.15000814378875049 0.19940844977263086 0.2640364890475389 0.34409538271852896 0.44246786952345996 0.55420954727978899 0.67182036079600782 0.78953275836478809 0.89001629723805176 0.96314594318605473 0.99948048359764774 0.87511392484858375 0.87504893184651555 0.87501093538478225 0.87497093672760773 0.87493893991866778 0.87491194182430365 0.87489294311872812 0.8748709438307416 0.87485294443375283 0.87483494575237775
0.87481894906324009 0.87482894679739731 0.87484594481556011 0.87487394366573845 0.87489094258691791 0.8749199403638761 0.87494793835923834 0.87498193710561478 0.87501093575978939 0.8750519340663574 0.87511392296634827 0.99957496679713242 0.94428572341358163 0.86781583725352573 0.76066099603065596 0.64327389738654295 0.52408632040036707 0.41399177856822195 0.32043012235717599 0.24269449418021907 0.18199578819579515 0.13606701397000864 0.10149095236455738 0.07648608689882129 0.058090755527721527 0.042451240621489042 0.030093520725294455 0.021863665183233093 0.016249731836816887 0.012179751561416969 0.0097057372290579903 0.0086337064513250291 0.0081716892001219583 0.008683709648856024 0.01003973524183005 0.012267752107279943 0.016087732485136588 0.021859665099454091 0.030373521187050809 0.042453242642291396 0.05818275441215872 0.076372089349079658 0.10169894820258397 0.1359210221776169 0.18199379061365528 0.24296047799345802 0.31950220461553708 0.41428372102415489 0.52364442997553806 0.64122605045798797 0.75962311860782028 0.86232261055953874 0.94236918807002745 0.99957526079713499 0.87511692293294763 0.87504993408495779 0.87501693573318895 0.87498193710041461 0.87495093798063128 0.87491794078688412 0.87489594229971268 0.87486994351453551 0.8748499447261584 0.87483194669519548
0.87481994911984107 0.87482494838162717 0.87483894591418077 0.87486994308232746 0.87489194093788702 0.87492693846584035 0.87495893722081686 0.87499193704521361 0.87501893572018863 0.87506193276893307 0.87513791652422679 0.9996276645968537 0.94252669919620446 0.85612790501067082 0.74753878249604255 0.62956519265071709 0.50962313753538391 0.40004600043572308 0.30766776824016495 0.23147564593778602 0.1724505663349942 0.12803153029268891 0.094897286917366805 0.071058305601199315 0.05361290313238995 0.037705361463630911 0.026357594005919093 0.01871970816225416 0.013403750381145971 0.010433739189630056 0.0079376762533840007 0.0036835790064540207 0.0061735380539220128 0.006531588854045982 0.0080856708611690385 0.0099437379746819526 0.013367750854157047 0.01869970747868855 0.026395593364809976 0.037855363279221704 0.0536849005614543 0.070952308667173752 0.095059283923983398 0.12779553600436502 0.17234456823049915 0.23153763357416704 0.30657384464703802 0.40004994468460303 0.50922320895918094 0.62722732571569495 0.7467068304210579 0.85317098906352329 0.9413691989832641 0.99962806179686525 0.87513791649182626 0.87505593280113347 0.87502193570798836 0.874988937062814 0.87495793722161697 0.87492093900145051 0.8748959410764896 0.87486394299032566 0.87484094591338069 0.87482694836922703
0.87482194911424094 0.87482494907744024 0.87483394729080666 0.87486394267231959 0.87489293946045921 0.87493093748582196 0.87496293718841622 0.87499393703141337 0.87501993642600195 0.87505993361594903 0.87513591559080928 0.99961956239650629 0.93650785815602833 0.84547278678130866 0.73440942096646911 0.61573557526811784 0.49678507246825304 0.38805551435228003 0.29714886516683697 0.22286038371673894 0.16540305150153364 0.12237984383908525 0.090471485653125655 0.067514432389867526 0.049949018076715042 0.034793427858673801 0.02400563166020047 0.016649726958204051 0.011775750297699011 0.0083037058743549788 0.0065175816457860233 0.00539342684244201 0.0051293647603459685 0.0054814335705639866 0.0064735789753039789 0.0070817067628350331 0.011757751989334047 0.016805727303537688 0.024047631773881358 0.034651427349771315 0.050009017581099803 0.067446433819799534 0.090649480887535452 0.1222738483079881 0.16545305248404626 0.22303637329301804 0.29631893520020902 0.38834545861720809 0.49655515364969294 0.61395569153431784 0.73425745520924601 0.84270371586985804 0.93544123294597792 0.99961998259651363 0.87513891552100798 0.8750569336349493 0.87502493640100143 0.87499393703521333 0.87496493717981616 0.87492893748342193 0.87489993912845276 0.87485994309932757 0.87483594698840106 0.87482694904403979
0.87482194911304101 0.8748249490964406 0.87483294762901298 0.87486194232271308 0.87489493795183071 0.87493593732581887 0.87496593717261595 0.87499693701861303 0.87502093673660764 0.87506193355774786 0.87514091515520098 0.99961895039645776 0.93537929396506747 0.84274584596991375 0.73106824158983807 0.61212429863785789 0.49333966717690192 0.38469198056786202 0.29426119324257294 0.22047260572713706 0.16340519973485651 0.12074193955711202 0.089173546318104119 0.066460471621727218 0.048807054240879263 0.033907448162835953 0.023331643539822314 0.016213733452053753 0.011773750330994951 0.0082236909580300083 0.0061535409161079923 0.0050853671327560357 0.0047993053141660268 0.0051513692015420446 0.006109533215079949 0.0084996892308049528 0.011743750668410975 0.016117731510805259 0.023329643027927359 0.033843448690702084 0.048875051790312533 0.066332473181332993 0.089269541890621029 0.12054394389185509 0.1633132013586647 0.22045659685624799 0.29334325773094 0.38490191557033304 0.49296373201205801 0.61015039204553601 0.73085423257340087 0.84008289907242983 0.93434977375660688 0.99961926079646657 0.87513991509519995 0.87505593358874834 0.87502393672500756 0.87499393703361328 0.87496593717781612 0.87493093735621952 0.87489893793543039 0.87485494357493665 0.8748329482696251 0.87482694909044056
0.87482194911424094 0.87482494907744024 0.87483394693939998 0.87486194295792497 0.87489193959246159 0.87493193739602015 0.87496293718801632 0.87499393703161321 0.8750189365132035 0.87506293263853063 0.87514391478139408 0.99962517219669089 0.93894067660946801 0.84719843136325168 0.73692321217872159 0.6182733524140489 0.49867093734818496 0.38953541790021601 0.298534785773584 0.22375434375825101 0.16601303090495673 0.12281583010748436 0.090761479673336365 0.067686429749777288 0.050115015002894045 0.034925426126488503 0.024105631228720861 0.016871727785875 0.011835751676906958 0.0086297078507530257 0.0069495874767020113 0.0054754295563360367 0.0051533712670459916 0.0054414370141939467 0.0066995847467420395 0.0086737093392229604 0.011817753380739995 0.016907727095020038 0.024159631379548459 0.034601427354241321 0.05018101434853775 0.067668432129014619 0.090947474739226583 0.12273983525921615 0.16604703258265832 0.22393233283211803 0.29773285351384099 0.38978936783616003 0.49853701258120608 0.61636348012425302 0.73656126713221293 0.84493092063013475 0.93794224741896592 0.99962537919669125 0.87514691472099282 0.87505993265553095 0.87502493648880308 0.8749939370358133 0.87496493718061619 0.87492993741962055 0.87490093907045186 0.87485894299932565 0.87483494719240484 0.87482694907824032
0.87481994911344096 0.87482594803442071 0.87484094547177238 0.87486994307672739 0.87489294156049868 0.87492693849224079 0.87495893725941754 0.87499193704501366 0.87501693652260382 0.87505693438696353 0.87512491946888238 0.99961835819654854 0.93516388283249696 0.85104533833859208 0.74247320429158548 0.62466560072837585 0.50568743902509894 0.39666222644841498 0.30527589655689202 0.229733723601144 0.17124460911569561 0.12721355239064625 0.09432729942050512 0.070672311933871829 0.053294909669035016 0.037473364035123802 0.026183595579331986 0.018577708392694882 0.01329974948532898 0.010019735641389029 0.0074116733070699742 0.0062495774637759769 0.0057295364463620119 0.0065895810598439863 0.0077336675085330183 0.0096457351455180446 0.013263749866873053 0.018557707690807567 0.026219595007916423 0.037171365071445986 0.053368906919920425 0.070572314922152518 0.094449295836043681 0.12698155794152827 0.17114261076140683 0.22981571044542803 0.30420997097504904 0.39677816294711699 0.50522951381454695 0.6227076992626831 0.74184322959470128 0.84698451499115079 0.9338031995563828 0.99961886959656443 0.8751239194438819 0.8750509344175641 0.87501993651260357 0.8749879370640139 0.87495793727941806 0.87492193894324932 0.87489794106908947 0.87486494299652573 0.87484194552177341 0.87482694872703382
0.87481894886603639 0.87482794718820478 0.87484594481936007 0.87487194367713861 0.87489094259551814 0.87491894035867601 0.8749479383860389 0.87498293670100702 0.87501393544718353 0.87505893191211692 0.87512692022369654 0.99958076359735137 0.9493667212685758 0.87243685965950979 0.76623252738179914 0.64873745174279296 0.52861197504109902 0.417683531069165 0.32304197951382002 0.24472639622515696 0.18346173257405685 0.13699698674282879 0.10210493885961397 0.076890079510486167 0.058380751602038441 0.04270323520698327 0.03051951867054559 0.022007663789076426 0.016319731991532003 0.012257751363033991 0.0097797385043570106 0.0090117042301910213 0.0083016908727020309 0.0087477082592459787 0.0096437360908289849 0.012345751770981968 0.016287733061680167 0.022001663735660464 0.030451518517757539 0.042571235148053652 0.058472750513491129 0.076778081873152063 0.1023109347759191 0.13685699497307935 0.18348773397981732 0.24496038350959204 0.32214006316907995 0.41791947152764408 0.52825407885608 0.64647561902002093 0.76511065492875885 0.86841530446405202 0.94782415401266662 0.99958092719734859 0.87512992019829605 0.87505593192151698 0.87501993542078305 0.8749829367052071 0.87495093798903145 0.87491694009167109 0.87489594230211265 0.87486894352053568 0.87484994473735866 0.87482894723020554
0.87482094752061101 0.87483494569857678 0.87485294443875294 0.87487694380814107 0.87489194319152941 0.87491494123729252 0.87494094024967395 0.87497293720161651 0.87500593549898442 0.87504893314614007 0.87510792489938471 0.999480176997665 0.96516619144227667 0.89239820986822382 0.78663705123385785 0.67128644049154307 0.55176769373585499 0.43993010285807904 0.34340740452067198 0.262498571159412 0.1986724842935236 0.14962415510916727 0.11243239318338068 0.085385718417588921 0.06533651093337621 0.050071015516321815 0.036765386566663665 0.027047581605266161 0.020653682784070052 0.01607573237370518 0.013375751443362054 0.011751751410588984 0.011749751429237039 0.011811752652691045 0.013267750178953945 0.016225731840570263 0.020583683677569548 0.027035581291302551 0.036655385141590224 0.049943018192385495 0.065394509644192106 0.085121721415766072 0.11259238823142313 0.14931816475097412 0.19852248501656014 0.26269055055521606 0.34226149077012197 0.44004203106781609 0.55114379413464598 0.66854861141436805 0.78574709986397107 0.88563459801880051 0.96185665501820761 0.99948020579766483 0.87510892489018455 0.87504293317274062 0.87500793548938427 0.87496993751122243 0.87494093993186794 0.87491194182010357 0.87489494310832783 0.87487094383034147 0.87485494441955258 0.87483494574657761
0.87482094669079535 0.87483594543797172 0.87485294423894922 0.87487594381774114 0.87488994362033745 0.87490794227471214 0.87493294091648655 0.87496093858324253 0.87499293583959092 0.87503893295613655 0.87509292692082274 0.99886624139792579 0.99927098798642355 0.92053825430224545 0.81682643728291526 0.70433942858158305 0.58584356682045002 0.47250913677044104 0.37309161802533597 0.28827985305131504 0.22067859832123707 0.16792488501122457 0.12737554808306206 0.097605154594926941 0.075406132828346545 0.059262720551046082 0.045563150209771655 0.034549427352944376 0.027141579907557098 0.02184966484888114 0.018699707740462753 0.016749727038946744 0.01612573190670958 0.016685726800107378 0.018569708007046177 0.021999663601178322 0.027045581571229417 0.03477142864274383 0.04565914816287954 0.059206721721734835 0.075558130333963344 0.097449159822753165 0.12771954099452315 0.16773889473842027 0.22064660193138202 0.28875582696501595 0.37213971462243106 0.47281706838411691 0.58541969337733912 0.70164963302316508 0.8157489818997814 0.91544376718094289 0.99919111698437291 0.99886689479792512 0.87509692689022223 0.87503693297113672 0.87499893563618703 0.87496193842503966 0.87493394087288578 0.87490694283312265 0.87489294369533899 0.87487194383694156 0.87485694424274929 0.87483894540737117
0.87482594625338717 0.8748399453147695 0.87485594413854728 0.87487694381334125 0.87488994374413986 0.8749049432683309 0.87492694172670182 0.87495593966726293 0.87498193802923219 0.87502693275613275 0.87507892759723549 0.87515591343016852 0.99960881679504654 0.94136917111484619 0.85017525055905885 0.74281874356483302 0.6266577995252588 0.51294662112451495 0.41104448189978404 0.32196005308139397 0.24973590045174601 0.19247102042326156 0.1477382823491539 0.11453429389175282 0.089351543134186542 0.071008307699771622 0.057370783583930579 0.045651147955177218 0.036799382491356766 0.03037152053553616 0.02640359367162648 0.024045631487026414 0.023363643424311849 0.024201631179844245 0.026219595269317716 0.030545518300567558 0.036419384790737502 0.045645147751256471 0.057424782514779282 0.070828309015970148 0.089501539530022822 0.1141703020165831 0.14803227221080589 0.19211303206040392 0.24951390590919997 0.32231002097337291 0.40973258801120099 0.51318252674379494 0.62641787558757189 0.74005290130599588 0.84834918795115677 0.93607600315472639 0.99960473319494181 0.87515491340156804 0.87507992759583553 0.87502093291373584 0.87498493785742892 0.87495293968086318 0.87492594122749245 0.87490394339653332 0.87489194374253987 0.87487094383934172 0.87485794417594798 0.87483994533376974
0.87482494625138696 0.87483694530356926 0.87485194414654732 0.87487194383294153 0.8748849437699403 0.87489894363253773 0.87491894278112159 0.87494494016467228 0.87496893954046062 0.87500493559898629 0.87505392879005806 0.87512292102051159 0.99957823079720243 0.96504075746888929 0.8798633286143297 0.7822404998443695 0.67102436603802296 0.5583444881845151 0.45527182873946703 0.36215097936541901 0.28517018091468904 0.22315436820435894 0.17367643599823296 0.13644300348712921 0.10771664160019744 0.086583661266627768 0.070766310541175964 0.059184721751709767 0.050115015075690647 0.042283241093307784 0.037639362988808413 0.034729428821027641 0.033829447498227729 0.034601427056886118 0.03717136564451929 0.04260323591247888 0.049961018576942448 0.059198721755739529 0.070868308739592281 0.086437664728714461 0.10800263551308745 0.13602901590410521 0.17412442245148935 0.22284838662665094 0.28498219305142702 0.36269494443852301 0.45375797841290005 0.55892839079071899 0.67087447048228199 0.78030864205309114 0.88127166502678023 0.95947549975562085 0.99957806739720023 0.87512592101151132 0.87505792870165644 0.87500193555238548 0.8749729393630572 0.87494294022387353 0.87491894242171486 0.87489994363153778 0.87488894375514015 0.87486894384934188 0.87485594417354795 0.87483794532676973
0.87482494625478713 0.87483694533936995 0.8748509441983483 0.87487094384094155 0.87488394377874046 0.87489694339753332 0.8749189424147148 0.87493994112169049 0.87496293941845826 0.87499893656500449 0.87503993234492505 0.87510492199653001 0.99912693379791873 0.99926835998635732 0.92079357629969061 0.83293272354187975 0.72733450658334509 0.61665797780554898 0.51195500847309594 0.41471198140083093 0.33192691205377395 0.26390850470776106 0.20864366474188728 0.16634302265760328 0.13289722669075504 0.10820862983087569 0.089413542126659751 0.075512130647068854 0.065576507238106027 0.058162754522829492 0.053692901266163821 0.050013016634383095 0.048867052863014925 0.050179013458854498 0.053374907479728381 0.058436750651710792 0.065406509653317235 0.07551613058942068 0.089509539484367337 0.10793263630766034 0.13325121661513314 0.16573704002540462 0.20913764343279001 0.26343452948863894 0.33145293198717496 0.41519992780637499 0.51026315595078697 0.61668187537415808 0.72709657691672491 0.83146953999961615 0.92497701318624825 0.99912412398263539 0.99912612519792021 0.87510292210073193 0.87503993228112387 0.87499393658860503 0.87496493967926325 0.8749359417797028 0.87491594240091453 0.87489594340533339 0.87488494377314041 0.87486594386694216 0.87485294426894977 0.87483594542077148
0.87481994629338788 0.87482994547457249 0.87484394435975144 0.87486294387494234 0.87487594381174105 0.87488994343093407 0.87491094246251566 0.87492794216691017 0.87494594119369173 0.87497693770262597 0.87501393568518793 0.87506692566339916 0.87514691846586345 0.99963469539606598 0.95558390826304018 0.8772708940789995 0.78099905951450643 0.6746536855205979 0.57180625538565399 0.47241908916222808 0.38563188694332196 0.31217115481612201 0.25121167973569603 0.2036320762915807 0.16521705550032692 0.13637300462300514 0.11404830640058734 0.097353161180271486 0.085415716331838892 0.076328089561172305 0.070976308616010772 0.06740243412907021 0.066362473100660388 0.067592431195688946 0.070614314660557412 0.076756081987784983 0.085167721242547387 0.097421160179631372 0.11423830139424807 0.13601501610622643 0.16582503915098051 0.20297210015008729 0.25196164962436596 0.31178718458036997 0.38514791844530799 0.47326503332442299 0.56939450156675486 0.67450563450396395 0.77916933183878978 0.87365572901007382 0.96016302289624289 0.99963793939615642 0.87514591848826384 0.87506892563779859 0.87501693536898206 0.87497493753502276 0.8749509408596855 0.87492894236871399 0.87491094246751577 0.87489094342973395 0.87487994379774081 0.87485994389154265 0.87484694446635358 0.87483094561577512
0.87481594645479099 0.87482494580957881 0.87483894466195722 0.87485894389874275 0.87487294359253698 0.87488894278472173 0.87490994246811571 0.87492494239091434 0.87494194178050289 0.87497093911665258 0.87500493654720424 0.87504692935466866 0.87512092284734611 0.99929177559787474 0.99880363897419 0.92978143313760286 0.84360699581962295 0.74350069907428362 0.64323277473467388 0.54304950180934897 0.45315630044284905 0.37402156816958598 0.30638784542380398 0.25290360747818103 0.20847566854761107 0.17467439996015208 0.14784428005644551 0.12751354413245056 0.11306037772025955 0.1016689483729115 0.095067283212104892 0.09060948105888221 0.089315541543527388 0.090899474943284334 0.094489295551061517 0.10225893495441417 0.11261638829891575 0.12763154206714278 0.14803627277993447 0.17403442299963442 0.20915764284227903 0.25186364932974603 0.307185801911392 0.37356959198005102 0.45228634905738596 0.543593448251533 0.64038503046143702 0.74230470459423115 0.83902521628035187 0.91992086107107474 0.99923654498556524 0.99929214119790599 0.87511592284054596 0.87504692939186945 0.87500393669200693 0.87496593885724772 0.8749439415916993 0.87492394240131455 0.87490694248311607 0.87488794279432203 0.87487394358953696 0.87485294392754331 0.87483994475015892 0.87482494591458071
0.87480894738660842 0.87481794702120153 0.87482794548177267 0.87484594409594651 0.87486094367273848 0.87487994261051838 0.87489994251371661 0.87491494244131529 0.87492994233351318 0.874953939719464 0.8749819377246264 0.87501893237652562 0.87508492609540722 0.8751439198888904 0.99962572779680336 0.97550229558767532 0.89954802373069531 0.81099226658758938 0.71765881240250207 0.61985521622945794 0.52893600311853517 0.44578538325325501 0.37257365387533298 0.31309511673620494 0.262524570060641 0.22353635428414095 0.19186104400324239 0.1675708967952915 0.15005614308628343 0.13585302252295003 0.12785153548945999 0.12222384821489249 0.12059794366005819 0.12268783550247653 0.12703355827122045 0.13680299568279328 0.14939816436497386 0.16769689515308567 0.19221103147230797 0.22284438511229204 0.26357052730130498 0.31175718536494201 0.37370159600331104 0.44538541435588908 0.52771810103126693 0.62035717989825101 0.71379320471393604 0.80912677688236923 0.89492354255242268 0.96099433395891221 0.99962281999670044 0.87514792004149322 0.8750849255717974 0.87502293234132489 0.87498693857304233 0.87495194007847077 0.8749339423151129 0.87491594243731519 0.87489994251571668 0.87487994261371849 0.87486494355333633 0.87484494439415206 0.87483194588998037 0.8748179469952011
0.87480894740020876 0.87481694722500558 0.87482494640038988 0.87484094523156786 0.87485694429615024 0.87487294276872141 0.87489294267431972 0.87490894250391649 0.87492394215470992 0.87494594085868549 0.87496993950766 0.87499893706901399 0.87505792798324289 0.87510992495478579 0.99840702257813008 0.99957299499402652 0.94960600543484508 0.87433382031359308 0.79399847016245173 0.7014401418098839 0.61235868576718688 0.5280420696951561 0.45114042754420208 0.38691181436369398 0.33023099873715012 0.28580015021868499 0.24912392650140097 0.22042260468144304 0.19950244974527065 0.18196578992337645 0.17245056705525361 0.1653890526350654 0.16337520128856983 0.16596903281084022 0.17117861184161798 0.18337773526108975 0.19857448462355864 0.22057259994425499 0.249587903248181 0.28488019093971101 0.33152892762278391 0.385059914112788 0.45231434747329197 0.52761808781074204 0.61078878205045817 0.70186407877497003 0.78904688221388386 0.87310719493318145 0.94980725246683229 0.99953926299317875 0.99840681897810934 0.87510992496498596 0.87505192797324272 0.87499793600599396 0.87497193928945594 0.87494094089808616 0.87492494215450989 0.87490694248511613 0.87489094255891753 0.87487194345753438 0.87485694422594895 0.87483694509936538 0.87482794634538874 0.87481494732800735
0.8748049474206091 0.8748119473522078 0.87481794689819925 0.8748329455523739 0.87485094393094343 0.87486494385134184 0.87488294376474018 0.87489694293752462 0.87491094252891699 0.87493394021127324 0.8749579396804632 0.87498393805243257 0.87502793185231575 0.87507292698662398 0.87512692466198028 0.99940217099771733 0.99916745198376311 0.94374906557900984 0.87277520515203 0.78823997824531433 0.70360994458783699 0.62096711449735897 0.54261550680620507 0.47511292083973905 0.41333605350883695 0.36389886661370802 0.32180405777970894 0.28831984211827705 0.26408848729964601 0.24287047680483401 0.23164763373333094 0.22296237191681298 0.22054259642414906 0.223830334463756 0.22988571232360905 0.24490838326769296 0.26282255275658201 0.2887238271132061 0.32247401940965298 0.36265894400335202 0.415361934834858 0.47319303698504295 0.54366546385738002 0.62035117799431394 0.70196010937074893 0.78841399133159029 0.8663327732351439 0.9372297134354266 0.99943309799052793 0.99940294859777135 0.87513092436217454 0.87507692715962726 0.87502693349034655 0.87498293800803173 0.87496193966466296 0.87493094016887252 0.8749149426403191 0.87489694347493474 0.87488294354213603 0.8748679438179412 0.87485394392854332 0.87482994545237203 0.87482294673019612 0.87481194738400847
0.87480394742500922 0.87481094739000853 0.87481594725200595 0.87482894603218286 0.87484594403114535 0.87485994388594246 0.87487894379594078 0.87488994373353968 0.87490294367093835 0.87491994258931816 0.87494093991046751 0.87496693867224429 0.87500593532698123 0.87504093197931809 0.87508792748703346 0.8751479186052662 0.99958189699750688 0.99770470394315458 0.94025781802264052 0.86446388165364185 0.7914386951626331 0.71435115046838815 0.63849118721198006 0.57173033619781999 0.50766334007722191 0.455347858317458 0.40915863375054995 0.37145774554641892 0.34420538355066704 0.31943420714514498 0.306699845655099 0.29625293551675896 0.29341325990583711 0.29762885282338108 0.30427597254004901 0.32207205787748694 0.34236548794225796 0.37199171128187108 0.40980058655641804 0.453671964387871 0.51033915239554806 0.56926448393002382 0.64041302797681399 0.71376116344854801 0.78910087923554029 0.86613352215672068 0.93209362551487385 0.99177403571165934 0.99958189119750218 0.87514191895647264 0.87508592702082466 0.87503893108210129 0.87500393538298227 0.87496393854324173 0.87494194047387819 0.87491394272952072 0.87490394350793543 0.87488894374974002 0.87487494381794118 0.87485994388874244 0.87484594422914896 0.87482394609098402 0.87481794715800409 0.87480794740540879
0.87479794744980965 0.87480494741780901 0.87481094712460361 0.8748239457755782 0.87483794454175479 0.87485094395534391 0.87486994383774164 0.87488094378874059 0.87489294372073945 0.87490994199010674 0.87492894115509101 0.87495094065128165 0.87498593592239249 0.87501493506477634 0.87505093072809459 0.87509392693442312 0.8751429198414894 0.99958177279741467 0.99829183096028196 0.93864036968987175 0.87795586035782847 0.8096317350751463 0.73992087653376071 0.67704344023899521 0.613912066954309 0.56067424427535695 0.51242259457569694 0.47208509995326792 0.44257186540013504 0.41420771491190606 0.40013194745488995 0.38819146109609398 0.38495192015882812 0.38977136237831495 0.396928163673543 0.41783747025908002 0.44013803938523299 0.47278106384761504 0.51328254016505592 0.55887238735211187 0.61680189459701207 0.67447163008513289 0.74241073988495021 0.80909297586918172 0.87317345896949328 0.93725150843941374 0.99178551871230203 0.99958002079734909 0.87515091898327324 0.87509392772443806 0.87505393122690389 0.87501693499997513 0.8749889367954089 0.87494994040747698 0.87493594105728911 0.87490794201610733 0.87489594370713919 0.87488294378014053 0.87486894384734171 0.87485394391914317 0.87484094491176179 0.87482194604498309 0.87481494709060292 0.87480394742320911
0.8747959474590099 0.87480294742760922 0.87480894712200352 0.87482194617258557 0.87483394536937054 0.87484494466995721 0.8748629438715424 0.87487394382054129 0.87488694375994014 0.87490094345553449 0.87491594131089401 0.87493894072268297 0.87496993717421612 0.87499893698461251 0.87502393520757904 0.87505593087469724 0.87509892696582359 0.87515691731244161 0.99957758339732983 0.99940253898976195 0.95410978311533501 0.89241371488784782 0.83640239936705896 0.78145317178229323 0.72315290384585285 0.672842308421847 0.62537398199567917 0.58443375034637701 0.55435955730774999 0.52355042830421394 0.50929522064019495 0.49645715237457999 0.49305174110126604 0.49835701174962393 0.50530151797636091 0.52818206126213096 0.55121979488695405 0.58534767178595482 0.626569868570094 0.67076644147786313 0.72711658132905321 0.77912727978748675 0.83909101830431487 0.89480367750903056 0.94984765847324437 0.99943236199051211 0.99958192439750326 0.87514791899027333 0.87509992580640172 0.87505293119550331 0.87502293557538591 0.87499293675820822 0.87497093718141616 0.87493294075528349 0.8749179413152941 0.87489494348593499 0.87488594376234019 0.87487294382334135 0.87485894390734298 0.87484394429235013 0.87483394550337301 0.87481694629838791 0.87480994711900339 0.87479994744420964
0.87478794749781053 0.87479494732220719 0.87480194676599676 0.87481394632758847 0.87482394598778224 0.87483194551437304 0.87484894420494852 0.874859943915543 0.87487294382474146 0.8748869433423323 0.8748999419809067 0.8749209409844878 0.8749489373712197 0.87497693711521496 0.87499893698121234 0.87502193551398466 0.87505393138130683 0.87509292605400646 0.87513992119511486 0.99940460499787354 0.99957697199412832 0.95753357348716261 0.9212985173684296 0.8770241250108971 0.82530860679727536 0.78243244391155686 0.73916098182253742 0.70072167056700196 0.67190036484172 0.64122001991027699 0.62730733136992489 0.6137816888213341 0.610262405635836 0.61625947415140303 0.62269172529287309 0.64636761175119195 0.6685926355730839 0.70156162677501199 0.74007494225454618 0.78006065095000521 0.8315521920514104 0.87364832000740222 0.92002654010207585 0.96099012695836394 0.99954006699319642 0.99940291679777149 0.87514591907167483 0.87509392772443806 0.87505593117910307 0.87502193538878237 0.87500293696961218 0.87497593712021504 0.87495593733801913 0.8749189409998881 0.87490594196190619 0.87488494335953271 0.8748759438129412 0.87486294387514218 0.8748479446245564 0.87483494525936845 0.87482794608218395 0.87481294634098883 0.87480694674799642 0.87479394732720728
0.8747809477448153 0.87478994724120585 0.87479894643879053 0.87481194635118897 0.87482094627038742 0.87482694610918443 0.87484094520376732 0.87484994454075482 0.87486294387474228 0.8748769437213394 0.87488794205670795 0.8749089412132921 0.87493493751942253 0.87496293718521634 0.87498393708021427 0.87500293697001219 0.87502493559078609 0.87504993132810582 0.87508892731323018 0.87513092224433464 0.99840653609803742 0.99962181559666996 0.99934525098833038 0.95374373699719861 0.92079569229494196 0.88477038601751401 0.84746589866163224 0.81508659564288422 0.78964678742798899 0.75967509061916927 0.74680484938137914 0.73416144625650814 0.73089226071093305 0.73649324898497392 0.74180125658920593 0.76489063381423639 0.78571711785725051 0.81561234083029355 0.84832000794486473 0.8811298119750981 0.92511502121562506 0.96015853189376832 0.99924026198565963 0.99962262919669898 0.99840690785810515 0.87512692448917706 0.87508592702422483 0.87504993123710417 0.87502293557438582 0.8749999369884125 0.87498393708061428 0.87495693721321666 0.87493693750762225 0.87490194124589282 0.87489094206590823 0.87487094375273999 0.87486194393474348 0.87484894427434978 0.87483694555897407 0.87482594597278185 0.874820946299388 0.87480594637418929 0.87480094640058992 0.87478594730360693
0.87476794995605689 0.87477494946344758 0.87478294879443497 0.87479594727720644 0.87480494688539912 0.87480994685639846 0.87482394604698333 0.87482994569057648 0.87483994474795879 0.87485494397874419 0.87486294343153403 0.87488194163229993 0.87490793765582509 0.87493693731581867 0.87495693721481682 0.87497593712041499 0.87499493674940798 0.87501293501257538 0.87504293100969988 0.87507492715482726 0.87511092517138978 0.87514792081370774 0.99929114399784402 0.99962917939590212 0.99916218798362377 0.95876254665840466 0.93472452589923682 0.91737675561358456 0.89014890327509044 0.86180260538446973 0.85307882203712948 0.84267888985481687 0.84008314108173077 0.84493029662526653 0.84715854606035701 0.86838348145128574 0.88565725103263626 0.91499737707831896 0.93605088315364215 0.95947708375577812 0.99913279298285873 0.9996374757961437 0.99929252939790447 0.87514692029869801 0.87511292516458972 0.87507792715762722 0.87504293106030084 0.87501693499757505 0.87499693673940782 0.87497593712021504 0.8749609371938164 0.87493493732401884 0.87491493762142447 0.87487894168150093 0.87487094340293348 0.87485194397654409 0.8748439448153601 0.87483394540217108 0.87482194642039024 0.87481294653839259 0.87480794686319863 0.87479194809902194 0.87478794812082239 0.87477494922684318
0.87477095001625804 0.8747799492924444 0.87478794925724379 0.87479494922644307 0.87480094919624252 0.8748059491740422 0.87481394893063757 0.8748189488944369 0.87482594831222593 0.87483694623418684 0.87484394545257216 0.87486394259071809 0.87488693872284518 0.87491593778542753 0.87493693753042268 0.87495593728461807 0.87497293719861646 0.8749859367946089 0.87500793535358179 0.87502393351234697 0.8750529279550423 0.87508492578520147 0.8751129226519424 0.87515091893167218 0.99912588639794098 0.99957952399725702 0.99960243859487818 0.99895646797823068 0.96322539619701608 0.94197299299807424 0.94137485298583679 0.9354252069420752 0.93435962876036227 0.93794000941733757 0.93387883757262369 0.94781809901022906 0.96191808302659054 0.99918640998425323 0.99960476759494188 0.99957791919720029 0.99912628299791972 0.87514291844926317 0.87511692257394091 0.87508092579480157 0.87505192797044262 0.87502393350594687 0.8750039353823823 0.87498593681240922 0.87497193718021615 0.87495193735601962 0.87493693750642221 0.87491093763902483 0.87488993912585278 0.87485594247251586 0.87484794453275472 0.87482994737080821 0.87482594826722515 0.8748169484466285 0.87481194913664151 0.87480394917504223 0.87480094919104234 0.87479094924444356 0.87478794925844372 0.8747759493112448
0.87476795003105834 0.87477594930904479 0.87478294927624412 0.87478894924844364 0.874795949220043 0.87479994919984272 0.87480694917084212 0.8748109491512418 0.87481694911324093 0.87482194906344013 0.874825948793435 0.87483594700300116 0.87485094345713432 0.87488194135369468 0.87490094124429285 0.87491794103288878 0.87493494095228719 0.87494594007307069 0.87496693862044317 0.87497993849984101 0.87499993544378341 0.87502393248132759 0.87504292956607266 0.87507392520759053 0.87509892235413667 0.87512892035249901 0.87515591493039691 0.99886675527798885 0.99948060059764998 0.99957506559713172 0.99962809479686421 0.99961993019651385 0.99961931239646518 0.99962536799669255 0.99961909879656852 0.99958086879734875 0.99948039419766477 0.99886671379792302 0.87515791337856763 0.87512492101531159 0.8751059220727313 0.87506792594120431 0.8750499295602725 0.87502293233192474 0.87500093599159379 0.8749839380078317 0.87496693852584151 0.87494994040747698 0.87493694073668304 0.87491894099868817 0.8749059412280924 0.87487894167410085 0.87485994245071541 0.87483294772861486 0.87483094862523181 0.87482094897863838 0.87481994911244088 0.87481194914804172 0.87480994915964183 0.87480094919684248 0.87479894920844281 0.8747889492504437 0.87478694926324385 0.87477494931444477
0.87477294954704921 0.87478094928864436 0.87478694926104372 0.8747929492348433 0.87479894920744272 0.8748029491878424 0.87480994916004184 0.87481394914124155 0.87481894911984115 0.87482294910004077 0.87482594908184041 0.87483194848562928 0.87484594481616007 0.87487294299432572 0.87489094235151366 0.87490494165250032 0.87492194124869271 0.8749289410528891 0.87494794044387769 0.87495793968226321 0.8749729392814557 0.87498793857584245 0.87499993678680876 0.87502193550998464 0.87503593209992037 0.87505892880905844 0.8750809275254342 0.87509492665781785 0.87511592484018363 0.87511592294234786 0.87513991648562617 0.87513791553080811 0.87514191508619965 0.87514491472619305 0.87512591943088158 0.87512792020529617 0.87510992488198436 0.87509492689902235 0.87508092758223532 0.8750559287038564 0.87504093211292067 0.87501393554698526 0.8750039366986071 0.87498393858924273 0.87497193928985584 0.87495893967986327 0.87494194047327822 0.87493194107388961 0.87491794130969391 0.87490294197550655 0.87489094205710805 0.87486694341973381 0.87484794453275472 0.87482694864243216 0.8748269490806404 0.8748189491182411 0.87481794912324118 0.87480994915724186 0.87480794916664206 0.87480094920024254 0.87479794921144283 0.87478894925064365 0.87478694926144374 0.87477694930884464
0.87476894934304539 0.87477694930644467 0.8747829492804442 0.8747879492558438 0.87479394923084319 0.87479694921324291 0.87480294918864243 0.87480694917264212 0.87481094915304181 0.87481494913384139 0.87481794912024124 0.87482294897343849 0.87482894738180828 0.87485294393594337 0.87487094370073915 0.87488394368833877 0.87489694258971817 0.87490394335893262 0.87491794151369773 0.87492894118989162 0.87494094033067549 0.87495394021247319 0.87496093913225292 0.87498093690201095 0.87498793729261826 0.87500493497857468 0.87502193324314181 0.8750319330055375 0.87504993184091551 0.87504793409175807 0.87505793279453348 0.87505593363974943 0.87505793358114836 0.87505893266053103 0.87505293441016396 0.87505493193051731 0.87504493316674037 0.87503493297853707 0.87502293290053546 0.87500093584999106 0.87499693668800682 0.87497493753482292 0.87496893885004756 0.8749519400764707 0.87494394088028582 0.87493194016047238 0.87491794270692025 0.87490794200690714 0.87489894346793462 0.87488494335713252 0.87487494373453967 0.87485194398134425 0.87483394735640796 0.8748209489790385 0.87482294910204084 0.87481494913584146 0.87481494913824154 0.87480694917044211 0.87480594917924215 0.87479794921044285 0.87479594922044313 0.87478794925784376 0.87478694926544387 0.87477594931224478
0.87477194933244518 0.87477894929724453 0.87478494927264405 0.87478994925024356 0.87479494922604306 0.8747979492106428 0.87480394918704241 0.87480694917204205 0.87481094915304181 0.8748149491356414 0.87481694912544117 0.87482094910764086 0.87482394827122512 0.87484494482396014 0.87486194396834405 0.87487494381314124 0.87488694375534004 0.87489494372293941 0.87490494348633485 0.87491494254911728 0.87492494237691421 0.87493494198130672 0.87494194206850817 0.87495294056367989 0.87496293988586715 0.87497393946285917 0.87498593742142072 0.87499693604019468 0.8750119353791822 0.87501493574058897 0.87502293570138834 0.87502393640780163 0.87502593671900741 0.87502293649660323 0.87502093650700341 0.87501793542958317 0.87500993547878403 0.87499693564318726 0.8749849377896276 0.87497093947665949 0.87496493967846323 0.8749489408722857 0.87494394159189937 0.87493094232891322 0.87492494215370986 0.87491194265331929 0.87490394350693546 0.8748929437227394 0.87488694376214016 0.87487194382874134 0.87486194393194339 0.87483994483256033 0.87482594826642512 0.87481594912784133 0.87481794912324118 0.87480994915604182 0.87481094915604185 0.87480394918564242 0.8748019491932425 0.87479594922324311 0.87479394923104314 0.87478494926904404 0.87478494927364414 0.87477394931944497
0.87476894934404537 0.87477494931544486 0.87477894929544442 0.87478394927564407 0.87478894925164374 0.87479194923704329 0.87479794921284282 0.87479994920024262 0.87480394918324234 0.87480794916884208 0.87480994915984189 0.87481294914284147 0.87481594844842847 0.87483494543037166 0.87484894427214988 0.87486294387554231 0.87487494381834141 0.87488194378554063 0.87488994374493989 0.87489694347693492 0.87490694248391609 0.87491694243491513 0.87492294240571467 0.8749299423623137 0.87493494178630304 0.8749449402214734 0.87495293972806409 0.8749599384860407 0.87497293645540253 0.87497993711041477 0.87498993705701378 0.87499193704321354 0.87499493702841324 0.87499193704401357 0.8749899370574139 0.8749809367302076 0.87497093751822241 0.87496093889124837 0.87495493969926363 0.87494394022447353 0.87493894176890263 0.87492894236791396 0.87492694238851432 0.87491594243691517 0.87490994247191578 0.87489794347393468 0.8748929437333397 0.87488294377974052 0.87487694380774106 0.87486294387474228 0.87485294425974947 0.87483394540277104 0.87482094842922808 0.87481194914784166 0.87481494913924152 0.87480694917024215 0.87480794916964211 0.87480094919804274 0.87479994920304283 0.87479294923364337 0.87479294923844342 0.87478394927684411 0.8747839492796442 0.87477394932184493
0.8747689493420453 0.87477594931404479 0.87477994929464442 0.8747839492750441 0.87478894925164374 0.87479194923864345 0.87479694921664297 0.87479894920604273 0.87480294919084245 0.87480594917704213 0.87480794916824212 0.87481094915464175 0.87481094914144153 0.87482294641719027 0.87483594555597399 0.87484694462415646 0.87485894389814278 0.87486694385274177 0.87487594381254119 0.87488194354473603 0.87489094255771749 0.87489994251331671 0.87490594248751619 0.8749119424569155 0.87491394260471844 0.87491994191030531 0.87492694096928758 0.87493394109988998 0.87494093967466313 0.87494893835643828 0.87495893721601681 0.87496293718861629 0.87496693717101592 0.87496393718821619 0.87495893722861695 0.87494893801183182 0.87493993991986785 0.87493194090708626 0.87492594122709244 0.87491694243171514 0.87491594240011461 0.87490794247711601 0.87490694248231604 0.87489694252791694 0.87489094255871747 0.87487994355513632 0.87487494381694109 0.87486594386094207 0.87485894390634278 0.87484394464075665 0.87483694555997404 0.87481894643639058 0.8748119491362415 0.87480594917644217 0.87480794916624205 0.87480194919504251 0.87480194919304255 0.87479594921924297 0.87479594922184312 0.87478894925304373 0.87478794925664383 0.87477994929224445 0.87477994929464442 0.87477094933464516
0.87476494936024562 0.87477094933424515 0.87477494931604483 0.87477894929744449 0.87478294927824407 0.87478594926704378 0.87478994924764353 0.87479294923564332 0.87479594922064308 0.87479894920864276 0.87479994920244264 0.87480294919144252 0.87480194917944232 0.87481394653359235 0.87482594597238184 0.87483494525836836 0.87484494428595005 0.87485294392674329 0.87486094388254243 0.87486694382154129 0.87487194345313435 0.87488094266731953 0.87488594281552234 0.87489294278412177 0.8748959435667365 0.87489994368433877 0.87490394339553335 0.87490694283112258 0.8749119418131035 0.87491694042607726 0.87492393848484074 0.87492793749922215 0.87493193734621932 0.87492793749522213 0.87492293900165052 0.87491594080688451 0.87491294181630352 0.87490694283272263 0.87490494338873315 0.8748999436305378 0.87489894339473329 0.87489094342873386 0.87488994278252186 0.87487994261391855 0.87487494344553429 0.87486794381734112 0.87486294387414232 0.874854943918143 0.87484794427254975 0.87483494525916838 0.87482994595738162 0.87481394653819244 0.87480694915904189 0.87480094919684248 0.87480394918444238 0.87479894921004286 0.87479994920684279 0.87479294923344331 0.8747929492352432 0.87478694926264389 0.87478594926624398 0.87477894929864453 0.87477894930184452 0.87476994934124541
0.87476594935724572 0.87477194933244506 0.87477494931604483 0.87477894929904454 0.87478294928124423 0.87478494926964401 0.87478994925124365 0.87479194924104342 0.87479494922824319 0.87479694921824303 0.87479794921364284 0.8747999492040428 0.87479894919544254 0.87480894685859867 0.87482094629998797 0.87482794608338388 0.87483494549757301 0.87483894491896197 0.87484694421894893 0.87485194408034617 0.87485694388914259 0.87486594315172872 0.87487294382834147 0.87487994379774081 0.87488494377254045 0.87488894375494008 0.87489194374213985 0.87489294369473902 0.87489494311012783 0.87489594229971268 0.87489794070048243 0.87489893942865848 0.8749009377650272 0.87489793914725322 0.87489794106788954 0.87489494231211284 0.87489494310932781 0.87489194370273904 0.8748919437419399 0.87488794376234014 0.87488594377194051 0.87487794380634087 0.87487394358853698 0.87486294356473637 0.8748569442261489 0.87485094394014351 0.87484594422294881 0.87483894492136205 0.87483394549977289 0.87482394609698422 0.87482094629978802 0.8748049468771989 0.87480094919004248 0.87479494922424306 0.87479794921164289 0.87479294923544326 0.87479394923064313 0.8747879492558438 0.87478794925644376 0.87478294928204414 0.87478194928524411 0.87477494931544486 0.87477594931544489 0.87476694935544552
0.8747599493854461 0.87476494936304583 0.87476794934704538 0.87477194933044511 0.87477594931164471 0.87477794930244457 0.8747809492866444 0.8747829492790441 0.87478594926684394 0.87478794925624381 0.87478894925264372 0.87478994924544351 0.87478894924984363 0.8747929480956218 0.87480594637398934 0.87481294634058893 0.87481794630598808 0.87481994620118608 0.87482494550297285 0.874829945451572 0.87483694520376731 0.87484494439335203 0.87485294392694324 0.8748599438917426 0.8748659438663422 0.87486894384914182 0.87487094383894159 0.87487194383634159 0.87487094383034147 0.87486894351973565 0.87486494298912565 0.87485794323313026 0.87485594331993177 0.87485794335253242 0.87486594297452536 0.87486894352293565 0.8748729438217413 0.87487194383674161 0.87487294383074155 0.87486894384874181 0.87486794385694189 0.8748599438917426 0.87485494391694307 0.87484494439315208 0.87483894508376503 0.87482994544617187 0.87482594607398367 0.8748229460423832 0.87481994628418769 0.87481294634098883 0.87480894636138917 0.87479294809782182 0.87479494922804324 0.87478894925024364 0.87479294923644335 0.87478794925724379 0.87478894925184369 0.87478394927684411 0.87478394927644409 0.87477894929844446 0.87477894930004452 0.87477194933124514 0.87477294932944516 0.87476394936864588
0.87476094938024607 0.87476594935924568 0.87476894934364535 0.8747719493286451 0.87477594931144476 0.87477794930544472 0.87478094929004435 0.87478294928204414 0.874784949271044 0.87478694926364386 0.87478694926384382 0.87478794925744374 0.87478594926484399 0.87478994811422217 0.87480094650059181 0.87480594657619326 0.87481094661759407 0.87481394735020779 0.8748179471594042 0.87482294673159611 0.87482794634758887 0.87483194588778035 0.87483994475015892 0.87484694447075351 0.87485294426494964 0.8748559441719479 0.87485794417874807 0.87485794423994923 0.87485494442255263 0.87484994472455835 0.874841945504373 0.87483494718640475 0.87483294817922341 0.87483494723220556 0.8748429455159733 0.87484794480095973 0.87485494442055267 0.87485594425274937 0.87485794417694795 0.87485394418154805 0.87485294426874971 0.87484494447195349 0.87483994475175875 0.87482994589838048 0.87482694634238878 0.87481994673519614 0.87481794715740413 0.87481294710080315 0.87480994711740345 0.87480394676119677 0.87480094640098982 0.87478494813382257 0.8747879492576438 0.87478394927664416 0.87478694926124378 0.87478294928024414 0.87478494927304407 0.8747799492956444 0.87477994929464442 0.87477494931644484 0.87477594931524483 0.87476794934724544 0.87476994934284524 0.87476094938024607
0.87475394941104667 0.87475794939304641 0.87476094938064608 0.87476294936824583 0.87476694935204546 0.8747689493448455 0.87477194932944513 0.87477294932484506 0.87477494931664479 0.87477594931044478 0.87477594931084479 0.87477694930524463 0.87477394948564813 0.8747759487714345 0.87478694715640415 0.87479394746940997 0.87479994744400957 0.87480394742260914 0.87480794740540879 0.87481194738340851 0.8748149473278074 0.87481794699400117 0.87482494591458071 0.87483094561977515 0.87483594541697129 0.87483794532496961 0.87483994533676979 0.8748389454049712 0.87483394574157747 0.87482894721680515 0.87482694872563382 0.87482694907804037 0.87482694909044056 0.87482694907224023 0.87482794800722019 0.87482994714120388 0.87483694564477565 0.87483794541057125 0.87484094532616963 0.87483794532576964 0.87483794541257132 0.87483094561237507 0.87482694590778065 0.87481794699440107 0.87481694732020721 0.87481194738340851 0.87481094739400855 0.87480494742140913 0.87480294743020937 0.87479394732740734 0.87478894729360668 0.87477494922644317 0.87477894929664446 0.87477494931404476 0.87477994929424441 0.87477594931204472 0.87477794930324471 0.87477394932184493 0.87477394932004493 0.87476994934084529 0.87477094933784516 0.87476394936884583 0.87476494936484572 0.87475694939844639
@ p_rH2 64 64
2.52866e-08 2.53031e-08 2.53019e-08 2.53151e-08 2.53141e-08 2.53255e-08 2.53244e-08 2.53323e-08 2.53283e-08 2.53086e-08 2.52362e-08 2.52438e-08 2.48937e-08 2.50159e-08 2.61249e-08 2.62569e-08 2.62636e-08 2.62792e-08 2.6281e-08 2.62943e-08 2.6295e-08 2.63117e-08 2.67658e-08 2.68576e-08 2.68687e-08 2.68788e-08 2.68606e-08 2.67839e-08 2.60839e-08 2.57455e-08 2.54399e-08 2.54424e-08 2.5443e-08 2.54424e-08 2.54397e-08 2.54681e-08 2.59701e-08 2.66524e-08 2.68616e-08 2.68742e-08 2.68685e-08 2.68528e-08 2.67682e-08 2.63062e-08 2.6295e-08 2.62888e-08 2.62817e-08 2.62742e-08 2.62637e-08 2.6251e-08 2.61231e-08 2.50208e-08 2.49842e-08 2.49836e-08 2.52192e-08 2.53283e-08 2.53258e-08 2.53271e-08 2.53211e-08 2.53193e-08 2.53124e-08 2.53068e-08 2.53022e-08 2.5294e-08
2.52963e-08 2.53132e-08 2.53121e-08 2.53267e-08 2.53262e-08 2.53386e-08 2.53381e-08 2.53474e-08 2.53441e-08 2.53553e-08 2.53475e-08 2.5356e-08 2.52585e-08 2.54995e-08 2.64517e-08 2.62735e-08 2.6279e-08 2.62955e-08 2.62988e-08 2.63293e-08 2.63833e-08 2.64944e-08 2.70902e-08 2.72636e-08 2.73285e-08 2.7352e-08 2.73365e-08 2.72895e-08 2.70898e-08 2.66225e-08 2.58049e-08 2.54749e-08 2.54513e-08 2.54607e-08 2.5811e-08 2.66022e-08 2.71552e-08 2.72875e-08 2.73432e-08 2.73524e-08 2.73296e-08 2.72653e-08 2.70939e-08 2.64931e-08 2.63874e-08 2.63285e-08 2.63045e-08 2.62955e-08 2.62853e-08 2.63449e-08 2.63801e-08 2.52734e-08 2.53528e-08 2.53514e-08 2.53551e-08 2.53542e-08 2.53506e-08 2.53489e-08 2.53424e-08 2.53403e-08 2.53332e-08 2.53263e-08 2.53199e-08 2.53102e-08
2.53018e-08 2.53198e-08 2.53193e-08 2.53353e-08 2.53351e-08 2.53471e-08 2.53474e-08 2.53584e-08 2.53555e-08 2.53678e-08 2.53612e-08 2.5371e-08 2.53597e-08 2.56124e-08 2.67289e-08 2.67089e-08 2.66816e-08 2.63123e-08 2.63674e-08 2.65544e-08 2.67933e-08 2.72639e-08 2.76647e-08 2.78212e-08 2.7897e-08 2.79307e-08 2.79246e-08 2.78869e-08 2.77738e-08 2.76204e-08 2.70661e-08 2.6662e-08 2.61391e-08 2.63537e-08 2.70474e-08 2.75933e-08 2.77774e-08 2.78808e-08 2.79263e-08 2.79265e-08 2.78944e-08 2.7818e-08 2.76623e-08 2.7255e-08 2.67917e-08 2.65485e-08 2.63687e-08 2.64367e-08 2.64316e-08 2.66166e-08 2.67747e-08 2.56013e-08 2.5363e-08 2.53613e-08 2.53622e-08 2.5359e-08 2.53543e-08 2.53517e-08 2.5345e-08 2.53413e-08 2.53329e-08 2.5326e-08 2.53194e-08 2.53093e-08
2.53072e-08 2.53266e-08 2.53264e-08 2.53436e-08 2.53442e-08 2.53562e-08 2.5357e-08 2.53694e-08 2.53668e-08 2.53798e-08 2.53742e-08 2.53855e-08 2.53755e-08 2.63695e-08 2.6818e-08 2.68433e-08 2.69028e-08 2.7038e-08 2.7272e-08 2.72273e-08 2.73257e-08 2.79561e-08 2.80456e-08 2.8066e-08 2.8074e-08 2.80863e-08 2.80883e-08 2.80942e-08 2.80909e-08 2.81664e-08 2.84491e-08 2.86589e-08 2.87135e-08 2.87882e-08 2.846e-08 2.8166e-08 2.80952e-08 2.80943e-08 2.80922e-08 2.80866e-08 2.80782e-08 2.80662e-08 2.80495e-08 2.79529e-08 2.738e-08 2.72263e-08 2.69817e-08 2.71153e-08 2.6913e-08 2.68427e-08 2.68241e-08 2.63678e-08 2.53859e-08 2.53829e-08 2.53821e-08 2.53787e-08 2.53741e-08 2.53703e-08 2.5362e-08 2.5358e-08 2.53499e-08 2.53429e-08 2.53352e-08 2.53237e-08
2.53142e-08 2.53348e-08 2.5335e-08 2.53518e-08 2.53538e-08 2.53667e-08 2.53678e-08 2.53814e-08 2.53797e-08 2.53928e-08 2.53874e-08 2.54e-08 2.53911e-08 2.65653e-08 2.68567e-08 2.70138e-08 2.73059e-08 2.77272e-08 2.79834e-08 2.79648e-08 2.80134e-08 2.83661e-08 2.80781e-08 2.80974e-08 2.81048e-08 2.81178e-08 2.81229e-08 2.81921e-08 2.84009e-08 2.87116e-08 2.92091e-08 3.02058e-08 3.09421e-08 3.04554e-08 2.93461e-08 2.87025e-08 2.83994e-08 2.81887e-08 2.8123e-08 2.81137e-08 2.81047e-08 2.8093e-08 2.81974e-08 2.81634e-08 2.7846e-08 2.8034e-08 2.79733e-08 2.77241e-08 2.73057e-08 2.70052e-08 2.68571e-08 2.65569e-08 2.53934e-08 2.53896e-08 2.53882e-08 2.53839e-08 2.53782e-08 2.53738e-08 2.53651e-08 2.53604e-08 2.53516e-08 2.53437e-08 2.53353e-08 2.53234e-08
2.53172e-08 2.53385e-08 2.53395e-08 2.53561e-08 2.53587e-08 2.53727e-08 2.53741e-08 2.53886e-08 2.53876e-08 2.54014e-08 2.53967e-08 2.54109e-08 2.54026e-08 2.65798e-08 2.69391e-08 2.72505e-08 2.76616e-08 2.80096e-08 2.80523e-08 2.80788e-08 2.86088e-08 2.86737e-08 2.85905e-08 2.86104e-08 2.82137e-08 2.81605e-08 2.83644e-08 2.88631e-08 2.93905e-08 2.98191e-08 3.07389e-08 3.13002e-08 3.13316e-08 3.13028e-08 3.0542e-08 2.99824e-08 2.93805e-08 2.88647e-08 2.83656e-08 2.81866e-08 2.83e-08 2.82883e-08 2.86064e-08 2.87e-08 2.86152e-08 2.80804e-08 2.80563e-08 2.80231e-08 2.76633e-08 2.72487e-08 2.69448e-08 2.6579e-08 2.54124e-08 2.54078e-08 2.54055e-08 2.54004e-08 2.53941e-08 2.53895e-08 2.53801e-08 2.53746e-08 2.53647e-08 2.53557e-08 2.53469e-08 2.53353e-08
2.53241e-08 2.53451e-08 2.53474e-08 2.53649e-08 2.53677e-08 2.53829e-08 2.53852e-08 2.53998e-08 2.53994e-08 2.54142e-08 2.541e-08 2.54253e-08 2.55243e-08 2.69834e-08 2.73956e-08 2.79071e-08 2.80586e-08 2.80847e-08 2.80964e-08 2.81223e-08 2.86545e-08 2.87503e-08 2.87572e-08 2.87782e-08 2.86842e-08 2.8863e-08 2.92633e-08 2.94452e-08 2.98665e-08 3.08011e-08 3.13613e-08 3.14097e-08 3.14097e-08 3.14093e-08 3.13639e-08 3.10019e-08 3.00302e-08 2.95583e-08 2.91329e-08 2.8608e-08 2.87864e-08 2.87676e-08 2.87592e-08 2.87426e-08 2.86563e-08 2.81169e-08 2.80937e-08 2.80802e-08 2.80558e-08 2.7894e-08 2.73896e-08 2.69771e-08 2.55262e-08 2.54141e-08 2.54108e-08 2.54052e-08 2.53982e-08 2.5393e-08 2.53824e-08 2.53758e-08 2.53654e-08 2.53563e-08 2.53475e-08 2.53351e-08
2.53252e-08 2.53474e-08 2.53505e-08 2.53692e-08 2.53725e-08 2.53885e-08 2.53915e-08 2.54062e-08 2.54068e-08 2.54226e-08 2.54187e-08 2.54346e-08 2.55428e-08 2.716e-08 2.77187e-08 2.80536e-08 2.80844e-08 2.81097e-08 2.81269e-08 2.8534e-08 2.87412e-08 2.87871e-08 2.87958e-08 2.89236e-08 2.94213e-08 2.99231e-08 3.01087e-08 3.07836e-08 3.17789e-08 3.14555e-08 3.14742e-08 3.1488e-08 3.14875e-08 3.14874e-08 3.14732e-08 3.16529e-08 3.1248e-08 3.07909e-08 3.0166e-08 2.99215e-08 2.94378e-08 2.89212e-08 2.88036e-08 2.87855e-08 2.87476e-08 2.85374e-08 2.81321e-08 2.81123e-08 2.8089e-08 2.80504e-08 2.773e-08 2.71639e-08 2.55519e-08 2.54319e-08 2.54288e-08 2.54218e-08 2.54135e-08 2.54072e-08 2.53965e-08 2.53903e-08 2.53792e-08 2.53688e-08 2.53584e-08 2.53442e-08
2.53283e-08 2.5352e-08 2.53555e-08 2.53752e-08 2.53796e-08 2.53954e-08 2.53994e-08 2.54147e-08 2.5416e-08 2.54332e-08 2.54301e-08 2.54532e-08 2.58342e-08 2.76309e-08 2.80525e-08 2.80951e-08 2.81154e-08 2.81391e-08 2.81662e-08 2.8785e-08 2.88043e-08 2.90069e-08 2.88679e-08 2.95692e-08 3.01733e-08 3.02364e-08 3.11086e-08 3.19795e-08 3.22958e-08 3.21242e-08 3.2137e-08 3.179e-08 3.16281e-08 3.17466e-08 3.17345e-08 3.22793e-08 3.22452e-08 3.2169e-08 3.10596e-08 3.03102e-08 3.02831e-08 2.94043e-08 2.91024e-08 2.88327e-08 2.89148e-08 2.87344e-08 2.81556e-08 2.81389e-08 2.81116e-08 2.80868e-08 2.8053e-08 2.76277e-08 2.58364e-08 2.54428e-08 2.54311e-08 2.5423e-08 2.54144e-08 2.54079e-08 2.53964e-08 2.53894e-08 2.53774e-08 2.5366e-08 2.53554e-08 2.5341e-08
2.53007e-08 2.53551e-08 2.53598e-08 2.53796e-08 2.5385e-08 2.54014e-08 2.54063e-08 2.54226e-08 2.54242e-08 2.54424e-08 2.54404e-08 2.54791e-08 2.68685e-08 2.80318e-08 2.81566e-08 2.81699e-08 2.87171e-08 2.83376e-08 2.93149e-08 2.93727e-08 2.98541e-08 3.00755e-08 3.03208e-08 3.1517e-08 3.12889e-08 3.25891e-08 3.33904e-08 3.35128e-08 3.40834e-08 3.29685e-08 3.3611e-08 3.31935e-08 3.32167e-08 3.36832e-08 3.2803e-08 3.40487e-08 3.34251e-08 3.35265e-08 3.35509e-08 3.22348e-08 3.17163e-08 3.11582e-08 3.04415e-08 3.0147e-08 2.95683e-08 2.98967e-08 2.87023e-08 2.90091e-08 2.8271e-08 2.83346e-08 2.81383e-08 2.802e-08 2.6887e-08 2.54757e-08 2.54495e-08 2.54412e-08 2.54317e-08 2.54238e-08 2.5411e-08 2.5403e-08 2.53904e-08 2.53791e-08 2.53679e-08 2.53525e-08
2.52358e-08 2.5354e-08 2.5361e-08 2.53812e-08 2.53872e-08 2.54045e-08 2.54099e-08 2.54275e-08 2.54301e-08 2.54484e-08 2.54501e-08 2.56826e-08 2.71182e-08 2.84971e-08 2.88178e-08 2.91818e-08 2.93629e-08 2.94135e-08 3.00475e-08 3.01584e-08 3.02412e-08 3.11469e-08 3.17104e-08 3.21767e-08 3.38078e-08 3.56072e-08 3.62108e-08 3.66632e-08 3.75686e-08 3.85226e-08 4.17349e-08 4.22086e-08 4.24164e-08 4.26108e-08 4.02577e-08 3.98892e-08 3.75431e-08 3.65396e-08 3.61907e-08 3.56376e-08 3.38493e-08 3.2312e-08 3.17184e-08 3.11388e-08 3.02373e-08 3.01588e-08 3.00356e-08 2.94215e-08 2.93326e-08 2.90071e-08 2.89575e-08 2.82826e-08 2.72677e-08 2.56035e-08 2.54506e-08 2.54394e-08 2.54284e-08 2.54197e-08 2.54069e-08 2.53984e-08 2.53853e-08 2.53735e-08 2.53611e-08 2.53447e-08
2.52376e-08 2.53561e-08 2.53641e-08 2.53854e-08 2.53919e-08 2.54105e-08 2.54166e-08 2.54345e-08 2.54451e-08 2.54787e-08 2.56749e-08 2.68819e-08 2.82264e-08 2.93406e-08 2.93908e-08 2.94976e-08 2.95304e-08 2.98482e-08 3.06136e-08 3.07361e-08 3.17275e-08 3.37247e-08 3.51151e-08 3.75246e-08 3.88361e-08 3.98299e-08 4.25174e-08 9.93184e-06 2.33444e-05 3.58393e-05 4.73799e-05 5.30434e-05 5.3903e-05 5.0276e-05 5.20307e-05 3.31571e-05 2.31929e-05 1.0245e-05 4.32767e-08 3.9495e-08 3.8963e-08 3.71858e-08 3.53162e-08 3.38165e-08 3.14649e-08 3.09812e-08 3.06633e-08 2.96825e-08 2.96379e-08 2.95158e-08 2.93926e-08 2.91872e-08 2.87021e-08 2.65087e-08 2.5757e-08 2.55209e-08 2.54458e-08 2.54364e-08 2.54224e-08 2.54123e-08 2.53977e-08 2.53846e-08 2.53708e-08 2.53534e-08
2.48936e-08 2.52656e-08 2.53598e-08 2.53832e-08 2.53911e-08 2.54102e-08 2.55239e-08 2.555e-08 2.58346e-08 2.68798e-08 2.71206e-08 2.82309e-08 3.08293e-08 3.10993e-08 3.1219e-08 3.135e-08 3.13939e-08 3.20446e-08 3.23412e-08 3.40608e-08 3.59998e-08 3.6969e-08 3.85248e-08 4.05607e-08 1.27196e-05 3.43882e-05 9.5248e-05 0.000339993 0.0158179 0.0275259 0.0286617 0.0316592 0.0322388 0.0304494 0.0323916 0.0252268 0.0173625 0.000270749 9.35138e-05 3.51027e-05 1.28547e-05 4.07573e-08 3.8581e-08 3.71791e-08 3.59848e-08 3.40711e-08 3.23268e-08 3.20377e-08 3.14022e-08 3.13134e-08 3.123e-08 3.1171e-08 3.06289e-08 2.82723e-08 2.75823e-08 2.63101e-08 2.58565e-08 2.57754e-08 2.54215e-08 2.541e-08 2.53942e-08 2.53746e-08 2.53595e-08 2.52562e-08
2.50086e-08 2.54985e-08 2.56046e-08 2.63702e-08 2.65591e-08 2.6581e-08 2.69763e-08 2.71619e-08 2.76259e-08 2.8032e-08 2.84855e-08 2.93394e-08 3.10894e-08 3.13552e-08 3.13964e-08 3.14516e-08 3.15018e-08 3.2466e-08 3.40337e-08 3.64864e-08 3.73389e-08 3.98122e-08 1.63053e-05 7.30767e-05 0.000279394 0.0173209 0.0294877 0.0381835 0.0515716 0.0660571 0.0719329 0.0772102 0.0785601 0.0763094 0.0744028 0.0634723 0.053686 0.0396698 0.029298 0.0173895 0.000277882 6.88142e-05 1.57939e-05 4.00495e-08 3.75215e-08 3.65145e-08 3.40087e-08 3.24761e-08 3.1507e-08 3.14515e-08 3.14068e-08 3.1351e-08 3.11075e-08 2.93336e-08 2.85062e-08 2.804e-08 2.7585e-08 2.72911e-08 2.67904e-08 2.67395e-08 2.65695e-08 2.59587e-08 2.59425e-08 2.56206e-08
2.61258e-08 2.64592e-08 2.67302e-08 2.68247e-08 2.68565e-08 2.69466e-08 2.7395e-08 2.7727e-08 2.80526e-08 2.81647e-08 2.88142e-08 2.93973e-08 3.12185e-08 3.1406e-08 3.14497e-08 3.1518e-08 3.23802e-08 3.45834e-08 3.60613e-08 3.87786e-08 7.17728e-06 4.86857e-05 0.000331147 0.0256334 0.041569 0.0574442 0.0752619 0.0916078 0.104513 0.119608 0.126208 0.1327 0.134449 0.131475 0.128744 0.11674 0.106659 0.0915101 0.0749312 0.0599198 0.0395323 0.0221173 0.000509022 4.80209e-05 6.94109e-06 3.77943e-08 3.62462e-08 3.46289e-08 3.23846e-08 3.15088e-08 3.14494e-08 3.1392e-08 3.12256e-08 2.93788e-08 2.88174e-08 2.81497e-08 2.80044e-08 2.78644e-08 2.72141e-08 2.70134e-08 2.68424e-08 2.68126e-08 2.67431e-08 2.64212e-08
2.62511e-08 2.62736e-08 2.67023e-08 2.6843e-08 2.70051e-08 2.72499e-08 2.78982e-08 2.80524e-08 2.80866e-08 2.81694e-08 2.91675e-08 2.94976e-08 3.13399e-08 3.14515e-08 3.15086e-08 3.21944e-08 3.4449e-08 3.73754e-08 3.95426e-08 1.87741e-05 0.00010733 0.0175995 0.0361886 0.0606806 0.0863282 0.107491 0.129041 0.148112 0.162606 0.178322 0.185248 0.192073 0.193944 0.190698 0.187591 0.175536 0.16436 0.147758 0.128624 0.108764 0.0834739 0.0612829 0.0353072 0.0121472 0.000120598 1.98157e-05 4.06951e-08 3.65437e-08 3.45618e-08 3.22524e-08 3.15144e-08 3.14492e-08 3.13577e-08 2.94919e-08 2.91775e-08 2.81639e-08 2.80931e-08 2.80704e-08 2.76877e-08 2.7379e-08 2.69584e-08 2.68365e-08 2.67115e-08 2.62711e-08
2.62638e-08 2.62853e-08 2.66818e-08 2.69097e-08 2.73047e-08 2.76668e-08 2.8058e-08 2.80915e-08 2.81151e-08 2.87208e-08 2.93623e-08 2.95393e-08 3.13935e-08 3.1511e-08 3.23786e-08 3.44564e-08 3.59427e-08 4.08507e-08 3.28874e-05 0.000440439 0.0240025 0.0532869 0.0812019 0.108191 0.138375 0.163472 0.187129 0.207498 0.222631 0.23789 0.245221 0.251544 0.253363 0.250562 0.247158 0.23561 0.224134 0.206995 0.186672 0.164378 0.136297 0.10951 0.0784157 0.0501342 0.0251107 0.000322217 3.10151e-05 4.00655e-08 3.65054e-08 3.43097e-08 3.21949e-08 3.16248e-08 3.13909e-08 2.95234e-08 2.93668e-08 2.87081e-08 2.81143e-08 2.80907e-08 2.80439e-08 2.78599e-08 2.72459e-08 2.68467e-08 2.66843e-08 2.62777e-08
2.62745e-08 2.62958e-08 2.6307e-08 2.70365e-08 2.77176e-08 2.80074e-08 2.80775e-08 2.81096e-08 2.81309e-08 2.8336e-08 2.94016e-08 2.98479e-08 3.2035e-08 3.2466e-08 3.45737e-08 3.73783e-08 4.08318e-08 3.1511e-05 0.000480069 0.0293196 0.0609916 0.095277 0.129945 0.161495 0.193419 0.219756 0.243983 0.264047 0.278852 0.292943 0.300037 0.305906 0.307671 0.305155 0.301678 0.291066 0.280051 0.263675 0.243528 0.220771 0.191677 0.162576 0.128221 0.094394 0.0627988 0.0280406 0.00105411 3.23451e-05 4.13435e-08 3.69831e-08 3.43358e-08 3.25029e-08 3.16024e-08 2.9972e-08 2.94754e-08 2.83302e-08 2.81381e-08 2.81142e-08 2.80731e-08 2.8043e-08 2.75402e-08 2.69049e-08 2.63244e-08 2.62937e-08
2.62817e-08 2.63045e-08 2.63678e-08 2.72752e-08 2.79786e-08 2.80593e-08 2.80964e-08 2.81345e-08 2.81661e-08 2.93187e-08 3.0047e-08 3.06217e-08 3.23407e-08 3.40396e-08 3.6062e-08 3.95314e-08 3.28349e-05 0.000478347 0.0274725 0.0651059 0.102373 0.141161 0.179471 0.213122 0.245335 0.271516 0.294851 0.313674 0.327442 0.339732 0.346206 0.351392 0.352896 0.350685 0.347391 0.338424 0.328333 0.313396 0.294504 0.27231 0.244041 0.214035 0.178357 0.141116 0.10299 0.0635645 0.0297981 0.000761162 3.32244e-05 3.93551e-08 3.6329e-08 3.44991e-08 3.23141e-08 3.06897e-08 2.97697e-08 2.92472e-08 2.82484e-08 2.81269e-08 2.80859e-08 2.80583e-08 2.78873e-08 2.72507e-08 2.64141e-08 2.62967e-08
2.62891e-08 2.63289e-08 2.65476e-08 2.72254e-08 2.7958e-08 2.80784e-08 2.81153e-08 2.85339e-08 2.87772e-08 2.93712e-08 3.01503e-08 3.07359e-08 3.40503e-08 3.64915e-08 3.88373e-08 1.87317e-05 0.000442625 0.02932 0.0651217 0.106799 0.148634 0.189911 0.229161 0.262787 0.293724 0.318223 0.339352 0.356009 0.368132 0.378623 0.384295 0.388519 0.389801 0.388082 0.385163 0.377595 0.368786 0.355797 0.339034 0.318837 0.29266 0.263709 0.228439 0.189985 0.149231 0.105797 0.0677059 0.0305951 0.00020707 1.84947e-05 3.88781e-08 3.64332e-08 3.32451e-08 3.0758e-08 3.01584e-08 2.94134e-08 2.87255e-08 2.82682e-08 2.82275e-08 2.80959e-08 2.79602e-08 2.72823e-08 2.66363e-08 2.63135e-08
2.62951e-08 2.6388e-08 2.67903e-08 2.73265e-08 2.80128e-08 2.86142e-08 2.86541e-08 2.87475e-08 2.8804e-08 2.9859e-08 3.02411e-08 3.17372e-08 3.59908e-08 3.74132e-08 7.19108e-06 0.000107321 0.0239129 0.0609321 0.102358 0.148601 0.193231 0.235413 0.274073 0.306228 0.334792 0.356933 0.375398 0.389707 0.400246 0.408955 0.413794 0.417249 0.418325 0.416967 0.414423 0.40824 0.400714 0.38963 0.375171 0.357381 0.334075 0.307125 0.273416 0.235469 0.193798 0.148142 0.104265 0.0609954 0.0228722 0.000118352 7.28496e-06 3.72336e-08 3.60152e-08 3.22735e-08 3.035e-08 2.98357e-08 2.88045e-08 2.87579e-08 2.87149e-08 2.82736e-08 2.80499e-08 2.74016e-08 2.68242e-08 2.63359e-08
2.63063e-08 2.64928e-08 2.72546e-08 2.79518e-08 2.83605e-08 2.86735e-08 2.87438e-08 2.87866e-08 2.89991e-08 3.0075e-08 3.11412e-08 3.37236e-08 3.70738e-08 3.96786e-08 4.86646e-05 0.0176249 0.0532824 0.0952602 0.141176 0.1899 0.23543 0.276876 0.313506 0.343186 0.368579 0.388026 0.403948 0.416065 0.424878 0.431924 0.436011 0.438783 0.439653 0.438564 0.436419 0.431465 0.425205 0.415989 0.403776 0.388375 0.368057 0.343834 0.31297 0.277037 0.235935 0.189449 0.142757 0.0951314 0.0537612 0.0211577 5.01112e-05 3.9594e-08 3.71102e-08 3.37712e-08 3.07112e-08 2.99015e-08 2.90097e-08 2.87892e-08 2.87432e-08 2.86718e-08 2.84235e-08 2.7809e-08 2.70552e-08 2.65069e-08
2.67657e-08 2.70923e-08 2.76621e-08 2.80498e-08 2.80777e-08 2.85958e-08 2.8757e-08 2.88014e-08 2.88673e-08 3.03262e-08 3.17097e-08 3.52214e-08 3.86788e-08 1.62951e-05 0.000326823 0.0361718 0.081117 0.129861 0.179429 0.229121 0.274054 0.313457 0.347284 0.373848 0.396058 0.41284 0.42628 0.43633 0.443588 0.449227 0.452568 0.454743 0.455435 0.454594 0.45286 0.448931 0.443813 0.436286 0.426172 0.413156 0.395718 0.37438 0.346857 0.313698 0.274434 0.228686 0.180766 0.130017 0.0818202 0.0393156 0.000237972 1.60458e-05 3.86554e-08 3.50163e-08 3.15976e-08 3.0433e-08 2.89593e-08 2.8797e-08 2.87501e-08 2.85916e-08 2.80804e-08 2.80365e-08 2.76225e-08 2.70451e-08
2.6853e-08 2.72627e-08 2.78156e-08 2.80662e-08 2.8093e-08 2.86107e-08 2.87731e-08 2.8924e-08 2.9564e-08 3.1517e-08 3.22411e-08 3.74038e-08 4.05482e-08 7.32349e-05 0.0256016 0.0606804 0.108267 0.16149 0.213122 0.2628 0.306272 0.343199 0.373901 0.397806 0.417126 0.431562 0.442838 0.451204 0.45719 0.461746 0.464494 0.466229 0.466784 0.466137 0.464671 0.461531 0.457316 0.451171 0.442744 0.431735 0.416835 0.39815 0.373532 0.343375 0.306491 0.262398 0.214111 0.16143 0.109204 0.0614275 0.0230578 7.1645e-05 4.05607e-08 3.73851e-08 3.22445e-08 3.15548e-08 2.97164e-08 2.88236e-08 2.87708e-08 2.86119e-08 2.81001e-08 2.80576e-08 2.77636e-08 2.71938e-08
2.68685e-08 2.73319e-08 2.78962e-08 2.80784e-08 2.8105e-08 2.82188e-08 2.86845e-08 2.94281e-08 3.01744e-08 3.13647e-08 3.39433e-08 3.88423e-08 1.27187e-05 0.000278968 0.0414206 0.0862598 0.138348 0.193367 0.245279 0.293643 0.334752 0.368522 0.396048 0.417082 0.433778 0.446003 0.455398 0.462291 0.467266 0.470936 0.473193 0.475027 0.475592 0.474941 0.473355 0.470799 0.467349 0.46229 0.45535 0.446141 0.433599 0.417398 0.395802 0.368739 0.334948 0.29335 0.24621 0.193035 0.138418 0.0873201 0.0395362 0.000331066 1.27196e-05 3.87983e-08 3.39253e-08 3.12281e-08 3.00497e-08 2.91049e-08 2.86913e-08 2.82156e-08 2.81082e-08 2.8066e-08 2.78637e-08 2.72926e-08
2.68746e-08 2.73522e-08 2.79264e-08 2.80866e-08 2.81137e-08 2.81602e-08 2.88585e-08 2.99228e-08 3.02609e-08 3.25267e-08 3.55947e-08 3.98247e-08 3.4402e-05 0.0173433 0.0574456 0.107517 0.163477 0.219775 0.271563 0.318229 0.356984 0.38803 0.412881 0.431566 0.446038 0.45661 0.464573 0.470357 0.474883 0.478804 0.481148 0.482596 0.483047 0.482536 0.481266 0.478651 0.474963 0.470348 0.464495 0.456683 0.445895 0.431772 0.412659 0.388187 0.357069 0.317999 0.272288 0.219616 0.163508 0.10872 0.0575648 0.0205388 3.44083e-05 3.98321e-08 3.56482e-08 3.24647e-08 3.02682e-08 2.98935e-08 2.90438e-08 2.81616e-08 2.81216e-08 2.80783e-08 2.79127e-08 2.73412e-08
2.68621e-08 2.73415e-08 2.79251e-08 2.80924e-08 2.81231e-08 2.83686e-08 2.92631e-08 3.01428e-08 3.12833e-08 3.33939e-08 3.62083e-08 4.2516e-08 9.48896e-05 0.0294911 0.0752269 0.128967 0.187073 0.243918 0.294799 0.339262 0.375351 0.403903 0.426267 0.442803 0.455395 0.464552 0.471358 0.477212 0.481633 0.484909 0.486821 0.487977 0.48835 0.48794 0.486913 0.484764 0.481702 0.477216 0.471331 0.464617 0.455317 0.442988 0.42613 0.40408 0.375486 0.339119 0.295469 0.24381 0.187313 0.130437 0.076295 0.0326197 9.71057e-05 4.25393e-08 3.62376e-08 3.33209e-08 3.12367e-08 3.00924e-08 2.95097e-08 2.83011e-08 2.81239e-08 2.80796e-08 2.79057e-08 2.7331e-08
2.66518e-08 2.72914e-08 2.78841e-08 2.80945e-08 2.81883e-08 2.88627e-08 2.94449e-08 3.07666e-08 3.19737e-08 3.35092e-08 3.66532e-08 9.93033e-06 0.000340506 0.0385363 0.0917753 0.148123 0.207492 0.264064 0.313708 0.35603 0.389742 0.416079 0.436389 0.451219 0.462314 0.470359 0.477223 0.482728 0.48643 0.489066 0.490646 0.491637 0.491888 0.491674 0.490712 0.488991 0.486478 0.482739 0.47717 0.470388 0.462236 0.451312 0.436231 0.41617 0.38977 0.355787 0.31424 0.26389 0.207758 0.149582 0.092349 0.0412431 0.000425814 9.94501e-06 3.66766e-08 3.35017e-08 3.20861e-08 3.06388e-08 2.94502e-08 2.85876e-08 2.81516e-08 2.80847e-08 2.78786e-08 2.73015e-08
2.59681e-08 2.71477e-08 2.77744e-08 2.80952e-08 2.84004e-08 2.93946e-08 3.01658e-08 3.17827e-08 3.23001e-08 3.4088e-08 3.75704e-08 2.33227e-05 0.0156514 0.0513308 0.104493 0.162554 0.222555 0.278759 0.327387 0.368087 0.400221 0.424834 0.443577 0.45717 0.467258 0.474876 0.481635 0.486425 0.489644 0.491909 0.4933 0.494108 0.49436 0.494079 0.493354 0.491875 0.489679 0.486432 0.481667 0.474937 0.467232 0.4573 0.443499 0.424993 0.400291 0.367974 0.32794 0.278747 0.222867 0.16405 0.10518 0.0549231 0.0183418 2.33647e-05 3.7575e-08 3.40761e-08 3.2307e-08 3.16356e-08 3.00401e-08 2.90873e-08 2.84401e-08 2.80841e-08 2.77826e-08 2.71233e-08
2.54679e-08 2.66008e-08 2.75917e-08 2.81666e-08 2.8706e-08 2.98175e-08 3.08198e-08 3.14466e-08 3.21195e-08 3.29662e-08 3.85161e-08 3.58841e-05 0.0277753 0.0660264 0.119619 0.178326 0.237931 0.292987 0.339774 0.378646 0.408998 0.431964 0.449253 0.461756 0.470954 0.478774 0.484953 0.489068 0.491875 0.49391 0.495147 0.495683 0.495914 0.495658 0.49498 0.493866 0.491956 0.48907 0.484813 0.478773 0.470908 0.461813 0.449149 0.432037 0.408999 0.378513 0.340238 0.292841 0.238152 0.17935 0.120138 0.0687733 0.0287336 3.58501e-05 3.85328e-08 3.29569e-08 3.21328e-08 3.14492e-08 3.10091e-08 2.9606e-08 2.88496e-08 2.82422e-08 2.76364e-08 2.66519e-08
2.54396e-08 2.58087e-08 2.70424e-08 2.84583e-08 2.95305e-08 3.07665e-08 3.1389e-08 3.14768e-08 3.21393e-08 3.36149e-08 4.17371e-08 4.74007e-05 0.0286567 0.0718724 0.126182 0.185182 0.245164 0.299961 0.346156 0.384256 0.413771 0.435982 0.45255 0.46447 0.473193 0.481147 0.486821 0.49064 0.493298 0.494783 0.496031 0.498158 0.496913 0.496734 0.495957 0.495028 0.493316 0.49065 0.486802 0.481072 0.473157 0.464523 0.452469 0.4361 0.413824 0.384225 0.346703 0.299959 0.245364 0.186351 0.126598 0.073351 0.0292354 4.72251e-05 4.17533e-08 3.35988e-08 3.21454e-08 3.1468e-08 3.13886e-08 3.04987e-08 2.94612e-08 2.85043e-08 2.70428e-08 2.58149e-08
2.54424e-08 2.54608e-08 2.63541e-08 2.86633e-08 3.02692e-08 3.12565e-08 3.14052e-08 3.14837e-08 3.17864e-08 3.31914e-08 4.22038e-08 5.30428e-05 0.0316674 0.0772013 0.132748 0.192098 0.251584 0.305957 0.351416 0.388564 0.417295 0.438808 0.454763 0.466242 0.475025 0.482603 0.487997 0.491675 0.494112 0.495848 0.496741 0.497303 0.497435 0.497259 0.496763 0.496459 0.494121 0.491597 0.487976 0.482674 0.474995 0.466276 0.454674 0.438861 0.41727 0.388476 0.351831 0.305812 0.251699 0.192988 0.132824 0.078586 0.0322007 5.29292e-05 4.22387e-08 3.31819e-08 3.17989e-08 3.14818e-08 3.14095e-08 3.12577e-08 3.04352e-08 2.84498e-08 2.65053e-08 2.54775e-08
2.5443e-08 2.54513e-08 2.6185e-08 2.88381e-08 3.10235e-08 3.13365e-08 3.14131e-08 3.14901e-08 3.16311e-08 3.32205e-08 4.24216e-08 5.39248e-05 0.0322321 0.0785652 0.134419 0.193904 0.253307 0.307639 0.35286 0.389758 0.418294 0.439627 0.455412 0.466769 0.475596 0.483046 0.488334 0.491893 0.494113 0.495888 0.496923 0.497457 0.4976 0.497424 0.496945 0.49575 0.494128 0.491941 0.488335 0.483078 0.475562 0.466833 0.455364 0.439726 0.41834 0.389766 0.353319 0.307534 0.253495 0.194891 0.134526 0.0798968 0.0327468 5.37921e-05 4.24516e-08 3.3205e-08 3.16369e-08 3.14826e-08 3.14105e-08 3.13213e-08 3.10317e-08 2.8212e-08 2.58647e-08 2.54543e-08
2.54424e-08 2.54608e-08 2.65298e-08 2.85205e-08 3.02032e-08 3.13014e-08 3.14054e-08 3.14836e-08 3.17428e-08 3.36801e-08 4.26085e-08 5.02564e-05 0.0304509 0.0763384 0.131491 0.190829 0.250641 0.305217 0.350723 0.388117 0.41699 0.43859 0.454618 0.466156 0.474942 0.482537 0.487947 0.491564 0.494082 0.495685 0.496525 0.497262 0.497423 0.497279 0.49665 0.495663 0.494091 0.491546 0.48792 0.482699 0.474909 0.466165 0.454525 0.438628 0.416973 0.388028 0.351124 0.30509 0.250708 0.191784 0.131672 0.0774723 0.0309501 5.02504e-05 4.26387e-08 3.36716e-08 3.1755e-08 3.14815e-08 3.14091e-08 3.12896e-08 3.04642e-08 2.84998e-08 2.64033e-08 2.54604e-08
2.54428e-08 2.59823e-08 2.72636e-08 2.84611e-08 2.92192e-08 3.07533e-08 3.13697e-08 3.14769e-08 3.17381e-08 3.28059e-08 4.02648e-08 5.19649e-05 0.0323384 0.0744139 0.128715 0.187632 0.247132 0.301653 0.347352 0.385127 0.414374 0.436391 0.452835 0.464663 0.473352 0.481263 0.486908 0.490711 0.49335 0.49499 0.496294 0.496875 0.497135 0.496705 0.496133 0.495177 0.493368 0.490721 0.48689 0.481414 0.473315 0.464713 0.452774 0.436507 0.414425 0.385086 0.347885 0.301595 0.247361 0.188611 0.12903 0.0764445 0.0330187 5.17272e-05 4.02773e-08 3.27906e-08 3.17431e-08 3.14674e-08 3.13597e-08 3.05278e-08 2.94649e-08 2.85012e-08 2.72386e-08 2.5636e-08
2.55665e-08 2.64054e-08 2.75898e-08 2.81609e-08 2.87017e-08 2.98201e-08 3.08064e-08 3.16489e-08 3.22758e-08 3.40433e-08 3.98874e-08 3.31537e-05 0.0252346 0.0637157 0.116833 0.175594 0.235668 0.291141 0.338468 0.37763 0.408265 0.431499 0.448946 0.461554 0.470809 0.478648 0.48474 0.488996 0.49184 0.493871 0.49511 0.495494 0.495849 0.495626 0.495178 0.493827 0.491856 0.488999 0.484774 0.478714 0.470763 0.46161 0.448843 0.431569 0.408252 0.377513 0.338919 0.291023 0.235847 0.176725 0.117394 0.0657267 0.0260059 3.31874e-05 3.99001e-08 3.40386e-08 3.2289e-08 3.16468e-08 3.10049e-08 2.99536e-08 2.88484e-08 2.82392e-08 2.76308e-08 2.63844e-08
2.62392e-08 2.71502e-08 2.77801e-08 2.80954e-08 2.84037e-08 2.93808e-08 2.98746e-08 3.13986e-08 3.22499e-08 3.34263e-08 3.75496e-08 2.31915e-05 0.0173317 0.053732 0.106628 0.164317 0.224088 0.280016 0.328284 0.368743 0.400659 0.425185 0.443782 0.457306 0.467331 0.474964 0.481617 0.486476 0.489673 0.491962 0.493312 0.494124 0.494125 0.494094 0.493366 0.491887 0.489708 0.486482 0.481672 0.475028 0.467302 0.457438 0.443702 0.425338 0.400734 0.368647 0.328857 0.27996 0.2244 0.165686 0.107073 0.0571141 0.0189865 2.31941e-05 3.75542e-08 3.3413e-08 3.22547e-08 3.12438e-08 3.00335e-08 2.90894e-08 2.84453e-08 2.80843e-08 2.77897e-08 2.71262e-08
2.66541e-08 2.72805e-08 2.788e-08 2.80906e-08 2.81893e-08 2.88621e-08 2.95412e-08 3.07078e-08 3.20796e-08 3.35213e-08 3.65389e-08 1.02543e-05 0.000274591 0.0396579 0.0915295 0.147787 0.207047 0.263724 0.31344 0.355851 0.389655 0.416034 0.43631 0.451196 0.462296 0.470368 0.477218 0.482725 0.486429 0.489075 0.49065 0.491625 0.491937 0.491657 0.490715 0.489 0.486477 0.482614 0.47717 0.470396 0.46222 0.451274 0.436138 0.416127 0.389671 0.355613 0.313916 0.26357 0.207259 0.149132 0.0920683 0.0422054 0.000314492 1.02576e-05 3.65542e-08 3.35138e-08 3.21813e-08 3.07869e-08 2.9563e-08 2.85829e-08 2.81518e-08 2.8081e-08 2.78781e-08 2.72958e-08
2.68728e-08 2.73421e-08 2.79302e-08 2.80928e-08 2.81274e-08 2.83653e-08 2.91361e-08 3.01658e-08 3.09848e-08 3.36213e-08 3.62007e-08 4.32841e-08 9.36431e-05 0.0292379 0.0748505 0.128543 0.186636 0.243502 0.294461 0.339009 0.375125 0.40376 0.426128 0.442731 0.455323 0.464495 0.471314 0.477174 0.4816 0.484814 0.486798 0.487977 0.488318 0.487899 0.48689 0.484727 0.48179 0.477177 0.471287 0.464585 0.455248 0.442913 0.425981 0.403939 0.375236 0.338834 0.295117 0.243384 0.186756 0.129926 0.0757636 0.0318847 9.55949e-05 4.32984e-08 3.62014e-08 3.35425e-08 3.10707e-08 3.0159e-08 2.93857e-08 2.83012e-08 2.81282e-08 2.80798e-08 2.79115e-08 2.73326e-08
2.68738e-08 2.73477e-08 2.79262e-08 2.8083e-08 2.81145e-08 2.81832e-08 2.86089e-08 2.99171e-08 3.02292e-08 3.21999e-08 3.56043e-08 3.9489e-08 3.51121e-05 0.0173965 0.0600012 0.108827 0.164448 0.220799 0.272344 0.318911 0.357406 0.388417 0.413158 0.431776 0.44614 0.456707 0.464616 0.470407 0.474942 0.478858 0.48118 0.482635 0.483085 0.482699 0.481414 0.478698 0.475019 0.4704 0.464565 0.45678 0.445997 0.431983 0.412934 0.38857 0.3575 0.318639 0.273101 0.220507 0.164523 0.109793 0.059297 0.0201794 3.51388e-05 3.94935e-08 3.56485e-08 3.22232e-08 3.03179e-08 2.98875e-08 2.87886e-08 2.81837e-08 2.81219e-08 2.80748e-08 2.79127e-08 2.73361e-08
2.68721e-08 2.73298e-08 2.79003e-08 2.8079e-08 2.81101e-08 2.83007e-08 2.87921e-08 2.94386e-08 3.02902e-08 3.17169e-08 3.38269e-08 3.9001e-08 1.28591e-05 0.000275885 0.0395296 0.0834746 0.136287 0.191637 0.243998 0.292627 0.334025 0.368038 0.395673 0.416825 0.433549 0.445894 0.455292 0.462243 0.467211 0.470918 0.473153 0.474993 0.475566 0.47491 0.473312 0.470781 0.467296 0.462241 0.455244 0.446032 0.433372 0.417128 0.395426 0.368275 0.334262 0.292383 0.244844 0.191625 0.136406 0.0842062 0.0374377 0.000348006 1.28494e-05 3.89489e-08 3.38588e-08 3.17051e-08 3.01598e-08 2.91096e-08 2.8799e-08 2.82968e-08 2.81129e-08 2.8066e-08 2.7865e-08 2.72891e-08
2.68528e-08 2.72622e-08 2.78196e-08 2.8062e-08 2.80936e-08 2.8284e-08 2.87682e-08 2.8916e-08 2.94026e-08 3.11481e-08 3.21568e-08 3.71676e-08 4.07663e-08 6.88383e-05 0.0221271 0.0612985 0.109448 0.162633 0.214067 0.263769 0.307169 0.343904 0.374387 0.398179 0.417388 0.431811 0.442974 0.451322 0.457291 0.461835 0.464511 0.466298 0.466818 0.466203 0.464692 0.461621 0.457415 0.451288 0.442879 0.43199 0.417084 0.398509 0.374012 0.344096 0.307411 0.263346 0.215273 0.162707 0.110363 0.0631062 0.0198374 6.72663e-05 4.07551e-08 3.71804e-08 3.23149e-08 3.12319e-08 2.95696e-08 2.88151e-08 2.87657e-08 2.82846e-08 2.81006e-08 2.80537e-08 2.77663e-08 2.71916e-08
2.67721e-08 2.70947e-08 2.76685e-08 2.80501e-08 2.82032e-08 2.86071e-08 2.87654e-08 2.8804e-08 2.91092e-08 3.04411e-08 3.17258e-08 3.5322e-08 3.85756e-08 1.58032e-05 0.00050864 0.035035 0.0781361 0.128202 0.178347 0.228448 0.273402 0.312975 0.346796 0.373541 0.395757 0.412659 0.426075 0.436241 0.443468 0.449164 0.452465 0.454694 0.455341 0.454549 0.452754 0.448869 0.44369 0.436182 0.425979 0.412979 0.395416 0.374061 0.346397 0.313201 0.273837 0.228176 0.179771 0.1288 0.0804272 0.0399656 0.000292152 1.55699e-05 3.8579e-08 3.53034e-08 3.16534e-08 3.05708e-08 2.92036e-08 2.87988e-08 2.87579e-08 2.86023e-08 2.82047e-08 2.80357e-08 2.76244e-08 2.70422e-08
2.63062e-08 2.64889e-08 2.72586e-08 2.79515e-08 2.81631e-08 2.86942e-08 2.87426e-08 2.87788e-08 2.88327e-08 3.01397e-08 3.11371e-08 3.38111e-08 3.69516e-08 4.00548e-08 4.81346e-05 0.0121654 0.0501568 0.0944477 0.141126 0.190038 0.235506 0.277088 0.313699 0.343442 0.36873 0.388226 0.404065 0.416211 0.424969 0.432071 0.436072 0.438886 0.439699 0.438654 0.436481 0.431596 0.425298 0.416148 0.40389 0.388572 0.368207 0.344111 0.313135 0.277288 0.236115 0.189787 0.143059 0.0953805 0.0524693 0.0194199 4.9676e-05 3.99785e-08 3.72134e-08 3.38287e-08 3.07129e-08 2.99602e-08 2.88419e-08 2.87808e-08 2.87416e-08 2.86926e-08 2.82228e-08 2.78024e-08 2.70545e-08 2.65019e-08
2.62994e-08 2.6387e-08 2.67993e-08 2.73837e-08 2.78514e-08 2.86151e-08 2.86623e-08 2.87475e-08 2.89221e-08 2.95701e-08 3.02456e-08 3.14649e-08 3.60077e-08 3.75219e-08 6.94371e-06 0.000120427 0.0251181 0.0627675 0.102947 0.149237 0.193787 0.235953 0.27441 0.306529 0.334873 0.357091 0.375431 0.389783 0.400244 0.409013 0.413771 0.417302 0.418309 0.417012 0.414407 0.408307 0.400708 0.389708 0.375199 0.357551 0.334224 0.307455 0.273823 0.236165 0.194572 0.149025 0.105423 0.0633808 0.0250175 0.000137216 7.02051e-06 3.75168e-08 3.60127e-08 3.19964e-08 3.03547e-08 2.95504e-08 2.89222e-08 2.87569e-08 2.872e-08 2.82707e-08 2.78865e-08 2.74498e-08 2.68268e-08 2.63355e-08
2.62892e-08 2.63234e-08 2.65504e-08 2.72233e-08 2.8034e-08 2.80738e-08 2.81171e-08 2.85307e-08 2.8735e-08 2.98938e-08 3.01592e-08 3.09732e-08 3.40732e-08 3.6506e-08 3.76683e-08 1.9849e-05 0.000326295 0.0280489 0.0635481 0.105827 0.148152 0.189482 0.228665 0.262422 0.293315 0.318037 0.339087 0.355831 0.367948 0.378558 0.38417 0.388513 0.389723 0.388079 0.385051 0.377539 0.368581 0.355629 0.338752 0.318657 0.292302 0.263382 0.22814 0.18979 0.148977 0.10574 0.0667696 0.0313088 0.000193543 1.93807e-05 3.78182e-08 3.64195e-08 3.32542e-08 3.09954e-08 3.01671e-08 2.9915e-08 2.86793e-08 2.8262e-08 2.82284e-08 2.80905e-08 2.80352e-08 2.72733e-08 2.66344e-08 2.63075e-08
2.6287e-08 2.63045e-08 2.63735e-08 2.69834e-08 2.79839e-08 2.80565e-08 2.81015e-08 2.81327e-08 2.8164e-08 2.87048e-08 3.00442e-08 3.06633e-08 3.23359e-08 3.40097e-08 3.62558e-08 4.06966e-08 3.1028e-05 0.00105934 0.0297954 0.0677041 0.104227 0.14278 0.180718 0.214105 0.246144 0.272306 0.295404 0.314257 0.327885 0.340272 0.34664 0.351864 0.353284 0.351176 0.347852 0.338953 0.328805 0.31399 0.295083 0.273144 0.244806 0.215338 0.179757 0.143075 0.105396 0.0668692 0.0338778 0.0040248 3.10869e-05 4.0521e-08 3.64889e-08 3.44583e-08 3.23079e-08 3.07278e-08 2.97625e-08 2.86347e-08 2.82455e-08 2.81246e-08 2.80905e-08 2.80551e-08 2.78849e-08 2.6954e-08 2.64205e-08 2.62968e-08
2.62746e-08 2.62906e-08 2.64372e-08 2.71117e-08 2.77286e-08 2.80218e-08 2.80806e-08 2.81051e-08 2.81391e-08 2.90044e-08 2.94219e-08 2.96738e-08 3.20382e-08 3.2467e-08 3.46353e-08 3.65321e-08 4.00785e-08 3.23516e-05 0.000765682 0.0306034 0.0609563 0.095128 0.129992 0.161438 0.19301 0.219634 0.243764 0.263936 0.278695 0.292879 0.299918 0.305889 0.307509 0.305099 0.30152 0.291064 0.279912 0.263588 0.243334 0.220535 0.191565 0.162724 0.128747 0.0953974 0.0633477 0.0312979 0.00401911 3.31666e-05 4.05076e-08 3.61371e-08 3.43859e-08 3.24994e-08 3.16017e-08 2.97957e-08 2.94708e-08 2.89914e-08 2.81459e-08 2.81094e-08 2.80758e-08 2.80399e-08 2.75436e-08 2.6977e-08 2.64542e-08 2.62879e-08
2.627e-08 2.62857e-08 2.64385e-08 2.69132e-08 2.73148e-08 2.76645e-08 2.80637e-08 2.80892e-08 2.81195e-08 2.82717e-08 2.9344e-08 2.96381e-08 3.14123e-08 3.15071e-08 3.23956e-08 3.4562e-08 3.65164e-08 4.1343e-08 3.32228e-05 0.000208796 0.0228661 0.0537243 0.0817387 0.109221 0.138378 0.163539 0.187278 0.207752 0.222792 0.238199 0.245328 0.251748 0.253451 0.250798 0.247325 0.235883 0.224362 0.207295 0.18668 0.164577 0.136396 0.110384 0.0803943 0.0525292 0.0249973 0.000193858 3.10713e-05 4.05041e-08 3.70961e-08 3.44016e-08 3.22117e-08 3.16203e-08 3.14087e-08 2.96218e-08 2.93418e-08 2.82565e-08 2.81183e-08 2.80878e-08 2.80458e-08 2.78533e-08 2.72478e-08 2.68503e-08 2.644e-08 2.62774e-08
2.62506e-08 2.63384e-08 2.66165e-08 2.68357e-08 2.70056e-08 2.72423e-08 2.7897e-08 2.80417e-08 2.80871e-08 2.83283e-08 2.9009e-08 2.95072e-08 3.13138e-08 3.14418e-08 3.15088e-08 3.22424e-08 3.43087e-08 3.69723e-08 3.94017e-08 1.8493e-05 0.000118401 0.0211504 0.0392767 0.0614219 0.0872869 0.108731 0.130372 0.149596 0.16401 0.179353 0.186311 0.193075 0.194835 0.191836 0.188619 0.176779 0.165664 0.149176 0.129915 0.109917 0.0841649 0.0631099 0.0399128 0.019422 0.000136873 1.93796e-05 4.04634e-08 3.61371e-08 3.44098e-08 3.2305e-08 3.15146e-08 3.14393e-08 3.13304e-08 2.94995e-08 2.90185e-08 2.83197e-08 2.8093e-08 2.80619e-08 2.76872e-08 2.73698e-08 2.69584e-08 2.6829e-08 2.66255e-08 2.63359e-08
2.61271e-08 2.63789e-08 2.67801e-08 2.68239e-08 2.68643e-08 2.69449e-08 2.73976e-08 2.77291e-08 2.80621e-08 2.81388e-08 2.89711e-08 2.93928e-08 3.12397e-08 3.14068e-08 3.14593e-08 3.15144e-08 3.2204e-08 3.43353e-08 3.63427e-08 3.88771e-08 7.28695e-06 5.01327e-05 0.000237797 0.0230473 0.0395285 0.0575475 0.0762053 0.0923995 0.105123 0.120112 0.126549 0.132872 0.134507 0.131706 0.129051 0.117504 0.107088 0.0921366 0.0757782 0.0593679 0.0373687 0.0198396 0.000290306 4.96954e-05 7.03607e-06 3.77547e-08 3.64872e-08 3.43808e-08 3.22122e-08 3.15052e-08 3.14591e-08 3.13928e-08 3.12456e-08 2.93765e-08 2.89665e-08 2.81231e-08 2.80321e-08 2.78623e-08 2.722e-08 2.70131e-08 2.68498e-08 2.68124e-08 2.67992e-08 2.63477e-08
2.50215e-08 2.52678e-08 2.56023e-08 2.63609e-08 2.65568e-08 2.65713e-08 2.6976e-08 2.71542e-08 2.76255e-08 2.80101e-08 2.82837e-08 2.91833e-08 3.11715e-08 3.13415e-08 3.1392e-08 3.14392e-08 3.16247e-08 3.24931e-08 3.44945e-08 3.64219e-08 3.74136e-08 3.95924e-08 1.60305e-05 7.16803e-05 0.000328969 0.0205359 0.0325605 0.0412388 0.0548568 0.0690333 0.0733971 0.0785984 0.0798967 0.0774726 0.0763575 0.0657426 0.0571028 0.0424286 0.0318973 0.0201786 0.000343724 6.74866e-05 1.55813e-05 3.98499e-08 3.7417e-08 3.64205e-08 3.44692e-08 3.25006e-08 3.16297e-08 3.14393e-08 3.14025e-08 3.13374e-08 3.11887e-08 2.91587e-08 2.8298e-08 2.80112e-08 2.75918e-08 2.72984e-08 2.67893e-08 2.67303e-08 2.65679e-08 2.595e-08 2.59391e-08 2.53861e-08
2.49914e-08 2.53533e-08 2.53709e-08 2.53863e-08 2.54014e-08 2.54125e-08 2.55342e-08 2.55523e-08 2.58434e-08 2.68824e-08 2.72732e-08 2.87041e-08 3.0638e-08 3.11067e-08 3.12342e-08 3.13571e-08 3.14001e-08 3.16021e-08 3.23226e-08 3.32432e-08 3.60218e-08 3.71067e-08 3.86733e-08 4.05334e-08 1.27208e-05 3.44315e-05 9.67832e-05 0.000431794 0.0183021 0.0289317 0.0292326 0.0322087 0.0327419 0.0309512 0.0329809 0.0260089 0.0189558 0.000316805 9.55967e-05 3.51369e-05 1.28525e-05 4.07746e-08 3.87123e-08 3.71019e-08 3.60141e-08 3.32464e-08 3.23082e-08 3.15932e-08 3.14093e-08 3.13214e-08 3.12462e-08 3.11799e-08 3.04365e-08 2.87632e-08 2.77331e-08 2.63141e-08 2.58659e-08 2.57762e-08 2.54312e-08 2.5412e-08 2.5404e-08 2.53773e-08 2.53703e-08 2.53439e-08
2.4984e-08 2.5345e-08 2.53614e-08 2.53753e-08 2.53895e-08 2.53996e-08 2.54141e-08 2.54239e-08 2.54429e-08 2.54678e-08 2.56028e-08 2.6498e-08 2.82709e-08 2.93226e-08 2.93773e-08 2.9483e-08 2.95233e-08 2.99629e-08 3.06892e-08 3.07495e-08 3.22775e-08 3.37587e-08 3.52163e-08 3.73955e-08 3.88222e-08 3.9823e-08 4.2534e-08 9.94236e-06 2.33412e-05 3.58922e-05 4.72431e-05 5.29254e-05 5.38143e-05 5.02315e-05 5.16671e-05 3.31861e-05 2.31949e-05 1.02681e-05 4.33099e-08 3.94916e-08 3.89629e-08 3.70287e-08 3.52192e-08 3.38334e-08 3.20036e-08 3.09955e-08 3.07365e-08 2.97957e-08 2.96311e-08 2.95001e-08 2.93854e-08 2.91624e-08 2.87741e-08 2.61352e-08 2.56869e-08 2.55102e-08 2.54433e-08 2.54255e-08 2.54197e-08 2.54011e-08 2.53953e-08 2.53743e-08 2.53679e-08 2.53423e-08
2.5226e-08 2.53552e-08 2.5369e-08 2.53821e-08 2.53958e-08 2.54056e-08 2.54195e-08 2.54289e-08 2.54396e-08 2.54495e-08 2.54586e-08 2.57567e-08 2.75914e-08 2.85023e-08 2.88237e-08 2.91732e-08 2.93751e-08 2.9473e-08 2.97775e-08 3.01583e-08 3.03587e-08 3.07115e-08 3.1606e-08 3.22444e-08 3.39494e-08 3.55948e-08 3.62366e-08 3.66704e-08 3.75792e-08 3.85281e-08 4.17564e-08 4.22338e-08 4.24561e-08 4.26361e-08 4.02838e-08 3.98966e-08 3.75583e-08 3.65498e-08 3.62082e-08 3.56474e-08 3.39429e-08 3.22259e-08 3.16501e-08 3.07048e-08 3.03545e-08 3.01595e-08 2.97628e-08 2.94625e-08 2.93446e-08 2.90117e-08 2.89709e-08 2.82896e-08 2.77331e-08 2.56783e-08 2.54592e-08 2.54404e-08 2.54379e-08 2.54209e-08 2.54162e-08 2.53994e-08 2.53938e-08 2.53742e-08 2.53688e-08 2.53451e-08
2.5328e-08 2.53463e-08 2.53593e-08 2.53716e-08 2.53841e-08 2.53929e-08 2.54052e-08 2.54132e-08 2.5423e-08 2.54326e-08 2.54394e-08 2.55128e-08 2.63086e-08 2.80315e-08 2.81491e-08 2.81553e-08 2.87046e-08 2.832e-08 2.92426e-08 2.94045e-08 2.98341e-08 2.98932e-08 3.04333e-08 3.15484e-08 3.13531e-08 3.25101e-08 3.33778e-08 3.34966e-08 3.40789e-08 3.29535e-08 3.36021e-08 3.31795e-08 3.32088e-08 3.36691e-08 3.27943e-08 3.40341e-08 3.3416e-08 3.35101e-08 3.35491e-08 3.20744e-08 3.16554e-08 3.1232e-08 3.05744e-08 2.99612e-08 2.95593e-08 2.99192e-08 2.8646e-08 2.8996e-08 2.82655e-08 2.83209e-08 2.81322e-08 2.80088e-08 2.63213e-08 2.551e-08 2.54485e-08 2.54316e-08 2.54304e-08 2.54143e-08 2.54099e-08 2.53943e-08 2.53893e-08 2.53706e-08 2.53668e-08 2.53434e-08
2.53333e-08 2.53509e-08 2.53632e-08 2.53744e-08 2.53865e-08 2.53942e-08 2.5406e-08 2.54135e-08 2.5423e-08 2.54317e-08 2.54368e-08 2.54457e-08 2.58639e-08 2.75875e-08 2.80153e-08 2.80929e-08 2.81218e-08 2.8138e-08 2.82563e-08 2.87249e-08 2.8811e-08 2.90088e-08 2.89652e-08 2.97176e-08 3.00565e-08 3.0268e-08 3.12887e-08 3.19793e-08 3.23098e-08 3.21291e-08 3.21487e-08 3.17955e-08 3.16399e-08 3.17511e-08 3.17459e-08 3.22846e-08 3.226e-08 3.21778e-08 3.11046e-08 3.02611e-08 3.01602e-08 2.95633e-08 2.92035e-08 2.8835e-08 2.89226e-08 2.86728e-08 2.8246e-08 2.81381e-08 2.81184e-08 2.80851e-08 2.80335e-08 2.75832e-08 2.58663e-08 2.54356e-08 2.54379e-08 2.54215e-08 2.54215e-08 2.54067e-08 2.54029e-08 2.53879e-08 2.5384e-08 2.5365e-08 2.53627e-08 2.53398e-08
2.53275e-08 2.53418e-08 2.53518e-08 2.53617e-08 2.53737e-08 2.5381e-08 2.53931e-08 2.53994e-08 2.54079e-08 2.54151e-08 2.54196e-08 2.54281e-08 2.57753e-08 2.72843e-08 2.78634e-08 2.80617e-08 2.80903e-08 2.81067e-08 2.8127e-08 2.8261e-08 2.87575e-08 2.8782e-08 2.87966e-08 2.88183e-08 2.91063e-08 2.98887e-08 3.01354e-08 3.07564e-08 3.17717e-08 3.14442e-08 3.14709e-08 3.14778e-08 3.14852e-08 3.14774e-08 3.14707e-08 3.16343e-08 3.12403e-08 3.05538e-08 3.01498e-08 2.98872e-08 2.9115e-08 2.88155e-08 2.88052e-08 2.8781e-08 2.87635e-08 2.82625e-08 2.81328e-08 2.81096e-08 2.80956e-08 2.80621e-08 2.78696e-08 2.72981e-08 2.57849e-08 2.54256e-08 2.54299e-08 2.54144e-08 2.54147e-08 2.54005e-08 2.5398e-08 2.53827e-08 2.53803e-08 2.53611e-08 2.53597e-08 2.53386e-08
2.53285e-08 2.53425e-08 2.53522e-08 2.5362e-08 2.53737e-08 2.53802e-08 2.53912e-08 2.53965e-08 2.54041e-08 2.5411e-08 2.54154e-08 2.54222e-08 2.54288e-08 2.67909e-08 2.72215e-08 2.76874e-08 2.80504e-08 2.80731e-08 2.80932e-08 2.82271e-08 2.87206e-08 2.87428e-08 2.87557e-08 2.8771e-08 2.86971e-08 2.90443e-08 2.95148e-08 2.94495e-08 3.01621e-08 3.08212e-08 3.13914e-08 3.14051e-08 3.14139e-08 3.14053e-08 3.13851e-08 3.09935e-08 3.00395e-08 2.95459e-08 2.93859e-08 2.87836e-08 2.87994e-08 2.87609e-08 2.87583e-08 2.87355e-08 2.87201e-08 2.82219e-08 2.8091e-08 2.8069e-08 2.80463e-08 2.76791e-08 2.72195e-08 2.67813e-08 2.54314e-08 2.54113e-08 2.54164e-08 2.5402e-08 2.5403e-08 2.53899e-08 2.53886e-08 2.5373e-08 2.53712e-08 2.53534e-08 2.53522e-08 2.53322e-08
2.53194e-08 2.53324e-08 2.53415e-08 2.53508e-08 2.53604e-08 2.5366e-08 2.53757e-08 2.53817e-08 2.53892e-08 2.53952e-08 2.53983e-08 2.54038e-08 2.54098e-08 2.67327e-08 2.70133e-08 2.73703e-08 2.78565e-08 2.80361e-08 2.80582e-08 2.80887e-08 2.82729e-08 2.86658e-08 2.85917e-08 2.86074e-08 2.82161e-08 2.81573e-08 2.83017e-08 2.85839e-08 2.90929e-08 2.97864e-08 3.0757e-08 3.12498e-08 3.13263e-08 3.12518e-08 3.04986e-08 2.9596e-08 2.90913e-08 2.85831e-08 2.83051e-08 2.81842e-08 2.83021e-08 2.82851e-08 2.86082e-08 2.86925e-08 2.82767e-08 2.80908e-08 2.80624e-08 2.80404e-08 2.78632e-08 2.73699e-08 2.70208e-08 2.67304e-08 2.542e-08 2.54011e-08 2.54073e-08 2.53945e-08 2.53961e-08 2.53828e-08 2.53819e-08 2.53682e-08 2.53664e-08 2.53502e-08 2.53486e-08 2.53289e-08
2.53209e-08 2.53333e-08 2.53415e-08 2.535e-08 2.53589e-08 2.53647e-08 2.53739e-08 2.5379e-08 2.53854e-08 2.53904e-08 2.53927e-08 2.53975e-08 2.54018e-08 2.65702e-08 2.68495e-08 2.69578e-08 2.72507e-08 2.754e-08 2.789e-08 2.79593e-08 2.80549e-08 2.84236e-08 2.80853e-08 2.81006e-08 2.81132e-08 2.8122e-08 2.81284e-08 2.81521e-08 2.84444e-08 2.88496e-08 2.96492e-08 3.02851e-08 3.11169e-08 3.04258e-08 2.94655e-08 2.88434e-08 2.84448e-08 2.81481e-08 2.81285e-08 2.81183e-08 2.81135e-08 2.80963e-08 2.82052e-08 2.82171e-08 2.78864e-08 2.80294e-08 2.7888e-08 2.75388e-08 2.72496e-08 2.6951e-08 2.68496e-08 2.65609e-08 2.54045e-08 2.53874e-08 2.53937e-08 2.53818e-08 2.53842e-08 2.53716e-08 2.53713e-08 2.53585e-08 2.53569e-08 2.53418e-08 2.53418e-08 2.53218e-08
2.53068e-08 2.5318e-08 2.5326e-08 2.53343e-08 2.53437e-08 2.53483e-08 2.53562e-08 2.536e-08 2.53661e-08 2.53714e-08 2.53732e-08 2.53768e-08 2.53746e-08 2.59517e-08 2.68125e-08 2.68292e-08 2.68465e-08 2.68989e-08 2.7248e-08 2.72737e-08 2.73976e-08 2.78028e-08 2.8036e-08 2.80536e-08 2.80663e-08 2.80749e-08 2.808e-08 2.80813e-08 2.80843e-08 2.82396e-08 2.85049e-08 2.83829e-08 2.83395e-08 2.83232e-08 2.85122e-08 2.8238e-08 2.80886e-08 2.80811e-08 2.80841e-08 2.80751e-08 2.8071e-08 2.80536e-08 2.8041e-08 2.78029e-08 2.74576e-08 2.72764e-08 2.69625e-08 2.69783e-08 2.68574e-08 2.6829e-08 2.68188e-08 2.59506e-08 2.53855e-08 2.53744e-08 2.53813e-08 2.53709e-08 2.53736e-08 2.53611e-08 2.53613e-08 2.53503e-08 2.53495e-08 2.53339e-08 2.53348e-08 2.53152e-08
2.53094e-08 2.53199e-08 2.53277e-08 2.53352e-08 2.53438e-08 2.53468e-08 2.53545e-08 2.53585e-08 2.5364e-08 2.53677e-08 2.53676e-08 2.53708e-08 2.53671e-08 2.59424e-08 2.67492e-08 2.67114e-08 2.66907e-08 2.63244e-08 2.64198e-08 2.66337e-08 2.68257e-08 2.70556e-08 2.76244e-08 2.77641e-08 2.7867e-08 2.79135e-08 2.79101e-08 2.78795e-08 2.77882e-08 2.76372e-08 2.72473e-08 2.64063e-08 2.59099e-08 2.63834e-08 2.72415e-08 2.7599e-08 2.77892e-08 2.78731e-08 2.7911e-08 2.79087e-08 2.78651e-08 2.77635e-08 2.76236e-08 2.70503e-08 2.68283e-08 2.66319e-08 2.64208e-08 2.64491e-08 2.64408e-08 2.66189e-08 2.6799e-08 2.59326e-08 2.53707e-08 2.53612e-08 2.53689e-08 2.53594e-08 2.5363e-08 2.53517e-08 2.53522e-08 2.53413e-08 2.53419e-08 2.53259e-08 2.53281e-08 2.53094e-08
2.5294e-08 2.5303e-08 2.53092e-08 2.53154e-08 2.53235e-08 2.53271e-08 2.53348e-08 2.53371e-08 2.53412e-08 2.53443e-08 2.53441e-08 2.53469e-08 2.52567e-08 2.56138e-08 2.64213e-08 2.62648e-08 2.62775e-08 2.62882e-08 2.62968e-08 2.63078e-08 2.63356e-08 2.65025e-08 2.70422e-08 2.71896e-08 2.7291e-08 2.7337e-08 2.73311e-08 2.7297e-08 2.71287e-08 2.63911e-08 2.56367e-08 2.54605e-08 2.54543e-08 2.54634e-08 2.59959e-08 2.64289e-08 2.71771e-08 2.72942e-08 2.73364e-08 2.73366e-08 2.72932e-08 2.71933e-08 2.70456e-08 2.65023e-08 2.63394e-08 2.63078e-08 2.63025e-08 2.62888e-08 2.62844e-08 2.63358e-08 2.63527e-08 2.53863e-08 2.53512e-08 2.53425e-08 2.53524e-08 2.53435e-08 2.53479e-08 2.53386e-08 2.53395e-08 2.53291e-08 2.53306e-08 2.53151e-08 2.53171e-08 2.53003e-08
@ p_rEL 64 64
0.13289480289594185 0.13288791079204215 0.13288890107204215 0.1328829893281224 0.13288297961110235 0.13287805814418258 0.13287904832816258 0.13287509732022273 0.13287706786820264 0.13287312668224227 0.13287805805718092 0.13287410704724106 0.13287903832617445 0.13287510723521676 0.13286720512033764 0.13285637182048013 0.13285341109352033 0.13284650916960059 0.13284551888962062 0.1328396072416809 0.13283960714768092 0.13283467596374121 0.13283270531376976 0.13282481310987154 0.13282383264487174 0.13281988163891192 0.13282284255589158 0.13282284246689013 0.13282777384781697 0.13282678375783058 0.13282679367082478 0.13282481320384484 0.13282481311084487 0.13282481320384484 0.13282679367082478 0.13282776402880536 0.13282876412381478 0.13282580328884766 0.13282284246489159 0.13282185218889181 0.13282383264587172 0.13282678375683146 0.13283270531176977 0.13283763650072111 0.13283960714868093 0.13284157788066076 0.13284552879862063 0.13284847971458053 0.13285341099552031 0.13285833255346002 0.13286820521233764 0.13287805805017686 0.13287804823817617 0.13287904823217617 0.13287607758820061 0.13287706767820268 0.1328780581481826 0.13287705796118263 0.13288002869216251 0.13288101887614248 0.13288396969510236 0.13288594043106225 0.13288791088104215 0.13289185198498196
0.13289087170900202 0.13288297960810233 0.13288396978810235 0.13287805796018259 0.1328780580501826 0.13287213649426285 0.13287312658526282 0.132868195492303 0.13287016594828294 0.13286523448034315 0.13286918558330299 0.13286524448336318 0.13287214640726133 0.13286721503132587 0.13285833264644378 0.13284846990058047 0.1328465092616006 0.13283960714768092 0.13283861696470098 0.13283171513178152 0.13283171494378257 0.13282679366684466 0.13282283265087591 0.13281496016697916 0.13281198952700041 0.13280804833706084 0.13280902870004055 0.13280803842303965 0.1328149601689759 0.13281692090194708 0.13282185228989166 0.13282185228688545 0.13282185228688501 0.13282185228286517 0.13282186219289177 0.13281791108892674 0.13281198943399714 0.13280804842903962 0.13280705815506066 0.13280804833606083 0.13281001907102041 0.13281495026297921 0.13282186219289596 0.13282678375782467 0.13282974449280263 0.13283270522376153 0.13283565623072108 0.1328386171506809 0.13284354843464072 0.13284847971158187 0.13285636209948248 0.13286819549630158 0.1328662248543431 0.13286721493932308 0.13286524448034318 0.13286523467134315 0.13286721503132307 0.13286820521632306 0.1328711659412829 0.13287114632126287 0.13287410713922274 0.1328780579611826 0.13288001878914252 0.13288495987910229
0.13288890107104215 0.1328810187811425 0.13288100896714247 0.13287411685724276 0.13287410704824279 0.13286918558730296 0.13286918548830298 0.13286425411536321 0.13286523447634316 0.13286031302042337 0.13286327393638328 0.13285833265244343 0.13286425411336322 0.13285833265044797 0.1328514404425491 0.13284156787866869 0.1328396072376882 0.13283368568174123 0.13283269540476222 0.1328258032928458 0.13282383283787033 0.13281594062995919 0.13281001897502676 0.13280113642012967 0.13279818551017111 0.13279325414523177 0.13279324424021163 0.13279227388423098 0.13279621496618879 0.13279917578616593 0.13280804833905543 0.13281199934700783 0.13281396007597793 0.13281297990098201 0.1328080484240351 0.13280114632812537 0.13279621487218884 0.13279424423421082 0.13279324423921168 0.13279522469521168 0.13279818560517107 0.13280311696410957 0.13281100906602666 0.13281890136793903 0.13282382292987027 0.13282876402282567 0.13283269540876225 0.13283565623472357 0.13284058770466345 0.13284453852062694 0.13285044044754996 0.13286326402638779 0.13286228365738328 0.13286327393738329 0.13286228365238328 0.13286426411836319 0.13286623466534314 0.13286721494032308 0.13287017576230292 0.13287115622428289 0.13287509722722274 0.1328780580491826 0.13288101887714249 0.13288495006208229
0.13288594043106225 0.13287805795918259 0.13287805804818262 0.13287016594928294 0.13287016585128292 0.13286524439036318 0.1328642442953632 0.13285932273842341 0.13286030320342337 0.13285439155548365 0.13285735238246352 0.13285243081652376 0.13285735229246354 0.1328465092626023 0.13283862686971074 0.13282875440181119 0.13282579347585238 0.13282284246889489 0.13281889145793932 0.1328109992510185 0.13280903851504036 0.13279818560917223 0.13279128341625393 0.13278240105533431 0.13277945014737447 0.13277351869443468 0.13277252851643476 0.13277056778747487 0.13277252851843477 0.13277351869743623 0.13277944042138154 0.13278339123134553 0.13278734242430648 0.13278239123834795 0.13277746969040169 0.13277352860243619 0.13277055796945486 0.13277056769047488 0.13277155796545481 0.1327735186974347 0.13277746959939452 0.13278240105733433 0.132789312967274 0.13279818560417217 0.13280606787806137 0.13281199934201846 0.13281791108893387 0.1328198816349164 0.13282481301487259 0.13282875440081121 0.13283566604975086 0.13284748953358225 0.13285243082152379 0.13285341108850374 0.13285341118350369 0.13285539164748358 0.13285736209646351 0.13285833255544344 0.13286228356038329 0.13286426411836319 0.13286720512632305 0.13287016594928294 0.13287411676424277 0.13287904823318256
0.13288297961310236 0.13287411685524278 0.13287410704724278 0.13286721494334314 0.13286622475934312 0.13286031310942337 0.13286031301842335 0.13285340127550369 0.13285439155148365 0.13284846990256385 0.13285143073352379 0.13284551908160402 0.13285046027154385 0.13283762687770598 0.13282974449081145 0.13281989154491447 0.13281495025997997 0.13280804824006789 0.13280213660713269 0.13279423451321237 0.13279226397223334 0.13278240114533998 0.13277745977839453 0.13276957750947491 0.13276661659449507 0.13276069504955532 0.13275970477357538 0.1327567537655967 0.13275774413860064 0.13275577349560649 0.13275675385661589 0.13275378302965463 0.1327547832136485 0.13275379294165937 0.13275575367361844 0.13275674385460634 0.13275774414260061 0.13275873432057667 0.13275971477657539 0.13276267560153521 0.13276661659649505 0.13277154805545485 0.13277746968839677 0.13278635224829616 0.13279326406323017 0.13279621496719371 0.13280410705711251 0.13280903851204787 0.13281594062995997 0.13282284255989429 0.13282974439481152 0.13284256797066582 0.13284846990356389 0.13285045035954382 0.13285144044754379 0.13285242100150371 0.13285538173748357 0.13285735229046353 0.13286130329040333 0.13286327393938324 0.13286721494032308 0.13287016585328293 0.13287411686024278 0.13287903832516254
0.13288199914412244 0.13287213649326285 0.13287213649626284 0.13286524438936317 0.13286425411336319 0.13285734247344347 0.13285735228546353 0.13285045035354381 0.13285144063652379 0.13284552879760403 0.13284748953558395 0.13284058770366425 0.13284552879960407 0.13283270531776623 0.13282283265087305 0.13281099924801895 0.13280509742708665 0.13279522478819325 0.13278931297127405 0.13278043060235453 0.13277548933442454 0.13276464604352581 0.1327626655915442 0.13275478312662456 0.13275379295363712 0.13274688122467609 0.13274491058069995 0.1327380085717694 0.13273404756781934 0.13272814564686736 0.13272319436292471 0.13271531198199532 0.1327143218009959 0.13271530207399537 0.13272320417592104 0.13272714555787046 0.13273307710981913 0.13273799856576943 0.13274293002971999 0.13274688112567656 0.13275083222365872 0.13275576358459851 0.1327587244045845 0.1327656363225263 0.13277451878242466 0.13277944042337458 0.13278733241929411 0.13279424443121349 0.13280312688310669 0.13281099924701892 0.13281988163991318 0.13283369549676624 0.13284059752166424 0.13284256806964417 0.13284355834662415 0.13284551889160404 0.13284847962056393 0.13285046027154382 0.13285439146348366 0.1328563620054635 0.13286130329340329 0.13286524439236316 0.13286819549530296 0.13287411686324277
0.13287903832416256 0.13286917566930295 0.13286918558730298 0.1328613032904033 0.13286031301742335 0.13285341109150373 0.13285242091252375 0.13284551908160402 0.13284650917260402 0.1328396072446843 0.1328415778886442 0.13283467586872449 0.13283763659970638 0.13281790127393389 0.13280902869604166 0.13279423461221129 0.13278635224229415 0.13277549924241466 0.1327705677804549 0.13276267540853537 0.13275675385660543 0.13274491048570725 0.1327419497637474 0.13273306710780777 0.13273405728880602 0.1327261553798694 0.13272221418691693 0.13271432181298035 0.1327083901500283 0.13269852731710591 0.1326906251141565 0.13268371310321742 0.13268371309921739 0.13268371309721738 0.13269161520315653 0.13269852731510967 0.13270840015903138 0.13271530217296248 0.13272320436789448 0.13272911619884456 0.13273109665182789 0.13273701829578757 0.13274095939074743 0.13274787139668706 0.13275774404460547 0.1327646460455153 0.13277154814845485 0.13277746969339455 0.13278733251229413 0.13279818551317107 0.13280902869804156 0.13282284246389375 0.13283565632870639 0.13283960723766433 0.13284058770366425 0.13284354844062413 0.13284650926158401 0.1328484799065639 0.13285341118650368 0.13285637191446353 0.13286130329640333 0.1328642442953632 0.13286819539830302 0.13287411685824277
0.13287904823418256 0.132869195492303 0.1328672051193231 0.1328593227374234 0.1328583424694435 0.13285045045354379 0.13284946008254386 0.13284355835062417 0.13284355825162417 0.1328356562367245 0.13283762678468436 0.13283073467178466 0.13283270531976671 0.13281198952599721 0.13280113642112776 0.13278437169831409 0.13277548933341465 0.13276563632951519 0.13275970477557547 0.13274886157768312 0.13274095947774708 0.13272911619884795 0.13272615518286812 0.13271728253895052 0.13271334144197988 0.13270049787108928 0.13269457631611284 0.13268569374718561 0.13267582071526432 0.13266496769431824 0.1326580458613586 0.13265311430039886 0.13265311429539886 0.13265311429539886 0.13265904595035857 0.13266496760232196 0.13267680127525433 0.13268470338220573 0.13269259566913391 0.13270147833306931 0.13270939034702023 0.13271827290393043 0.13272320427588824 0.1327301063818479 0.13273898874476719 0.1327478714946832 0.13275774413859556 0.13276365586553518 0.13277351869243476 0.13278438160131406 0.13279719533516796 0.13281297980499726 0.13282777393680689 0.13283171494176463 0.13283269540974454 0.13283565623172447 0.1328396072376643 0.13284256797064414 0.13284749934958398 0.13284946008354384 0.13285439155748363 0.13285933274042341 0.1328632640253832 0.13287017576230289
0.13287706786820264 0.13286621494434311 0.13286523447634316 0.13285636200446352 0.1328553916494836 0.13284748953158393 0.132846509171584 0.1328396071466843 0.13283861705568431 0.13283072485576469 0.13283270531374458 0.13282481320584505 0.13282580329083221 0.13280212669712607 0.13278931297327407 0.13277154805445487 0.13276365577553523 0.13275280277163568 0.1327468811256762 0.13273504766180791 0.13272715546886829 0.13271432171597208 0.13271136089298949 0.13269852722508266 0.13269062502715409 0.13267681109123525 0.13266891870029168 0.13265509484838814 0.13264225116645412 0.13263632951747087 0.13263138804551114 0.13262842722550458 0.13262941740450152 0.13262842731850377 0.13263336869548353 0.13263335878749377 0.13264521209443311 0.13265509465739173 0.13266891870029077 0.13267977191621669 0.13268865447915618 0.1327024685100596 0.13270938043701389 0.13271826289892877 0.13272715537187035 0.13273700838678695 0.13274886148867598 0.1327547734146157 0.13276464604651519 0.13277549895841473 0.13278831297627408 0.13280705796106601 0.1328248230258523 0.13282974458478483 0.13283171523076462 0.13283565623872448 0.13283960724268432 0.13284256797364419 0.13284749944358398 0.13285045026754383 0.13285538183048357 0.13286030320242334 0.13286524438436315 0.1328711463202629
0.13287707768620216 0.13286523447734316 0.13286326402438323 0.13285439155248363 0.13285242090952373 0.13284552879760403 0.13284355834962419 0.13283565623572449 0.13283566614772449 0.13282678375682486 0.13282776402880483 0.13281988172988557 0.13281495044897171 0.13278733241929364 0.13277450887141604 0.13275773432257629 0.13274787149368658 0.13273800847775949 0.13272714564885785 0.132713321618979 0.13270444915704804 0.13268866439117225 0.13268470338319685 0.13266397732733939 0.1326590458563551 0.13263830016547967 0.13262447611155476 0.13261065196659705 0.13259682800366782 0.13259583792264679 0.13258891588967886 0.13258892579867101 0.13258991588767147 0.13258595496968023 0.13259385727564371 0.13258891589168714 0.13260175967463536 0.13260768132661732 0.13262448602455779 0.13264226098345297 0.13265015347440315 0.13266890888329264 0.13267780127323911 0.13269162521415359 0.13270247842306265 0.13271135107198884 0.13272813573984632 0.13273405737881214 0.13274688112567817 0.13275774404559942 0.13277056778045571 0.13278832269327345 0.13281001897701211 0.13282186219788547 0.13282383284086502 0.1328277738498248 0.13283171494476465 0.13283467595872447 0.13284058761366424 0.13284453852562408 0.13284946008254386 0.13285439155548362 0.1328593228314234 0.1328662248543431
0.13287805805118091 0.13286622476134313 0.13286326393338327 0.13285440146650365 0.1328514307305238 0.1328435485296241 0.1328415778876442 0.13283368558974454 0.13283270541274458 0.13282482302384496 0.13282481320384498 0.13281594054194937 0.13280902860203647 0.13277845005938244 0.13276365577054847 0.13274589084571534 0.13273109664883875 0.13272222400591974 0.13270543933705167 0.1326906350311538 0.13268076219121538 0.13266200677633244 0.13265114365940306 0.1326274468495319 0.13261756409058262 0.13259090625769657 0.13257411136474792 0.13255632619579649 0.13253854101583357 0.13253457999285154 0.1325138339728921 0.13251383378890103 0.13251185341490493 0.13250593156490856 0.13252766795186421 0.13252272656487732 0.13254447277181308 0.13255632628779412 0.13257311126974752 0.1325948573586771 0.13261263252360339 0.1326343489674944 0.13264719264442321 0.13266693815231229 0.13268174255621534 0.13269063503015383 0.13271136089001148 0.13271925327393985 0.13273603792879818 0.13274786149269205 0.13276365586855113 0.13278437169531843 0.13280705806105922 0.13282086210888788 0.13282482302284504 0.1328287641208048 0.13283369550074456 0.13283664650470439 0.13284255815864415 0.132846509265584 0.13285243081652376 0.13285735228346349 0.13286327384438326 0.13287017585728295
0.13287706787120093 0.13286524438436315 0.13286229346940331 0.13285243081652376 0.13284946008454387 0.13284158769864421 0.13283861696368437 0.13283073467078466 0.13282875431080488 0.13281988172988557 0.13281989164490926 0.13280410705609191 0.13279226388023735 0.13275872431059837 0.13274392020771927 0.13272419464490129 0.13271037070600195 0.13269754695510794 0.13268174265120239 0.13266595787830468 0.13265213383240337 0.13262645647954105 0.13260966178662723 0.1325750917307727 0.13255435563681742 0.13252174600987618 0.13249801933690683 0.0013957054420533797 0.00068976368586895769 0.00055674302651950009 0.00047258182605280116 0.00046887125852386339 0.00046774695114681659 0.00046881275073375417 0.00047275654960553069 0.0005563033608131366 0.00069034108816137633 0.0013951052773150136 0.13249703877692112 0.13252569721686985 0.13254643350683978 0.13258003320474632 0.13260274985265103 0.13262743693954274 0.13265014356439842 0.13266199686932936 0.13268174264920332 0.13269359585312479 0.132709390342024 0.13272319435890165 0.13273898903175935 0.13276167531455543 0.13278339123134633 0.13280705816204494 0.13281495026295079 0.13282087182488633 0.1328258032938249 0.13282974449478471 0.13283566614172448 0.13283959732966424 0.132846509264584 0.13285242091552374 0.13285834256044346 0.13286622476034313
0.13287903832617445 0.13286819549330145 0.13286425411536323 0.1328534111855037 0.13285046027154385 0.13284157779064418 0.13283763669570636 0.13282875430680685 0.13282580328983221 0.13281199934401192 0.13280902860103652 0.13278832269227742 0.13276759714252642 0.13273503774183149 0.13271727271997377 0.13269556630713625 0.13268076218723712 0.13266298704934937 0.13264324135645494 0.13262152500156738 0.13259385726868395 0.1325612577607822 0.13253755083485161 0.13249505832688993 0.0011044704233274822 0.00055461946785790293 0.00039029005100542585 0.0003632096686353118 0.00035217222125624948 0.00034379680787402945 0.00033959873341187939 0.00033655094307914941 0.00033569602470256938 0.00033680365134822942 0.00033881341466026937 0.00034432385495014936 0.00035185650063531944 0.00036324867026504815 0.00039034795790037158 0.00055485920338616359 0.001103813262838399 0.13250296063789369 0.13253260944185263 0.13256521887478617 0.1325958377276836 0.13262151518956761 0.13264719255143467 0.13266397722934922 0.13268273273921727 0.1326995175951155 0.13271728262197396 0.1327399791087929 0.13276463612954265 0.13279621496319818 0.13280508752008519 0.13281791118594122 0.13282579338483264 0.13283073467079107 0.13283960714968443 0.13284453852462422 0.1328504503585439 0.1328573522914635 0.13286326412138325 0.13287313658826128
0.13287805814917661 0.13286720512432587 0.13286228356238783 0.13284650925960231 0.13284157779266584 0.13283270531576627 0.13282185228689378 0.13281198952599726 0.13280607778508602 0.13278733251629365 0.13278240114734222 0.13275872441059833 0.13273898873979131 0.13270641951005638 0.13269063493317715 0.13266791860629817 0.1326531142053991 0.1326343588774973 0.13260867150262687 0.1325760820097531 0.13254248240682925 0.13250198036687585 0.00091560418299335407 0.00041650434639215275 0.00036346729603310896 0.00034705089009142944 0.00033414402920045936 0.00032388356048746944 0.00031457544146826943 0.00030667956882296938 0.00030212199526446934 0.00029899661716876943 0.00029809474503296934 0.00029917948844886941 0.00030159653452846934 0.00030717973875256941 0.00031417427402716935 0.00032354418543566941 0.00033412550890853939 0.00034704959512658938 0.00036335608299668744 0.00041662126046212967 0.00091511167495903433 0.1325029607358803 0.13254051175883266 0.13257311117575366 0.13260867150662642 0.13263040767151749 0.13265014356239921 0.13266791861029817 0.13268569364719734 0.13270839997003628 0.1327320769208517 0.13276168522655818 0.13277450886842262 0.13279029342325382 0.13280212670112521 0.13280903851203971 0.13282383283887025 0.13282875440280925 0.13283763659570605 0.13284946018055455 0.13285636200147422 0.13286721503132815
0.13286820521233769 0.13285637191048391 0.13285144053554909 0.1328356661417309 0.13282974448781146 0.13281988173391321 0.13280902869504166 0.13279719542816792 0.13278931297227406 0.13277055787545619 0.13276365586754843 0.13273996920675943 0.13271727271897377 0.13268668383519733 0.13266890888329813 0.13264620236841942 0.13262744675553573 0.13259879865365723 0.13256323832276509 0.1325197557368564 0.0019069834388759578 0.00047288176049629428 0.00036260262521821933 0.00034114230643988937 0.00032476611388646936 0.00031050242034396942 0.00029806499020426939 0.00028763513484216939 0.00027955250111876939 0.00027238348148936938 0.00026822032187326936 0.00026524715678006943 0.00026437678758906941 0.00026547758475576943 0.00026775903515616938 0.00027295683580046934 0.00027913608096786938 0.00028766592062526937 0.00029816094749076939 0.00031007632008586938 0.00032513112390916937 0.00034204200419499947 0.00036254992672867496 0.00047297047227446088 0.0019070914699341685 0.13252372666683784 0.13256619914976858 0.13259879874465808 0.13262941740651579 0.13265015347639922 0.13266890888529814 0.13269161539315702 0.13271530207699392 0.13274688103069904 0.13276069504856849 0.13277647950739588 0.13278930305727318 0.13279818551717051 0.13281396998297826 0.13282087191391448 0.13282974439481121 0.13284058761067061 0.13284847980658934 0.13285932282744325
0.13285833255346002 0.13284846990258045 0.13284452870262858 0.13282975439781119 0.13282283255387428 0.1328119993420189 0.13279818560517115 0.13278437169531407 0.1327754990524147 0.1327587343205763 0.13274984194467504 0.13272418464390129 0.13269951750311604 0.13266791870529815 0.13265015347039924 0.13262447611453224 0.13259583782767467 0.1325533653588099 0.13250890231087079 0.000783760739775127 0.00037042028680289442 0.00034689109267849942 0.00032660880918466934 0.00030759947096096942 0.00029124020147106944 0.00027768574738406936 0.00026598557684066936 0.00025629734448306935 0.00024892840171606941 0.0002425709947130694 0.00023896763018106936 0.00023632861523106941 0.0002355623237030694 0.00023658390980606938 0.00023853937375406937 0.00024305560504406939 0.0002486161399000694 0.00025633848323206937 0.00026602580764176946 0.00027743317538266938 0.00029169695408006938 0.00030757066433306947 0.00032665632166616943 0.00034802984048011939 0.00037039138379509626 0.00078366062053481531 0.13250297064289251 0.13255336526679423 0.13259386708567683 0.13262448593153328 0.13264620227841939 0.13266890888629815 0.13269260557415638 0.13272616518588123 0.13274293002473528 0.13276070486555616 0.13277154814345485 0.13278142079135438 0.13279916597214717 0.13280804842404134 0.13281889145393341 0.13283072475779112 0.13284059751768873 0.13284946008356044
0.13285341099552031 0.13284354843464072 0.13283960723868823 0.13282283255187249 0.13281495025597995 0.13280213650912676 0.13278634233529416 0.13277253832043481 0.13276365577253524 0.13274491048870668 0.13273108664683878 0.13270641970702216 0.13268076218623712 0.1326491631014193 0.13262744685451569 0.13259187671567485 0.13255631638178289 0.13249900952989543 0.00056018882221047547 0.00036332658635599801 0.00033764137443357943 0.00031419042244816944 0.00029429556595856943 0.00027699189662076942 0.00026149880522906944 0.00024881441932906939 0.00023821570392406935 0.00022965240288906936 0.00022328199882606944 0.00021793040166206943 0.0002148464528570694 0.00021271721766306942 0.00021208024487906938 0.00021286979015506944 0.0002145408383190694 0.00021831649364606939 0.00022304187854006941 0.00022974793293006941 0.00023831459290306933 0.00024869564815206929 0.00026188409896506942 0.00027683144637586932 0.00029480645554316932 0.00031488209163596948 0.00033745744979697938 0.00036341529155562569 0.00056014371523579434 0.13250791212688065 0.13255533590979351 0.13259583782667206 0.13262842722551221 0.13265410457338145 0.13267977191823704 0.13271333153298182 0.13272911610285887 0.13275083213266639 0.13276365577353522 0.13277252841843476 0.13279128351225389 0.13280113641713043 0.13281495035297883 0.13282876411481134 0.13283862687470821 0.13284650925660058
0.13284847971458053 0.13283861715168094 0.13283664631872108 0.13282284237089489 0.13281000906902771 0.13279522478819322 0.13277845005637451 0.13276563632851518 0.13275675377359555 0.13273800857375948 0.1327251650018795 0.13269753695210793 0.13266693805332916 0.1326343588764973 0.13260274976365702 0.13255336535780995 0.1325029706428951 0.00055671811344846524 0.00035986029647953394 0.00033172800112129939 0.00030695645390916947 0.0002849451946449694 0.00026582854156076944 0.00024958196100406931 0.0002356469499560694 0.00022449201536206938 0.00021534939718306941 0.00020819360665006939 0.00020295231580106941 0.00019869638357906941 0.00019622203655806936 0.00019453789494906936 0.00019402465102906938 0.0001946356066950694 0.00019598986738406936 0.00019896309113706941 0.00020277371912606933 0.00020823351507806936 0.00021541348664206938 0.00022431968885206936 0.00023588665542906937 0.00024941295558106937 0.00026607825356896942 0.00028512664081596943 0.00030658097201896936 0.00033195160730684938 0.00035963499525179358 0.00055685393368154099 0.13249406823088469 0.13255335545580252 0.13259978874165257 0.13263237831949803 0.13266199705734105 0.13269852722609027 0.13271926308494089 0.13273997912075935 0.13275280276963566 0.1327626655945352 0.13278043041837445 0.1327912737002539 0.13280805824406436 0.13282482302087242 0.13283270531976143 0.1328396072376809
0.13284552879762063 0.13283565623072108 0.13283269540876222 0.13281593062795941 0.13280213650813263 0.1327853520563142 0.1327705677804549 0.13275675376659563 0.13274688122467618 0.13272418464089791 0.13270542933305168 0.13267878163724253 0.13264324145445494 0.13260572058962697 0.13256323832076511 0.13250494119787057 0.00056018432140838052 0.00035974468299786232 0.00033057804258739931 0.00030336128568176935 0.00027993182445016946 0.00025922734216506939 0.00024145018719006937 0.00022689705026006943 0.00021480563837606936 0.00020538569299006937 0.00019786621667306937 0.00019214095978806943 0.00018801656225206939 0.00018480182431906939 0.00018289203444806938 0.00018161757039406937 0.00018123992229706937 0.0001817085471340694 0.00018276308898806931 0.00018495536894506937 0.00018790979432506936 0.00019217951090006938 0.00019792027936606942 0.00020528046688906938 0.00021499740238006937 0.00022679608532306941 0.00024165130590306943 0.00025927524860806941 0.00027982713296316941 0.0003036940973455694 0.00033011380519047944 0.00035986460876370323 0.00056006280332391743 0.13251087305186723 0.13256421878277014 0.13260670105563563 0.13264423171945441 0.13268175236822383 0.13270445897604644 0.1327301062868366 0.13274589084669774 0.13275774404559551 0.13277450896641468 0.13278635215129414 0.1328021267871109 0.13282186219189895 0.13283072485378317 0.13283862696970092
0.13284157788166076 0.13283270522376153 0.13282876402382565 0.13281199934401844 0.13279719533017226 0.13278042069735452 0.13276563632351529 0.13274886157568311 0.13273800847376777 0.13271432171597897 0.13269358594313363 0.13266595787730467 0.1326244761105472 0.13257608200675319 0.1325237168498575 0.00078379264627270425 0.00036344990081938432 0.00033173340179480935 0.00030343369648346935 0.00027786192932376938 0.00025572106248406939 0.00023673492405306939 0.00022096033579406939 0.00020840644460006936 0.00019833109928306936 0.00019072658338006941 0.00018483257330706942 0.0001804330739970694 0.00017727677447106936 0.00017484063656896938 0.00017336938159046939 0.00017241799437566938 0.00017212764443166941 0.00017246249463126936 0.00017328159927796944 0.00017494513525196937 0.00017720747302606938 0.0001804512422530694 0.00018487476280506943 0.00019064586978006939 0.0001984632217020694 0.0002082931772630694 0.0002210382267880694 0.00023670660030706937 0.00025558046897606939 0.00027802724817626938 0.00030285711917326942 0.00033151189853163938 0.00036331717531785782 0.00078397398135912925 0.1325197557388583 0.13257213071375215 0.13262546629855201 0.1326659578783051 0.1326906349411538 0.13271530216695973 0.1327330671968068 0.13274787139867811 0.13276563632551738 0.13277746978439486 0.1327942346092123 0.13281396999099951 0.13282383283786739 0.13283270531776123
0.13283960714868093 0.13282974449380264 0.13282382292987024 0.13280706797106034 0.13279226406423331 0.13277351859844466 0.13275674395260542 0.1327389987517672 0.13272714546586825 0.13270148823706815 0.13268076218821537 0.13264817291942357 0.13259385726768377 0.13253953119583062 0.0019068213937378147 0.00037030237294266268 0.00033765426817452941 0.00030689383798506939 0.00027993422194286943 0.00025568517861606933 0.00023520534666206941 0.00021828475105406937 0.00020467757835106941 0.00019422172661506942 0.00018610320694806935 0.00018011059168006937 0.00017554376428606942 0.00017213074045026942 0.00016961424152746939 0.00016766643370946942 0.0001664442658232694 0.00016564953131406943 0.00016539844972346938 0.00016567351362666941 0.00016638313952616938 0.00016773831546976941 0.0001695725834021694 0.00017213093992596941 0.0001755716081642694 0.00018006836255906938 0.00018617946311106937 0.00019412708369606938 0.00020477355828406942 0.00021829257195306938 0.00023514130705906938 0.00025580146295306938 0.00027956345306896937 0.00030701626132246943 0.00033779499621834939 0.00037046169198053655 0.0019069074158204497 0.13253952147882722 0.13259978902368422 0.13264916309741365 0.13267878163523741 0.13270741979802772 0.13272616518686828 0.13274096929474741 0.13275872440458655 0.1327745089644182 0.13279227388423406 0.1328100189820218 0.1328208620999109 0.13283171513678166
0.13283763650072111 0.13282678375782467 0.13281890136793903 0.13279818560417214 0.13278536187731987 0.1327646460415258 0.13274787130968707 0.13273011619384795 0.13271728262895194 0.13268865438517227 0.13266495778631235 0.13262645657554104 0.13256421868178417 0.13250197055387333 0.00047307128569561147 0.00034689739516767932 0.00031427553179976935 0.00028495619277146941 0.00025927237233906941 0.00023674007186006937 0.00021830665287206937 0.00020357760592306937 0.0001921731093670694 0.00018367724271806937 0.0001772324553930694 0.00017247294857846934 0.00016878178608216936 0.00016592927812676938 0.00016371703804056938 0.00016191587075406935 0.00016069718820036939 0.00015987800130406939 0.0001596151860522694 0.00015991613863206938 0.00016064544096236943 0.00016196930568256941 0.00016368099995576942 0.00016592629901026937 0.00016879850404256938 0.00017243522138306937 0.0001772782646350694 0.00018360996296206935 0.0001922351857310694 0.0002035523161220694 0.00021821890010206933 0.0002368148276230694 0.00025890094877906937 0.00028502827710256946 0.00031400406423716945 0.00034615949030175939 0.00047285715724311689 0.13249900972387174 0.13256521887178485 0.13262151528856192 0.13266001641034419 0.13269062512414898 0.13271234134897214 0.13272813573684794 0.13274787131268706 0.13276464595152576 0.13278142078936103 0.13280015605914944 0.13281396007397522 0.13282579338184491
0.13283270531176974 0.13282186219289593 0.13281100906602666 0.132789312967274 0.13277845997339452 0.1327606949535643 0.13274194976074741 0.13272419464788818 0.13271136088698948 0.13268174265021698 0.13265114365240305 0.13260670076364928 0.13253656045385445 0.00091519609349266355 0.00036258512310401289 0.00032652059716976943 0.00029430915301396942 0.00026579816789056937 0.00024145746687506944 0.00022094359787306941 0.00020467946267906938 0.00019216802482306943 0.00018275605947706938 0.00017589646672606937 0.0001706713493831694 0.00016669119260836939 0.00016340976628966943 0.0001606427404312694 0.00015829571377988939 0.00015620222155777943 0.00015469220129000938 0.00015362260523092938 0.00015326726656585935 0.00015367228947562941 0.00015460504372692943 0.00015626631982432938 0.00015825341670775938 0.0001606475741420694 0.00016342748110176938 0.00016665246148866937 0.00017070192350626939 0.00017585211968706941 0.00018280895082706938 0.00019214296860906941 0.00020463873773406941 0.0002210294528520694 0.0002411927603750694 0.00026587118349556937 0.0002941124505172694 0.00032600888115126938 0.00036263862545129799 0.00091526420847593871 0.13254150184083405 0.13260670085664539 0.1326511338374009 0.13268767411217902 0.13270939044101118 0.13272517482288812 0.13274491049170725 0.13276168531854421 0.13277647941739457 0.13279424443121374 0.13280903851804593 0.13282186219489506
0.13282678375683146 0.13281495026297915 0.13280311696410951 0.13278240105733433 0.13277154805545485 0.13275378312862457 0.13273503774778767 0.13271628254095053 0.13270049796208255 0.1326639773283394 0.13262940758451305 0.13257508191677042 0.13249801934588976 0.00041654325120661032 0.00034125491657976937 0.00030761697294586941 0.00027703921810626935 0.00024959310126306938 0.00022692806780406943 0.00020840836973806941 0.00019423247580906941 0.00018367904254306932 0.00017589744936906935 0.0001701660428985694 0.00016566515199276937 0.00016196313572976938 0.00015856006262086935 0.00015532547139363937 0.00015225849900736939 0.00014922691841309939 0.00014694869155675938 0.00014526174501066936 0.00014467676243181939 0.00014534774946257942 0.00014680539437309935 0.00014937507827517937 0.00015220420265665941 0.00015533035105720939 0.00015858130633506935 0.00016193452484486933 0.0001656927905794694 0.00017013783519936936 0.00017593295975306937 0.00018364518244306935 0.0001942009539550694 0.0002084620519200694 0.0002266985862140694 0.00024967289794706939 0.00027672676999996942 0.00030752337968006942 0.00034173684836058939 0.00041641793563182531 0.13249901943688996 0.13257311126777005 0.13262743694051313 0.1326649577823201 0.13269556640510546 0.13271530216894864 0.1327360378337876 0.13275280285664459 0.13276759705449498 0.13278536196931418 0.13280016606414857 0.13281396999099784
0.13282383264587172 0.13281001907102047 0.13279818560517109 0.13277747960039449 0.13276661659649505 0.13275083231465715 0.13273306729080603 0.132710370706 0.13269062502915413 0.13265608503137657 0.13261658372158516 0.1325513847068375 0.0011043556959274223 0.00036336388402283325 0.00032478549892926933 0.00029119598384646941 0.00026149987890006937 0.00023562535058706935 0.00021481325208806942 0.00019832695745106941 0.00018610708506806937 0.00017723247188706936 0.00017067074635896941 0.0001656659651214694 0.00016138448732596944 0.00015742331720592937 0.00015326868225705941 0.00014879786081493934 0.00014416128236525934 0.00013923860481532935 0.00013541216091088342 0.00013240883545027638 0.00013136032343035839 0.00013259744306497642 0.00013510052698748545 0.00013952881951974938 0.00014405775577899939 0.00014879580010841942 0.00015328844867966941 0.00015738947397321942 0.0001614141825197694 0.00016563868908656937 0.0001707011399973694 0.00017720576887706938 0.00018609307746906938 0.00019838935282406937 0.00021463906610106939 0.00023579512741006943 0.00026142987536306939 0.00029109227115416933 0.0003252131338005694 0.00036334378390946671 0.0011051954015274923 0.1325523651658167 0.13261657381758482 0.13266100658733396 0.13268865438317176 0.13271332161997396 0.13273602811178611 0.13275181258863714 0.13276464604751514 0.13278241096435431 0.1327962050611905 0.1328110092540197
0.13282185218889184 0.13280804833606083 0.13279522469521168 0.1327735186974347 0.13276267560153521 0.13274688122167608 0.13272912582184929 0.13270049786708929 0.13267878163423574 0.13263929025047844 0.13259286699469633 0.13252272647787611 0.00055481279635845424 0.0003470695939046494 0.0003105765292672694 0.00027769725412466937 0.00024885855796706943 0.00022449827253906944 0.00020540139566806937 0.00019073121836606937 0.00018011432483206941 0.00017247615221606936 0.0001666910201812694 0.00016196416755746943 0.00015741947908034937 0.00015259242735757942 0.0001468828501681294 0.00014015294526027942 0.00013268490120253438 0.00012437642750344537 0.00011789185917212338 0.00011284599306177837 0.00011108374893050639 0.00011320557325440939 0.0001173242613077454 0.00012490114515505038 0.00013250564804546339 0.00014017302291392938 0.00014691992293907938 0.00015255478783120934 0.00015745184750376939 0.00016192917650006939 0.00016671187401646938 0.00017245156648176935 0.00018010275463006936 0.0001907667968060694 0.00020524358410306935 0.00022458232323406936 0.00024874819805906939 0.00027748327251236936 0.0003104946361654694 0.00034623814857929938 0.00055491131115870487 0.13251876555687625 0.13258891579069731 0.1326422511654573 0.13267484054125586 0.13270148824206879 0.13272813582985277 0.1327458908496961 0.13275872440757538 0.13277647951139454 0.13279128370425144 0.13280606787706062
0.13282284246489159 0.13280705815506064 0.13279324423921166 0.13277155796545481 0.13275971477657539 0.13274293002972004 0.13272221418489691 0.13269259566813349 0.132666928430315 0.13262249556255482 0.1325731210867479 0.13249604859290678 0.00039025574705611819 0.00033406472046949935 0.00029805928392256936 0.00026595484587986945 0.00023821891879706938 0.00021533862223506935 0.0001978699804030694 0.00018483361376606941 0.00017554537540676941 0.00016878185691506938 0.00016340814236796939 0.00015856277001526938 0.00015326564094145939 0.0001468931415198294 0.00013863135457772936 0.00012819792296213638 0.0001163192677202184 0.00010323690616875739 9.3084656730583399e-05 8.5325301041390371e-05 8.2624272133689403e-05 8.5907957408422415e-05 9.2121745046782388e-05 0.00010395065395658038 0.00011599217036627539 0.00012819424003839035 0.00013868050413134937 0.00014684288715836939 0.0001533116080725794 0.0001585251209075694 0.00016343083739706938 0.00016876503420856938 0.00017554016552476942 0.00018486974095006942 0.0001977525423690694 0.00021544086720206939 0.00023811386722906937 0.00026575373374656939 0.00029785313500916937 0.00033336924943586934 0.00039044767000372371 0.13249603868990725 0.13257114071874845 0.13262842731553343 0.13266495788131413 0.13269556649911252 0.13272320426890155 0.13274492049471878 0.13275773413459541 0.13277648932641456 0.1327912736972513 0.13280805824606043
0.13282580328884763 0.1328080484290397 0.13279424423521088 0.13277056769147488 0.13275873432057667 0.13273799856576937 0.13271629225796036 0.1326866839311853 0.13265706539536803 0.13261263261759698 0.1325582969317963 0.0013959345055832299 0.00036330197941774695 0.00032384229424746946 0.00028766016879076941 0.00025631602980606937 0.00022968625841106937 0.00020819941508806939 0.00019215094129006942 0.00018043686451206943 0.00017213414033826938 0.0001659324242713694 0.00016063931336336937 0.00015532292467856942 0.00014878747986495937 0.00014015696796715937 0.00012815348122612735 0.00011279508814834539 9.5351972321253394e-05 7.72282576178204e-05 6.3876304772195894e-05 5.4453809058141089e-05 5.1349368856822885e-05 5.5173881358007289e-05 6.2814674562644782e-05 7.8120429566274388e-05 9.5064164662449403e-05 0.00011283717465398137 0.00012827250370650437 0.00014010066110294939 0.00014884624962374938 0.0001552874424525894 0.0001606645385962694 0.0001659116072819694 0.00017213004769276938 0.00018046789876206934 0.00019203536879406935 0.00020827909368206939 0.0002295352254480694 0.0002560608436840694 0.00028748535394326942 0.00032315781878806932 0.00036336529030935429 0.0013951602921747006 0.13255434573479677 0.13261460326459684 0.13265014355941013 0.13268668402718287 0.13271431189898045 0.13273898874776419 0.13275478312461594 0.13277351868943466 0.13279030324425078 0.13280606778307988
0.13282876412381475 0.132811989433997 0.13279621487218879 0.13277055796845486 0.13275774414260064 0.13273307701181944 0.13270739997703396 0.13267385025928444 0.13264126098945417 0.13259484764166787 0.1325375508358336 0.00068958175366786627 0.00035218421036729944 0.00031457180975776939 0.00027954189565096936 0.00024890890534406935 0.00022328959718806939 0.00020295010202506944 0.00018801954381506941 0.00017727268281106937 0.00016961164236446933 0.00016371770109266937 0.00015828947869321941 0.00015225953951171939 0.00014416237604722939 0.00013272000301877939 0.00011633354540215238 9.5444037218103372e-05 7.2523411131428093e-05 5.1260164832921984e-05 3.71771475012003e-05 2.8543944895992387e-05 2.5871819284211393e-05 2.9026071060078387e-05 3.6243874253456093e-05 5.1891000678513291e-05 7.2238941904920076e-05 9.5326627272138381e-05 0.0001164004061477244 0.0001326115346383144 0.00014420362631364941 0.0001522155039555994 0.0001583147395919694 0.00016369715277976939 0.00016961146720816938 0.00017730068423006936 0.00018792402883206939 0.0002030241926170694 0.00022317738655506936 0.00024869611197006947 0.00027943441990096936 0.00031378909615466938 0.00035178846886049943 0.00068951684226996942 0.13253656054883367 0.13260077911364768 0.13263830007347432 0.13267780126726161 0.13270938043701155 0.13273602811079357 0.13275477331462138 0.13277647941839466 0.13279423452120895 0.13281198952399653
0.13282776402880533 0.13281791108894669 0.13280114632812534 0.13277352860243621 0.1327567438546064 0.13272813564186733 0.13270050777708622 0.1326669383413181 0.1326383000694708 0.13259781829064679 0.13253656054885141 0.00055680383562128487 0.00034379983191684942 0.00030671506820436934 0.00027242728946806941 0.00024259073918306943 0.00021794960017006943 0.00019870594024206943 0.00018480769528006938 0.00017484108139096942 0.00016766714159416939 0.0001619167965062694 0.00015620103277974942 0.00014923092224567938 0.0001392144088779394 0.00012436542423893441 0.00010316559446000441 7.7172548359871385e-05 5.1070477183535291e-05 3.0570431708836689e-05 1.9013143699735388e-05 1.304274811154239e-05 1.136315898516139e-05 1.332820642495139e-05 1.8522334582857388e-05 3.1149848499159595e-05 5.1085227384596791e-05 7.7102802987515383e-05 0.00010335731417567639 0.00012427818412962739 0.00013929163293458944 0.00014918231271487939 0.00015622338012370935 0.00016189514431746939 0.00016766055513706937 0.0001748610260393694 0.00018471314376506938 0.00019877075662206938 0.00021782826753106936 0.00024242364354406937 0.00027228838494786935 0.00030602291217316939 0.00034368571160258945 0.00055655399841993147 0.13253359962385169 0.13259977902462658 0.13263237831649108 0.13266693815231814 0.13269753713510982 0.13273010636984336 0.13275182239464908 0.13277747960239758 0.13279719533918621 0.13281495026396764
0.13282679367082478 0.13282186219289174 0.13280804842403499 0.13277746969040166 0.13275576358962193 0.13272122371794526 0.13268964475317702 0.13265705558735863 0.13263039786751116 0.13258793552567896 0.13251284360589216 0.00047247211145347388 0.0003395581281226194 0.00030208968174156935 0.00026820571413546939 0.00023895771969806938 0.00021484542415006942 0.00019622097856206942 0.00018289061467406938 0.00017336462240856939 0.00016643958462006939 0.00016069399497526941 0.00015468834473542938 0.0001469650905994794 0.00013542301251697435 0.00011794208884237237 9.3147224226271402e-05 6.404992996519438e-05 3.7260344083877295e-05 1.9153786498003387e-05 1.0285592087993389e-05 6.4231128282883884e-06 5.4866863379103895e-06 6.5514680008723887e-06 9.9732388673793904e-06 1.9319280881086391e-05 3.71240602392482e-05 6.3681785956061493e-05 9.3252472378337382e-05 0.0001177786222204824 0.00013546563016795341 0.00014690481718542938 0.00015471851203049939 0.0001606840496150694 0.00016643765165736939 0.00017338474248866938 0.00018280540705506936 0.00019628694257006944 0.00021476762561806938 0.00023881398282206938 0.00026815080034016934 0.00030174797997696936 0.00033964419420945944 0.00047242110464771231 0.13251284360189244 0.1325938670886587 0.13262743694351123 0.13266002641035846 0.132690635030177 0.13272715536788018 0.13275181248566059 0.13278339133034259 0.13280606787605503 0.13281989154791188
0.13282481320384484 0.13282185228286519 0.13281297990098201 0.13278339132634559 0.1327547734016358 0.13271728262197446 0.13268569365519731 0.1326550948563788 0.13262940758750452 0.13258990617067101 0.13251482406190093 0.00046892326532384319 0.0003365879481170095 0.00029902171865436937 0.00026526044982706938 0.0002363393443430694 0.00021272579363506937 0.00019454045540406943 0.00018162197055106939 0.0001724192015552694 0.00016565067856656938 0.00015988087112906937 0.0001536236045274894 0.00014526071666074938 0.00013238840063353437 0.00011278042105784441 8.5193728217799385e-05 5.4333475245541383e-05 2.8396128944679384e-05 1.2982981619544389e-05 6.3996812018443908e-06 4.044059282519389e-06 3.5481314047303888e-06 4.1043146273453892e-06 6.3077401455093887e-06 1.3204443854545387e-05 2.8548409822640391e-05 5.4211187891363194e-05 8.5537065955539388e-05 0.00011269525154552339 0.00013246299117688343 0.00014522018527735934 0.00015365761859142938 0.00015986714204316939 0.00016564457506926939 0.00017243210762336934 0.00018153828591506939 0.00019460331759306939 0.00021263580251206944 0.00023621422713606939 0.00026522197237906935 0.0002986339063346694 0.00033659340316146932 0.0004687083370201379 0.13251185331690157 0.13259287700265085 0.13262448602852475 0.13265509484937876 0.13268372301121742 0.13271926308095452 0.13274786148669898 0.13278734242430151 0.13281100916500488 0.13281988163990555
0.13282481311084487 0.13282185228688501 0.1328139600829788 0.13278535195930888 0.13275280266867007 0.13271234125101597 0.13268273273321746 0.13265212402239887 0.13262843703552157 0.13258793552767154 0.13250987295890501 0.0004676385369475198 0.00033563591705067935 0.00029804694024476947 0.00026434807656106941 0.00023554317851906943 0.00021207055326806937 0.00019401650384406939 0.00018123576469106941 0.00017212601730796941 0.00016539544676756938 0.0001596123857164694 0.00015326860791447936 0.00014468285357968941 0.00013137871293324841 0.0001111448656488124 8.2746260657638401e-05 5.1499066503535591e-05 2.6004781656761385e-05 1.1445810792378389e-05 5.5238181024143882e-06 3.5556687003853895e-06 3.171071693468389e-06 3.5810389364223885e-06 5.3860908605403887e-06 1.145728021664139e-05 2.5903793718914391e-05 5.1072620513841998e-05 8.2862693746610404e-05 0.0001109288990583514 0.00013142128478523443 0.00014462817430856939 0.00015330629891677935 0.00015960587663706941 0.00016539379158086941 0.00017214147062116937 0.00018116307275906944 0.0001940942104410694 0.00021200083248306938 0.00023544412569406935 0.00026435667292506944 0.0002977453313397694 0.00033574768286926944 0.00046758853034321136 0.13251086304290557 0.13259386708965129 0.13262547620952173 0.1326550947573788 0.13268272292021741 0.13271727280897569 0.13274886147871023 0.13279226397223709 0.1328139700839728 0.13281988164090511
0.13282481320384484 0.13282185228286519 0.13281298962098531 0.13278536187432288 0.13275576367663461 0.13271629243997532 0.13268569355919732 0.1326550948563788 0.13263040768050366 0.13258694533868018 0.13250691184190855 0.00046888245983312156 0.00033683765546165933 0.00029920919670546939 0.0002654969809965694 0.00023658135665306939 0.00021286860601406939 0.00019463991727006942 0.00018170912727806944 0.00017246393612286941 0.00016567917512566938 0.00015991926021696938 0.00015367190783067942 0.0001453355378197994 0.00013257665961470845 0.00011315338287778539 8.5813192537841397e-05 5.5007026093896192e-05 2.8919194651097387e-05 1.3225757706395388e-05 6.5347194753063895e-06 4.0778682275313891e-06 3.5907666029633888e-06 4.137636904451389e-06 6.4372243302223901e-06 1.3434648944474389e-05 2.907894433455049e-05 5.4888070196329984e-05 8.6146364797790389e-05 0.0001130702538915914 0.00013265647532475439 0.00014529000173019938 0.00015370709160110937 0.00015990481331426936 0.00016567133297106941 0.00017247838256476938 0.0001816288499130694 0.00019469778817206941 0.00021278495083506941 0.00023644374395206938 0.00026543523435706935 0.00029886964591026944 0.00033684960638742938 0.00046866533113291097 0.13250394109790911 0.13258990607068005 0.13262447602352392 0.13265508484737878 0.1326837230082174 0.13271826289097508 0.13274688121171951 0.13278831287728249 0.13281199934700294 0.13281988173390522
0.13282679357282487 0.13282087201289502 0.13280607770007918 0.13277746978340174 0.13275477340563605 0.13272122390492497 0.13268963484517668 0.13265705558735863 0.13263238823250362 0.13259287690866375 0.13252568749986438 0.00047266903810336183 0.00033875970294766942 0.00030156053207106942 0.00026772782445356937 0.00023851291060806936 0.00021452517487506936 0.00019598195492206942 0.00018275632942306935 0.00017327857454416936 0.00016638292061876939 0.00016064289086486938 0.00015460617292367942 0.00014679932033498941 0.0001351251548596404 0.00011735746318135839 9.2231434729325392e-05 6.2904128602862483e-05 3.6416653591046402e-05 1.8560956336798393e-05 1.006870055963039e-05 6.2866613249163882e-06 5.4222890765543885e-06 6.3758939669533887e-06 9.7527935542543896e-06 1.8738422157690389e-05 3.6259436834519288e-05 6.2532485137952004e-05 9.2352388120405402e-05 0.00011719185702664637 0.00013516806944121538 0.00014674113642487938 0.00015463397772238937 0.00016063211561706937 0.00016638124747986937 0.0001733005122218694 0.00018267321835806937 0.00019605709348306943 0.00021444379512506942 0.00023840791021906938 0.00026769729269986934 0.00030110711576076935 0.00033882468143016945 0.00047263013279554987 0.13252668759086458 0.13259880856664347 0.13262941740150369 0.13266101650335849 0.13269062511315646 0.13272616508590074 0.13274984203568063 0.13278239123834254 0.13280509742707869 0.13281988173088854
0.13282777393980716 0.13281889155392301 0.13280113642112532 0.13277549904741612 0.1327567538576063 0.1327291161048674 0.13270049786508595 0.13266594806032189 0.13263534905349375 0.13259089644666705 0.13252370694087726 0.00055643157991300631 0.00034435755956741936 0.00030718437541726943 0.00027296425645296937 0.00024307725458306943 0.00021831771255306938 0.00019896596222206941 0.00018495624600306941 0.00017494942342286939 0.00016774121526476937 0.00016197026002126938 0.00015627019506876937 0.00014936476834072934 0.00013952171654719938 0.00012485758965404838 0.0001039177891084784 7.7985276636368387e-05 5.1852105769312692e-05 3.097571018233939e-05 1.935296074385439e-05 1.3106273068235387e-05 1.1539644862815391e-05 1.3378981877846388e-05 1.8878933100848383e-05 3.1529436826934992e-05 5.1885782442855193e-05 7.7916384333985377e-05 0.00010410821752855741 0.00012477753934534143 0.00013959391940721939 0.00014932024831275945 0.00015629146281795936 0.00016194857701836942 0.00016773567638536942 0.00017496575685046941 0.00018486021493406939 0.00019903387750906939 0.00021820250787806938 0.00024289424176506934 0.00027281915828516947 0.00030664861465586936 0.00034428702207426937 0.00055617624181433952 0.13252074601287753 0.132593867182667 0.132629417496514 0.13266594806132187 0.13269753713410973 0.1327310965578499 0.13275182239664904 0.13277845005437758 0.13279720524718611 0.13281792099694262
0.13282580328883986 0.13281198952799705 0.13279424452320887 0.13277055787145489 0.13275576359160068 0.13273307710981913 0.13270740988502847 0.13267582090425714 0.13264324154245324 0.13260076930063544 0.13254249222083322 0.00069023746966130628 0.00035178529009877938 0.00031413797592756931 0.0002790977700051694 0.00024860948765006942 0.00022302359960306938 0.00020277148605406942 0.00018790636583006942 0.00017720671848906936 0.0001695703452280694 0.00016367934286496937 0.0001582558441709694 0.00015220125892721938 0.0001440699274189794 0.0001325069774665804 0.00011605092349751238 9.5088714952216362e-05 7.2393306034765871e-05 5.1045601455403091e-05 3.7297773854978191e-05 2.8432741938820384e-05 2.6035747870912389e-05 2.8934034084391391e-05 3.6343597566571001e-05 5.1699101760989576e-05 7.2093067442593965e-05 9.4976009508948391e-05 0.0001161220723091624 0.00013239126250408237 0.00014411730148611938 0.00015215409375995937 0.00015828006447091942 0.00016366026368956935 0.00016957068704266941 0.0001772344595830694 0.00018781071236906942 0.00020285441254606942 0.0002229135498400694 0.00024842064836606934 0.00027903905309196937 0.00031339815309466943 0.00035163210190074939 0.00069019996296143635 0.13254150212783328 0.13260670086561516 0.13264127080545338 0.13267878182423429 0.13270739997403144 0.13273602801479362 0.13275280276564144 0.13277648942039463 0.13279226388022913 0.13281198952099657
0.13282580319984766 0.13281100916001948 0.13279424443221077 0.13277154814645481 0.13275773422657666 0.13273997902576937 0.13271530216896216 0.13268767411718418 0.13265607520939002 0.13261066197459723 0.13255730656179412 0.0013956074172759641 0.00036327737374747807 0.00032361699254906945 0.00028768172613916938 0.00025636917514906945 0.0002297475283850694 0.0002082467671020694 0.00019217810906906941 0.00018045466682106939 0.00017213271965046937 0.00016592694776966938 0.00016065138592166939 0.0001553291414524894 0.00014879878192130939 0.00014014467076690936 0.00012818517143169843 0.00011277168392389741 9.5355284165706371e-05 7.6965707044392387e-05 6.3773830391771906e-05 5.4045646654277301e-05 5.122176383050769e-05 5.476637831747889e-05 6.270811390853859e-05 7.7858422904166383e-05 9.5065756298894359e-05 0.00011281130526984537 0.00012830308380621039 0.00014009441510090938 0.00014885344187169945 0.00015529163180055935 0.0001606757934281694 0.00016590769715676938 0.00017212689905656936 0.00018048498373706941 0.00019207031320806939 0.00020832319167606936 0.00022960859163406939 0.00025614089394606937 0.00028751500552706938 0.00032296450774496946 0.00036335158407907063 0.0013948882197462843 0.13255335545579444 0.13261262270359706 0.13265015337841193 0.13268668383518567 0.13271432180798257 0.1327409692987441 0.13275478312861594 0.13277549914641459 0.13279030324627078 0.13280804842503979
0.13282087182191182 0.13280705815306063 0.13279127379223177 0.13277055787245487 0.13275773422959547 0.13274293003171997 0.13272122381691451 0.1326925956671339 0.13266693833730936 0.13262249555655908 0.13257114052974775 0.13249504850192126 0.00039023234404371963 0.00033410610094672941 0.00029810642787766946 0.00026602707970916939 0.00023828753774706937 0.00021541045783006935 0.00019791147846306935 0.00018487400346406941 0.00017556936656436945 0.0001687978783606694 0.00016342938480066934 0.0001585828735569694 0.00015329495902159944 0.00014691584263043937 0.00013870171327816936 0.00012826337768386141 0.00011645721240088739 0.00010333518594437639 9.3358192733848395e-05 8.5446026478531398e-05 8.2982043482657375e-05 8.6015166938609389e-05 9.2413820452440386e-05 0.0001040295386365804 0.00011613640859492841 0.00012826072627995845 0.00013874986283329941 0.0001468664249727594 0.00015333776634124941 0.00015854538415326934 0.00016345400851806936 0.00016878073632676935 0.00017556576391146938 0.00018491179654106938 0.00019779554670606937 0.0002155165203080694 0.00023820312598906931 0.00026584535949926934 0.00029793815736106936 0.00033352199266780937 0.00039043236814446101 0.13249604859392153 0.13257015035276773 0.13262842731253763 0.132663967412331 0.13269556640611382 0.13272221400191925 0.13274392039971877 0.13275576358761551 0.13277648933041455 0.13278930314827142 0.13280705824706046
0.13282185228089183 0.13281001898102079 0.13279522469421168 0.13277549905441463 0.13276267541153519 0.13274886158367649 0.13272911610684457 0.13270345878404921 0.13267977201221515 0.13264423172145226 0.13259583773367645 0.13252766786386977 0.00055489230828653451 0.00034713090493674941 0.00031007513153426941 0.00027747639378756942 0.00024868995556406935 0.00022434540407906939 0.0002052810985800694 0.00019065003802506939 0.00018006889024206938 0.00017243745152596939 0.00016665529413016934 0.00016193373011876941 0.00015739280450608939 0.0001525504467922394 0.00014683881674921941 0.00014007737035454942 0.00013260860147044741 0.00012423408179524338 0.00011781979828848438 0.00011263681499153438 0.00011099004684987441 0.00011300770762095239 0.00011723498556584636 0.00012476698942060741 0.00013243063360901338 0.00014009237660857934 0.00014687673642497937 0.00015251277746434938 0.00015742618272774939 0.0001618987295619694 0.00016667737768256939 0.00017241108892986941 0.00018005617273506938 0.00019068875091106936 0.00020511867672806934 0.00022445233866406935 0.00024857618654206936 0.00027730987173206939 0.00031016294126096945 0.00034639353740419939 0.00055501402638758694 0.13252470712886988 0.1325918866216973 0.13264719254843274 0.1326758207202568 0.13270543915104868 0.13272911610584798 0.13274787140167651 0.13275872441257539 0.13277845996939447 0.13279128350825142 0.13280903851804055
0.13282185218989179 0.13281000907002041 0.13279621496619118 0.13277647951039453 0.13276365596153514 0.13275083213165872 0.13272912591884806 0.13270839015402022 0.13268569365217631 0.13265015338140315 0.13260966179062297 0.13254545313984054 0.0011032631277387496 0.00036332167889862986 0.00032504351350376936 0.00029168395260186945 0.00026183822004606939 0.00023588693433306937 0.0002149804127600694 0.00019846613125006936 0.00018617809617606937 0.0001772791082490694 0.00017070218473536937 0.00016569470895656937 0.00016141999745376937 0.00015745515803427938 0.00015331601840578942 0.00014884510162713936 0.0001442199012575694 0.00013928250785863943 0.00013548756687816341 0.00013244942838998641 0.00013143966128822135 0.00013262883684644639 0.0001351821972345194 0.00013957174527041936 0.00014411329196755942 0.00014884616082820937 0.00015333681513346939 0.00015742236460556939 0.00016144854324676936 0.00016566666450446935 0.00017073147814656941 0.00017724817089906933 0.00018615828853106936 0.00019852471278306936 0.00021482130185706936 0.00023600085258106935 0.00026176080701906945 0.00029165287665306941 0.00032551763776726944 0.00036331038070926309 0.0011041686499379689 0.13254743369183952 0.13260967169762355 0.13265508494338296 0.13268371320219383 0.13271235116399402 0.13273208683782814 0.13275182240363864 0.13276267540753517 0.1327814109673543 0.13279423451421049 0.13281099924801967
0.13282678375583146 0.13281692081095914 0.1328031070621096 0.1327843816063343 0.13277155796245485 0.13275773423359843 0.13273701830278758 0.13272024354591036 0.13270246851405956 0.13267187961929247 0.1326353490584915 0.13258299412774591 0.13250395091989384 0.00041676457832282336 0.00034205580648742937 0.00030764417517236943 0.00027685263624166933 0.00024944123525506932 0.00022679370453306937 0.00020830314187506938 0.00019412017642206935 0.00018360859175106938 0.00017585181076006939 0.00017013843512676938 0.00016564051734226939 0.00016192856149046937 0.0001585267482355694 0.00015528321552302937 0.00015221045031621941 0.00014917508268680937 0.00014690287204853939 0.0001452028497331994 0.00014463426445633938 0.00014529498798495938 0.00014675442646488939 0.00014932213243843941 0.00015215727397589935 0.00015529125529629937 0.0001585480116384694 0.0001618985317690694 0.00016566751784246938 0.00017010959894546939 0.00017588617366606939 0.00018357329632706941 0.00019408704908706941 0.00020836241869106936 0.00022652650195506942 0.00024949821326406934 0.00027654498582346939 0.00030734140372236943 0.00034247876900384938 0.00041665356446855779 0.13250494119989362 0.13258102338874617 0.1326323783234945 0.13267385017027403 0.13269754695510266 0.13271925327192843 0.13273700838376759 0.13275675385759844 0.13276760705949497 0.13278733242129406 0.13280016596814861 0.13281594053895782
0.1328307247587899 0.13282186219089601 0.13280803842104683 0.13278831297427404 0.13277449895841692 0.13275872441158454 0.13273799866376756 0.1327232041809083 0.13270641961203405 0.1326778012762391 0.13264423172144332 0.13260274975465114 0.13252964851385252 0.0009150030510596647 0.00036242331209926165 0.00032669399760206939 0.00029478930671956945 0.00026607842944626945 0.00024161844710706944 0.00022103265856806938 0.00020475577580406936 0.0001922324854240694 0.00018280668597706938 0.00017593213221806937 0.0001707002909002694 0.00016671594648626941 0.00016343575958126938 0.00016066753265036937 0.00015831604675164941 0.0001562262255758394 0.0001547172389295694 0.00015365945635451941 0.00015330765015538937 0.00015370689129047939 0.0001546332609727494 0.00015629130393104938 0.00015827596950193941 0.00016067169846146939 0.00016344939600406938 0.00016667687573106938 0.00017073108544836938 0.0001758875752070694 0.0001828562652640694 0.00019220646963406942 0.00020470632613106939 0.00022108989796406939 0.00024133814986606938 0.00026606913328686941 0.00029428613234966941 0.00032582323285986945 0.00036251511345980491 0.00091511387534401164 0.13253458980685259 0.1326027498526508 0.13264521209644198 0.13268273282720161 0.1327044391560358 0.13272419464688812 0.1327409593867474 0.13275970486856442 0.13277351869143694 0.13279424442721371 0.13280706797006597 0.13282185228789498
0.13283763650072111 0.13282875440080452 0.13281890136393909 0.13280114623713213 0.13278635224629612 0.13276759705450616 0.13274787139568706 0.13273306710480778 0.13271826299792877 0.13269457613013344 0.13266693815331226 0.13263039785952266 0.13256520896778187 0.13250692175588044 0.00047299367527819496 0.00034813185352234943 0.00031488579498666942 0.00028517965760366937 0.00025927517109406936 0.00023672721968606941 0.00021828317146406942 0.00020355970777806936 0.00019213938065606938 0.00018364528867906941 0.00017720482462206942 0.00017245192005236939 0.0001687632188083694 0.00016591266547436937 0.0001636958551271694 0.00016189582862286936 0.00016068156002076942 0.00015987128363026941 0.00015960308631326938 0.0001599076033329694 0.00016062972246576939 0.00016194986537326943 0.0001636606072166694 0.00016590929414806937 0.00016878127619826942 0.00017241471240746941 0.0001772513843230694 0.00018357249067306935 0.00019220218542306941 0.00020352680374806939 0.0002181806075880694 0.00023676691559006938 0.00025883759289506945 0.0002850469266948694 0.00031424742094836945 0.00034661400195650936 0.00047279954962882068 0.13250296092687899 0.13256520896278678 0.13262645666554299 0.13266199687132429 0.13269654686311005 0.13271432181096895 0.13273208684082782 0.13274787139468702 0.13276760686150613 0.13278240106033729 0.13280212679312933 0.13281496017097522 0.13282876412082478
0.13283763649972097 0.13282974448980261 0.1328218522828904 0.13280606787506144 0.1327902933292503 0.13277451878242466 0.13275478331762555 0.1327389888437672 0.13272419444989048 0.13270247842306271 0.13267879154623544 0.1326501535683984 0.13259188661970406 0.13254051166083267 0.0019060281590245168 0.00037036918124095123 0.00033735813907982942 0.00030658506791806945 0.00027977711797726938 0.00025557967021306937 0.00023511188756506938 0.00021821507473406937 0.0002046222120320694 0.00019419751265106942 0.00018608839347606941 0.00018010297281806936 0.00017553916034616939 0.00017213119935886937 0.0001696104068895694 0.00016766432299656939 0.00016643781227186939 0.00016564747801886938 0.00016539079851706943 0.00016567316898776936 0.00016637604712356938 0.00016773540650946939 0.00016956904715556941 0.00017213108909246936 0.00017556752292636942 0.00018006049715206936 0.00018616286824506934 0.00019409266548206939 0.00020470799189106941 0.00021819449825506942 0.00023500859382206938 0.00025564968831506943 0.00027929645121326939 0.00030659866969826938 0.00033730982469934938 0.00037053940189922183 0.0019060821740848524 0.13254051184983257 0.13259780837068419 0.13265113374140841 0.13267681118823749 0.13270740988102234 0.13272320436889049 0.13274095948374739 0.13275675376360666 0.13277549924141815 0.13279029324125094 0.13281001898102271 0.13281889155093096 0.13283171513378164
0.13284157788466078 0.13283467576874142 0.13282876402382571 0.13281396007697838 0.13279621496719371 0.13278240114333448 0.13276464604851532 0.13275083221666306 0.13273701829478696 0.13271431189296884 0.13269063503315384 0.13266495778330914 0.13262151519156762 0.13257707228775351 0.13252371676083544 0.00078403889463672736 0.00036341839200417175 0.00033204261867819939 0.00030370209577036932 0.0002780806612015694 0.00025579904500406945 0.0002368397620910694 0.00022102792624006937 0.00020847983728306937 0.0001983911516390694 0.00019077253270606936 0.0001848701293730694 0.00018047226185806942 0.00017730046004706934 0.00017486437654296938 0.00017338250760106939 0.00017243665582106939 0.00017213984349736934 0.00017247774044046939 0.00017329544397176938 0.00017496805759196937 0.00017723103728906937 0.00018048689750306941 0.00018491336603806933 0.00019069025010806938 0.00019851727917206938 0.00020835852951806938 0.00022107347156606941 0.00023676893671806937 0.00025561743130806937 0.00027806794202986937 0.00030300349370686943 0.00033141805759036942 0.00036326796898451471 0.00078421472870989612 0.1325197656528383 0.13257312109075187 0.13262250537655218 0.1326659578803096 0.13268667402617398 0.13271728253596921 0.13273306710680594 0.132750832131658 0.13276464604251742 0.13277944042337478 0.13279324423821373 0.13281693081495935 0.1328238229298673 0.13283466605174113
0.13284255805964076 0.13283565623172108 0.13283073467180234 0.1328179110889339 0.13280114623713274 0.13278734242229412 0.13276859714247502 0.13275774404559562 0.13274491048971621 0.13272813564386637 0.13270740988603166 0.13268174265120333 0.13264324154245488 0.13260867150762642 0.13256224804076874 0.13250297054389251 0.00055989927853630566 0.00035962799471447393 0.00033002269449314937 0.00030286361959246935 0.00027951453916896942 0.00025889905407706936 0.00024116564197906935 0.00022670391549206939 0.00021462593977406938 0.00020524685139606936 0.00019774630556206938 0.00019204092644806939 0.00018792105940006935 0.0001847115419050694 0.00018280225192806942 0.00018154003656806937 0.00018115870560406942 0.00018163167102006939 0.00018266950300006938 0.00018486787381106939 0.0001878126338190694 0.00019207591306406941 0.00019779706534006942 0.00020513449864206936 0.00021482511050606939 0.00022654600675906943 0.00024134087636006944 0.00025888252348106936 0.00027930004627776939 0.00030305751509416943 0.00032919240277926937 0.00035916628029969839 0.00055977445993865094 0.13250889239888924 0.13256422850077315 0.13261065197061489 0.13264522190343431 0.13268470347520453 0.13270642942304631 0.13273405728480511 0.13274392030471771 0.13275873431857543 0.1327725383224348 0.13278733251329411 0.13280113651413086 0.13282283255187333 0.13282876411882327 0.13283862697070092
0.13284847961958052 0.1328415777946608 0.1328356661407436 0.13282285237289629 0.13280903851604794 0.13279620515319346 0.13277746959739453 0.13276661677849508 0.1327547833176157 0.13273800848177206 0.13271925327493986 0.13269754695610464 0.13266297723134926 0.13263435878249732 0.1325987987466582 0.13255631637979401 0.1325079121268809 0.00055709276948181141 0.00035985770825572766 0.00033160491010025936 0.00030702485668636939 0.00028509628500976946 0.0002658732381423694 0.00024971374691906939 0.00023579476007406941 0.00022461070602006943 0.00021544324301906936 0.00020829267493806939 0.0002030275424580694 0.00019877922890706935 0.00019628297599406938 0.00019460174627106938 0.00019408731127506943 0.00019470459039306939 0.00019605427516006943 0.0001990372540490694 0.00020284463029706932 0.00020832999017606938 0.00021550139904006938 0.0002244569382830694 0.00023598072093106937 0.00024950382827706937 0.00026603192583196943 0.00028504772994636938 0.00030652985652186937 0.00033142395722808934 0.00035905216676047734 0.00055722758971414751 0.13249999971488896 0.13255631637678658 0.13259583782267351 0.132632378322498 0.13266003623136102 0.13269852722608694 0.13271234135298082 0.13273997912275182 0.13275182230965582 0.13276464614151515 0.13277845005637448 0.13279325406023385 0.13280607769208444 0.13282481301587379 0.1328317151347839 0.13284256797366076
0.1328504502685604 0.13284354833964074 0.13283762678370356 0.13282481301987259 0.13281297971200012 0.13280212678712672 0.13278438160733433 0.13277351869443474 0.13276069514155533 0.13274688112667818 0.13273208693083843 0.13270939034502399 0.13267879154223744 0.13265014356339921 0.132625466298536 0.13259386708667684 0.1325513849977937 0.13249406823088467 0.00055981506602384749 0.0003633259763891457 0.00033770278510224938 0.0003140226615027694 0.00029406103019066938 0.00027673207411366943 0.00026139228043106942 0.00024875423725106939 0.00023808669198706938 0.00022954867630506939 0.00022316593012506938 0.0002178309736270694 0.00021475329973206944 0.00021263810964506938 0.00021198924414206937 0.00021278676136206941 0.00021443843182106939 0.00021822308496606942 0.00022291182768506939 0.0002296323876620694 0.00023821092603306938 0.00024860673591506935 0.00026175617406106946 0.00027660069725526937 0.00029428362657796936 0.00031431653693926939 0.00033730402223338941 0.00036338588274206611 0.00055977215953802954 0.13250296082888888 0.13255039452580464 0.13259681809665377 0.13262645666653253 0.13265608503238141 0.13267780127225734 0.13271530216596367 0.13273010628283841 0.1327528027676379 0.13276169513755531 0.13277451878543473 0.13278831297527394 0.13280312678511028 0.13281297980099885 0.13282973457581135 0.1328366464117236 0.13284649935360057
0.13285833264844002 0.13285144063554169 0.13284453861962695 0.13283270522177107 0.13282284246089429 0.13281495025897877 0.13279818551217112 0.13278733260129386 0.13277450896241472 0.13276069505055929 0.13274787139469207 0.13272714545988151 0.13269951759711554 0.132671869808278 0.13265015347639922 0.13262743694051307 0.13259583782567205 0.13255731646780228 0.13251087305486811 0.00078434575425903922 0.00037045279095173955 0.00034626590217904941 0.0003260058764331694 0.00030760718862376943 0.0002910907650958694 0.00027753898202216939 0.00026575540899476937 0.00025609911298706933 0.00024869204081506927 0.00024245712023006938 0.00023880714013806939 0.00023621676293806939 0.00023542890641406938 0.00023645088038106937 0.0002383792069790694 0.00024290270792606935 0.00024839504820606939 0.00025614822602206932 0.00026580163077586939 0.00027729959596796937 0.00029159736255486942 0.00030735220549726937 0.00032573851692136932 0.00034662160298425939 0.00037040818651084916 0.00078425223620982615 0.13250494128488813 0.13255631637778656 0.13259386708567397 0.1326274467575343 0.13264621218441935 0.13267285998727796 0.13269259566415587 0.13272911609986138 0.13274194956975233 0.13276266568953909 0.13277154814545486 0.13278437169131427 0.13279916597414712 0.13281199943600117 0.13281889145493342 0.13283368567875095 0.13283960723368715 0.13285243081954168
0.13286523447835771 0.13285636209848245 0.13284748962359003 0.13283466605075087 0.13282579347585163 0.13281988163991318 0.1328060776990817 0.13279719533818798 0.13278437178831423 0.1327705677834557 0.13275970467357137 0.13273898893275934 0.13271333152199416 0.13268569364719734 0.1326649577883183 0.13264620227841939 0.13262447611553241 0.13259978874165254 0.1325612676717704 0.13251975573685826 0.0019058120968907107 0.00047290036294382978 0.00036252301209709986 0.0003417604501386594 0.00032513562399346936 0.00031051583627466945 0.00029780741482096938 0.00028749536458186938 0.00027940390461496942 0.00027231968321586938 0.0002681299866488693 0.0002652320848840694 0.00026432571435306942 0.00026545432504406939 0.00026766809336706932 0.00027284148487166941 0.00027901945364046941 0.00028755912352276944 0.00029791525718396938 0.00031021975802856942 0.00032551131949446941 0.00034257908074828943 0.00036248731011547306 0.00047296807212946309 0.0019059521359769446 0.13252371676283708 0.1325642285017731 0.1325997888346534 0.13262645666753253 0.13264916328741921 0.13266495779131832 0.13269161520515707 0.13271136087901428 0.132745900752719 0.13275674395161133 0.13277647951039537 0.13278536196931368 0.13279818542217048 0.13281001907301837 0.13282087181691449 0.13282579338185138 0.13284059751669061 0.13284551888763038 0.13286031311042185
0.13287805805517686 0.13287115632126148 0.13286326393238784 0.13285045035856213 0.13284156797666583 0.1328366464157261 0.13282284246589374 0.1328169308149571 0.13280705796306594 0.13279226388223328 0.13278437169631843 0.13276562640851539 0.1327399791097929 0.1327113510690161 0.13269161539315702 0.13267285998227796 0.13265410457138146 0.13263632942747783 0.13260670105363556 0.13257509182075192 0.13253953138683061 0.13250297064487174 0.00091519729387490789 0.00041657665522283106 0.00036332178137876746 0.00034632435844167935 0.00033335944218326936 0.00032323022677736943 0.00031378348658346941 0.00030602305306606944 0.00030171018304166934 0.0002986628117931693 0.00029769882579486944 0.00029889674917786936 0.00030107539731736942 0.00030667332004226936 0.0003133407447666694 0.00032294583161346949 0.00033343258371436931 0.00034641123941397939 0.0003631929670755875 0.00041667906755475323 0.00091466307654477217 0.13250395101187659 0.13253755083283073 0.13257212099175189 0.13260670086063506 0.13263237832449801 0.13265213393140154 0.13267285998827796 0.13268767420719729 0.13271333142899602 0.13273306718983321 0.13276858732349492 0.13277647951439869 0.13279522478519329 0.13280311697510533 0.13281296989899982 0.13282481301487026 0.13283369549576909 0.13283862687070602 0.13285440127151438 0.13285834246345415 0.13287114632026376
0.1328750972272163 0.13286622476034313 0.13285833265144342 0.13285143072752378 0.13284552879960404 0.13284059752266425 0.13283270532276653 0.13282777393880693 0.13282087181889241 0.13281001897701203 0.1328031169740993 0.13278339123134639 0.1327606950365828 0.13273207692085168 0.13271135097701406 0.13269260567215635 0.13267582071925718 0.13266299705534101 0.13264127080645466 0.13262546629755198 0.13259682791168431 0.13256520886878478 0.13253754091783437 0.13249999980788946 0.0011047120830275923 0.00055496761945962711 0.00039034115728533254 0.0003633950940851285 0.00035173195908117942 0.00034367252948991941 0.00033958498713662936 0.00033662270727596942 0.0003356864753832694 0.00033689131136611933 0.0003387835728125694 0.00034434742940753942 0.00035160269600004944 0.0003634424946649498 0.00039039006305450157 0.00055518215148752693 0.001103989205938229 0.132507912028894 0.13253359971985509 0.13256916997876475 0.13259780837468421 0.13262546638955205 0.13264522190443429 0.13266298713934085 0.13267680127425738 0.13269654686311569 0.13271136088001428 0.13273701828881307 0.132757734223619 0.13279128370224749 0.13279917569416802 0.13281693081794127 0.13282087201289283 0.1328297543977911 0.13283467587072462 0.13284255825262425 0.13284551908060413 0.13285537182748358 0.13285833265444341 0.13287016585428293
0.13287804823617616 0.13287017576228294 0.13286327393838326 0.13285736209646354 0.13285045035954382 0.13284650917058402 0.13283960723866434 0.13283566614672451 0.13282974458678481 0.13282481320384532 0.13282087210888788 0.13281100915800476 0.13279621496319816 0.13276563631953806 0.132746881028699 0.13273010628484108 0.1327133315309818 0.13270247832507009 0.13268174256422385 0.13266890888928495 0.13264916309641372 0.13262546620156174 0.13260670076364917 0.13257608199975021 0.13255137499181716 0.13252173638887607 0.13249504840990714 0.0013957264480144406 0.00068943962866878762 0.00055667671662160557 0.00047234369454829465 0.00046877584582001732 0.00046748211624392456 0.00046871963833229846 0.00047250831669357198 0.00055624355181428957 0.00068999062586146663 0.0013950622663973548 0.13249307785492179 0.13252569731186978 0.13254447276783982 0.13258200376474333 0.13259978902466921 0.13262645666854306 0.1326481827334286 0.13266495778330958 0.13268175236922472 0.13269852722708694 0.13271135117100383 0.13272911610086138 0.13274194975473924 0.13276858732449501 0.13278733251530764 0.13281396007595786 0.13281593072694947 0.13282580329884613 0.13282678366582487 0.13283467586772452 0.1328366464117044 0.13284552879760403 0.13284748953658393 0.13285736219346353 0.13285932282742341 0.13287115603628288
0.13287312677024071 0.13286524448236317 0.13285932283542343 0.13285341118250368 0.13284748943958394 0.13284355834762415 0.13283664650770441 0.13283270541174455 0.1328277640318048 0.13282383284186502 0.13282087201788514 0.13281495026295076 0.13280114633212534 0.13277450886642256 0.13275674395060863 0.13274293002273518 0.132726165000879 0.13271925317994085 0.13270049786508656 0.13269063493915381 0.13267582071925757 0.13266101650534423 0.13264917310542107 0.13262743694051313 0.13261362279560529 0.13259090625769632 0.13256916016976841 0.13255532619979662 0.13253458009083377 0.13253457999685164 0.13251086304489249 0.13251284369490149 0.13250889248690567 0.13250593146990902 0.13252470702888475 0.13252272647187743 0.13254051175383336 0.13255532620079435 0.13256916988376788 0.13259385726669731 0.13260868141762519 0.1326353391494928 0.13264521209944191 0.13266495778732409 0.13267681109023749 0.13268963494315386 0.13270642942504635 0.13271629235396071 0.13273010628483847 0.13274491057271215 0.13275674385261138 0.13278043050435853 0.13279917569516803 0.13281988173088932 0.13281988173690518 0.13282777393780482 0.13282876411780478 0.13283665632370439 0.13283862687568432 0.13284551908160402 0.1328484896225639 0.13285736209646351 0.13285933274144338 0.13286917576830293
0.13287706787420261 0.13286918567630296 0.13286326402238324 0.13285834256144347 0.13285242100450373 0.13284947000056388 0.13284354844162413 0.13283959732966424 0.13283565623872448 0.13283172494776463 0.13282876411980482 0.13282382293084619 0.1328179111849212 0.13279423460921363 0.13277647950639587 0.13276365586453601 0.13275083212966632 0.13274393011771912 0.13273010628583654 0.13271925317993954 0.13270740979502768 0.13269458613412879 0.132687664205179 0.1326679186143 0.13266101650135631 0.13264422181543811 0.13262744685053451 0.13261756399557675 0.13259978893164773 0.13260175958062648 0.13259187671665873 0.13259385727165082 0.1325918866286713 0.13259089644267999 0.13259682800764352 0.13259484754966688 0.13260473041161525 0.13261460317259699 0.13262644675953772 0.13264817292142991 0.132652124212402 0.13267385007427407 0.13267977200522169 0.13269654686311005 0.13270444906504247 0.13271629254096928 0.13273010638184526 0.1327399790247519 0.13274885166565809 0.13276266559353914 0.13277253831943556 0.13279522478519326 0.13281297971498141 0.1328258031998461 0.13282382293384495 0.13283171504176461 0.13283171513476461 0.1328396071506843 0.1328405877046642 0.13284848962656393 0.13285046017354379 0.13285834255844345 0.13285932292242336 0.13287016594928294
0.13287410713922274 0.13286721503532306 0.13286129347340328 0.13285636209946353 0.13285144063752377 0.13284847962156393 0.13284255825562413 0.1328396072376643 0.13283566614572448 0.13283171494376464 0.13282975440078468 0.13282580329182489 0.1328228523758728 0.13280212669912528 0.13278536196631338 0.13277254814045483 0.13276070486355535 0.13275280276863566 0.13274293994071795 0.13273306719380679 0.13272319436288837 0.1327133414409721 0.13270641970603131 0.1326955664071055 0.13268569365117189 0.13267483053925588 0.13266298714333513 0.13265212411640814 0.13263731970147438 0.13263435887849095 0.13262645657453137 0.1326254663925247 0.13262348584052178 0.13262645658352387 0.13262843713050373 0.13263139805251392 0.13263929024947341 0.13265212401941184 0.13266397741833164 0.13267780136223573 0.13268372300819387 0.13269951759408255 0.13270444906103579 0.13271728263094887 0.13272320436889049 0.13273603792978575 0.13274392021071774 0.13275477331561569 0.1327606951395553 0.13277549905041466 0.13278536187331372 0.13280706796706521 0.13282087201289283 0.13283073467478468 0.13282876411880479 0.13283665632770444 0.13283565623272445 0.13284256806464415 0.13284453852662406 0.13285045035454379 0.13285242091552371 0.13286130329440332 0.13286129347740327 0.13287214640926287
0.13287706796618262 0.13287115613028291 0.13286721494032311 0.13286228365238326 0.1328573522904635 0.13285440126850365 0.13284847990756388 0.13284651907660402 0.13284256797364419 0.1328386170546843 0.13283663650370439 0.13283369549574453 0.13283073466879108 0.13281198952099957 0.13279818551517047 0.13278437178431424 0.13277252851343477 0.13276562650451509 0.13275774404659552 0.13275082231265797 0.13274095938974742 0.13273109655282783 0.13272517491888811 0.13271827280892848 0.13271333162297397 0.13270345878504869 0.13269556640511337 0.13268865438516508 0.13267582080826418 0.13266891870129802 0.13265903604035853 0.1326570653073787 0.13265410448437881 0.13265706530537869 0.13265903603735854 0.1326679285183216 0.1326777914572542 0.13268766429718129 0.1326935858491336 0.13270443915504868 0.13270938043301414 0.13271925327592843 0.13272122372090828 0.13273208684182783 0.13273799866076752 0.13274984203765799 0.13275478331661558 0.13276464604351518 0.1327705677794549 0.13278437169431426 0.1327942442342106 0.13281297980099979 0.13282580328983129 0.13283467586872452 0.13283171523076462 0.1328396071516843 0.13283861705968428 0.13284552879560405 0.13284650917360399 0.13285341099850373 0.13285340127650366 0.13286228365338323 0.13286227384638324 0.13287213650026286
0.13287707768220269 0.1328701659412829 0.1328662248493431 0.13286228356038327 0.13285736219446351 0.13285440146450364 0.13284946999156386 0.13284749934858398 0.1328435484356241 0.13284058761266423 0.13283861705968431 0.13283565613872444 0.13283565623772459 0.1328238328378703 0.13281100907001836 0.13280016606714712 0.13278832259827403 0.13278043041937446 0.13277154805445485 0.13276563642051739 0.13275675377160667 0.13274787130868704 0.13274194975672737 0.13273603783578761 0.13273405737680627 0.13272813582885279 0.13272122371892164 0.13271431199296047 0.13270740979203388 0.13269951759610624 0.13268964466217706 0.13268570346619732 0.1326817425542175 0.13268470346819733 0.13268964466117694 0.13269950768208949 0.13270839997203157 0.13271629225596224 0.13272221399891923 0.13273109655682785 0.13273208684182816 0.13273997902876747 0.13274096939174743 0.13275083212366692 0.13275675376460666 0.13276760686549727 0.13277253822843477 0.13278141087335435 0.13278831287827395 0.13280311697210695 0.13281001897501837 0.13282776403083008 0.1328346757727446 0.13284058761166423 0.13283862687768433 0.13284453871060409 0.13284453852662406 0.13285046017554381 0.13285045026554382 0.1328573522854635 0.13285834247244346 0.13286623476434312 0.13286622475934309 0.13287509722522273
0.13288101887614248 0.13287509732522274 0.1328711562262829 0.13286721503132307 0.13286327394038325 0.13286030320142336 0.13285637191446353 0.13285340117950367 0.13285045026554382 0.13284748953258391 0.132846509264584 0.13284353852762409 0.13284453862162421 0.13283270531376912 0.13282087201191448 0.13281198943100117 0.13280213651113032 0.1327942345172137 0.13278635215029413 0.13278042069735471 0.13277549905641822 0.13276661668050566 0.1327616853175442 0.13275477350262452 0.13275181249363713 0.132747871398676 0.13274392039971877 0.13274096929874413 0.13273602801679371 0.13273108664184677 0.13272418472890507 0.13272023353995432 0.1327162922589758 0.13272023353895437 0.13272517490990016 0.13273208692784316 0.13273504765279368 0.13274096930174412 0.13274293984571886 0.13274787130967652 0.13274885166665878 0.13275675386359845 0.13275774413860456 0.13276760686150613 0.13277252851343829 0.13277944032637476 0.13278438160331427 0.13279226396523383 0.13279916597715047 0.13281198943400119 0.1328169209019546 0.13283269550076909 0.13283960714868442 0.13284552879760403 0.13284256797764415 0.13284748962856394 0.13284649935258397 0.13285341099850373 0.1328534110925037 0.13285932283342342 0.13286031301942333 0.13286721503232304 0.13286720512132302 0.13287607759120268
0.13288002869916249 0.13287410714122275 0.13287115603228289 0.13286720512632305 0.1328632640293832 0.13286130329340329 0.13285636209946353 0.13285439155448364 0.13285143072652375 0.13284946008254386 0.13284847990556387 0.13284650926158401 0.13284749934958406 0.1328376366927061 0.13282579347485135 0.13281889154893342 0.13281198952699894 0.13280805824306435 0.13280016606615094 0.13279522470021229 0.13279030324325411 0.13278142078836103 0.13277450887643472 0.13276760705949497 0.1327626754075352 0.13275872441257539 0.13275576358761551 0.13275478312861594 0.13275280276564141 0.13275182239664904 0.13274984195068412 0.13274886157169613 0.13274689093473177 0.13274984203267876 0.13274984203468065 0.13275280285662897 0.13275280276764145 0.13275576358659585 0.13275576359061553 0.1327597048695553 0.13276167531455521 0.13276957750747487 0.13277351869743695 0.13278437169031718 0.13279029324125094 0.13279621496219363 0.13280113641713095 0.13280803842004438 0.13281297980499887 0.13282284246989326 0.13282579337985134 0.1328415777936659 0.13284551888660409 0.13285144054152379 0.1328484896225639 0.13285341118450367 0.13285243081752376 0.13285834247144346 0.13285834247244346 0.13286326402338319 0.13286425421036319 0.13287115603528291 0.13287016594328291 0.1328790385101625
0.13288594043206223 0.13288100905914249 0.1328780580491826 0.13287410714422276 0.13287016585328293 0.13286819530332306 0.13286524429436319 0.13286327393438324 0.13286030320342335 0.13285834256344348 0.13285735238044349 0.13285637182146356 0.1328573522914635 0.13285341099651443 0.13284058760867062 0.13283368567575096 0.13282875411281128 0.13282678375183232 0.13282186219089889 0.13281693081595933 0.13281001897502173 0.13280212679312933 0.13279424442721371 0.13278733242129406 0.13278141096835433 0.13277845996939447 0.13277648933041455 0.13277549904641461 0.13277647941939466 0.13277845005437758 0.1327823912383426 0.1327893130652803 0.13279128350625946 0.13278931296727917 0.13278142069236268 0.13277845015237755 0.13277450887241476 0.13277549904841462 0.13277451878243468 0.13277845997239449 0.1327794403273744 0.13278733242029406 0.13279227378923392 0.13280212678712933 0.13280804833706281 0.13281693081595938 0.13282087182191352 0.1328238229248738 0.13282678375883156 0.13283368567875095 0.13283763669171078 0.1328534012765144 0.13285143072652375 0.13285736219546351 0.13285341118350369 0.13285834256144347 0.13285736209846349 0.13286228365338323 0.13286228365938324 0.13286721503332308 0.13286721502832305 0.13287410714422274 0.13287311676424277 0.13288198923312239
0.13288495996808228 0.13288001878914252 0.13287706767820265 0.13287411686324277 0.1328701757633029 0.13286819549430298 0.13286524438436312 0.1328632640253832 0.13286130328840329 0.13285932282842339 0.13285932292242336 0.13285834255944345 0.13286031311342336 0.13285636209947424 0.13284551907560946 0.13284059751568872 0.13283566604674837 0.13283270531876143 0.13282876411882327 0.1328238229298673 0.13281889155093093 0.13281496017097522 0.13280706797006597 0.13280016606814857 0.13279423451421052 0.13279128350825145 0.13278930314827139 0.13278930324627081 0.13279226388022911 0.1327972052481862 0.13280509742607888 0.13281199934700302 0.13281396999197367 0.13281199933900256 0.13280409723709871 0.13279916597414546 0.13279226387822912 0.13279127379325067 0.1327893031492714 0.13279325415323134 0.13279423451721048 0.13280213660712856 0.13280706796906594 0.13281692080895516 0.13281989154593099 0.13282679366884728 0.13282876411982328 0.13283368567874379 0.13283664632072362 0.132842558058647 0.13284551888763038 0.13286129338441402 0.13285834255944345 0.13286227384638327 0.13285933274344339 0.13286326393238326 0.13286129338140329 0.13286622485034311 0.13286622475934309 0.13287115603328287 0.13287016594428291 0.13287805805618261 0.13287607758820263 0.13288495996808228
0.13289185198598197 0.13288791079104217 0.13288495006108228 0.13288298933112239 0.13287903832516254 0.13287706796418261 0.13287411695424278 0.13287312667624285 0.13287115622126286 0.13287016585528294 0.13287016594928294 0.13286918558230296 0.13287213649326129 0.13287016594828802 0.13285932292144326 0.1328524209105203 0.13284649935360057 0.13284256797366076 0.13283862697070092 0.13283466605174116 0.13283171513378167 0.13282876412082481 0.13282185218789497 0.13281594053895776 0.13281099924901968 0.13280903851804055 0.13280705824706043 0.13280804842503979 0.13281298952099663 0.13281792099694273 0.13281988173088854 0.13281988173490522 0.13281988164090511 0.13281988173590528 0.13281890136991531 0.13281693081594342 0.13281001898203759 0.13280903851303974 0.13280607770208053 0.13280903851604056 0.13280902869603975 0.13281594063495786 0.13281988163491509 0.13282876411480482 0.13282974458280172 0.13283466595574117 0.13283565623572105 0.13284157788366077 0.13284354843464072 0.1328524308185417 0.13285735237946195 0.13287115622126372 0.1328672149423431 0.1328711660392829 0.1328662247563431 0.13287016585028294 0.13286819530732305 0.13287213650026286 0.13287214631426286 0.13287607759420267 0.13287509731622271 0.13288198933212239 0.13288100896314245 0.1328889011630221
@ u_temp 64 64
9022.57 9022.81 9022.79 9022.98 9022.96 9023.12 9023.1 9023.21 9023.15 9023.28 9023.13 9023.24 9023.1 9023.23 9023.45 9023.81 9023.9 9024.12 9024.14 9024.32 9024.33 9024.47 9024.53 9024.77 9024.81 9024.93 9024.83 9024.84 9024.69 9024.71 9024.72 9024.76 9024.77 9024.76 9024.72 9024.67 9024.67 9024.74 9024.84 9024.87 9024.81 9024.71 9024.53 9024.4 9024.33 9024.25 9024.15 9024.05 9023.9 9023.73 9023.44 9023.12 9023.11 9023.1 9023.17 9023.16 9023.12 9023.14 9023.05 9023.03 9022.94 9022.86 9022.8 9022.68
9022.71 9022.95 9022.93 9023.14 9023.12 9023.3 9023.29 9023.42 9023.36 9023.52 9023.41 9023.53 9023.31 9023.46 9023.72 9024.03 9024.11 9024.33 9024.35 9024.55 9024.57 9024.72 9024.82 9025.08 9025.15 9025.28 9025.24 9025.27 9025.08 9025 9024.87 9024.86 9024.86 9024.86 9024.87 9024.99 9025.16 9025.28 9025.3 9025.28 9025.21 9025.08 9024.87 9024.71 9024.63 9024.54 9024.43 9024.34 9024.19 9024.04 9023.79 9023.42 9023.49 9023.47 9023.52 9023.51 9023.46 9023.45 9023.35 9023.33 9023.23 9023.14 9023.05 9022.92
9022.79 9023.04 9023.02 9023.25 9023.24 9023.41 9023.41 9023.57 9023.52 9023.69 9023.59 9023.73 9023.56 9023.73 9023.96 9024.25 9024.32 9024.49 9024.52 9024.75 9024.8 9025.04 9025.21 9025.48 9025.57 9025.72 9025.71 9025.76 9025.63 9025.55 9025.29 9025.18 9025.09 9025.12 9025.27 9025.49 9025.64 9025.71 9025.71 9025.66 9025.57 9025.42 9025.2 9024.96 9024.79 9024.66 9024.53 9024.44 9024.28 9024.18 9023.97 9023.58 9023.62 9023.59 9023.61 9023.57 9023.51 9023.47 9023.38 9023.33 9023.22 9023.12 9023.04 9022.9
9022.86 9023.13 9023.12 9023.36 9023.37 9023.54 9023.54 9023.72 9023.67 9023.86 9023.77 9023.93 9023.78 9024.11 9024.36 9024.64 9024.73 9024.84 9024.95 9025.18 9025.26 9025.57 9025.79 9026.05 9026.14 9026.3 9026.32 9026.4 9026.32 9026.3 9026.12 9026.02 9025.91 9026.03 9026.19 9026.31 9026.38 9026.4 9026.37 9026.3 9026.2 9026.05 9025.85 9025.57 9025.33 9025.17 9024.99 9024.92 9024.78 9024.64 9024.45 9024.07 9023.94 9023.9 9023.89 9023.85 9023.78 9023.74 9023.62 9023.57 9023.46 9023.36 9023.26 9023.1
9022.96 9023.25 9023.24 9023.48 9023.5 9023.68 9023.69 9023.88 9023.85 9024.03 9023.95 9024.13 9024 9024.37 9024.63 9024.93 9025.07 9025.29 9025.46 9025.68 9025.75 9026.04 9026.18 9026.42 9026.51 9026.68 9026.7 9026.8 9026.77 9026.83 9026.79 9026.87 9026.85 9026.88 9026.81 9026.79 9026.77 9026.75 9026.7 9026.62 9026.51 9026.36 9026.19 9025.93 9025.74 9025.63 9025.41 9025.26 9025.04 9024.83 9024.63 9024.24 9024.04 9023.98 9023.97 9023.91 9023.83 9023.78 9023.66 9023.6 9023.48 9023.37 9023.26 9023.09
9023 9023.3 9023.3 9023.53 9023.56 9023.76 9023.77 9023.98 9023.95 9024.15 9024.07 9024.28 9024.15 9024.54 9024.82 9025.18 9025.38 9025.66 9025.85 9026.1 9026.24 9026.56 9026.61 9026.86 9026.89 9027.07 9027.13 9027.34 9027.44 9027.63 9027.75 9027.98 9028 9027.97 9027.76 9027.64 9027.48 9027.33 9027.19 9027.07 9026.97 9026.82 9026.73 9026.54 9026.29 9026.12 9025.9 9025.7 9025.44 9025.18 9024.93 9024.51 9024.3 9024.24 9024.21 9024.14 9024.06 9024 9023.87 9023.8 9023.66 9023.54 9023.42 9023.26
9023.09 9023.39 9023.41 9023.66 9023.69 9023.9 9023.93 9024.13 9024.12 9024.33 9024.26 9024.48 9024.39 9024.97 9025.24 9025.68 9025.93 9026.24 9026.39 9026.63 9026.79 9027.14 9027.22 9027.48 9027.46 9027.66 9027.78 9028.02 9028.16 9028.45 9028.65 9028.85 9028.85 9028.85 9028.64 9028.44 9028.17 9027.97 9027.76 9027.58 9027.53 9027.36 9027.25 9027.04 9026.78 9026.57 9026.36 9026.19 9025.89 9025.58 9025.24 9024.84 9024.43 9024.32 9024.28 9024.2 9024.11 9024.04 9023.89 9023.81 9023.66 9023.54 9023.42 9023.25
9023.1 9023.42 9023.45 9023.71 9023.75 9023.97 9024.01 9024.21 9024.22 9024.44 9024.38 9024.6 9024.54 9025.15 9025.48 9025.99 9026.23 9026.55 9026.7 9027.02 9027.24 9027.58 9027.67 9027.94 9028.05 9028.4 9028.55 9028.79 9029.08 9029.38 9029.55 9029.7 9029.69 9029.7 9029.54 9029.38 9029.04 9028.83 9028.61 9028.36 9028.16 9027.9 9027.76 9027.56 9027.31 9027.04 9026.77 9026.59 9026.3 9025.99 9025.6 9025.13 9024.68 9024.57 9024.53 9024.43 9024.32 9024.24 9024.09 9024.01 9023.86 9023.72 9023.58 9023.38
9023.15 9023.48 9023.52 9023.8 9023.85 9024.07 9024.12 9024.33 9024.34 9024.58 9024.53 9024.76 9024.75 9025.45 9025.85 9026.36 9026.6 9026.91 9027.07 9027.43 9027.65 9028.02 9028.1 9028.45 9028.67 9029.05 9029.28 9029.65 9029.98 9030.14 9030.28 9030.36 9030.34 9030.36 9030.23 9030.22 9029.91 9029.65 9029.28 9028.97 9028.72 9028.33 9028.15 9027.9 9027.65 9027.35 9027.04 9026.85 9026.57 9026.26 9025.86 9025.31 9024.79 9024.62 9024.55 9024.44 9024.33 9024.24 9024.08 9023.99 9023.83 9023.67 9023.53 9023.33
9023.17 9023.52 9023.58 9023.85 9023.92 9024.15 9024.21 9024.44 9024.45 9024.71 9024.67 9024.91 9025.06 9025.9 9026.27 9026.75 9027.04 9027.34 9027.63 9028.02 9028.28 9028.74 9028.83 9029.41 9029.55 9030.09 9030.46 9030.83 9031.19 9031.21 9031.39 9031.4 9031.39 9031.47 9031.27 9031.39 9031.05 9030.9 9030.47 9030 9029.78 9029.26 9029.03 9028.65 9028.34 9028.08 9027.62 9027.45 9027.08 9026.78 9026.39 9025.87 9025.21 9024.88 9024.81 9024.7 9024.57 9024.47 9024.29 9024.18 9024.01 9023.86 9023.71 9023.49
9023.13 9023.5 9023.59 9023.87 9023.95 9024.19 9024.26 9024.5 9024.53 9024.79 9024.76 9025.05 9025.24 9026.16 9026.59 9027.1 9027.52 9027.8 9028.25 9028.67 9028.95 9029.46 9029.76 9030.39 9030.65 9031.35 9031.78 9032.24 9032.69 9032.77 9033.28 9033.3 9033.32 9033.48 9032.94 9033.06 9032.54 9032.23 9031.79 9031.25 9030.79 9030.2 9029.85 9029.33 9028.91 9028.67 9028.1 9027.87 9027.4 9027.04 9026.59 9025.98 9025.31 9024.89 9024.79 9024.66 9024.52 9024.4 9024.22 9024.11 9023.93 9023.77 9023.6 9023.37
9023.15 9023.53 9023.63 9023.93 9024.01 9024.27 9024.35 9024.6 9024.65 9024.91 9024.93 9025.41 9025.75 9026.74 9027.16 9027.73 9028.12 9028.49 9028.91 9029.36 9029.73 9030.42 9030.85 9031.75 9032.29 9033.11 9033.67 257.082 141.798 120.536 106.718 106.051 105.864 106.032 106.774 120.404 141.962 256.914 9033.71 9033.01 9032.47 9031.62 9031.03 9030.38 9029.77 9029.45 9028.9 9028.59 9028.15 9027.75 9027.29 9026.64 9026.02 9025.31 9025.08 9024.91 9024.75 9024.63 9024.44 9024.31 9024.11 9023.93 9023.74 9023.5
9023.09 9023.42 9023.57 9023.89 9024 9024.26 9024.39 9024.64 9024.75 9025.17 9025.24 9025.87 9026.46 9027.41 9027.92 9028.54 9028.94 9029.43 9029.97 9030.55 9031.26 9032.1 9032.71 9033.76 208.211 120.102 92.6394 87.7024 87.0408 86.4798 85.697 85.336 85.2191 85.2642 85.9231 86.354 87.1403 87.7075 92.6595 120.173 208.032 9033.56 9032.82 9032.01 9031.21 9030.54 9029.86 9029.41 9028.89 9028.42 9027.92 9027.27 9026.55 9025.63 9025.37 9024.98 9024.74 9024.6 9024.33 9024.18 9023.98 9023.78 9023.57 9023.29
9023.12 9023.46 9023.62 9024.1 9024.26 9024.54 9024.86 9025.15 9025.34 9025.9 9026.04 9026.74 9027.3 9028.23 9028.67 9029.28 9029.71 9030.21 9030.87 9031.73 9032.57 9033.59 177.758 97.2549 87.7888 86.1546 84.64 83.2304 82.4521 82.0656 81.5758 81.3419 81.2673 81.2915 81.7037 81.9074 82.5823 83.2951 84.6047 86.1639 87.7477 97.2933 177.623 9033.56 9032.63 9031.8 9030.87 9030.31 9029.77 9029.29 9028.8 9028.18 9027.49 9026.65 9026.27 9025.8 9025.46 9025.26 9024.81 9024.64 9024.39 9024.01 9023.79 9023.46
9023.44 9023.8 9023.95 9024.44 9024.62 9024.92 9025.24 9025.59 9025.85 9026.39 9026.59 9027.27 9027.92 9028.78 9029.26 9029.88 9030.4 9031.14 9032.06 9033.14 349.55 106.79 87.6252 85.7356 83.7914 82.0826 80.8988 79.919 79.1239 78.739 78.2483 78.0813 78.0248 78.0067 78.4151 78.5846 79.2466 79.9202 80.8962 82.2578 83.6525 85.5975 87.63 106.818 349.581 9033.06 9031.98 9031.13 9030.34 9029.78 9029.26 9028.63 9027.98 9027.08 9026.68 9026.21 9025.84 9025.58 9025.1 9024.9 9024.63 9024.29 9024.04 9023.7
9023.73 9024.03 9024.16 9024.63 9024.82 9025.17 9025.57 9025.98 9026.25 9026.75 9026.99 9027.73 9028.43 9029.28 9029.77 9030.46 9031.21 9032.31 9033.43 156.694 89.1253 86.1305 83.6534 81.6822 80.308 78.9007 77.8946 77.0263 76.2671 75.9254 75.4555 75.2982 75.251 75.2226 75.5932 75.7376 76.3799 76.9867 77.8436 78.9697 80.0894 81.7614 83.5463 85.8181 89.1161 156.667 9033.57 9032.32 9031.28 9030.48 9029.89 9029.26 9028.61 9027.67 9027.18 9026.69 9026.35 9026.08 9025.53 9025.27 9024.94 9024.59 9024.29 9024.01
9023.9 9024.19 9024.32 9024.82 9025.07 9025.47 9025.92 9026.33 9026.59 9027.14 9027.52 9028.22 9028.94 9029.81 9030.39 9031.31 9032.23 9033.66 121.148 87.7585 84.8432 82.5288 80.5802 78.7942 77.6095 76.3552 75.4365 74.6393 73.9069 73.5192 73.0381 72.8575 72.8013 72.7871 73.1768 73.3817 74.018 74.6159 75.4232 76.4496 77.4817 78.9293 80.4037 82.3806 84.9242 87.7748 121.134 9033.44 9032.26 9031.21 9030.36 9029.67 9028.98 9028.04 9027.58 9026.98 9026.6 9026.32 9025.79 9025.47 9025.06 9024.65 9024.36 9024.1
9024.05 9024.34 9024.42 9024.84 9025.2 9025.66 9026.15 9026.55 9026.81 9027.34 9027.69 9028.48 9029.33 9030.21 9031.04 9032.31 9033.57 120.496 87.0774 84.0701 81.5879 79.5656 77.9582 76.3346 75.2138 73.9972 73.0646 72.1987 71.3793 70.8713 70.3257 70.074 69.9991 70.0119 70.435 70.7356 71.4594 72.1499 73.0215 74.0628 75.0405 76.424 77.8041 79.5209 81.6805 83.9842 87.0715 120.536 9033.77 9032.31 9031.12 9030.25 9029.44 9028.45 9027.88 9027.28 9026.91 9026.62 9026.11 9025.77 9025.29 9024.78 9024.54 9024.32
9024.15 9024.43 9024.53 9025.03 9025.47 9025.94 9026.39 9026.8 9027.07 9027.73 9028.25 9029 9029.97 9030.96 9032.06 9033.52 121.147 87.0342 83.6423 81.131 78.9809 77.1615 75.6724 74.1648 73.0184 71.7331 70.6525 69.6109 68.6355 67.9495 67.3038 66.9623 66.8707 66.9348 67.4049 67.848 68.7173 69.5955 70.6374 71.8116 72.9122 74.2818 75.6044 77.189 79.0249 81.0612 83.7708 87.1162 121.111 9033.36 9032.02 9030.93 9029.93 9028.92 9028.3 9027.56 9027.1 9026.78 9026.27 9025.94 9025.44 9024.87 9024.58 9024.36
9024.25 9024.54 9024.66 9025.17 9025.59 9026.09 9026.54 9027.02 9027.34 9028.02 9028.58 9029.36 9030.45 9031.72 9033.04 156.703 87.8041 84.0725 81.1701 78.8872 76.9186 75.1843 73.7365 72.1375 70.7965 69.2652 67.8983 66.5745 65.359 64.4104 63.6174 63.1597 63.0276 63.1302 63.6772 64.3315 65.4028 66.5447 67.8763 69.3113 70.6847 72.2416 73.6389 75.1764 76.9314 78.8125 81.2807 84.1597 87.7234 156.753 9033.14 9031.84 9030.44 9029.36 9028.68 9027.97 9027.47 9027.05 9026.54 9026.18 9025.68 9025.11 9024.8 9024.54
9024.33 9024.63 9024.79 9025.32 9025.74 9026.3 9026.78 9027.31 9027.65 9028.36 9028.94 9029.83 9031.26 9032.67 349.504 89.0824 84.8358 81.5474 78.9802 76.884 74.9984 73.2918 71.7195 69.9027 68.2448 66.3872 64.6595 62.9924 61.4811 60.2649 59.3282 58.7475 58.5735 58.7303 59.3663 60.2277 61.5248 62.978 64.6595 66.4478 68.17 70.0162 71.6679 73.3169 75.0672 76.8807 79.0872 81.618 84.7478 89.1414 349.527 9032.65 9031.1 9029.8 9028.99 9028.21 9027.67 9027.25 9026.73 9026.27 9025.76 9025.22 9024.88 9024.56
9024.4 9024.71 9024.96 9025.57 9025.96 9026.56 9027.06 9027.57 9027.93 9028.73 9029.37 9030.42 9032.02 9033.58 106.85 86.1361 82.5688 79.5689 77.198 75.1868 73.3227 71.4628 69.6196 67.479 65.4029 63.1376 60.9864 58.9571 57.1731 55.7241 54.6511 53.9721 53.7694 53.9712 54.6639 55.6925 57.1839 58.9292 60.968 63.156 65.326 67.5473 69.555 71.469 73.3487 75.1537 77.2361 79.5884 82.5123 86.3477 106.782 9033.65 9032.01 9030.54 9029.5 9028.67 9028.05 9027.62 9027.06 9026.57 9026.08 9025.52 9025.09 9024.74
9024.53 9024.87 9025.2 9025.85 9026.17 9026.68 9027.22 9027.73 9028.1 9028.9 9029.76 9030.93 9032.73 177.646 87.6185 83.6117 80.5736 77.9206 75.6696 73.7054 71.7167 69.5899 67.3639 64.7969 62.2221 59.527 56.9723 54.6309 52.6458 51.0434 49.9066 49.1888 48.9745 49.1929 49.9073 51.0372 52.6581 54.6327 56.9842 59.5441 62.184 64.8772 67.3312 69.6241 71.7666 73.6929 75.7316 78.0005 80.5824 83.8463 87.6259 177.665 9032.61 9030.93 9029.74 9028.76 9028.15 9027.71 9027.14 9026.64 9026.22 9025.7 9025.26 9024.87
9024.71 9025.08 9025.42 9026.05 9026.36 9026.87 9027.42 9027.94 9028.39 9029.41 9030.32 9031.73 9033.68 97.2683 85.7775 81.6907 78.837 76.3426 74.199 72.1443 69.936 67.4834 64.8235 61.794 58.7564 55.705 52.8634 50.3496 48.2679 46.6044 45.4667 44.7537 44.5354 44.7552 45.4573 46.6112 48.2642 50.3362 52.865 55.6998 58.714 61.8351 64.7711 67.4686 69.9439 72.1041 74.198 76.3932 78.8084 81.7602 85.607 97.2257 9033.67 9031.79 9030.38 9029.36 9028.54 9027.97 9027.4 9026.9 9026.47 9025.95 9025.53 9025.11
9024.81 9025.21 9025.57 9026.2 9026.51 9026.96 9027.46 9028.11 9028.67 9029.63 9030.68 9032.36 208.18 87.7509 83.7778 80.2714 77.605 75.1813 73.0126 70.7628 68.2411 65.3757 62.2192 58.7343 55.2787 51.9531 48.9482 46.3674 44.2962 42.6753 41.59 40.9037 40.6964 40.9085 41.5847 42.6959 44.2989 46.3648 48.964 51.9579 55.2719 58.7834 62.2096 65.39 68.2774 70.7758 73.0457 75.2639 77.5681 80.3911 83.6898 87.7506 208.409 9032.32 9030.67 9029.47 9028.73 9028.02 9027.38 9026.93 9026.57 9026.06 9025.63 9025.19
9024.87 9025.28 9025.66 9026.3 9026.62 9027.07 9027.6 9028.39 9028.99 9030.07 9031.29 9033.07 120.159 86.1652 82.1194 78.9122 76.3932 74.0091 71.7712 69.2762 66.419 63.1459 59.552 55.7086 51.9694 48.5038 45.4605 42.9296 40.9441 39.3904 38.3683 37.7464 37.5587 37.7427 38.3642 39.4003 40.9315 42.9222 45.4643 48.4893 51.9533 55.7119 59.5184 63.13 66.4174 69.261 71.7498 74.0596 76.3093 78.9929 82.0972 86.29 120.189 9033.16 9031.39 9029.98 9029.11 9028.37 9027.61 9027.1 9026.74 9026.21 9025.78 9025.33
9024.84 9025.3 9025.71 9026.37 9026.71 9027.19 9027.77 9028.61 9029.31 9030.51 9031.81 9033.73 92.6279 84.607 80.8906 77.8597 75.4274 73.0332 70.6439 67.8688 64.6512 60.9602 56.967 52.8449 48.9441 45.4477 42.4701 40.032 38.1683 36.767 35.8215 35.2301 35.0458 35.2244 35.8268 36.7733 38.1573 40.0364 42.4889 45.4453 48.9588 52.8664 56.9686 60.976 64.6855 67.8948 70.6534 73.1306 75.3855 77.9997 80.9531 84.7656 92.6949 9033.72 9031.84 9030.35 9029.36 9028.53 9027.76 9027.15 9026.77 9026.23 9025.77 9025.29
9024.74 9025.28 9025.71 9026.4 9026.75 9027.33 9027.96 9028.78 9029.59 9030.78 9032.17 257.146 87.7365 83.263 79.9613 77.0421 74.6725 72.2118 69.6441 66.5904 63.0246 58.9676 54.6517 50.3525 46.3804 42.9334 40.0432 37.7466 36.0179 34.5986 33.5088 32.6943 32.4063 32.7128 33.4888 34.6183 35.9883 37.7431 40.05 42.9119 46.3795 50.3499 54.6341 58.9423 63.014 66.5757 69.5983 72.2734 74.5824 77.1425 79.9587 83.352 87.7709 256.929 9032.28 9030.72 9029.76 9028.77 9028 9027.31 9026.86 9026.29 9025.82 9025.33
9024.67 9025.16 9025.64 9026.38 9026.77 9027.48 9028.19 9029.13 9030.01 9031.23 9032.71 141.747 87.0212 82.4141 79.1136 76.2408 73.8961 71.3474 68.6235 65.3291 61.4691 57.1489 52.633 48.2488 44.2898 40.9318 38.1632 36.0043 34.2601 32.4172 30.6959 29.2471 28.7339 29.3127 30.6109 32.4878 34.2284 36.0206 38.1833 40.9249 44.3065 48.2662 52.6495 57.1561 61.4967 65.3663 68.6133 71.4603 73.8503 76.3812 79.169 82.5873 87.2567 141.728 9032.72 9031.09 9030.1 9029.03 9028.15 9027.38 9026.85 9026.22 9025.69 9025.15
9024.67 9024.99 9025.49 9026.31 9026.79 9027.62 9028.4 9029.32 9030.09 9031.18 9032.72 120.554 86.5179 82.0783 78.769 75.9432 73.5525 70.8899 67.9786 64.4241 60.2895 55.7356 51.0633 46.6148 42.6886 39.3952 36.7823 34.6043 32.4248 29.5795 27.0328 25.4018 24.9793 25.4478 26.8915 29.6923 32.3721 34.6095 36.763 39.369 42.6866 46.6 51.0498 55.7071 60.2708 64.4239 67.9227 70.9604 73.4651 76.0232 78.7752 82.1682 86.6157 120.479 9032.8 9031.11 9030.25 9029.33 9028.46 9027.55 9026.94 9026.2 9025.6 9025.08
9024.72 9024.87 9025.27 9026.19 9026.82 9027.81 9028.7 9029.58 9030.3 9031.43 9033.32 106.683 85.6788 81.5491 78.2339 75.4311 73.0219 70.2991 67.2833 63.5881 59.3081 54.6265 49.8926 45.4522 41.5799 38.3544 35.809 33.4948 30.6922 27.0096 24.7416 24.7381 25.125 24.5877 24.6622 27.1589 30.6394 33.5257 35.8212 38.3475 41.6002 45.4597 49.9131 54.6418 59.3265 63.6359 67.2709 70.4164 72.9768 75.5627 78.2747 81.6102 85.801 106.667 9033.31 9031.28 9030.38 9029.5 9028.67 9027.65 9026.93 9026.02 9025.33 9024.94
9024.76 9024.86 9025.12 9026.01 9026.84 9027.92 9028.8 9029.65 9030.32 9031.37 9033.27 106.068 85.3528 81.3537 78.1001 75.3135 72.8796 70.0944 66.9883 63.1801 58.7708 53.9902 49.208 44.7684 40.9186 37.7576 35.2463 32.7084 29.2517 25.3913 24.67 27.205 28.6871 27.0374 24.6444 25.5501 29.1871 32.706 35.2267 37.743 40.9109 44.7525 49.1993 53.9676 58.7451 63.18 66.9238 70.1652 72.7928 75.4004 78.0884 81.3752 85.4352 106 9033.33 9031.3 9030.47 9029.65 9028.86 9027.88 9027.03 9025.91 9025.2 9024.93
9024.77 9024.86 9025.1 9025.94 9026.91 9028.06 9028.89 9029.72 9030.37 9031.43 9033.37 105.83 85.1924 81.2426 77.999 75.2246 72.7741 69.9734 66.8467 63.0059 58.5529 53.7511 48.9594 44.5209 40.6811 37.5447 35.0292 32.3912 28.7141 24.9703 25.0628 28.6471 30.3716 28.6082 25.1664 25.0927 28.6549 32.4245 35.0399 37.5536 40.702 44.5343 48.9846 53.7673 58.5694 63.0511 66.8286 70.0915 72.7319 75.3584 78.0262 81.3008 85.3169 105.814 9033.35 9031.28 9030.45 9029.65 9028.87 9027.91 9027.03 9025.74 9025.1 9024.93
9024.76 9024.86 9025.15 9025.96 9026.81 9027.94 9028.81 9029.65 9030.32 9031.44 9033.46 106.054 85.2789 81.3117 78.0228 75.2498 72.8069 70.0371 66.9535 63.1556 58.7514 53.9932 49.2074 44.7696 40.921 37.7584 35.2391 32.7193 29.3162 25.4482 24.5824 27.1263 28.5549 27.0091 24.5547 25.5704 29.2512 32.7234 35.2196 37.7445 40.914 44.7501 49.1997 53.9695 58.7249 63.1575 66.8912 70.1063 72.7152 75.3389 78.0149 81.3169 85.3577 105.985 9033.52 9031.37 9030.47 9029.64 9028.86 9027.89 9027.06 9025.86 9025.18 9024.92
9024.72 9024.89 9025.35 9026.18 9026.84 9027.8 9028.69 9029.58 9030.26 9031.3 9032.99 106.746 85.8924 81.6866 78.3886 75.5787 73.1495 70.4145 67.3761 63.6582 59.341 54.6475 49.8872 45.4452 41.571 38.3551 35.8124 33.4774 30.6028 26.8899 24.6721 24.6759 25.1169 24.6106 24.6232 27.033 30.5504 33.5081 35.8223 38.3646 41.5901 45.4527 49.908 54.6635 59.3602 63.7051 67.3637 70.5296 73.1075 75.7039 78.4285 81.7821 86.0233 106.734 9032.98 9031.15 9030.34 9029.49 9028.65 9027.67 9026.98 9026.03 9025.38 9024.92
9024.69 9024.94 9025.48 9026.25 9026.79 9027.58 9028.39 9029.34 9030.18 9031.34 9033.03 120.442 86.369 81.9482 78.6056 75.7688 73.3979 70.7665 67.864 64.3597 60.2424 55.7165 51.0486 46.6267 42.7038 39.4122 36.7789 34.6332 32.4887 29.6959 27.1594 25.5142 25.0883 25.5709 27.0354 29.8078 32.4302 34.6373 36.7727 39.3908 42.701 46.613 51.035 55.6861 60.2236 64.3601 67.8051 70.8397 73.3077 75.8566 78.6147 81.9965 86.4547 120.366 9033.11 9031.27 9030.33 9029.34 9028.46 9027.53 9026.94 9026.15 9025.61 9025
9024.74 9025.15 9025.69 9026.38 9026.83 9027.48 9028.2 9029.07 9029.96 9031.08 9032.59 141.932 87.108 82.5718 79.218 76.3659 73.9857 71.446 68.6851 65.3877 61.4951 57.173 52.6382 48.2551 44.2839 40.926 38.14 35.9871 34.2155 32.375 30.6318 29.1898 28.6523 29.2565 30.5462 32.4454 34.1846 36.0033 38.1592 40.918 44.3015 48.2715 52.6531 57.1806 61.5243 65.4278 68.6786 71.5582 73.9422 76.501 79.261 82.7384 87.2895 141.921 9032.59 9030.94 9030.02 9028.98 9028.19 9027.38 9026.91 9026.22 9025.75 9025.15
9024.76 9025.19 9025.7 9026.35 9026.76 9027.29 9027.97 9028.76 9029.6 9030.84 9032.21 257.056 87.7185 83.3262 79.9327 77.0162 74.6283 72.1835 69.6092 66.5772 62.9906 58.9557 54.6427 50.3549 46.3699 42.9323 40.0369 37.7556 36.0194 34.6236 33.5138 32.7203 32.4115 32.7422 33.4943 34.6442 35.9897 37.7439 40.0436 42.9118 46.3672 50.3485 54.6234 58.9319 62.9795 66.5634 69.5607 72.2464 74.5376 77.1137 79.9284 83.4076 87.7512 256.855 9032.31 9030.76 9029.78 9028.78 9028.01 9027.26 9026.87 9026.25 9025.82 9025.27
9024.9 9025.3 9025.77 9026.38 9026.76 9027.19 9027.81 9028.6 9029.31 9030.5 9031.85 9033.74 92.6191 84.5878 80.8545 77.8298 75.3905 73.0118 70.6056 67.8665 64.6308 60.9609 56.9623 52.8631 48.9497 45.4613 42.4767 40.0502 38.1674 36.7732 35.806 35.2404 35.0234 35.2335 35.8111 36.783 38.1639 40.0549 42.4955 45.4613 48.9635 52.8846 56.9662 60.9763 64.6627 67.8903 70.6152 73.111 75.3411 77.9664 80.9121 84.723 92.6894 9033.73 9031.88 9030.35 9029.4 9028.54 9027.79 9027.15 9026.82 9026.23 9025.83 9025.29
9024.86 9025.22 9025.66 9026.26 9026.64 9027.03 9027.59 9028.3 9028.97 9029.94 9031.22 9032.95 120.183 86.197 82.2696 79.0078 76.4599 74.0984 71.8218 69.3444 66.4561 63.1848 59.5516 55.7214 51.9619 48.5041 45.4422 42.923 40.918 39.3881 38.3455 37.7517 37.5414 37.7567 38.3501 39.3984 40.907 42.9145 45.4485 48.4897 51.9455 55.7254 59.5186 63.167 66.4549 69.3277 71.8029 74.1416 76.3823 79.0769 82.2033 86.3009 120.22 9033.02 9031.31 9029.86 9029.09 9028.27 9027.58 9027.05 9026.74 9026.17 9025.78 9025.26
9024.87 9025.21 9025.63 9026.21 9026.58 9026.98 9027.6 9028.17 9028.8 9029.79 9030.86 9032.5 207.882 87.7348 83.6129 80.0821 77.447 75.0324 72.8776 70.6791 68.1409 65.3228 62.1604 58.715 55.2558 51.9571 48.9435 46.3827 44.2926 42.6934 41.5856 40.9239 40.6868 40.9283 41.5813 42.7153 44.294 46.382 48.9604 51.962 55.2493 58.7623 62.15 65.3358 68.1792 70.695 72.9059 75.1354 77.4147 80.1862 83.5179 87.7406 208.129 9032.45 9030.87 9029.64 9028.85 9028.07 9027.51 9026.95 9026.63 9026.06 9025.68 9025.18
9024.7 9025.01 9025.42 9025.99 9026.37 9026.76 9027.37 9027.84 9028.34 9029.19 9030.19 9031.53 9033.54 97.3418 85.6041 81.8001 78.9308 76.4596 74.2873 72.2735 70.0179 67.5746 64.878 61.8594 58.7839 55.7339 52.8646 50.3648 48.2559 46.6168 45.4474 44.766 44.5199 44.7684 45.4383 46.6223 48.2535 50.3536 52.8659 55.7286 58.7407 61.8993 64.825 67.562 70.0295 72.2352 74.3012 76.5201 78.9019 81.9314 85.451 97.3041 9033.52 9031.6 9030.26 9029.14 9028.48 9027.87 9027.35 9026.79 9026.47 9025.9 9025.53 9025.05
9024.59 9024.87 9025.27 9025.85 9026.26 9026.74 9027.33 9027.77 9028.23 9029.04 9029.93 9031.03 9032.9 177.593 87.5837 83.5237 80.3485 77.8006 75.5726 73.636 71.636 69.5519 67.302 64.7722 62.1851 59.5266 56.9489 54.6424 52.6281 51.0611 49.8934 49.2147 48.9696 49.218 49.8955 51.0551 52.6418 54.6432 56.9587 59.543 62.148 64.8513 67.2715 69.5841 71.6889 73.6327 75.6391 77.9062 80.4476 83.8596 87.588 177.623 9032.78 9031.03 9029.91 9028.88 9028.27 9027.73 9027.25 9026.7 9026.3 9025.7 9025.32 9024.86
9024.4 9024.64 9024.96 9025.5 9025.93 9026.47 9027.04 9027.48 9027.89 9028.56 9029.33 9030.29 9032 9033.47 106.825 85.8609 82.3859 79.5617 77.191 75.2077 73.3163 71.4975 69.6198 67.4966 65.3848 63.1571 60.9684 58.9695 57.1457 55.7294 54.6262 53.9899 53.749 53.9873 54.6383 55.6982 57.1559 58.9418 60.9503 63.1765 65.3105 67.5653 69.5537 71.5061 73.3507 75.1874 77.2499 79.6426 82.4321 86.28 106.764 9033.55 9031.99 9030.41 9029.46 9028.49 9028.01 9027.51 9027.04 9026.48 9026.05 9025.45 9025.09 9024.66
9024.39 9024.62 9024.86 9025.32 9025.81 9026.29 9026.85 9027.31 9027.74 9028.35 9029.01 9029.77 9031.31 9032.63 349.269 89.1082 84.8842 81.6777 78.9865 76.9319 75.0356 73.3486 71.7333 69.9473 68.245 66.4251 64.6558 63.0261 61.4689 60.2855 59.3018 58.7654 58.5487 58.749 59.3395 60.2482 61.5112 63.0112 64.6558 66.4868 68.1766 70.0607 71.6871 73.382 75.1178 76.9422 79.1269 81.7801 84.8499 89.1722 349.284 9032.62 9031.15 9029.74 9029.05 9028.19 9027.76 9027.24 9026.8 9026.24 9025.82 9025.22 9024.94 9024.56
9024.26 9024.48 9024.67 9025.09 9025.63 9026.03 9026.57 9026.96 9027.36 9028 9028.67 9029.36 9030.54 9031.7 9033.05 156.772 87.7762 84.0246 81.0623 78.8515 76.8808 75.1844 73.6868 72.1369 70.7692 69.293 67.8848 66.608 65.3541 64.4525 63.615 63.2079 63.0294 63.1763 63.6764 64.3745 65.3948 66.5781 67.8612 69.3375 70.6619 72.2401 73.6032 75.1899 76.9074 78.8281 81.2086 84.2221 87.7034 156.82 9033.15 9031.81 9030.52 9029.36 9028.77 9027.93 9027.48 9026.98 9026.56 9026.12 9025.71 9025.02 9024.79 9024.46
9024.22 9024.43 9024.6 9024.99 9025.5 9025.9 9026.46 9026.78 9027.14 9027.62 9028.2 9028.91 9029.96 9030.88 9032.08 9033.57 121.061 87.0697 83.7314 81.2834 79.0504 77.2393 75.6969 74.2022 73.0105 71.7592 70.6212 69.6117 68.5827 67.9361 67.2412 66.9453 66.8047 66.9164 67.3435 67.8353 68.665 69.5955 70.6068 71.8406 72.9003 74.3384 75.6384 77.2861 79.1242 81.2515 83.9573 87.3018 121.024 9033.41 9032.04 9030.84 9029.92 9028.82 9028.24 9027.46 9027.16 9026.75 9026.33 9025.9 9025.47 9024.82 9024.66 9024.36
9024.05 9024.27 9024.44 9024.85 9025.26 9025.62 9026.2 9026.49 9026.85 9027.35 9027.87 9028.49 9029.42 9030.21 9031.13 9032.23 9033.44 120.608 87.1145 84.2008 81.6161 79.6281 77.9972 76.428 75.2576 74.0956 73.1221 72.3068 71.448 70.9893 70.3963 70.1886 70.0664 70.1262 70.5015 70.8571 71.5272 72.2595 73.0781 74.1529 75.1016 76.5274 77.8699 79.6458 81.7397 84.2231 87.2582 120.648 9033.64 9032.22 9031.21 9030.25 9029.52 9028.45 9028.06 9027.28 9026.95 9026.56 9026.15 9025.73 9025.34 9024.78 9024.56 9024.24
9023.99 9024.2 9024.37 9024.78 9025.13 9025.44 9025.99 9026.3 9026.67 9027.08 9027.5 9028.16 9029 9029.77 9030.44 9031.28 9032.35 9033.77 121.037 87.7268 84.7088 82.5158 80.5405 78.8151 77.5334 76.321 75.3525 74.594 73.8184 73.4804 72.9501 72.809 72.7054 72.7425 73.0914 73.3409 73.9315 74.5707 75.331 76.4195 77.4094 78.9408 80.4415 82.4742 84.8445 87.7468 121.024 9033.55 9032.38 9031.18 9030.41 9029.63 9029.03 9027.97 9027.56 9026.91 9026.66 9026.29 9025.85 9025.44 9025.12 9024.61 9024.41 9024.1
9023.73 9023.95 9024.18 9024.54 9024.83 9025.07 9025.58 9025.88 9026.26 9026.68 9027.04 9027.64 9028.42 9029.18 9029.78 9030.38 9031.21 9032.21 9033.37 156.856 89.1382 86.3902 83.8391 81.8006 80.385 79.0297 77.9883 77.175 76.3692 76.0531 75.5478 75.4235 75.3311 75.3573 75.6793 75.8754 76.4747 77.1277 77.9334 79.0924 80.148 81.9373 83.8133 86.2833 89.1246 156.831 9033.51 9032.22 9031.28 9030.4 9029.9 9029.16 9028.6 9027.58 9027.23 9026.61 9026.35 9025.98 9025.54 9025.16 9024.95 9024.49 9024.31 9023.93
9023.52 9023.79 9024.06 9024.46 9024.73 9024.93 9025.35 9025.6 9025.98 9026.39 9026.7 9027.29 9028.03 9028.8 9029.37 9029.89 9030.46 9031.12 9032.11 9033.13 349.207 106.796 87.5836 85.6151 83.654 82.1051 80.9147 79.9732 79.1401 78.7901 78.2518 78.1042 78.001 78.0352 78.4121 78.6497 79.2516 79.9649 80.903 82.2424 83.5047 85.4921 87.5774 106.818 349.246 9033.06 9032.04 9031.12 9030.41 9029.79 9029.37 9028.64 9028.09 9027.1 9026.78 9026.21 9025.95 9025.59 9025.21 9024.9 9024.74 9024.29 9024.14 9023.68
9023.13 9023.33 9023.59 9023.98 9024.25 9024.41 9024.84 9025.02 9025.31 9025.76 9025.98 9026.53 9027.27 9028.08 9028.63 9029.15 9029.67 9030.15 9030.92 9031.74 9032.66 9033.57 177.647 97.279 87.7426 86.3248 84.7523 83.3845 82.5748 82.2101 81.5981 81.3923 81.2758 81.3314 81.7508 82.0119 82.7087 83.4322 84.6869 86.308 87.6975 97.3125 177.5 9033.53 9032.71 9031.81 9030.93 9030.26 9029.73 9029.16 9028.75 9028.03 9027.46 9026.44 9026.21 9025.65 9025.43 9025.12 9024.78 9024.51 9024.36 9023.88 9023.75 9023.33
9023.22 9023.5 9023.73 9023.94 9024.15 9024.3 9024.54 9024.68 9024.9 9025.21 9025.43 9026.02 9026.66 9027.49 9028.08 9028.61 9029.08 9029.44 9030.03 9030.44 9031.2 9032 9032.69 9033.64 208.278 120.205 92.6578 87.7829 87.2281 86.6402 85.7759 85.4486 85.2904 85.3757 86.0005 86.4801 87.2732 87.7845 92.6746 120.27 208.08 9033.45 9032.8 9031.91 9031.16 9030.43 9029.92 9029.42 9029.04 9028.49 9028.09 9027.35 9026.75 9025.78 9025.56 9025.02 9024.89 9024.63 9024.48 9024.22 9024.13 9023.82 9023.73 9023.37
9023.11 9023.38 9023.59 9023.79 9023.98 9024.12 9024.32 9024.45 9024.62 9024.76 9024.89 9025.19 9025.63 9026.54 9027.08 9027.56 9028.04 9028.35 9028.92 9029.26 9029.8 9030.44 9030.94 9031.72 9032.34 9033.08 9033.74 257.087 141.706 120.516 106.643 106.021 105.78 106.003 106.695 120.386 141.862 256.903 9033.79 9033 9032.53 9031.57 9031.11 9030.41 9029.84 9029.36 9028.92 9028.46 9028.08 9027.58 9027.21 9026.44 9025.9 9025.09 9025.03 9024.76 9024.72 9024.48 9024.41 9024.15 9024.08 9023.78 9023.7 9023.35
9023.27 9023.53 9023.71 9023.89 9024.08 9024.21 9024.4 9024.53 9024.68 9024.81 9024.9 9025.08 9025.49 9026.27 9026.78 9027.18 9027.69 9027.88 9028.39 9028.68 9029.08 9029.49 9029.81 9030.38 9030.76 9031.35 9031.9 9032.25 9032.77 9032.77 9033.36 9033.3 9033.4 9033.49 9033.02 9033.07 9032.62 9032.25 9031.91 9031.26 9030.89 9030.18 9029.91 9029.37 9029.05 9028.68 9028.24 9027.95 9027.56 9027.13 9026.79 9026.1 9025.56 9024.92 9024.92 9024.68 9024.66 9024.42 9024.36 9024.13 9024.06 9023.79 9023.72 9023.39
9023.15 9023.4 9023.57 9023.74 9023.92 9024.03 9024.2 9024.31 9024.44 9024.57 9024.66 9024.79 9024.98 9025.68 9026.21 9026.59 9026.97 9027.17 9027.56 9027.87 9028.21 9028.57 9028.75 9029.29 9029.49 9029.93 9030.39 9030.65 9031.11 9031.06 9031.31 9031.26 9031.32 9031.34 9031.19 9031.24 9030.99 9030.73 9030.4 9029.83 9029.71 9029.14 9028.96 9028.49 9028.28 9027.94 9027.56 9027.29 9027.01 9026.62 9026.33 9025.65 9025.14 9024.76 9024.8 9024.57 9024.56 9024.33 9024.28 9024.06 9024 9023.74 9023.7 9023.36
9023.23 9023.47 9023.64 9023.79 9023.96 9024.06 9024.22 9024.32 9024.45 9024.57 9024.64 9024.75 9024.85 9025.46 9025.95 9026.35 9026.69 9026.91 9027.2 9027.47 9027.75 9028.05 9028.22 9028.54 9028.8 9029.1 9029.43 9029.72 9030.13 9030.21 9030.42 9030.44 9030.49 9030.43 9030.37 9030.29 9030.07 9029.72 9029.4 9029.02 9028.86 9028.42 9028.28 9027.93 9027.76 9027.4 9027.16 9026.85 9026.67 9026.25 9025.96 9025.32 9024.89 9024.61 9024.66 9024.43 9024.43 9024.23 9024.18 9023.98 9023.93 9023.66 9023.64 9023.32
9023.14 9023.34 9023.48 9023.61 9023.78 9023.87 9024.04 9024.12 9024.24 9024.34 9024.4 9024.51 9024.6 9025.15 9025.58 9025.97 9026.32 9026.52 9026.78 9026.96 9027.25 9027.53 9027.7 9027.91 9028.03 9028.3 9028.54 9028.73 9029.07 9029.28 9029.53 9029.6 9029.68 9029.6 9029.53 9029.3 9029.02 9028.74 9028.59 9028.27 9028.14 9027.87 9027.81 9027.52 9027.32 9026.98 9026.85 9026.56 9026.39 9025.98 9025.71 9025.12 9024.74 9024.48 9024.55 9024.34 9024.35 9024.15 9024.12 9023.91 9023.88 9023.61 9023.6 9023.31
9023.16 9023.36 9023.49 9023.62 9023.78 9023.87 9024.02 9024.09 9024.2 9024.29 9024.35 9024.44 9024.44 9024.8 9025.21 9025.53 9025.88 9026.11 9026.36 9026.54 9026.81 9027.06 9027.21 9027.4 9027.45 9027.61 9027.81 9028 9028.21 9028.42 9028.7 9028.82 9028.91 9028.82 9028.7 9028.41 9028.18 9027.96 9027.79 9027.53 9027.52 9027.29 9027.25 9026.97 9026.8 9026.48 9026.34 9026.06 9025.86 9025.43 9025.21 9024.67 9024.48 9024.29 9024.37 9024.17 9024.18 9024 9023.99 9023.77 9023.76 9023.5 9023.5 9023.22
9023.03 9023.21 9023.34 9023.46 9023.6 9023.67 9023.81 9023.89 9023.99 9024.07 9024.11 9024.19 9024.18 9024.53 9024.89 9025.16 9025.47 9025.69 9025.93 9026.09 9026.26 9026.5 9026.64 9026.84 9026.94 9027.05 9027.15 9027.26 9027.38 9027.52 9027.71 9027.83 9027.96 9027.83 9027.69 9027.5 9027.42 9027.26 9027.2 9027.06 9027.01 9026.8 9026.77 9026.48 9026.32 9026.12 9025.99 9025.74 9025.54 9025.16 9025 9024.52 9024.33 9024.15 9024.25 9024.07 9024.09 9023.91 9023.9 9023.71 9023.69 9023.46 9023.45 9023.17
9023.06 9023.23 9023.34 9023.46 9023.58 9023.66 9023.79 9023.86 9023.94 9024.01 9024.04 9024.11 9024.09 9024.39 9024.73 9024.94 9025.15 9025.29 9025.53 9025.67 9025.82 9026.08 9026.28 9026.47 9026.63 9026.74 9026.82 9026.87 9026.91 9026.94 9027 9027.02 9027.08 9026.98 9026.98 9026.9 9026.91 9026.82 9026.83 9026.7 9026.64 9026.42 9026.3 9025.98 9025.82 9025.63 9025.48 9025.27 9025.13 9024.84 9024.73 9024.27 9024.14 9023.96 9024.06 9023.89 9023.93 9023.75 9023.76 9023.58 9023.56 9023.35 9023.36 9023.08
9022.86 9023.01 9023.12 9023.24 9023.37 9023.43 9023.54 9023.59 9023.67 9023.74 9023.77 9023.82 9023.78 9023.91 9024.28 9024.49 9024.65 9024.7 9024.87 9025.02 9025.21 9025.45 9025.7 9025.9 9026.06 9026.17 9026.23 9026.25 9026.22 9026.15 9026.03 9025.84 9025.78 9025.85 9026.08 9026.15 9026.28 9026.25 9026.29 9026.17 9026.12 9025.9 9025.76 9025.44 9025.28 9025.02 9024.91 9024.79 9024.71 9024.49 9024.38 9023.88 9023.94 9023.78 9023.89 9023.74 9023.79 9023.61 9023.62 9023.47 9023.46 9023.24 9023.26 9022.98
9022.9 9023.05 9023.16 9023.26 9023.38 9023.42 9023.53 9023.58 9023.65 9023.7 9023.7 9023.74 9023.68 9023.79 9024.12 9024.29 9024.45 9024.54 9024.66 9024.79 9024.94 9025.09 9025.32 9025.53 9025.68 9025.78 9025.83 9025.82 9025.75 9025.61 9025.38 9025.18 9025.11 9025.17 9025.39 9025.54 9025.75 9025.77 9025.83 9025.73 9025.69 9025.46 9025.32 9025.01 9024.93 9024.72 9024.66 9024.49 9024.42 9024.22 9024.14 9023.65 9023.74 9023.6 9023.72 9023.59 9023.65 9023.49 9023.5 9023.35 9023.36 9023.13 9023.17 9022.9
9022.68 9022.81 9022.89 9022.98 9023.09 9023.14 9023.25 9023.28 9023.33 9023.37 9023.37 9023.4 9023.3 9023.36 9023.69 9023.92 9024.1 9024.24 9024.36 9024.46 9024.56 9024.66 9024.86 9025.05 9025.18 9025.26 9025.29 9025.27 9025.15 9025 9024.92 9024.92 9024.93 9024.92 9024.96 9025.02 9025.22 9025.26 9025.35 9025.26 9025.24 9025.04 9024.92 9024.66 9024.62 9024.46 9024.44 9024.25 9024.19 9023.93 9023.76 9023.33 9023.48 9023.35 9023.49 9023.37 9023.43 9023.31 9023.32 9023.18 9023.2 9022.98 9023.02 9022.78
@ u_xCII 64 64
0.000159997 0.000159997 0.000159997 0.000159997 0.000159997 0.000159997 0.000159997 0.000159997 0.000159997 0.000159997 0.000159997 0.000159997 0.000159997 0.000159997 0.000159997 0.000159997 0.000159997 0.000159997 0.000159997 0.000159997 0.000159997 0.000159997 0.000159997 0.000159997 0.000159997 0.000159997 0.000159997 0.000159997 0.000159997 0.000159997 0.000159997 0.000159997 0.000159997 0.000159997 0.000159997 0.000159997 0.000159997 0.000159997 0.000159997 0.000159997 0.000159997 0.000159997 0.000159997 0.000159997 0.000159997 0.000159997 0.000159997 0.000159997 0.000159997 0.000159997 0.000159997 0.000159997 0.000159997 0.000159997 0.000159997 0.000159997 0.000159997 0.000159997 0.000159997 0.000159997 0.000159997 0.000159997 0.000159997 0.000159997
0.000159997 0.000159997 0.000159997 0.000159997 0.000159997 0.000159997 0.000159997 0.000159997 0.000159997 0.000159997 0.000159997 0.000159997 0.000159997 0.000159997 0.000159997 0.000159997 0.000159997 0.000159997 0.000159997 0.000159997 0.000159997 0.000159997 0.000159997 0.000159997 0.000159997 0.000159997 0.000159997 0.000159997 0.000159997 0.000159997 0.000159997 0.000159997 0.000159997 0.000159997 0.000159997 0.000159997 0.000159997 0.000159997 0.000159997 0.000159997 0.000159997 0.000159997 0.000159997 0.000159997 0.000159997 0.000159997 0.000159997 0.000159997 0.000159997 0.000159997 0.000159997 0.000159997 0.000159997 0.000159997 0.000159997 0.000159997 0.000159997 0.000159997 0.000159997 0.000159997 0.000159997 0.000159997 0.000159997 0.000159997
0.000159997 0.000159997 0.000159997 0.000159997 0.000159997 0.000159997 0.000159997 0.000159997 0.000159997 0.000159997 0.000159997 0.000159997 0.000159997 0.000159997 0.000159997 0.000159997 0.000159997 0.000159997 0.000159997 0.000159997 0.000159997 0.000159997 0.000159997 0.000159997 0.000159997 0.000159997 0.000159997 0.000159997 0.000159997 0.000159997 0.000159997 0.000159997 0.000159997 0.000159997 0.000159997 0.000159997 0.000159997 0.000159997 0.000159997 0.000159997 0.000159997 0.000159997 0.000159997 0.000159997 0.000159997 0.000159997 0.000159997 0.000159997 0.000159997 0.000159997 0.000159997 0.000159997 0.000159997 0.000159997 0.000159997 0.000159997 0.000159997 0.000159997 0.000159997 0.000159997 0.000159997 0.000159997 0.000159997 0.000159997
0.000159997 0.000159997 0.000159997 0.000159997 0.000159997 0.000159997 0.000159997 0.000159997 0.000159997 0.000159997 0.000159997 0.000159997 0.000159997 0.000159997 0.000159997 0.000159997 0.000159997 0.000159997 0.000159997 0.000159997 0.000159997 0.000159997 0.000159997 0.000159997 0.000159997 0.000159997 0.000159997 0.000159997 0.000159997 0.000159997 0.000159997 0.000159997 0.000159997 0.000159997 0.000159997 0.000159997 0.000159997 0.000159997 0.000159997 0.000159997 0.000159997 0.000159997 0.000159997 0.000159997 0.000159997 0.000159997 0.000159997 0.000159997 0.000159997 0.000159997 0.000159997 0.000159997 0.000159997 0.000159997 0.000159997 0.000159997 0.000159997 0.000159997 0.000159997 0.000159997 0.000159997 0.000159997 0.000159997 0.000159997
0.000159997 0.000159997 0.000159997 0.000159997 0.000159997 0.000159997 0.000159997 0.000159997 0.000159997 0.000159997 0.000159997 0.000159997 0.000159997 0.000159997 0.000159997 0.000159997 0.000159997 0.000159997 0.000159997 0.000159997 0.000159997 0.000159997 0.000159997 0.000159997 0.000159997 0.000159997 0.000159997 0.000159997 0.000159997 0.000159997 0.000159997 0.000159997 0.000159997 0.000159997 0.000159997 0.000159997 0.000159997 0.000159997 0.000159997 0.000159997 0.000159997 0.000159997 0.000159997 0.000159997 0.000159997 0.000159997 0.000159997 0.000159997 0.000159997 0.000159997 0.000159997 0.000159997 0.000159997 0.000159997 0.000159997 0.000159997 0.000159997 0.000159997 0.000159997 0.000159997 0.000159997 0.000159997 0.000159997 0.000159997
0.000159997 0.000159997 0.000159997 0.000159997 0.000159997 0.000159997 0.000159997 0.000159997 0.000159997 0.000159997 0.000159997 0.000159997 0.000159997 0.000159997 0.000159997 0.000159997 0.000159997 0.000159997 0.000159997 0.000159997 0.000159997 0.000159997 0.000159997 0.000159997 0.000159997 0.000159997 0.000159997 0.000159997 0.000159997 0.000159997 0.000159997 0.000159997 0.000159997 0.000159997 0.000159997 0.000159997 0.000159997 0.000159997 0.000159997 0.000159997 0.000159997 0.000159997 0.000159997 0.000159997 0.000159997 0.000159997 0.000159997 0.000159997 0.000159997 0.000159997 0.000159997 0.000159997 0.000159997 0.000159997 0.000159997 0.000159997 0.000159997 0.000159997 0.000159997 0.000159997 0.000159997 0.000159997 0.000159997 0.000159997
0.000159997 0.000159997 0.000159997 0.000159997 0.000159997 0.000159997 0.000159997 0.000159997 0.000159997 0.000159997 0.000159997 0.000159997 0.000159997 0.000159997 0.000159997 0.000159997 0.000159997 0.000159997 0.000159997 0.000159997 0.000159997 0.000159997 0.000159997 0.000159997 0.000159997 0.000159997 0.000159997 0.000159997 0.000159997 0.000159997 0.000159997 0.000159997 0.000159997 0.000159997 0.000159997 0.000159997 0.000159997 0.000159997 0.000159997 0.000159997 0.000159997 0.000159997 0.000159997 0.000159997 0.000159997 0.000159997 0.000159997 0.000159997 0.000159997 0.000159997 0.000159997 0.000159997 0.000159997 0.000159997 0.000159997 0.000159997 0.000159997 0.000159997 0.000159997 0.000159997 0.000159997 0.000159997 0.000159997 0.000159997
0.000159997 0.000159997 0.000159997 0.000159997 0.000159997 0.000159997 0.000159997 0.000159997 0.000159997 0.000159997 0.000159997 0.000159997 0.000159997 0.000159997 0.000159997 0.000159997 0.000159997 0.000159997 0.000159997 0.000159997 0.000159997 0.000159997 0.000159997 0.000159997 0.000159997 0.000159997 0.000159997 0.000159997 0.000159997 0.000159997 0.000159997 0.000159997 0.000159997 0.000159997 0.000159997 0.000159997 0.000159997 0.000159997 0.000159997 0.000159997 0.000159997 0.000159997 0.000159997 0.000159997 0.000159997 0.000159997 0.000159997 0.000159997 0.000159997 0.000159997 0.000159997 0.000159997 0.000159997 0.000159997 0.000159997 0.000159997 0.000159997 0.000159997 0.000159997 0.000159997 0.000159997 0.000159997 0.000159997 0.000159997
0.000159997 0.000159997 0.000159997 0.000159997 0.000159997 0.000159997 0.000159997 0.000159997 0.000159997 0.000159997 0.000159997 0.000159997 0.000159997 0.000159997 0.000159997 0.000159997 0.000159997 0.000159997 0.000159997 0.000159997 0.000159997 0.000159997 0.000159997 0.000159997 0.000159997 0.000159997 0.000159997 0.000159997 0.000159997 0.000159997 0.000159997 0.000159997 0.000159997 0.000159997 0.000159997 0.000159997 0.000159997 0.000159997 0.000159997 0.000159997 0.000159997 0.000159997 0.000159997 0.000159997 0.000159997 0.000159997 0.000159997 0.000159997 0.000159997 0.000159997 0.000159997 0.000159997 0.000159997 0.000159997 0.000159997 0.000159997 0.000159997 0.000159997 0.000159997 0.000159997 0.000159997 0.000159997 0.000159997 0.000159997
0.000159997 0.000159997 0.000159997 0.000159997 0.000159997 0.000159997 0.000159997 0.000159997 0.000159997 0.000159997 0.000159997 0.000159997 0.000159997 0.000159997 0.000159997 0.000159997 0.000159997 0.000159997 0.000159997 0.000159997 0.000159997 0.000159997 0.000159997 0.000159997 0.000159997 0.000159997 0.000159997 0.000159997 0.000159997 0.000159997 0.000159997 0.000159997 0.000159997 0.000159997 0.000159997 0.000159997 0.000159997 0.000159997 0.000159997 0.000159997 0.000159997 0.000159997 0.000159997 0.000159997 0.000159997 0.000159997 0.000159997 0.000159997 0.000159997 0.000159997 0.000159997 0.000159997 0.000159997 0.000159997 0.000159997 0.000159997 0.000159997 0.000159997 0.000159997 0.000159997 0.000159997 0.000159997 0.000159997 0.000159997
0.000159997 0.000159997 0.000159997 0.000159997 0.000159997 0.000159997 0.000159997 0.000159997 0.000159997 0.000159997 0.000159997 0.000159997 0.000159997 0.000159997 0.000159997 0.000159997 0.000159997 0.000159997 0.000159997 0.000159997 0.000159997 0.000159997 0.000159997 0.000159997 0.000159997 0.000159997 0.000159997 0.000159997 0.000159997 0.000159997 0.000159997 0.000159997 0.000159997 0.000159997 0.000159997 0.000159997 0.000159997 0.000159997 0.000159997 0.000159997 0.000159997 0.000159997 0.000159997 0.000159997 0.000159997 0.000159997 0.000159997 0.000159997 0.000159997 0.000159997 0.000159997 0.000159997 0.000159997 0.000159997 0.000159997 0.000159997 0.000159997 0.000159997 0.000159997 0.000159997 0.000159997 0.000159997 0.000159997 0.000159997
0.000159997 0.000159997 0.000159997 0.000159997 0.000159997 0.000159997 0.000159997 0.000159997 0.000159997 0.000159997 0.000159997 0.000159997 0.000159997 0.000159997 0.000159997 0.000159997 0.000159997 0.000159997 0.000159997 0.000159997 0.000159997 0.000159997 0.000159997 0.000159997 0.000159997 0.000159997 0.000159997 0.000159897 0.00015979 0.000159733 0.000159673 0.000159669 0.000159668 0.000159668 0.000159674 0.000159732 0.000159791 0.000159897 0.000159997 0.000159997 0.000159997 0.000159997 0.000159997 0.000159997 0.000159997 0.000159997 0.000159997 0.000159997 0.000159997 0.000159997 0.000159997 0.000159997 0.000159997 0.000159997 0.000159997 0.000159997 0.000159997 0.000159997 0.000159997 0.000159997 0.000159997 0.000159997 0.000159997 0.000159997
0.000159997 0.000159997 0.000159997 0.000159997 0.000159997 0.000159997 0.000159997 0.000159997 0.000159997 0.000159997 0.000159997 0.000159997 0.000159997 0.000159997 0.000159997 0.000159997 0.000159997 0.000159997 0.000159997 0.000159997 0.000159997 0.000159997 0.000159997 0.000159997 0.000159871 0.00015973 0.000159574 0.00015952 0.000159503 0.000159488 0.000159475 0.000159467 0.000159465 0.000159467 0.000159477 0.000159488 0.000159504 0.00015952 0.000159574 0.000159731 0.00015987 0.000159997 0.000159997 0.000159997 0.000159997 0.000159997 0.000159997 0.000159997 0.000159997 0.000159997 0.000159997 0.000159997 0.000159997 0.000159997 0.000159997 0.000159997 0.000159997 0.000159997 0.000159997 0.000159997 0.000159997 0.000159997 0.000159997 0.000159997
0.000159997 0.000159997 0.000159997 0.000159997 0.000159997 0.000159997 0.000159997 0.000159997 0.000159997 0.000159997 0.000159997 0.000159997 0.000159997 0.000159997 0.000159997 0.000159997 0.000159997 0.000159997 0.000159997 0.000159997 0.000159997 0.000159997 0.000159844 0.000159613 0.00015952 0.000159488 0.000159456 0.000159424 0.000159399 0.000159379 0.000159364 0.000159354 0.000159352 0.000159354 0.000159365 0.000159378 0.0001594 0.000159424 0.000159455 0.000159488 0.00015952 0.000159614 0.000159844 0.000159997 0.000159997 0.000159997 0.000159997 0.000159997 0.000159997 0.000159997 0.000159997 0.000159997 0.000159997 0.000159997 0.000159997 0.000159997 0.000159997 0.000159997 0.000159997 0.000159997 0.000159997 0.000159997 0.000159997 0.000159997
0.000159997 0.000159997 0.000159997 0.000159997 0.000159997 0.000159997 0.000159997 0.000159997 0.000159997 0.000159997 0.000159997 0.000159997 0.000159997 0.000159997 0.000159997 0.000159997 0.000159997 0.000159997 0.000159997 0.000159997 0.000159924 0.000159674 0.000159518 0.000159477 0.000159432 0.000159387 0.000159345 0.000159305 0.00015927 0.000159241 0.000159218 0.000159204 0.0001592 0.000159203 0.00015922 0.00015924 0.000159271 0.000159305 0.000159345 0.000159388 0.000159431 0.000159476 0.000159519 0.000159674 0.000159924 0.000159997 0.000159997 0.000159997 0.000159997 0.000159997 0.000159997 0.000159997 0.000159997 0.000159997 0.000159997 0.000159997 0.000159997 0.000159997 0.000159997 0.000159997 0.000159997 0.000159997 0.000159997 0.000159997
0.000159997 0.000159997 0.000159997 0.000159997 0.000159997 0.000159997 0.000159997 0.000159997 0.000159997 0.000159997 0.000159997 0.000159997 0.000159997 0.000159997 0.000159997 0.000159997 0.000159997 0.000159997 0.000159997 0.000159817 0.000159539 0.000159488 0.000159434 0.000159375 0.000159319 0.00015926 0.000159203 0.000159147 0.000159096 0.000159055 0.000159023 0.000159003 0.000158998 0.000159003 0.000159024 0.000159053 0.000159098 0.000159146 0.000159202 0.00015926 0.000159317 0.000159376 0.000159433 0.000159486 0.00015954 0.000159817 0.000159997 0.000159997 0.000159997 0.000159997 0.000159997 0.000159997 0.000159997 0.000159997 0.000159997 0.000159997 0.000159997 0.000159997 0.000159997 0.000159997 0.000159997 0.000159997 0.000159997 0.000159997
0.000159997 0.000159997 0.000159997 0.000159997 0.000159997 0.000159997 0.000159997 0.000159997 0.000159997 0.000159997 0.000159997 0.000159997 0.000159997 0.000159997 0.000159997 0.000159997 0.000159997 0.000159997 0.000159736 0.000159522 0.000159464 0.0001594 0.000159332 0.000159257 0.00015918 0.000159098 0.000159017 0.000158939 0.000158867 0.000158805 0.000158758 0.000158728 0.000158719 0.000158727 0.000158759 0.000158805 0.000158869 0.000158939 0.000159018 0.000159099 0.00015918 0.000159258 0.00015933 0.000159399 0.000159465 0.000159522 0.000159736 0.000159997 0.000159997 0.000159997 0.000159997 0.000159997 0.000159997 0.000159997 0.000159997 0.000159997 0.000159997 0.000159997 0.000159997 0.000159997 0.000159997 0.000159997 0.000159997 0.000159997
0.000159997 0.000159997 0.000159997 0.000159997 0.000159997 0.000159997 0.000159997 0.000159997 0.000159997 0.000159997 0.000159997 0.000159997 0.000159997 0.000159997 0.000159997 0.000159997 0.000159997 0.000159733 0.000159511 0.000159447 0.000159373 0.000159292 0.000159203 0.0001591 0.000158994 0.000158879 0.000158762 0.000158646 0.000158536 0.000158438 0.000158363 0.000158313 0.000158297 0.000158312 0.000158363 0.000158438 0.000158537 0.000158644 0.000158762 0.000158879 0.000158991 0.000159101 0.000159201 0.000159292 0.000159374 0.000159446 0.000159511 0.000159734 0.000159997 0.000159997 0.000159997 0.000159997 0.000159997 0.000159997 0.000159997 0.000159997 0.000159997 0.000159997 0.000159997 0.000159997 0.000159997 0.000159997 0.000159997 0.000159997
0.000159997 0.000159997 0.000159997 0.000159997 0.000159997 0.000159997 0.000159997 0.000159997 0.000159997 0.000159997 0.000159997 0.000159997 0.000159997 0.000159997 0.000159997 0.000159997 0.000159736 0.000159511 0.00015944 0.00015936 0.000159269 0.000159164 0.000159042 0.000158905 0.000158756 0.00015859 0.000158413 0.000158232 0.000158059 0.000157904 0.000157784 0.000157701 0.000157676 0.000157705 0.000157785 0.000157903 0.00015806 0.000158231 0.000158413 0.00015859 0.000158754 0.000158907 0.000159042 0.000159163 0.000159269 0.00015936 0.000159441 0.000159512 0.000159736 0.000159997 0.000159997 0.000159997 0.000159997 0.000159997 0.000159997 0.000159997 0.000159997 0.000159997 0.000159997 0.000159997 0.000159997 0.000159997 0.000159997 0.000159997
0.000159997 0.000159997 0.000159997 0.000159997 0.000159997 0.000159997 0.000159997 0.000159997 0.000159997 0.000159997 0.000159997 0.000159997 0.000159997 0.000159997 0.000159997 0.000159817 0.000159522 0.000159447 0.000159361 0.000159261 0.000159142 0.000159003 0.000158841 0.000158648 0.000158427 0.000158175 0.000157898 0.000157611 0.000157332 0.000157066 0.000156865 0.000156725 0.000156681 0.000156728 0.00015686 0.000157072 0.000157331 0.00015761 0.000157901 0.000158174 0.000158427 0.00015865 0.00015884 0.000159001 0.000159142 0.000159261 0.000159361 0.000159448 0.000159521 0.000159818 0.000159997 0.000159997 0.000159997 0.000159997 0.000159997 0.000159997 0.000159997 0.000159997 0.000159997 0.000159997 0.000159997 0.000159997 0.000159997 0.000159997
0.000159997 0.000159997 0.000159997 0.000159997 0.000159997 0.000159997 0.000159997 0.000159997 0.000159997 0.000159997 0.000159997 0.000159997 0.000159997 0.000159997 0.000159924 0.000159539 0.000159464 0.000159372 0.000159269 0.000159142 0.000158986 0.000158802 0.000158577 0.000158299 0.000157968 0.000157582 0.000157146 0.000156681 0.000156209 0.00015575 0.000155403 0.000155152 0.000155069 0.000155156 0.000155388 0.000155764 0.000156204 0.000156676 0.00015715 0.000157581 0.000157967 0.0001583 0.000158578 0.000158802 0.000158988 0.000159142 0.000159269 0.000159374 0.000159462 0.00015954 0.000159924 0.000159997 0.000159997 0.000159997 0.000159997 0.000159997 0.000159997 0.000159997 0.000159997 0.000159997 0.000159997 0.000159997 0.000159997 0.000159997
0.000159997 0.000159997 0.000159997 0.000159997 0.000159997 0.000159997 0.000159997 0.000159997 0.000159997 0.000159997 0.000159997 0.000159997 0.000159997 0.000159997 0.000159674 0.000159489 0.000159401 0.000159292 0.000159164 0.000159003 0.000158803 0.000158552 0.000158233 0.000157831 0.000157331 0.000156733 0.000156026 0.000155247 0.000154449 0.00015365 0.000153029 0.000152572 0.000152421 0.000152596 0.000153001 0.000153675 0.000154435 0.000155243 0.00015603 0.000156728 0.000157333 0.00015783 0.000158235 0.000158551 0.000158804 0.000159003 0.000159163 0.000159294 0.000159399 0.00015949 0.000159674 0.000159997 0.000159997 0.000159997 0.000159997 0.000159997 0.000159997 0.000159997 0.000159997 0.000159997 0.000159997 0.000159997 0.000159997 0.000159997
0.000159997 0.000159997 0.000159997 0.000159997 0.000159997 0.000159997 0.000159997 0.000159997 0.000159997 0.000159997 0.000159997 0.000159997 0.000159997 0.000159844 0.000159518 0.000159433 0.000159332 0.000159203 0.000159042 0.000158841 0.000158577 0.000158232 0.000157776 0.000157188 0.000156423 0.000155479 0.000154318 0.000152997 0.000151621 0.0001502 0.000149094 0.000148264 0.000147983 0.000148307 0.00014902 0.00015025 0.00015159 0.000152999 0.000154327 0.000155464 0.000156427 0.000157187 0.00015778 0.000158231 0.000158579 0.000158841 0.000159041 0.000159205 0.000159331 0.000159435 0.000159518 0.000159844 0.000159997 0.000159997 0.000159997 0.000159997 0.000159997 0.000159997 0.000159997 0.000159997 0.000159997 0.000159997 0.000159997 0.000159997
0.000159997 0.000159997 0.000159997 0.000159997 0.000159997 0.000159997 0.000159997 0.000159997 0.000159997 0.000159997 0.000159997 0.000159997 0.000159997 0.000159613 0.000159478 0.000159375 0.000159258 0.0001591 0.000158905 0.000158648 0.0001583 0.000157831 0.000157189 0.000156322 0.000155157 0.000153674 0.000151787 0.000149568 0.00014718 0.000144611 0.000142612 0.000141087 0.000140553 0.00014117 0.000142475 0.000144751 0.000147131 0.000149572 0.000151803 0.000153657 0.000155167 0.000156318 0.000157192 0.000157827 0.000158301 0.000158648 0.000158903 0.000159103 0.000159256 0.000159376 0.000159477 0.000159613 0.000159997 0.000159997 0.000159997 0.000159997 0.000159997 0.000159997 0.000159997 0.000159997 0.000159997 0.000159997 0.000159997 0.000159997
0.000159997 0.000159997 0.000159997 0.000159997 0.000159997 0.000159997 0.000159997 0.000159997 0.000159997 0.000159997 0.000159997 0.000159997 0.00015987 0.00015952 0.000159432 0.000159319 0.00015918 0.000158993 0.000158756 0.000158426 0.000157967 0.000157331 0.000156422 0.000155157 0.000153377 0.000151046 0.000147984 0.00014424 0.000140086 0.000135489 0.000131864 0.000129028 0.000128029 0.000129212 0.000131561 0.000135775 0.000139985 0.000144238 0.000148001 0.000151019 0.000153396 0.000155147 0.00015643 0.000157327 0.000157969 0.000158429 0.000158754 0.000158998 0.000159179 0.000159321 0.000159432 0.00015952 0.000159871 0.000159997 0.000159997 0.000159997 0.000159997 0.000159997 0.000159997 0.000159997 0.000159997 0.000159997 0.000159997 0.000159997
0.000159997 0.000159997 0.000159997 0.000159997 0.000159997 0.000159997 0.000159997 0.000159997 0.000159997 0.000159997 0.000159997 0.000159997 0.000159731 0.000159488 0.000159387 0.00015926 0.000159098 0.000158879 0.000158591 0.000158176 0.000157583 0.000156735 0.000155479 0.000153675 0.000151043 0.000147445 0.000142549 0.000136357 0.000129293 0.000121323 0.000115028 0.000110091 0.000108362 0.000110448 0.000114466 0.00012184 0.000129119 0.000136377 0.000142585 0.000147411 0.000151069 0.000153653 0.000155486 0.000156728 0.000157583 0.000158178 0.000158587 0.000158883 0.000159096 0.000159261 0.000159387 0.000159489 0.000159731 0.000159997 0.000159997 0.000159997 0.000159997 0.000159997 0.000159997 0.000159997 0.000159997 0.000159997 0.000159997 0.000159997
0.000159997 0.000159997 0.000159997 0.000159997 0.000159997 0.000159997 0.000159997 0.000159997 0.000159997 0.000159997 0.000159997 0.000159997 0.000159573 0.000159455 0.000159344 0.000159202 0.000159016 0.000158761 0.000158412 0.000157898 0.000157146 0.000156026 0.000154316 0.000151789 0.000147981 0.000142559 0.000134922 0.00012501 0.000113492 0.000100639 9.06182e-05 8.29326e-05 8.02543e-05 8.3514e-05 8.9659e-05 0.000101348 0.000113168 0.000125006 0.00013497 0.000142511 0.000148023 0.00015176 0.000154329 0.000156021 0.000157147 0.000157902 0.000158409 0.000158767 0.000159014 0.000159204 0.000159345 0.000159456 0.000159574 0.000159997 0.000159997 0.000159997 0.000159997 0.000159997 0.000159997 0.000159997 0.000159997 0.000159997 0.000159997 0.000159997
0.000159997 0.000159997 0.000159997 0.000159997 0.000159997 0.000159997 0.000159997 0.000159997 0.000159997 0.000159997 0.000159997 0.000159897 0.00015952 0.000159425 0.000159306 0.000159148 0.00015894 0.000158647 0.000158234 0.000157613 0.000156682 0.00015525 0.000152994 0.000149566 0.00014423 0.000136361 0.000124965 0.00011004 9.286e-05 7.49035e-05 6.16467e-05 5.22767e-05 4.91887e-05 5.29966e-05 6.05874e-05 7.57924e-05 9.25752e-05 0.000110083 0.000125081 0.000136306 0.000144286 0.000149535 0.000153011 0.000155241 0.000156681 0.000157616 0.000158227 0.000158651 0.000158936 0.000159149 0.000159305 0.000159425 0.000159521 0.000159897 0.000159997 0.000159997 0.000159997 0.000159997 0.000159997 0.000159997 0.000159997 0.000159997 0.000159997 0.000159997
0.000159997 0.000159997 0.000159997 0.000159997 0.000159997 0.000159997 0.000159997 0.000159997 0.000159997 0.000159997 0.000159997 0.00015979 0.000159503 0.000159398 0.00015927 0.000159095 0.000158867 0.000158535 0.000158058 0.00015733 0.000156206 0.000154449 0.000151615 0.000147181 0.000140087 0.000129329 0.000113507 9.29524e-05 7.0234e-05 4.90991e-05 3.50908e-05 2.6501e-05 2.38427e-05 2.69821e-05 3.41592e-05 4.97285e-05 6.99515e-05 9.28346e-05 0.000113571 0.000129224 0.000140127 0.00014714 0.000151635 0.000154439 0.000156208 0.000157337 0.000158054 0.000158542 0.000158864 0.000159097 0.00015927 0.0001594 0.000159505 0.00015979 0.000159997 0.000159997 0.000159997 0.000159997 0.000159997 0.000159997 0.000159997 0.000159997 0.000159997 0.000159997
0.000159997 0.000159997 0.000159997 0.000159997 0.000159997 0.000159997 0.000159997 0.000159997 0.000159997 0.000159997 0.000159997 0.000159733 0.000159489 0.00015938 0.000159242 0.000159056 0.000158807 0.00015844 0.000157906 0.000157068 0.000155751 0.000153651 0.000150199 0.000144615 0.000135465 0.000121313 0.000100568 7.48477e-05 4.89097e-05 2.85164e-05 1.70276e-05 1.11086e-05 9.44645e-06 1.13916e-05 1.65402e-05 2.90938e-05 4.89255e-05 7.47779e-05 0.00010076 0.000121229 0.000135541 0.000144569 0.000150217 0.000153638 0.000155747 0.000157071 0.000157898 0.000158444 0.000158802 0.000159057 0.000159241 0.00015938 0.000159489 0.000159733 0.000159997 0.000159997 0.000159997 0.000159997 0.000159997 0.000159997 0.000159997 0.000159997 0.000159997 0.000159997
0.000159997 0.000159997 0.000159997 0.000159997 0.000159997 0.000159997 0.000159997 0.000159997 0.000159997 0.000159997 0.000159997 0.000159673 0.000159475 0.000159364 0.000159217 0.000159023 0.000158757 0.000158362 0.000157782 0.000156862 0.000155399 0.000153026 0.00014909 0.000142628 0.000131876 0.000115079 9.06812e-05 6.18205e-05 3.51741e-05 1.717e-05 8.38279e-06 4.58303e-06 3.64981e-06 4.69991e-06 8.07443e-06 1.73318e-05 3.5039e-05 6.14519e-05 9.07853e-05 0.000114918 0.000131915 0.000142571 0.000149117 0.000153022 0.000155399 0.000156869 0.000157777 0.000158369 0.000158755 0.000159026 0.000159218 0.000159365 0.000159476 0.000159673 0.000159997 0.000159997 0.000159997 0.000159997 0.000159997 0.000159997 0.000159997 0.000159997 0.000159997 0.000159997
0.000159997 0.000159997 0.000159997 0.000159997 0.000159997 0.000159997 0.000159997 0.000159997 0.000159997 0.000159997 0.000159997 0.000159669 0.000159468 0.000159355 0.000159204 0.000159004 0.000158729 0.000158315 0.000157703 0.000156727 0.000155154 0.000152575 0.000148265 0.000141086 0.000129006 0.000110025 8.28009e-05 5.21565e-05 2.6353e-05 1.10526e-05 4.54939e-06 2.2264e-06 1.73693e-06 2.28629e-06 4.45961e-06 1.1268e-05 2.65066e-05 5.20349e-05 8.3144e-05 0.00010994 0.00012908 0.000141047 0.000148294 0.000152566 0.000155149 0.000156729 0.000157693 0.000158319 0.000158725 0.000159006 0.000159203 0.000159354 0.000159468 0.000159668 0.000159997 0.000159997 0.000159997 0.000159997 0.000159997 0.000159997 0.000159997 0.000159997 0.000159997 0.000159997
0.000159997 0.000159997 0.000159997 0.000159997 0.000159997 0.000159997 0.000159997 0.000159997 0.000159997 0.000159997 0.000159997 0.000159667 0.000159465 0.000159351 0.000159199 0.000158996 0.000158717 0.000158295 0.000157674 0.000156679 0.000155066 0.000152418 0.000147984 0.000140559 0.000128049 0.000108423 8.03767e-05 4.93397e-05 2.39774e-05 9.52915e-06 3.68734e-06 1.74465e-06 1.36651e-06 1.7693e-06 3.55097e-06 9.53949e-06 2.38774e-05 4.89114e-05 8.04922e-05 0.000108208 0.000128088 0.000140506 0.000148017 0.000152416 0.000155066 0.000156685 0.000157669 0.000158304 0.000158716 0.000159 0.000159199 0.000159352 0.000159466 0.000159667 0.000159997 0.000159997 0.000159997 0.000159997 0.000159997 0.000159997 0.000159997 0.000159997 0.000159997 0.000159997
0.000159997 0.000159997 0.000159997 0.000159997 0.000159997 0.000159997 0.000159997 0.000159997 0.000159997 0.000159997 0.000159997 0.000159669 0.000159467 0.000159355 0.000159204 0.000159004 0.000158728 0.000158313 0.000157707 0.00015673 0.000155161 0.000152599 0.000148307 0.000141158 0.00012919 0.000110395 8.34188e-05 5.28298e-05 2.68751e-05 1.12895e-05 4.68368e-06 2.25953e-06 1.77922e-06 2.31887e-06 4.5881e-06 1.14966e-05 2.70362e-05 5.27101e-05 8.37518e-05 0.000110314 0.000129269 0.000141115 0.000148337 0.00015259 0.000155155 0.000156733 0.000157698 0.000158318 0.000158724 0.000159006 0.000159203 0.000159354 0.000159468 0.000159668 0.000159997 0.000159997 0.000159997 0.000159997 0.000159997 0.000159997 0.000159997 0.000159997 0.000159997 0.000159997
0.000159997 0.000159997 0.000159997 0.000159997 0.000159997 0.000159997 0.000159997 0.000159997 0.000159997 0.000159997 0.000159997 0.000159673 0.000159476 0.000159364 0.000159219 0.000159023 0.000158758 0.000158361 0.000157782 0.000156857 0.000155387 0.000152998 0.000149021 0.000142469 0.000131587 0.000114499 8.9769e-05 6.06771e-05 3.43322e-05 1.65789e-05 8.16764e-06 4.43862e-06 3.58655e-06 4.5267e-06 7.85589e-06 1.67539e-05 3.41761e-05 6.0305e-05 8.98889e-05 0.000114335 0.000131626 0.000142414 0.000149045 0.000152993 0.000155387 0.000156865 0.000157777 0.000158369 0.000158756 0.000159027 0.000159219 0.000159365 0.000159478 0.000159674 0.000159997 0.000159997 0.000159997 0.000159997 0.000159997 0.000159997 0.000159997 0.000159997 0.000159997 0.000159997
0.000159997 0.000159997 0.000159997 0.000159997 0.000159997 0.000159997 0.000159997 0.000159997 0.000159997 0.000159997 0.000159997 0.000159732 0.000159488 0.000159379 0.000159241 0.000159054 0.000158806 0.000158439 0.000157905 0.000157074 0.000155767 0.000153676 0.000150254 0.000144741 0.000135768 0.000121797 0.000101316 7.5657e-05 4.96896e-05 2.89195e-05 1.7366e-05 1.1168e-05 9.62129e-06 1.14411e-05 1.68936e-05 2.94712e-05 4.97249e-05 7.55881e-05 0.000101506 0.000121718 0.000135839 0.000144699 0.000150271 0.000153663 0.000155763 0.000157077 0.000157897 0.000158444 0.000158801 0.000159055 0.00015924 0.000159379 0.000159489 0.000159732 0.000159997 0.000159997 0.000159997 0.000159997 0.000159997 0.000159997 0.000159997 0.000159997 0.000159997 0.000159997
0.000159997 0.000159997 0.000159997 0.000159997 0.000159997 0.000159997 0.000159997 0.000159997 0.000159997 0.000159997 0.000159997 0.000159791 0.000159503 0.0001594 0.00015927 0.000159097 0.000158868 0.000158536 0.000158059 0.000157329 0.000156203 0.000154433 0.000151592 0.000147128 0.000139997 0.000129121 0.000113228 9.25997e-05 7.0106e-05 4.88858e-05 3.52129e-05 2.63908e-05 2.40095e-05 2.68911e-05 3.42604e-05 4.95369e-05 6.98077e-05 9.24866e-05 0.000113297 0.000129009 0.000140043 0.000147084 0.000151611 0.000154424 0.000156204 0.000157335 0.000158054 0.000158543 0.000158865 0.000159099 0.00015927 0.000159401 0.000159505 0.000159791 0.000159997 0.000159997 0.000159997 0.000159997 0.000159997 0.000159997 0.000159997 0.000159997 0.000159997 0.000159997
0.000159997 0.000159997 0.000159997 0.000159997 0.000159997 0.000159997 0.000159997 0.000159997 0.000159997 0.000159997 0.000159997 0.000159897 0.00015952 0.000159425 0.000159305 0.000159146 0.000158939 0.000158645 0.000158232 0.000157611 0.000156678 0.000155244 0.000153002 0.000149571 0.000144241 0.000136349 0.000124997 0.000110016 9.28632e-05 7.46406e-05 6.15442e-05 5.18693e-05 4.90608e-05 5.25882e-05 6.04808e-05 7.553e-05 9.25767e-05 0.000110057 0.000125112 0.0001363 0.000144293 0.000149539 0.000153019 0.000155235 0.000156676 0.000157614 0.000158226 0.000158649 0.000158935 0.000159147 0.000159304 0.000159425 0.00015952 0.000159897 0.000159997 0.000159997 0.000159997 0.000159997 0.000159997 0.000159997 0.000159997 0.000159997 0.000159997 0.000159997
0.000159997 0.000159997 0.000159997 0.000159997 0.000159997 0.000159997 0.000159997 0.000159997 0.000159997 0.000159997 0.000159997 0.000159997 0.000159574 0.000159455 0.000159344 0.000159201 0.000159017 0.000158761 0.000158413 0.0001579 0.000157149 0.000156029 0.000154328 0.000151804 0.000148007 0.000142581 0.000134991 0.000125072 0.000113628 0.000100737 9.08914e-05 8.30526e-05 8.0612e-05 8.36204e-05 8.99507e-05 0.000101427 0.000113311 0.000125069 0.000135038 0.000142533 0.000148046 0.000151775 0.000154342 0.000156024 0.000157151 0.000157904 0.000158409 0.000158767 0.000159014 0.000159203 0.000159345 0.000159456 0.000159574 0.000159997 0.000159997 0.000159997 0.000159997 0.000159997 0.000159997 0.000159997 0.000159997 0.000159997 0.000159997 0.000159997
0.000159997 0.000159997 0.000159997 0.000159997 0.000159997 0.000159997 0.000159997 0.000159997 0.000159997 0.000159997 0.000159997 0.000159997 0.000159731 0.000159489 0.000159388 0.000159261 0.000159099 0.00015888 0.000158591 0.000158175 0.000157582 0.000156729 0.000155466 0.000153657 0.000151022 0.000147407 0.000142507 0.000136283 0.000129222 0.000121183 0.000114959 0.000109883 0.000108268 0.000110251 0.000114379 0.000121708 0.000129049 0.000136298 0.000142543 0.000147373 0.000151049 0.000153635 0.000155474 0.000156722 0.000157582 0.000158177 0.000158587 0.000158883 0.000159097 0.000159261 0.000159387 0.000159489 0.000159731 0.000159997 0.000159997 0.000159997 0.000159997 0.000159997 0.000159997 0.000159997 0.000159997 0.000159997 0.000159997 0.000159997
0.000159997 0.000159997 0.000159997 0.000159997 0.000159997 0.000159997 0.000159997 0.000159997 0.000159997 0.000159997 0.000159997 0.000159997 0.00015987 0.00015952 0.000159431 0.000159317 0.000159179 0.00015899 0.000158754 0.000158427 0.000157967 0.000157332 0.000156427 0.000155168 0.0001534 0.000151072 0.000148027 0.000144285 0.000140143 0.000135532 0.000131938 0.000129065 0.000128108 0.00012924 0.000131641 0.000135817 0.000140039 0.000144286 0.000148045 0.000151046 0.000153418 0.000155158 0.000156434 0.000157327 0.000157968 0.000158429 0.000158752 0.000158995 0.000159178 0.000159318 0.00015943 0.00015952 0.00015987 0.000159997 0.000159997 0.000159997 0.000159997 0.000159997 0.000159997 0.000159997 0.000159997 0.000159997 0.000159997 0.000159997
0.000159997 0.000159997 0.000159997 0.000159997 0.000159997 0.000159997 0.000159997 0.000159997 0.000159997 0.000159997 0.000159997 0.000159997 0.000159997 0.000159614 0.000159477 0.000159377 0.000159259 0.000159101 0.000158907 0.000158651 0.0001583 0.00015783 0.000157187 0.000156319 0.000155148 0.000153653 0.000151761 0.000149532 0.000147135 0.000144562 0.000142569 0.00014103 0.000140512 0.000141119 0.000142427 0.000144701 0.000147087 0.000149539 0.000151777 0.000153635 0.000155158 0.000156315 0.00015719 0.000157826 0.0001583 0.000158651 0.000158904 0.000159104 0.000159257 0.000159378 0.000159476 0.000159614 0.000159997 0.000159997 0.000159997 0.000159997 0.000159997 0.000159997 0.000159997 0.000159997 0.000159997 0.000159997 0.000159997 0.000159997
0.000159997 0.000159997 0.000159997 0.000159997 0.000159997 0.000159997 0.000159997 0.000159997 0.000159997 0.000159997 0.000159997 0.000159997 0.000159997 0.000159844 0.000159518 0.000159433 0.00015933 0.000159201 0.000159042 0.000158839 0.000158577 0.000158234 0.000157779 0.000157192 0.000156429 0.000155489 0.000154332 0.000153014 0.000151636 0.00015022 0.000149115 0.000148296 0.000148018 0.000148337 0.000149044 0.000150271 0.000151607 0.000153016 0.000154338 0.000155474 0.000156433 0.000157191 0.000157783 0.000158233 0.000158579 0.000158839 0.000159041 0.000159204 0.00015933 0.000159435 0.000159518 0.000159844 0.000159997 0.000159997 0.000159997 0.000159997 0.000159997 0.000159997 0.000159997 0.000159997 0.000159997 0.000159997 0.000159997 0.000159997
0.000159997 0.000159997 0.000159997 0.000159997 0.000159997 0.000159997 0.000159997 0.000159997 0.000159997 0.000159997 0.000159997 0.000159997 0.000159997 0.000159997 0.000159674 0.000159486 0.000159399 0.000159292 0.000159163 0.000159002 0.000158801 0.000158551 0.000158231 0.000157827 0.000157326 0.000156729 0.000156019 0.000155242 0.000154437 0.000153639 0.000153019 0.00015257 0.000152413 0.000152593 0.000152991 0.000153665 0.000154424 0.000155237 0.000156024 0.000156724 0.000157328 0.000157826 0.000158233 0.000158551 0.000158803 0.000159002 0.000159162 0.000159294 0.000159398 0.000159489 0.000159674 0.000159997 0.000159997 0.000159997 0.000159997 0.000159997 0.000159997 0.000159997 0.000159997 0.000159997 0.000159997 0.000159997 0.000159997 0.000159997
0.000159997 0.000159997 0.000159997 0.000159997 0.000159997 0.000159997 0.000159997 0.000159997 0.000159997 0.000159997 0.000159997 0.000159997 0.000159997 0.000159997 0.000159924 0.00015954 0.000159464 0.000159374 0.000159269 0.000159142 0.000158988 0.000158804 0.000158578 0.000158301 0.000157968 0.000157584 0.000157146 0.000156683 0.000156207 0.00015575 0.000155398 0.000155152 0.000155063 0.000155157 0.000155383 0.000155764 0.000156202 0.000156678 0.00015715 0.000157584 0.000157968 0.000158301 0.000158579 0.000158803 0.00015899 0.000159143 0.000159269 0.000159376 0.000159463 0.00015954 0.000159924 0.000159997 0.000159997 0.000159997 0.000159997 0.000159997 0.000159997 0.000159997 0.000159997 0.000159997 0.000159997 0.000159997 0.000159997 0.000159997
0.000159997 0.000159997 0.000159997 0.000159997 0.000159997 0.000159997 0.000159997 0.000159997 0.000159997 0.000159997 0.000159997 0.000159997 0.000159997 0.000159997 0.000159997 0.000159817 0.000159522 0.000159446 0.00015936 0.000159261 0.000159142 0.000159004 0.00015884 0.000158649 0.000158428 0.000158179 0.000157901 0.000157617 0.000157335 0.000157073 0.000156867 0.000156732 0.000156683 0.000156734 0.000156862 0.000157079 0.000157334 0.000157616 0.000157904 0.000158178 0.000158429 0.000158651 0.000158839 0.000159002 0.000159143 0.000159261 0.00015936 0.000159449 0.000159521 0.000159818 0.000159997 0.000159997 0.000159997 0.000159997 0.000159997 0.000159997 0.000159997 0.000159997 0.000159997 0.000159997 0.000159997 0.000159997 0.000159997 0.000159997
0.000159997 0.000159997 0.000159997 0.000159997 0.000159997 0.000159997 0.000159997 0.000159997 0.000159997 0.000159997 0.000159997 0.000159997 0.000159997 0.000159997 0.000159997 0.000159997 0.000159736 0.000159511 0.00015944 0.000159361 0.000159268 0.000159163 0.00015904 0.000158903 0.000158753 0.000158588 0.000158408 0.000158229 0.000158052 0.000157899 0.000157775 0.000157695 0.000157667 0.0001577 0.000157775 0.000157899 0.000158053 0.000158228 0.000158409 0.000158588 0.000158752 0.000158905 0.000159041 0.000159163 0.000159269 0.000159361 0.000159441 0.000159513 0.000159735 0.000159997 0.000159997 0.000159997 0.000159997 0.000159997 0.000159997 0.000159997 0.000159997 0.000159997 0.000159997 0.000159997 0.000159997 0.000159997 0.000159997 0.000159997
0.000159997 0.000159997 0.000159997 0.000159997 0.000159997 0.000159997 0.000159997 0.000159997 0.000159997 0.000159997 0.000159997 0.000159997 0.000159997 0.000159997 0.000159997 0.000159997 0.000159997 0.000159734 0.000159512 0.000159449 0.000159374 0.000159294 0.000159205 0.000159104 0.000158998 0.000158884 0.000158766 0.000158652 0.000158541 0.000158446 0.000158368 0.00015832 0.000158302 0.000158319 0.000158367 0.000158446 0.000158542 0.000158651 0.000158766 0.000158884 0.000158995 0.000159105 0.000159204 0.000159294 0.000159376 0.000159449 0.000159513 0.000159734 0.000159997 0.000159997 0.000159997 0.000159997 0.000159997 0.000159997 0.000159997 0.000159997 0.000159997 0.000159997 0.000159997 0.000159997 0.000159997 0.000159997 0.000159997 0.000159997
0.000159997 0.000159997 0.000159997 0.000159997 0.000159997 0.000159997 0.000159997 0.000159997 0.000159997 0.000159997 0.000159997 0.000159997 0.000159997 0.000159997 0.000159997 0.000159997 0.000159997 0.000159997 0.000159736 0.000159521 0.000159462 0.000159399 0.00015933 0.000159256 0.000159178 0.000159096 0.000159013 0.000158937 0.000158863 0.000158803 0.000158753 0.000158726 0.000158714 0.000158725 0.000158755 0.000158803 0.000158864 0.000158936 0.000159014 0.000159097 0.000159178 0.000159257 0.000159329 0.000159398 0.000159463 0.000159521 0.000159735 0.000159997 0.000159997 0.000159997 0.000159997 0.000159997 0.000159997 0.000159997 0.000159997 0.000159997 0.000159997 0.000159997 0.000159997 0.000159997 0.000159997 0.000159997 0.000159997 0.000159997
0.000159997 0.000159997 0.000159997 0.000159997 0.000159997 0.000159997 0.000159997 0.000159997 0.000159997 0.000159997 0.000159997 0.000159997 0.000159997 0.000159997 0.000159997 0.000159997 0.000159997 0.000159997 0.000159997 0.000159818 0.00015954 0.00015949 0.000159435 0.000159377 0.00015932 0.000159262 0.000159204 0.000159149 0.000159097 0.000159058 0.000159025 0.000159006 0.000158999 0.000159007 0.000159026 0.000159056 0.000159099 0.000159148 0.000159203 0.000159262 0.000159318 0.000159379 0.000159435 0.000159489 0.00015954 0.000159818 0.000159997 0.000159997 0.000159997 0.000159997 0.000159997 0.000159997 0.000159997 0.000159997 0.000159997 0.000159997 0.000159997 0.000159997 0.000159997 0.000159997 0.000159997 0.000159997 0.000159997 0.000159997
0.000159997 0.000159997 0.000159997 0.000159997 0.000159997 0.000159997 0.000159997 0.000159997 0.000159997 0.000159997 0.000159997 0.000159997 0.000159997 0.000159997 0.000159997 0.000159997 0.000159997 0.000159997 0.000159997 0.000159997 0.000159924 0.000159674 0.000159518 0.000159477 0.000159431 0.000159387 0.000159344 0.000159305 0.00015927 0.000159242 0.000159217 0.000159204 0.000159198 0.000159203 0.000159219 0.000159241 0.00015927 0.000159305 0.000159344 0.000159388 0.00015943 0.000159476 0.000159518 0.000159674 0.000159924 0.000159997 0.000159997 0.000159997 0.000159997 0.000159997 0.000159997 0.000159997 0.000159997 0.000159997 0.000159997 0.000159997 0.000159997 0.000159997 0.000159997 0.000159997 0.000159997 0.000159997 0.000159997 0.000159997
0.000159997 0.000159997 0.000159997 0.000159997 0.000159997 0.000159997 0.000159997 0.000159997 0.000159997 0.000159997 0.000159997 0.000159997 0.000159997 0.000159997 0.000159997 0.000159997 0.000159997 0.000159997 0.000159997 0.000159997 0.000159997 0.000159997 0.000159844 0.000159613 0.000159519 0.000159489 0.000159456 0.000159425 0.000159399 0.000159381 0.000159364 0.000159355 0.000159351 0.000159355 0.000159365 0.000159379 0.000159401 0.000159425 0.000159455 0.000159489 0.000159519 0.000159614 0.000159844 0.000159997 0.000159997 0.000159997 0.000159997 0.000159997 0.000159997 0.000159997 0.000159997 0.000159997 0.000159997 0.000159997 0.000159997 0.000159997 0.000159997 0.000159997 0.000159997 0.000159997 0.000159997 0.000159997 0.000159997 0.000159997
0.000159997 0.000159997 0.000159997 0.000159997 0.000159997 0.000159997 0.000159997 0.000159997 0.000159997 0.000159997 0.000159997 0.000159997 0.000159997 0.000159997 0.000159997 0.000159997 0.000159997 0.000159997 0.000159997 0.000159997 0.000159997 0.000159997 0.000159997 0.000159997 0.000159871 0.000159731 0.000159574 0.000159521 0.000159505 0.00015949 0.000159476 0.000159469 0.000159465 0.000159468 0.000159477 0.000159489 0.000159505 0.000159521 0.000159574 0.000159731 0.00015987 0.000159997 0.000159997 0.000159997 0.000159997 0.000159997 0.000159997 0.000159997 0.000159997 0.000159997 0.000159997 0.000159997 0.000159997 0.000159997 0.000159997 0.000159997 0.000159997 0.000159997 0.000159997 0.000159997 0.000159997 0.000159997 0.000159997 0.000159997
0.000159997 0.000159997 0.000159997 0.000159997 0.000159997 0.000159997 0.000159997 0.000159997 0.000159997 0.000159997 0.000159997 0.000159997 0.000159997 0.000159997 0.000159997 0.000159997 0.000159997 0.000159997 0.000159997 0.000159997 0.000159997 0.000159997 0.000159997 0.000159997 0.000159997 0.000159997 0.000159997 0.000159897 0.00015979 0.000159733 0.000159672 0.000159669 0.000159667 0.000159668 0.000159673 0.000159732 0.000159791 0.000159897 0.000159997 0.000159997 0.000159997 0.000159997 0.000159997 0.000159997 0.000159997 0.000159997 0.000159997 0.000159997 0.000159997 0.000159997 0.000159997 0.000159997 0.000159997 0.000159997 0.000159997 0.000159997 0.000159997 0.000159997 0.000159997 0.000159997 0.000159997 0.000159997 0.000159997 0.000159997
0.000159997 0.000159997 0.000159997 0.000159997 0.000159997 0.000159997 0.000159997 0.000159997 0.000159997 0.000159997 0.000159997 0.000159997 0.000159997 0.000159997 0.000159997 0.000159997 0.000159997 0.000159997 0.000159997 0.000159997 0.000159997 0.000159997 0.000159997 0.000159997 0.000159997 0.000159997 0.000159997 0.000159997 0.000159997 0.000159997 0.000159997 0.000159997 0.000159997 0.000159997 0.000159997 0.000159997 0.000159997 0.000159997 0.000159997 0.000159997 0.000159997 0.000159997 0.000159997 0.000159997 0.000159997 0.000159997 0.000159997 0.000159997 0.000159997 0.000159997 0.000159997 0.000159997 0.000159997 0.000159997 0.000159997 0.000159997 0.000159997 0.000159997 0.000159997 0.000159997 0.000159997 0.000159997 0.000159997 0.000159997
0.000159997 0.000159997 0.000159997 0.000159997 0.000159997 0.000159997 0.000159997 0.000159997 0.000159997 0.000159997 0.000159997 0.000159997 0.000159997 0.000159997 0.000159997 0.000159997 0.000159997 0.000159997 0.000159997 0.000159997 0.000159997 0.000159997 0.000159997 0.000159997 0.000159997 0.000159997 0.000159997 0.000159997 0.000159997 0.000159997 0.000159997 0.000159997 0.000159997 0.000159997 0.000159997 0.000159997 0.000159997 0.000159997 0.000159997 0.000159997 0.000159997 0.000159997 0.000159997 0.000159997 0.000159997 0.000159997 0.000159997 0.000159997 0.000159997 0.000159997 0.000159997 0.000159997 0.000159997 0.000159997 0.000159997 0.000159997 0.000159997 0.000159997 0.000159997 0.000159997 0.000159997 0.000159997 0.000159997 0.000159997
0.000159997 0.000159997 0.000159997 0.000159997 0.000159997 0.000159997 0.000159997 0.000159997 0.000159997 0.000159997 0.000159997 0.000159997 0.000159997 0.000159997 0.000159997 0.000159997 0.000159997 0.000159997 0.000159997 0.000159997 0.000159997 0.000159997 0.000159997 0.000159997 0.000159997 0.000159997 0.000159997 0.000159997 0.000159997 0.000159997 0.000159997 0.000159997 0.000159997 0.000159997 0.000159997 0.000159997 0.000159997 0.000159997 0.000159997 0.000159997 0.000159997 0.000159997 0.000159997 0.000159997 0.000159997 0.000159997 0.000159997 0.000159997 0.000159997 0.000159997 0.000159997 0.000159997 0.000159997 0.000159997 0.000159997 0.000159997 0.000159997 0.000159997 0.000159997 0.000159997 0.000159997 0.000159997 0.000159997 0.000159997
0.000159997 0.000159997 0.000159997 0.000159997 0.000159997 0.000159997 0.000159997 0.000159997 0.000159997 0.000159997 0.000159997 0.000159997 0.000159997 0.000159997 0.000159997 0.000159997 0.000159997 0.000159997 0.000159997 0.000159997 0.000159997 0.000159997 0.000159997 0.000159997 0.000159997 0.000159997 0.000159997 0.000159997 0.000159997 0.000159997 0.000159997 0.000159997 0.000159997 0.000159997 0.000159997 0.000159997 0.000159997 0.000159997 0.000159997 0.000159997 0.000159997 0.000159997 0.000159997 0.000159997 0.000159997 0.000159997 0.000159997 0.000159997 0.000159997 0.000159997 0.000159997 0.000159997 0.000159997 0.000159997 0.000159997 0.000159997 0.000159997 0.000159997 0.000159997 0.000159997 0.000159997 0.000159997 0.000159997 0.000159997
0.000159997 0.000159997 0.000159997 0.000159997 0.000159997 0.000159997 0.000159997 0.000159997 0.000159997 0.000159997 0.000159997 0.000159997 0.000159997 0.000159997 0.000159997 0.000159997 0.000159997 0.000159997 0.000159997 0.000159997 0.000159997 0.000159997 0.000159997 0.000159997 0.000159997 0.000159997 0.000159997 0.000159997 0.000159997 0.000159997 0.000159997 0.000159997 0.000159997 0.000159997 0.000159997 0.000159997 0.000159997 0.000159997 0.000159997 0.000159997 0.000159997 0.000159997 0.000159997 0.000159997 0.000159997 0.000159997 0.000159997 0.000159997 0.000159997 0.000159997 0.000159997 0.000159997 0.000159997 0.000159997 0.000159997 0.000159997 0.000159997 0.000159997 0.000159997 0.000159997 0.000159997 0.000159997 0.000159997 0.000159997
0.000159997 0.000159997 0.000159997 0.000159997 0.000159997 0.000159997 0.000159997 0.000159997 0.000159997 0.000159997 0.000159997 0.000159997 0.000159997 0.000159997 0.000159997 0.000159997 0.000159997 0.000159997 0.000159997 0.000159997 0.000159997 0.000159997 0.000159997 0.000159997 0.000159997 0.000159997 0.000159997 0.000159997 0.000159997 0.000159997 0.000159997 0.000159997 0.000159997 0.000159997 0.000159997 0.000159997 0.000159997 0.000159997 0.000159997 0.000159997 0.000159997 0.000159997 0.000159997 0.000159997 0.000159997 0.000159997 0.000159997 0.000159997 0.000159997 0.000159997 0.000159997 0.000159997 0.000159997 0.000159997 0.000159997 0.000159997 0.000159997 0.000159997 0.000159997 0.000159997 0.000159997 0.000159997 0.000159997 0.000159997
0.000159997 0.000159997 0.000159997 0.000159997 0.000159997 0.000159997 0.000159997 0.000159997 0.000159997 0.000159997 0.000159997 0.000159997 0.000159997 0.000159997 0.000159997 0.000159997 0.000159997 0.000159997 0.000159997 0.000159997 0.000159997 0.000159997 0.000159997 0.000159997 0.000159997 0.000159997 0.000159997 0.000159997 0.000159997 0.000159997 0.000159997 0.000159997 0.000159997 0.000159997 0.000159997 0.000159997 0.000159997 0.000159997 0.000159997 0.000159997 0.000159997 0.000159997 0.000159997 0.000159997 0.000159997 0.000159997 0.000159997 0.000159997 0.000159997 0.000159997 0.000159997 0.000159997 0.000159997 0.000159997 0.000159997 0.000159997 0.000159997 0.000159997 0.000159997 0.000159997 0.000159997 0.000159997 0.000159997 0.000159997
0.000159997 0.000159997 0.000159997 0.000159997 0.000159997 0.000159997 0.000159997 0.000159997 0.000159997 0.000159997 0.000159997 0.000159997 0.000159997 0.000159997 0.000159997 0.000159997 0.000159997 0.000159997 0.000159997 0.000159997 0.000159997 0.000159997 0.000159997 0.000159997 0.000159997 0.000159997 0.000159997 0.000159997 0.000159997 0.000159997 0.000159997 0.000159997 0.000159997 0.000159997 0.000159997 0.000159997 0.000159997 0.000159997 0.000159997 0.000159997 0.000159997 0.000159997 0.000159997 0.000159997 0.000159997 0.000159997 0.000159997 0.000159997 0.000159997 0.000159997 0.000159997 0.000159997 0.000159997 0.000159997 0.000159997 0.000159997 0.000159997 0.000159997 0.000159997 0.000159997 0.000159997 0.000159997 0.000159997 0.000159997
0.000159997 0.000159997 0.000159997 0.000159997 0.000159997 0.000159997 0.000159997 0.000159997 0.000159997 0.000159997 0.000159997 0.000159997 0.000159997 0.000159997 0.000159997 0.000159997 0.000159997 0.000159997 0.000159997 0.000159997 0.000159997 0.000159997 0.000159997 0.000159997 0.000159997 0.000159997 0.000159997 0.000159997 0.000159997 0.000159997 0.000159997 0.000159997 0.000159997 0.000159997 0.000159997 0.000159997 0.000159997 0.000159997 0.000159997 0.000159997 0.000159997 0.000159997 0.000159997 0.000159997 0.000159997 0.000159997 0.000159997 0.000159997 0.000159997 0.000159997 0.000159997 0.000159997 0.000159997 0.000159997 0.000159997 0.000159997 0.000159997 0.000159997 0.000159997 0.000159997 0.000159997 0.000159997 0.000159997 0.000159997
0.000159997 0.000159997 0.000159997 0.000159997 0.000159997 0.000159997 0.000159997 0.000159997 0.000159997 0.000159997 0.000159997 0.000159997 0.000159997 0.000159997 0.000159997 0.000159997 0.000159997 0.000159997 0.000159997 0.000159997 0.000159997 0.000159997 0.000159997 0.000159997 0.000159997 0.000159997 0.000159997 0.000159997 0.000159997 0.000159997 0.000159997 0.000159997 0.000159997 0.000159997 0.000159997 0.000159997 0.000159997 0.000159997 0.000159997 0.000159997 0.000159997 0.000159997 0.000159997 0.000159997 0.000159997 0.000159997 0.000159997 0.000159997 0.000159997 0.000159997 0.000159997 0.000159997 0.000159997 0.000159997 0.000159997 0.000159997 0.000159997 0.000159997 0.000159997 0.000159997 0.000159997 0.000159997 0.000159997 0.000159997
@ u_xCI 64 64
2.8208e-09 2.83061e-09 2.8296e-09 2.83643e-09 2.83545e-09 2.83955e-09 2.83819e-09 2.83965e-09 2.83547e-09 2.83757e-09 2.82792e-09 2.83007e-09 2.821e-09 2.82496e-09 2.84001e-09 2.8597e-09 2.86554e-09 2.87638e-09 2.87816e-09 2.88687e-09 2.88669e-09 2.89276e-09 2.89552e-09 2.90738e-09 2.90782e-09 2.91222e-09 2.90429e-09 2.90313e-09 2.89209e-09 2.89148e-09 2.89147e-09 2.89338e-09 2.89391e-09 2.89337e-09 2.89147e-09 2.88911e-09 2.89019e-09 2.89722e-09 2.90505e-09 2.90879e-09 2.90791e-09 2.90388e-09 2.89543e-09 2.88893e-09 2.8868e-09 2.88336e-09 2.87863e-09 2.87334e-09 2.86565e-09 2.8563e-09 2.8397e-09 2.8211e-09 2.82194e-09 2.82365e-09 2.83034e-09 2.83297e-09 2.83406e-09 2.83778e-09 2.8359e-09 2.8373e-09 2.83442e-09 2.83213e-09 2.83018e-09 2.82532e-09
2.82673e-09 2.83656e-09 2.83577e-09 2.84316e-09 2.84268e-09 2.8474e-09 2.84649e-09 2.84881e-09 2.84535e-09 2.84847e-09 2.84124e-09 2.84369e-09 2.83122e-09 2.83613e-09 2.85368e-09 2.86948e-09 2.87491e-09 2.88623e-09 2.88817e-09 2.8977e-09 2.89834e-09 2.90505e-09 2.91037e-09 2.92365e-09 2.92613e-09 2.9315e-09 2.92729e-09 2.92701e-09 2.91381e-09 2.90718e-09 2.8971e-09 2.89588e-09 2.89585e-09 2.89554e-09 2.89734e-09 2.90612e-09 2.91873e-09 2.92746e-09 2.93089e-09 2.93145e-09 2.92904e-09 2.92344e-09 2.91299e-09 2.90457e-09 2.90123e-09 2.89732e-09 2.89173e-09 2.88638e-09 2.87851e-09 2.87031e-09 2.85582e-09 2.83367e-09 2.83943e-09 2.84057e-09 2.84583e-09 2.84801e-09 2.84841e-09 2.85037e-09 2.84821e-09 2.84905e-09 2.84607e-09 2.84319e-09 2.84034e-09 2.83496e-09
2.82958e-09 2.83989e-09 2.83973e-09 2.84789e-09 2.84782e-09 2.85253e-09 2.85234e-09 2.85574e-09 2.853e-09 2.85673e-09 2.85074e-09 2.85373e-09 2.84444e-09 2.84979e-09 2.86596e-09 2.88011e-09 2.88563e-09 2.89314e-09 2.89594e-09 2.907e-09 2.91058e-09 2.92297e-09 2.93302e-09 2.94654e-09 2.95035e-09 2.95641e-09 2.95417e-09 2.9549e-09 2.94553e-09 2.93872e-09 2.92083e-09 2.91288e-09 2.90688e-09 2.90918e-09 2.91982e-09 2.9349e-09 2.946e-09 2.95185e-09 2.95411e-09 2.95351e-09 2.95011e-09 2.94351e-09 2.93251e-09 2.91946e-09 2.91022e-09 2.9034e-09 2.89614e-09 2.89143e-09 2.88296e-09 2.87803e-09 2.86674e-09 2.84367e-09 2.84738e-09 2.84829e-09 2.85188e-09 2.85271e-09 2.85228e-09 2.85331e-09 2.85081e-09 2.85048e-09 2.84667e-09 2.84347e-09 2.84026e-09 2.83441e-09
2.83215e-09 2.84312e-09 2.8435e-09 2.85218e-09 2.85276e-09 2.85772e-09 2.85799e-09 2.86202e-09 2.85982e-09 2.8639e-09 2.85902e-09 2.86247e-09 2.85457e-09 2.86998e-09 2.88681e-09 2.90002e-09 2.90674e-09 2.91079e-09 2.91843e-09 2.92948e-09 2.9345e-09 2.95131e-09 2.96361e-09 2.9757e-09 2.979e-09 2.98493e-09 2.9835e-09 2.9851e-09 2.97849e-09 2.9754e-09 2.96268e-09 2.95612e-09 2.94845e-09 2.95669e-09 2.96733e-09 2.97573e-09 2.98169e-09 2.98532e-09 2.98641e-09 2.98512e-09 2.9819e-09 2.97584e-09 2.96625e-09 2.95111e-09 2.93764e-09 2.92908e-09 2.91858e-09 2.91581e-09 2.90742e-09 2.90011e-09 2.89035e-09 2.8682e-09 2.86039e-09 2.86069e-09 2.86311e-09 2.86352e-09 2.86292e-09 2.8631e-09 2.85986e-09 2.85924e-09 2.85548e-09 2.85213e-09 2.84825e-09 2.84184e-09
2.83553e-09 2.84703e-09 2.84778e-09 2.85638e-09 2.85765e-09 2.86311e-09 2.86369e-09 2.86824e-09 2.8667e-09 2.8707e-09 2.86629e-09 2.87006e-09 2.86339e-09 2.88134e-09 2.89899e-09 2.91336e-09 2.92376e-09 2.93476e-09 2.94718e-09 2.95734e-09 2.96174e-09 2.97683e-09 2.98403e-09 2.99552e-09 2.99865e-09 3.00498e-09 3.00376e-09 3.00665e-09 3.00328e-09 3.0057e-09 3.00287e-09 3.00845e-09 3.00779e-09 3.00966e-09 3.00419e-09 3.00316e-09 3.00353e-09 3.00398e-09 3.00394e-09 3.0023e-09 2.99876e-09 2.9928e-09 2.98498e-09 2.97165e-09 2.96123e-09 2.95666e-09 2.94387e-09 2.93493e-09 2.92186e-09 2.91036e-09 2.89939e-09 2.87692e-09 2.86536e-09 2.86528e-09 2.8672e-09 2.86709e-09 2.86597e-09 2.86578e-09 2.86224e-09 2.8609e-09 2.85672e-09 2.85279e-09 2.84835e-09 2.84158e-09
2.83528e-09 2.84738e-09 2.8489e-09 2.85771e-09 2.85961e-09 2.86571e-09 2.86685e-09 2.87206e-09 2.87133e-09 2.87579e-09 2.87229e-09 2.87663e-09 2.87068e-09 2.889e-09 2.90819e-09 2.92506e-09 2.93924e-09 2.95388e-09 2.96753e-09 2.97915e-09 2.98944e-09 3.00674e-09 3.00838e-09 3.01978e-09 3.01867e-09 3.02522e-09 3.02621e-09 3.03584e-09 3.04103e-09 3.0516e-09 3.06e-09 3.07554e-09 3.07707e-09 3.07496e-09 3.06044e-09 3.05257e-09 3.04355e-09 3.03552e-09 3.02892e-09 3.02538e-09 3.02245e-09 3.0165e-09 3.01486e-09 3.00549e-09 2.99101e-09 2.9807e-09 2.96831e-09 2.95651e-09 2.94044e-09 2.92523e-09 2.9114e-09 2.88779e-09 2.87539e-09 2.87486e-09 2.87615e-09 2.87548e-09 2.8738e-09 2.87298e-09 2.86901e-09 2.86708e-09 2.86239e-09 2.85772e-09 2.85283e-09 2.84625e-09
2.83804e-09 2.85001e-09 2.85232e-09 2.86156e-09 2.86368e-09 2.8704e-09 2.87191e-09 2.87716e-09 2.87687e-09 2.88155e-09 2.87864e-09 2.88311e-09 2.88002e-09 2.90997e-09 2.92838e-09 2.95034e-09 2.96768e-09 2.98374e-09 2.99441e-09 3.0055e-09 3.01649e-09 3.03453e-09 3.03874e-09 3.05019e-09 3.04539e-09 3.05262e-09 3.05712e-09 3.06856e-09 3.07647e-09 3.09384e-09 3.10804e-09 3.1209e-09 3.12072e-09 3.1207e-09 3.10732e-09 3.0946e-09 3.07737e-09 3.06688e-09 3.05568e-09 3.0479e-09 3.05002e-09 3.04385e-09 3.04067e-09 3.03073e-09 3.01584e-09 3.00397e-09 2.99251e-09 2.98321e-09 2.96621e-09 2.9478e-09 2.92856e-09 2.90602e-09 2.88174e-09 2.87873e-09 2.8794e-09 2.87836e-09 2.87634e-09 2.87515e-09 2.87074e-09 2.86795e-09 2.86288e-09 2.8579e-09 2.85266e-09 2.84557e-09
2.8359e-09 2.84881e-09 2.85205e-09 2.86198e-09 2.86461e-09 2.87205e-09 2.87407e-09 2.8797e-09 2.88016e-09 2.88531e-09 2.88312e-09 2.88781e-09 2.88597e-09 2.9177e-09 2.9402e-09 2.96524e-09 2.98253e-09 2.99758e-09 3.00882e-09 3.02504e-09 3.03979e-09 3.05656e-09 3.06166e-09 3.07401e-09 3.07897e-09 3.09639e-09 3.10333e-09 3.1148e-09 3.13263e-09 3.14965e-09 3.16036e-09 3.16917e-09 3.16871e-09 3.16884e-09 3.15938e-09 3.15058e-09 3.12857e-09 3.11775e-09 3.10626e-09 3.09377e-09 3.08471e-09 3.07162e-09 3.06606e-09 3.05569e-09 3.04189e-09 3.02614e-09 3.00991e-09 2.99965e-09 2.9834e-09 2.96549e-09 2.94316e-09 2.91656e-09 2.88983e-09 2.8864e-09 2.88678e-09 2.88512e-09 2.88246e-09 2.88048e-09 2.87593e-09 2.87304e-09 2.86761e-09 2.86198e-09 2.856e-09 2.84798e-09
2.83551e-09 2.84926e-09 2.853e-09 2.86347e-09 2.86666e-09 2.87439e-09 2.87686e-09 2.88291e-09 2.88386e-09 2.8894e-09 2.88793e-09 2.89269e-09 2.89419e-09 2.93102e-09 2.95836e-09 2.9829e-09 2.99891e-09 3.01327e-09 3.02532e-09 3.04369e-09 3.0594e-09 3.07769e-09 3.08251e-09 3.10087e-09 3.11399e-09 3.13356e-09 3.14632e-09 3.1672e-09 3.18872e-09 3.19581e-09 3.20355e-09 3.20752e-09 3.20576e-09 3.20714e-09 3.19941e-09 3.20233e-09 3.18337e-09 3.16959e-09 3.1465e-09 3.13007e-09 3.11774e-09 3.09474e-09 3.08599e-09 3.07273e-09 3.05988e-09 3.04195e-09 3.0233e-09 3.01304e-09 2.99755e-09 2.98084e-09 2.95857e-09 2.92755e-09 2.89581e-09 2.88923e-09 2.88861e-09 2.88631e-09 2.88332e-09 2.88091e-09 2.87589e-09 2.87218e-09 2.86613e-09 2.8597e-09 2.85317e-09 2.84469e-09
2.83345e-09 2.8484e-09 2.85305e-09 2.86383e-09 2.86756e-09 2.87579e-09 2.87873e-09 2.8853e-09 2.88665e-09 2.8925e-09 2.89182e-09 2.89686e-09 2.90945e-09 2.95371e-09 2.97892e-09 3.00094e-09 3.02044e-09 3.03248e-09 3.05348e-09 3.07287e-09 3.09103e-09 3.1152e-09 3.12124e-09 3.1548e-09 3.16142e-09 3.19264e-09 3.21639e-09 3.23655e-09 3.25977e-09 3.25489e-09 3.26638e-09 3.26415e-09 3.26325e-09 3.27053e-09 3.25605e-09 3.26948e-09 3.24806e-09 3.24163e-09 3.21581e-09 3.18622e-09 3.17567e-09 3.14377e-09 3.1325e-09 3.11004e-09 3.09209e-09 3.07694e-09 3.04854e-09 3.03968e-09 3.01841e-09 3.00253e-09 2.98108e-09 2.95269e-09 2.91296e-09 2.89564e-09 2.89463e-09 2.89226e-09 2.88898e-09 2.88594e-09 2.88067e-09 2.87641e-09 2.87023e-09 2.86381e-09 2.85689e-09 2.84798e-09
2.82771e-09 2.84456e-09 2.85068e-09 2.86213e-09 2.86622e-09 2.87525e-09 2.87864e-09 2.88592e-09 2.88793e-09 2.89405e-09 2.8942e-09 2.90148e-09 2.91748e-09 2.96583e-09 2.99496e-09 3.01846e-09 3.04693e-09 3.05656e-09 3.08849e-09 3.1093e-09 3.12869e-09 3.15666e-09 3.1786e-09 3.21471e-09 3.23235e-09 3.2771e-09 3.30652e-09 3.33321e-09 3.36444e-09 3.36553e-09 3.40691e-09 3.40553e-09 3.4081e-09 3.42198e-09 3.3779e-09 3.39086e-09 3.35293e-09 3.3345e-09 3.3072e-09 3.27207e-09 3.24234e-09 3.20474e-09 3.18479e-09 3.15217e-09 3.12635e-09 3.11342e-09 3.07894e-09 3.06581e-09 3.03908e-09 3.01965e-09 2.99495e-09 2.96109e-09 2.92032e-09 2.89784e-09 2.8947e-09 2.8916e-09 2.88752e-09 2.88358e-09 2.87794e-09 2.87279e-09 2.86596e-09 2.85893e-09 2.85083e-09 2.84087e-09
2.82663e-09 2.84377e-09 2.85043e-09 2.8625e-09 2.8668e-09 2.87655e-09 2.88016e-09 2.88779e-09 2.89038e-09 2.89686e-09 2.89947e-09 2.91845e-09 2.94418e-09 2.99687e-09 3.02456e-09 3.05193e-09 3.07674e-09 3.09325e-09 3.12219e-09 3.14548e-09 3.17308e-09 3.21425e-09 3.24733e-09 3.30633e-09 3.3476e-09 3.4028e-09 3.44642e-09 1.02787e-07 2.09937e-07 2.66993e-07 3.27068e-07 3.31385e-07 3.32453e-07 3.31586e-07 3.26324e-07 2.6818e-07 2.08895e-07 1.03006e-07 3.44808e-09 3.39536e-09 3.35718e-09 3.29688e-09 3.25608e-09 3.21213e-09 3.17056e-09 3.1518e-09 3.11836e-09 3.09882e-09 3.07513e-09 3.0526e-09 3.02773e-09 2.99098e-09 2.95415e-09 2.91337e-09 2.90231e-09 2.89697e-09 2.89231e-09 2.88821e-09 2.8826e-09 2.87695e-09 2.8698e-09 2.86236e-09 2.85375e-09 2.84344e-09
2.82099e-09 2.83493e-09 2.84452e-09 2.85802e-09 2.86341e-09 2.87359e-09 2.87994e-09 2.88831e-09 2.89417e-09 2.91157e-09 2.91748e-09 2.94604e-09 2.98828e-09 3.03879e-09 3.07239e-09 3.10306e-09 3.1287e-09 3.15362e-09 3.18956e-09 3.22201e-09 3.27573e-09 3.32845e-09 3.37608e-09 3.44895e-09 1.29472e-07 2.6958e-07 4.26423e-07 4.80313e-07 4.96629e-07 5.11171e-07 5.24231e-07 5.31927e-07 5.34075e-07 5.32518e-07 5.22498e-07 5.11915e-07 4.95998e-07 4.80454e-07 4.25982e-07 2.69234e-07 1.29815e-07 3.43915e-09 3.38397e-09 3.32721e-09 3.27261e-09 3.22589e-09 3.18346e-09 3.15592e-09 3.12662e-09 3.10043e-09 3.07235e-09 3.03651e-09 2.99228e-09 2.93792e-09 2.92488e-09 2.90456e-09 2.89425e-09 2.88879e-09 2.87778e-09 2.87104e-09 2.86338e-09 2.85447e-09 2.84442e-09 2.83107e-09
2.82098e-09 2.83589e-09 2.84625e-09 2.8699e-09 2.87835e-09 2.88898e-09 2.90738e-09 2.91772e-09 2.92866e-09 2.95369e-09 2.96387e-09 2.99687e-09 3.03722e-09 3.08588e-09 3.11549e-09 3.14426e-09 3.17081e-09 3.19715e-09 3.2433e-09 3.29783e-09 3.36318e-09 3.43285e-09 1.55814e-07 3.86792e-07 4.79736e-07 5.116e-07 5.4362e-07 5.74659e-07 5.99274e-07 6.17818e-07 6.32469e-07 6.42131e-07 6.44775e-07 6.42383e-07 6.319e-07 6.19234e-07 5.97699e-07 5.74627e-07 5.44009e-07 5.11568e-07 4.79929e-07 3.86294e-07 1.55903e-07 3.4317e-09 3.36247e-09 3.30222e-09 3.23982e-09 3.20193e-09 3.17064e-09 3.14428e-09 3.11755e-09 3.08438e-09 3.04211e-09 2.99281e-09 2.97199e-09 2.94766e-09 2.9319e-09 2.92312e-09 2.90126e-09 2.89395e-09 2.88346e-09 2.86359e-09 2.85334e-09 2.83721e-09
2.83972e-09 2.85668e-09 2.86572e-09 2.88976e-09 2.89892e-09 2.91103e-09 2.92836e-09 2.94283e-09 2.95838e-09 2.98103e-09 2.99493e-09 3.02619e-09 3.07239e-09 3.11688e-09 3.1481e-09 3.17734e-09 3.21061e-09 3.25517e-09 3.32152e-09 3.39472e-09 7.60138e-08 3.25796e-07 4.81594e-07 5.2246e-07 5.66393e-07 6.11347e-07 6.52031e-07 6.90242e-07 7.23789e-07 7.51522e-07 7.74031e-07 7.87242e-07 7.91218e-07 7.88185e-07 7.71842e-07 7.52637e-07 7.23077e-07 6.90529e-07 6.51471e-07 6.09789e-07 5.67878e-07 5.23308e-07 4.81382e-07 3.26157e-07 7.60056e-08 3.39273e-09 3.31853e-09 3.25808e-09 3.20869e-09 3.17618e-09 3.14796e-09 3.11397e-09 3.07431e-09 3.02112e-09 2.99911e-09 2.97519e-09 2.95774e-09 2.94538e-09 2.92123e-09 2.91148e-09 2.89988e-09 2.88263e-09 2.87018e-09 2.85301e-09
2.8563e-09 2.86957e-09 2.87674e-09 2.89993e-09 2.90995e-09 2.9249e-09 2.94739e-09 2.96519e-09 2.98058e-09 3.00093e-09 3.01664e-09 3.05193e-09 3.10156e-09 3.14426e-09 3.17621e-09 3.21028e-09 3.26191e-09 3.335e-09 3.41812e-09 1.82638e-07 4.60684e-07 5.11342e-07 5.65327e-07 6.22956e-07 6.76421e-07 7.33661e-07 7.88847e-07 8.42456e-07 8.91943e-07 9.30785e-07 9.61463e-07 9.81005e-07 9.86315e-07 9.81002e-07 9.60379e-07 9.33463e-07 8.89814e-07 8.43573e-07 7.89562e-07 7.33526e-07 6.78984e-07 6.21337e-07 5.66242e-07 5.13828e-07 4.60199e-07 1.82687e-07 3.4272e-09 3.33161e-09 3.26223e-09 3.21109e-09 3.17775e-09 3.14415e-09 3.10562e-09 3.04962e-09 3.02246e-09 2.99762e-09 2.98255e-09 2.9703e-09 2.94234e-09 2.92951e-09 2.91433e-09 2.89705e-09 2.88245e-09 2.8688e-09
2.86567e-09 2.87853e-09 2.88572e-09 2.91007e-09 2.92367e-09 2.94197e-09 2.96752e-09 2.98491e-09 2.99886e-09 3.0225e-09 3.04692e-09 3.07841e-09 3.1287e-09 3.17205e-09 3.2106e-09 3.26278e-09 3.32677e-09 3.4301e-09 2.63658e-07 4.7838e-07 5.35922e-07 5.97723e-07 6.64226e-07 7.36665e-07 8.10012e-07 8.89906e-07 9.67843e-07 1.04307e-06 1.11334e-06 1.17349e-06 1.2206e-06 1.24961e-06 1.25859e-06 1.25085e-06 1.21876e-06 1.1743e-06 1.11173e-06 1.04378e-06 9.67222e-07 8.88557e-07 8.10849e-07 7.3508e-07 6.65936e-07 5.99511e-07 5.35024e-07 4.78425e-07 2.63981e-07 3.41448e-09 3.33183e-09 3.26156e-09 3.20797e-09 3.17027e-09 3.12919e-09 3.07346e-09 3.04954e-09 3.01696e-09 2.99902e-09 2.98697e-09 2.96028e-09 2.94441e-09 2.92347e-09 2.90275e-09 2.88786e-09 2.87488e-09
2.87337e-09 2.88641e-09 2.89011e-09 2.91088e-09 2.93187e-09 2.95391e-09 2.98105e-09 2.9976e-09 3.01086e-09 3.03244e-09 3.05458e-09 3.09324e-09 3.15219e-09 3.19714e-09 3.25418e-09 3.33501e-09 3.4294e-09 2.66879e-07 4.88898e-07 5.52585e-07 6.24965e-07 7.02506e-07 7.88225e-07 8.8791e-07 9.90031e-07 1.10235e-06 1.21646e-06 1.33007e-06 1.43891e-06 1.5353e-06 1.60992e-06 1.65944e-06 1.6752e-06 1.66076e-06 1.60983e-06 1.53569e-06 1.4378e-06 1.3323e-06 1.21632e-06 1.10215e-06 9.93407e-07 8.8686e-07 7.89982e-07 7.03001e-07 6.23451e-07 5.53275e-07 4.89295e-07 2.66281e-07 3.4419e-09 3.33414e-09 3.25344e-09 3.2014e-09 3.15143e-09 3.09279e-09 3.06071e-09 3.02936e-09 3.01342e-09 3.00095e-09 2.97689e-09 2.96041e-09 2.93477e-09 2.90754e-09 2.89541e-09 2.88573e-09
2.8786e-09 2.89171e-09 2.89612e-09 2.92174e-09 2.94727e-09 2.97061e-09 2.99445e-09 3.01156e-09 3.02533e-09 3.05568e-09 3.08845e-09 3.12382e-09 3.18955e-09 3.24451e-09 3.32152e-09 3.41896e-09 2.63677e-07 4.89161e-07 5.59115e-07 6.36887e-07 7.25492e-07 8.26473e-07 9.43855e-07 1.07704e-06 1.22237e-06 1.38563e-06 1.56072e-06 1.73987e-06 1.91204e-06 2.06638e-06 2.18593e-06 2.26937e-06 2.29366e-06 2.26482e-06 2.18553e-06 2.0674e-06 1.91096e-06 1.74106e-06 1.56029e-06 1.38577e-06 1.22387e-06 1.07496e-06 9.434e-07 8.26687e-07 7.24984e-07 6.37714e-07 5.58728e-07 4.87709e-07 2.64117e-07 3.41239e-09 3.3182e-09 3.24878e-09 3.18533e-09 3.12499e-09 3.08962e-09 3.04988e-09 3.02678e-09 3.01242e-09 2.98843e-09 2.97212e-09 2.94571e-09 2.91428e-09 2.89884e-09 2.88843e-09
2.88339e-09 2.89735e-09 2.90343e-09 2.92919e-09 2.954e-09 2.97903e-09 3.00259e-09 3.025e-09 3.04125e-09 3.07283e-09 3.10734e-09 3.14549e-09 3.22048e-09 3.29783e-09 3.39404e-09 1.82602e-07 4.78077e-07 5.5251e-07 6.3652e-07 7.32272e-07 8.47009e-07 9.81471e-07 1.13893e-06 1.32872e-06 1.54674e-06 1.79709e-06 2.0721e-06 2.35857e-06 2.6376e-06 2.90267e-06 3.10417e-06 3.2437e-06 3.28756e-06 3.24096e-06 3.10888e-06 2.89728e-06 2.63863e-06 2.35975e-06 2.06925e-06 1.79766e-06 1.54688e-06 1.32586e-06 1.14042e-06 9.83e-07 8.46801e-07 7.33024e-07 6.36065e-07 5.50936e-07 4.79163e-07 1.82371e-07 3.39516e-09 3.30703e-09 3.21296e-09 3.14673e-09 3.10878e-09 3.07077e-09 3.04592e-09 3.02484e-09 3.00154e-09 2.98362e-09 2.95665e-09 2.92618e-09 2.90988e-09 2.89692e-09
2.88681e-09 2.90124e-09 2.91023e-09 2.93713e-09 2.96143e-09 2.99208e-09 3.01637e-09 3.04234e-09 3.05936e-09 3.09325e-09 3.12865e-09 3.17493e-09 3.27574e-09 3.36496e-09 7.60498e-08 4.60946e-07 5.36057e-07 6.25302e-07 7.25504e-07 8.47377e-07 9.98176e-07 1.17693e-06 1.39825e-06 1.67348e-06 2.00315e-06 2.38787e-06 2.82262e-06 3.28797e-06 3.75939e-06 4.21761e-06 4.56391e-06 4.8144e-06 4.89732e-06 4.8106e-06 4.57919e-06 4.20387e-06 3.76401e-06 3.29284e-06 2.81935e-06 2.38834e-06 2.0036e-06 1.67266e-06 1.39766e-06 1.17767e-06 9.95838e-07 8.46991e-07 7.2517e-07 6.23391e-07 5.37469e-07 4.60307e-07 7.60345e-08 3.36863e-09 3.26368e-09 3.17918e-09 3.13054e-09 3.08869e-09 3.0604e-09 3.0398e-09 3.01534e-09 2.98979e-09 2.96189e-09 2.93317e-09 2.91429e-09 2.89772e-09
2.88893e-09 2.90458e-09 2.91947e-09 2.95112e-09 2.97374e-09 3.00667e-09 3.03159e-09 3.05642e-09 3.07494e-09 3.11508e-09 3.15438e-09 3.21421e-09 3.3273e-09 3.43175e-09 3.25548e-07 5.11225e-07 5.97376e-07 7.02341e-07 8.25981e-07 9.81262e-07 1.17636e-06 1.42314e-06 1.73939e-06 2.1396e-06 2.63779e-06 3.23576e-06 3.94171e-06 4.71949e-06 5.51702e-06 6.31484e-06 6.9342e-06 7.39078e-06 7.54135e-06 7.36705e-06 6.96223e-06 6.28987e-06 5.53044e-06 4.7236e-06 3.9378e-06 3.24071e-06 2.63669e-06 2.14019e-06 1.73761e-06 1.42394e-06 1.1752e-06 9.81104e-07 8.27347e-07 7.01027e-07 5.9915e-07 5.09595e-07 3.25958e-07 3.43614e-09 3.3216e-09 3.22301e-09 3.15693e-09 3.11206e-09 3.07928e-09 3.05773e-09 3.0323e-09 3.00599e-09 2.9794e-09 2.94946e-09 2.92471e-09 2.90569e-09
2.89546e-09 2.91302e-09 2.93254e-09 2.96628e-09 2.98383e-09 3.0112e-09 3.03867e-09 3.06424e-09 3.08237e-09 3.12344e-09 3.17848e-09 3.24978e-09 3.37812e-09 1.55933e-07 4.81805e-07 5.65749e-07 6.64362e-07 7.88621e-07 9.43932e-07 1.13935e-06 1.39842e-06 1.73996e-06 2.19379e-06 2.7811e-06 3.54529e-06 4.48869e-06 5.64763e-06 6.96613e-06 8.33957e-06 9.75697e-06 1.08606e-05 1.16886e-05 1.19686e-05 1.16457e-05 1.09344e-05 9.70743e-06 8.37007e-06 6.96417e-06 5.63906e-06 4.50312e-06 3.54157e-06 2.78235e-06 2.19055e-06 1.74087e-06 1.39666e-06 1.13923e-06 9.44856e-07 7.86125e-07 6.65207e-07 5.63572e-07 4.81612e-07 1.56012e-07 3.37013e-09 3.25251e-09 3.17433e-09 3.11838e-09 3.08491e-09 3.06276e-09 3.03668e-09 3.00893e-09 2.98592e-09 2.96021e-09 2.93493e-09 2.9133e-09
2.90387e-09 2.92344e-09 2.9435e-09 2.97582e-09 2.99279e-09 3.01989e-09 3.04749e-09 3.0741e-09 3.09845e-09 3.15486e-09 3.21304e-09 3.30521e-09 3.4467e-09 3.8659e-07 5.22032e-07 6.22655e-07 7.36036e-07 8.87418e-07 1.07629e-06 1.32814e-06 1.67257e-06 2.1391e-06 2.78054e-06 3.64655e-06 4.80979e-06 6.29044e-06 8.17368e-06 1.03882e-05 1.27696e-05 1.53318e-05 1.73252e-05 1.88457e-05 1.9378e-05 1.87629e-05 1.74612e-05 1.51924e-05 1.28183e-05 1.03834e-05 8.15789e-06 6.30739e-06 4.80012e-06 3.65053e-06 2.77734e-06 2.1437e-06 1.672e-06 1.32848e-06 1.07889e-06 8.84266e-07 7.37699e-07 6.21352e-07 5.23123e-07 3.87053e-07 3.44419e-09 3.30899e-09 3.21215e-09 3.15495e-09 3.10549e-09 3.07399e-09 3.04808e-09 3.02031e-09 2.99733e-09 2.97267e-09 2.94815e-09 2.92505e-09
2.90792e-09 2.92906e-09 2.95013e-09 2.98193e-09 2.99878e-09 3.0217e-09 3.0455e-09 3.08181e-09 3.11408e-09 3.16459e-09 3.23494e-09 3.34979e-09 1.29541e-07 4.80149e-07 5.66695e-07 6.76933e-07 8.10243e-07 9.90477e-07 1.22263e-06 1.54733e-06 2.00327e-06 2.63825e-06 3.54582e-06 4.80983e-06 6.58636e-06 8.91311e-06 1.19677e-05 1.57018e-05 1.98436e-05 2.44251e-05 2.80385e-05 3.08663e-05 3.18615e-05 3.06828e-05 2.83401e-05 2.41408e-05 1.99437e-05 1.57034e-05 1.19506e-05 8.93985e-06 6.5681e-06 4.81921e-06 3.53842e-06 2.64263e-06 2.00182e-06 1.54489e-06 1.22419e-06 9.85693e-07 8.11623e-07 6.74928e-07 5.67007e-07 4.80308e-07 1.29218e-07 3.34935e-09 3.23246e-09 3.16008e-09 3.11642e-09 3.07511e-09 3.04359e-09 3.01919e-09 3.0005e-09 2.97638e-09 2.95198e-09 2.92741e-09
2.90878e-09 2.93145e-09 2.95351e-09 2.98511e-09 3.00229e-09 3.02511e-09 3.04977e-09 3.09625e-09 3.13128e-09 3.19154e-09 3.27469e-09 3.40024e-09 2.69332e-07 5.11337e-07 6.10743e-07 7.33203e-07 8.89037e-07 1.1016e-06 1.38444e-06 1.79576e-06 2.38683e-06 3.23392e-06 4.48795e-06 6.28923e-06 8.91657e-06 1.25055e-05 1.73876e-05 2.3561e-05 3.06023e-05 3.85449e-05 4.4817e-05 4.97338e-05 5.14551e-05 4.93791e-05 4.53759e-05 3.80312e-05 3.07747e-05 2.35408e-05 1.73516e-05 1.25393e-05 8.88989e-06 6.31121e-06 4.48121e-06 3.24045e-06 2.38675e-06 1.79411e-06 1.38812e-06 1.09784e-06 8.91753e-07 7.32249e-07 6.11296e-07 5.11062e-07 2.69122e-07 3.40536e-09 3.27752e-09 3.18935e-09 3.13549e-09 3.09228e-09 3.05333e-09 3.0252e-09 3.00669e-09 2.98255e-09 2.95817e-09 2.93294e-09
2.90506e-09 2.9309e-09 2.95413e-09 2.98642e-09 3.00395e-09 3.02893e-09 3.05702e-09 3.10615e-09 3.14903e-09 3.21873e-09 3.30847e-09 3.44876e-09 4.26683e-07 5.44133e-07 6.52313e-07 7.89475e-07 9.6827e-07 1.21716e-06 1.56137e-06 2.07237e-06 2.82339e-06 3.94242e-06 5.64906e-06 8.17168e-06 1.19706e-05 1.73779e-05 2.49906e-05 3.48717e-05 4.63471e-05 5.91392e-05 6.9099e-05 7.67243e-05 7.93773e-05 7.61483e-05 7.005e-05 5.84349e-05 4.66698e-05 3.48752e-05 2.49431e-05 1.74259e-05 1.19293e-05 8.20047e-06 5.63674e-06 3.94685e-06 2.82156e-06 2.06845e-06 1.56428e-06 1.21173e-06 9.70494e-07 7.8724e-07 6.51997e-07 5.43187e-07 4.25942e-07 3.44899e-09 3.30809e-09 3.21325e-09 3.15017e-09 3.10022e-09 3.06062e-09 3.02556e-09 3.00537e-09 2.98108e-09 2.95555e-09 2.92881e-09
2.89723e-09 2.92747e-09 2.95186e-09 2.98533e-09 3.00399e-09 3.03553e-09 3.06566e-09 3.11386e-09 3.16475e-09 3.23303e-09 3.33031e-09 1.02721e-07 4.79836e-07 5.74121e-07 6.89437e-07 8.4167e-07 1.04193e-06 1.32909e-06 1.7385e-06 2.35645e-06 3.28614e-06 4.71701e-06 6.96909e-06 1.03897e-05 1.57113e-05 2.35572e-05 3.49156e-05 4.97845e-05 6.68722e-05 8.46731e-05 9.77364e-05 0.000106888 0.000109878 0.000106189 9.87738e-05 8.37955e-05 6.71551e-05 4.97421e-05 3.48005e-05 2.36115e-05 1.56561e-05 1.04204e-05 6.95263e-06 4.72626e-06 3.2876e-06 2.35399e-06 1.74458e-06 1.32484e-06 1.04645e-06 8.40561e-07 6.90356e-07 5.74083e-07 4.79494e-07 1.02886e-07 3.33376e-09 3.23346e-09 3.17289e-09 3.1113e-09 3.07212e-09 3.03259e-09 3.00793e-09 2.98261e-09 2.95625e-09 2.92888e-09
2.89018e-09 2.91872e-09 2.94599e-09 2.98169e-09 3.00352e-09 3.04371e-09 3.07882e-09 3.13529e-09 3.19077e-09 3.26182e-09 3.36627e-09 2.10133e-07 4.96993e-07 5.99906e-07 7.24254e-07 8.92591e-07 1.11379e-06 1.43998e-06 1.91301e-06 2.63906e-06 3.76177e-06 5.51733e-06 8.34534e-06 1.27685e-05 1.98422e-05 3.05662e-05 4.6332e-05 6.67809e-05 8.92852e-05 0.000109963 0.000123199 0.000130689 0.000132764 0.000130304 0.000124043 0.000109354 8.95636e-05 6.68974e-05 4.62684e-05 3.0671e-05 1.98024e-05 1.28097e-05 8.3253e-06 5.52642e-06 3.76029e-06 2.63286e-06 1.91754e-06 1.43333e-06 1.11648e-06 8.90023e-07 7.23565e-07 5.98553e-07 4.94758e-07 2.10115e-07 3.36461e-09 3.25774e-09 3.19372e-09 3.12748e-09 3.08019e-09 3.03554e-09 3.00531e-09 2.97626e-09 2.94663e-09 2.91573e-09
2.88914e-09 2.90615e-09 2.93493e-09 2.97576e-09 3.00316e-09 3.05132e-09 3.09162e-09 3.14587e-09 3.193e-09 3.25263e-09 3.36317e-09 2.66846e-07 5.10656e-07 6.17361e-07 7.50681e-07 9.29866e-07 1.17213e-06 1.53395e-06 2.06485e-06 2.90087e-06 4.21655e-06 6.31365e-06 9.75827e-06 1.53272e-05 2.44491e-05 3.85546e-05 5.92091e-05 8.4728e-05 0.000110143 0.000129033 0.000136911 0.000136231 0.000134252 0.000136591 0.000137041 0.000128539 0.000110132 8.47969e-05 5.90191e-05 3.86385e-05 2.4374e-05 1.53729e-05 9.74039e-06 6.326e-06 4.22075e-06 2.898e-06 2.07272e-06 1.52913e-06 1.17643e-06 9.28688e-07 7.51359e-07 6.17223e-07 5.10013e-07 2.67193e-07 3.3658e-09 3.25243e-09 3.19967e-09 3.145e-09 3.09961e-09 3.04535e-09 3.00947e-09 2.97396e-09 2.93948e-09 2.90926e-09
2.89145e-09 2.89732e-09 2.9198e-09 2.96731e-09 3.00537e-09 3.06369e-09 3.11095e-09 3.16205e-09 3.20523e-09 3.26853e-09 3.40934e-09 3.27411e-07 5.24712e-07 6.33125e-07 7.74637e-07 9.62329e-07 1.22153e-06 1.61109e-06 2.18784e-06 3.10691e-06 4.56814e-06 6.93721e-06 1.08644e-05 1.73096e-05 2.80265e-05 4.4767e-05 6.90367e-05 9.75671e-05 0.000123124 0.000136841 0.000132325 0.000113532 0.000104834 0.000115323 0.000131483 0.000136732 0.000123253 9.79267e-05 6.89333e-05 4.49269e-05 2.79878e-05 1.73662e-05 1.0838e-05 6.94178e-06 4.56788e-06 3.09966e-06 2.19315e-06 1.60376e-06 1.22348e-06 9.59103e-07 7.73997e-07 6.32222e-07 5.23202e-07 3.27288e-07 3.40712e-09 3.26388e-09 3.20711e-09 3.15559e-09 3.11344e-09 3.05239e-09 3.00848e-09 2.9618e-09 2.9206e-09 2.89886e-09
2.89338e-09 2.89555e-09 2.90919e-09 2.95579e-09 3.00669e-09 3.07118e-09 3.11772e-09 3.16611e-09 3.20511e-09 3.26224e-09 3.40377e-09 3.31187e-07 5.3155e-07 6.41722e-07 7.86653e-07 9.80247e-07 1.24847e-06 1.658e-06 2.26719e-06 3.2417e-06 4.81289e-06 7.38708e-06 1.16873e-05 1.88467e-05 3.08874e-05 4.97991e-05 7.68541e-05 0.000107003 0.000130803 0.000136088 0.00011395 8.29486e-05 7.25962e-05 8.41252e-05 0.000113047 0.000136251 0.000130704 0.000107119 7.65151e-05 4.98842e-05 3.08143e-05 1.88853e-05 1.16582e-05 7.39606e-06 4.81764e-06 3.23958e-06 2.27681e-06 1.65334e-06 1.25255e-06 9.78459e-07 7.87493e-07 6.41857e-07 5.31082e-07 3.31605e-07 3.40578e-09 3.26204e-09 3.21115e-09 3.16451e-09 3.1256e-09 3.06777e-09 3.01585e-09 2.95391e-09 2.91145e-09 2.89738e-09
2.89391e-09 2.89585e-09 2.90747e-09 2.95094e-09 3.01173e-09 3.08057e-09 3.12312e-09 3.17055e-09 3.2078e-09 3.26576e-09 3.41096e-09 3.32821e-07 5.34709e-07 6.45525e-07 7.92134e-07 9.87452e-07 1.25999e-06 1.67705e-06 2.29581e-06 3.28976e-06 4.90035e-06 7.54406e-06 1.19671e-05 1.93718e-05 3.18416e-05 5.13943e-05 7.92567e-05 0.000109732 0.000132655 0.000134402 0.000105247 7.28846e-05 6.35888e-05 7.33086e-05 0.000103608 0.000134209 0.000132749 0.000110143 7.91423e-05 5.16081e-05 3.1803e-05 1.94243e-05 1.19349e-05 7.54602e-06 4.90037e-06 3.28346e-06 2.30112e-06 1.66894e-06 1.26157e-06 9.83684e-07 7.91501e-07 6.44455e-07 5.33237e-07 3.3267e-07 3.40846e-09 3.26109e-09 3.20931e-09 3.16478e-09 3.12589e-09 3.07018e-09 3.01583e-09 2.94322e-09 2.90472e-09 2.89728e-09
2.89337e-09 2.89554e-09 2.9108e-09 2.95214e-09 3.00479e-09 3.07273e-09 3.11803e-09 3.16629e-09 3.20456e-09 3.26854e-09 3.42027e-09 3.31353e-07 5.32122e-07 6.41824e-07 7.87539e-07 9.80079e-07 1.24992e-06 1.65935e-06 2.26312e-06 3.23841e-06 4.80627e-06 7.364e-06 1.16459e-05 1.87745e-05 3.07051e-05 4.94314e-05 7.62423e-05 0.000106349 0.000130387 0.000136481 0.000115102 8.36376e-05 7.35321e-05 8.48415e-05 0.000114312 0.000136483 0.000130278 0.000106466 7.59131e-05 4.95125e-05 3.06262e-05 1.88174e-05 1.16155e-05 7.37266e-06 4.81198e-06 3.23605e-06 2.2723e-06 1.65508e-06 1.25413e-06 9.78277e-07 7.88386e-07 6.42145e-07 5.31717e-07 3.31784e-07 3.42234e-09 3.26831e-09 3.21074e-09 3.16451e-09 3.12537e-09 3.06877e-09 3.01764e-09 2.95079e-09 2.91001e-09 2.89693e-09
2.8916e-09 2.89895e-09 2.925e-09 2.96683e-09 3.00608e-09 3.06272e-09 3.11006e-09 3.1621e-09 3.20168e-09 3.25833e-09 3.3807e-09 3.2663e-07 5.23086e-07 6.32471e-07 7.72658e-07 9.6127e-07 1.22006e-06 1.61158e-06 2.18762e-06 3.11115e-06 4.58043e-06 6.96484e-06 1.09334e-05 1.74668e-05 2.83139e-05 4.53437e-05 6.99414e-05 9.86863e-05 0.00012389 0.000137035 0.000131858 0.000112826 0.00010415 0.000113785 0.000130795 0.00013692 0.000124038 9.90487e-05 6.98224e-05 4.55068e-05 2.82755e-05 1.75217e-05 1.09088e-05 6.96979e-06 4.58005e-06 3.10393e-06 2.19281e-06 1.60423e-06 1.22206e-06 9.57991e-07 7.71905e-07 6.31261e-07 5.215e-07 3.26485e-07 3.37833e-09 3.25346e-09 3.20323e-09 3.15514e-09 3.11178e-09 3.05378e-09 3.01176e-09 2.96242e-09 2.92411e-09 2.8975e-09
2.89004e-09 2.90337e-09 2.9344e-09 2.97215e-09 3.00326e-09 3.049e-09 3.09069e-09 3.14823e-09 3.19989e-09 3.26695e-09 3.38903e-09 2.67942e-07 5.11521e-07 6.18464e-07 7.51883e-07 9.3248e-07 1.17348e-06 1.53443e-06 2.06577e-06 2.89508e-06 4.20091e-06 6.28821e-06 9.7031e-06 1.52018e-05 2.41476e-05 3.8073e-05 5.84664e-05 8.39286e-05 0.000109392 0.000128683 0.000136716 0.000136163 0.000134368 0.000136423 0.000136895 0.000128205 0.000109361 8.39968e-05 5.82784e-05 3.8152e-05 2.40773e-05 1.52442e-05 9.68626e-06 6.30168e-06 4.20477e-06 2.89258e-06 2.07418e-06 1.52962e-06 1.17795e-06 9.3116e-07 7.52572e-07 6.18676e-07 5.11002e-07 2.68314e-07 3.39155e-09 3.26682e-09 3.2063e-09 3.1466e-09 3.09971e-09 3.04518e-09 3.00962e-09 2.97087e-09 2.94005e-09 2.90398e-09
2.89537e-09 2.91824e-09 2.9492e-09 2.98183e-09 3.00646e-09 3.04356e-09 3.07855e-09 3.13097e-09 3.18613e-09 3.25002e-09 3.35535e-09 2.09046e-07 4.9653e-07 5.98114e-07 7.23763e-07 8.90502e-07 1.11291e-06 1.43872e-06 1.91221e-06 2.64038e-06 3.76529e-06 5.53276e-06 8.36823e-06 1.28219e-05 1.99322e-05 3.07732e-05 4.66098e-05 6.71309e-05 8.94121e-05 0.00011017 0.000123098 0.000130795 0.000132655 0.000130392 0.000123963 0.000109542 8.9706e-05 6.72426e-05 4.6541e-05 3.08845e-05 1.98866e-05 1.28654e-05 8.34924e-06 5.54186e-06 3.76394e-06 2.63418e-06 1.91677e-06 1.4321e-06 1.1155e-06 8.8795e-07 7.23208e-07 5.96766e-07 4.94616e-07 2.09008e-07 3.35351e-09 3.24558e-09 3.18769e-09 3.12409e-09 3.0823e-09 3.0358e-09 3.00842e-09 2.97638e-09 2.95046e-09 2.91556e-09
2.89801e-09 2.92246e-09 2.9517e-09 2.98258e-09 3.00434e-09 3.03322e-09 3.06652e-09 3.11388e-09 3.16586e-09 3.23926e-09 3.33247e-09 1.02905e-07 4.80182e-07 5.74034e-07 6.89992e-07 8.42847e-07 1.04307e-06 1.33104e-06 1.7398e-06 2.35835e-06 3.2906e-06 4.723e-06 6.96073e-06 1.03844e-05 1.57008e-05 2.35686e-05 3.48835e-05 4.9808e-05 6.6869e-05 8.49318e-05 9.78366e-05 0.000107278 0.00011 0.000106583 9.88778e-05 8.40539e-05 6.71536e-05 4.97669e-05 3.47697e-05 2.36179e-05 1.56487e-05 1.0417e-05 6.94466e-06 4.73195e-06 3.29223e-06 2.35603e-06 1.74584e-06 1.32692e-06 1.0476e-06 8.41717e-07 6.91029e-07 5.7408e-07 4.79875e-07 1.0306e-07 3.33552e-09 3.2385e-09 3.17461e-09 3.1134e-09 3.07305e-09 3.02983e-09 3.00812e-09 2.98004e-09 2.95635e-09 2.92521e-09
2.90911e-09 2.93075e-09 2.95729e-09 2.98676e-09 3.00693e-09 3.029e-09 3.05828e-09 3.10615e-09 3.14776e-09 3.21846e-09 3.30991e-09 3.45012e-09 4.26452e-07 5.4441e-07 6.52198e-07 7.90011e-07 9.67871e-07 1.21695e-06 1.56113e-06 2.07033e-06 2.82014e-06 3.93914e-06 5.63807e-06 8.1571e-06 1.19453e-05 1.73555e-05 2.49222e-05 3.48096e-05 4.62124e-05 5.90419e-05 6.88284e-05 7.66053e-05 7.90241e-05 7.60428e-05 6.97613e-05 5.83567e-05 4.65276e-05 3.48125e-05 2.48752e-05 1.74033e-05 1.19056e-05 8.18561e-06 5.62416e-06 3.94401e-06 2.81857e-06 2.06659e-06 1.56415e-06 1.21146e-06 9.70315e-07 7.87829e-07 6.51904e-07 5.4361e-07 4.25675e-07 3.45009e-09 3.30893e-09 3.21331e-09 3.15103e-09 3.10095e-09 3.06194e-09 3.0258e-09 3.00839e-09 2.98131e-09 2.95861e-09 2.92887e-09
2.90816e-09 2.92788e-09 2.95342e-09 2.98264e-09 3.00281e-09 3.02313e-09 3.04823e-09 3.09139e-09 3.12942e-09 3.18321e-09 3.26965e-09 3.39354e-09 2.69115e-07 5.11156e-07 6.09453e-07 7.32821e-07 8.88127e-07 1.10126e-06 1.38495e-06 1.79694e-06 2.38727e-06 3.23943e-06 4.50064e-06 6.30783e-06 8.93675e-06 1.2543e-05 1.74296e-05 2.36347e-05 3.06722e-05 3.86846e-05 4.4886e-05 4.99405e-05 5.15484e-05 4.9575e-05 4.54628e-05 3.81617e-05 3.08445e-05 2.3619e-05 1.73938e-05 1.25772e-05 8.90995e-06 6.32961e-06 4.49355e-06 3.24636e-06 2.38739e-06 1.79518e-06 1.38871e-06 1.09767e-06 8.90688e-07 7.3199e-07 6.10346e-07 5.1103e-07 2.68884e-07 3.39789e-09 3.27228e-09 3.18253e-09 3.13421e-09 3.08712e-09 3.05143e-09 3.02279e-09 3.00694e-09 2.98013e-09 2.95841e-09 2.92943e-09
2.91089e-09 2.92894e-09 2.9535e-09 2.9824e-09 3.00212e-09 3.02278e-09 3.05311e-09 3.08495e-09 3.12062e-09 3.17585e-09 3.24411e-09 3.35966e-09 1.29959e-07 4.80237e-07 5.6839e-07 6.79268e-07 8.11425e-07 9.93813e-07 1.22455e-06 1.54721e-06 2.00408e-06 2.637e-06 3.54183e-06 4.7992e-06 6.56425e-06 8.88695e-06 1.19252e-05 1.56564e-05 1.97866e-05 2.43822e-05 2.79656e-05 3.08286e-05 3.17833e-05 3.06549e-05 2.82602e-05 2.40993e-05 1.98898e-05 1.56553e-05 1.19071e-05 8.91328e-06 6.54621e-06 4.80867e-06 3.53473e-06 2.64202e-06 2.00282e-06 1.54494e-06 1.22622e-06 9.88818e-07 8.12761e-07 6.77383e-07 5.68743e-07 4.8033e-07 1.29612e-07 3.359e-09 3.24298e-09 3.17228e-09 3.12288e-09 3.07814e-09 3.05114e-09 3.0202e-09 3.00365e-09 2.97654e-09 2.95501e-09 2.92708e-09
2.90378e-09 2.9201e-09 2.94342e-09 2.97307e-09 2.99311e-09 3.01399e-09 3.04411e-09 3.06916e-09 3.09487e-09 3.14147e-09 3.20368e-09 3.2942e-09 3.4373e-09 3.85961e-07 5.23102e-07 6.20858e-07 7.34806e-07 8.86332e-07 1.07463e-06 1.32539e-06 1.67282e-06 2.14013e-06 2.78229e-06 3.64944e-06 4.81848e-06 6.31126e-06 8.19956e-06 1.04234e-05 1.2815e-05 1.53804e-05 1.73683e-05 1.89024e-05 1.94182e-05 1.88135e-05 1.75091e-05 1.52419e-05 1.28626e-05 1.04165e-05 8.18372e-06 6.32878e-06 4.80852e-06 3.65344e-06 2.77912e-06 2.14457e-06 1.67206e-06 1.32547e-06 1.07704e-06 8.83066e-07 7.3656e-07 6.19068e-07 5.24072e-07 3.86395e-07 3.43431e-09 3.29914e-09 3.20389e-09 3.14155e-09 3.10184e-09 3.06901e-09 3.04456e-09 3.01431e-09 2.9976e-09 2.9701e-09 2.94833e-09 2.92179e-09
2.89846e-09 2.9129e-09 2.93574e-09 2.96655e-09 2.98828e-09 3.01512e-09 3.04368e-09 3.06618e-09 3.08858e-09 3.13255e-09 3.187e-09 3.2561e-09 3.38519e-09 1.55996e-07 4.81794e-07 5.66572e-07 6.66522e-07 7.90093e-07 9.43781e-07 1.14069e-06 1.39852e-06 1.73806e-06 2.19111e-06 2.77732e-06 3.53895e-06 4.47847e-06 5.63411e-06 6.94954e-06 8.32472e-06 9.73675e-06 1.08393e-05 1.16569e-05 1.19335e-05 1.16159e-05 1.09104e-05 9.68682e-06 8.35378e-06 6.94716e-06 5.62722e-06 4.4931e-06 3.53498e-06 2.77853e-06 2.18786e-06 1.7391e-06 1.39681e-06 1.14061e-06 9.44742e-07 7.87394e-07 6.66594e-07 5.6367e-07 4.81599e-07 1.56051e-07 3.37804e-09 3.25988e-09 3.18266e-09 3.12724e-09 3.0909e-09 3.06446e-09 3.04148e-09 3.01257e-09 2.98997e-09 2.96001e-09 2.9377e-09 2.91294e-09
2.88892e-09 2.90117e-09 2.91927e-09 2.94788e-09 2.97154e-09 3.00252e-09 3.0307e-09 3.05289e-09 3.07266e-09 3.10756e-09 3.15215e-09 3.21022e-09 3.32612e-09 3.42991e-09 3.26036e-07 5.13475e-07 5.99314e-07 7.02531e-07 8.26583e-07 9.82755e-07 1.17793e-06 1.42365e-06 1.74145e-06 2.1435e-06 2.6436e-06 3.23955e-06 3.94864e-06 4.72533e-06 5.52869e-06 6.32559e-06 6.94473e-06 7.39277e-06 7.54873e-06 7.36921e-06 6.97249e-06 6.29923e-06 5.5422e-06 4.72979e-06 3.94427e-06 3.24411e-06 2.64181e-06 2.14421e-06 1.73955e-06 1.42441e-06 1.17652e-06 9.82442e-07 8.27763e-07 7.00648e-07 6.00334e-07 5.10488e-07 3.26393e-07 3.43495e-09 3.3215e-09 3.21895e-09 3.15464e-09 3.10448e-09 3.0769e-09 3.05404e-09 3.03133e-09 3.00181e-09 2.97728e-09 2.94631e-09 2.92454e-09 2.90212e-09
2.88987e-09 2.90104e-09 2.91316e-09 2.93753e-09 2.96409e-09 2.99098e-09 3.01853e-09 3.04182e-09 3.06226e-09 3.09206e-09 3.12847e-09 3.17061e-09 3.2743e-09 3.36248e-09 7.60536e-08 4.6039e-07 5.35292e-07 6.23492e-07 7.25356e-07 8.46783e-07 9.96291e-07 1.17531e-06 1.39764e-06 1.672e-06 2.00252e-06 2.38589e-06 2.82261e-06 3.28553e-06 3.7617e-06 4.21747e-06 4.56898e-06 4.81427e-06 4.90341e-06 4.80949e-06 4.58445e-06 4.20401e-06 3.76622e-06 3.29022e-06 2.8191e-06 2.38613e-06 2.0027e-06 1.67131e-06 1.39688e-06 1.17608e-06 9.93809e-07 8.46299e-07 7.24694e-07 6.21322e-07 5.36324e-07 4.59674e-07 7.60535e-08 3.36709e-09 3.26223e-09 3.1748e-09 3.13031e-09 3.08749e-09 3.0633e-09 3.03922e-09 3.01736e-09 2.98845e-09 2.96429e-09 2.93334e-09 2.91715e-09 2.89756e-09
2.88357e-09 2.89424e-09 2.90341e-09 2.92583e-09 2.95661e-09 2.97767e-09 3.00403e-09 3.02363e-09 3.04209e-09 3.07488e-09 3.11347e-09 3.15009e-09 3.2259e-09 3.30091e-09 3.39205e-09 1.82571e-07 4.78373e-07 5.52965e-07 6.37628e-07 7.32543e-07 8.47015e-07 9.80861e-07 1.13969e-06 1.32776e-06 1.54542e-06 1.79327e-06 2.06969e-06 2.35276e-06 2.63461e-06 2.89618e-06 3.10197e-06 3.23678e-06 3.28565e-06 3.23432e-06 3.10662e-06 2.89043e-06 2.63563e-06 2.35376e-06 2.06673e-06 1.79396e-06 1.54532e-06 1.32516e-06 1.14085e-06 9.82235e-07 8.46629e-07 7.3283e-07 6.36868e-07 5.50619e-07 4.79398e-07 1.8236e-07 3.39386e-09 3.31014e-09 3.21834e-09 3.15131e-09 3.11486e-09 3.07269e-09 3.04657e-09 3.0233e-09 3.0028e-09 2.98205e-09 2.95904e-09 2.92249e-09 2.90953e-09 2.89326e-09
2.88209e-09 2.89175e-09 2.89931e-09 2.91854e-09 2.94698e-09 2.96837e-09 2.99553e-09 3.01005e-09 3.0259e-09 3.04858e-09 3.08088e-09 3.11837e-09 3.1849e-09 3.23981e-09 3.31954e-09 3.4272e-09 2.64127e-07 4.8935e-07 5.59011e-07 6.35943e-07 7.25498e-07 8.27253e-07 9.45365e-07 1.07857e-06 1.22492e-06 1.38742e-06 1.56524e-06 1.74325e-06 1.91884e-06 2.07162e-06 2.19513e-06 2.27468e-06 2.30329e-06 2.27052e-06 2.19486e-06 2.07211e-06 1.9177e-06 1.74453e-06 1.56469e-06 1.38741e-06 1.22643e-06 1.07626e-06 9.44699e-07 8.27253e-07 7.24754e-07 6.36493e-07 5.57938e-07 4.86938e-07 2.64587e-07 3.42091e-09 3.31624e-09 3.24407e-09 3.18068e-09 3.11948e-09 3.08198e-09 3.04277e-09 3.02727e-09 3.01082e-09 2.98942e-09 2.96982e-09 2.94544e-09 2.91111e-09 2.90217e-09 2.88853e-09
2.87355e-09 2.8834e-09 2.89165e-09 2.91291e-09 2.93506e-09 2.95378e-09 2.9833e-09 2.99715e-09 3.01308e-09 3.0375e-09 3.06581e-09 3.09713e-09 3.15594e-09 3.20074e-09 3.25808e-09 3.33077e-09 3.41448e-09 2.66147e-07 4.87772e-07 5.50622e-07 6.23406e-07 7.00536e-07 7.86285e-07 8.83741e-07 9.86118e-07 1.09703e-06 1.2123e-06 1.32376e-06 1.43425e-06 1.52792e-06 1.60545e-06 1.65234e-06 1.67078e-06 1.65326e-06 1.60545e-06 1.52825e-06 1.43315e-06 1.32578e-06 1.21221e-06 1.09686e-06 9.89237e-07 8.82594e-07 7.87724e-07 7.00518e-07 6.21673e-07 5.50554e-07 4.87194e-07 2.65553e-07 3.42688e-09 3.32991e-09 3.25734e-09 3.205e-09 3.15515e-09 3.09666e-09 3.07194e-09 3.03435e-09 3.01561e-09 3.00047e-09 2.97909e-09 2.9602e-09 2.93783e-09 2.90933e-09 2.8967e-09 2.88242e-09
2.86943e-09 2.87873e-09 2.88653e-09 2.90754e-09 2.92506e-09 2.94052e-09 2.96899e-09 2.98344e-09 2.99981e-09 3.0184e-09 3.04095e-09 3.07515e-09 3.12811e-09 3.17064e-09 3.20972e-09 3.26223e-09 3.3326e-09 3.4419e-09 2.64281e-07 4.79082e-07 5.3772e-07 5.98981e-07 6.65655e-07 7.37464e-07 8.12204e-07 8.91223e-07 9.71283e-07 1.04574e-06 1.11759e-06 1.17574e-06 1.22488e-06 1.25173e-06 1.26297e-06 1.25285e-06 1.2229e-06 1.17646e-06 1.11603e-06 1.04647e-06 9.70621e-07 8.8991e-07 8.12996e-07 7.35879e-07 6.66755e-07 5.99955e-07 5.36457e-07 4.79124e-07 2.64588e-07 3.42617e-09 3.33769e-09 3.26102e-09 3.2071e-09 3.16887e-09 3.12859e-09 3.07017e-09 3.04355e-09 3.01284e-09 2.99991e-09 2.98537e-09 2.96155e-09 2.94273e-09 2.92467e-09 2.90007e-09 2.88845e-09 2.87477e-09
2.85606e-09 2.86669e-09 2.87797e-09 2.8968e-09 2.91036e-09 2.92216e-09 2.94776e-09 2.96292e-09 2.98089e-09 3.00053e-09 3.01967e-09 3.05097e-09 3.10044e-09 3.14295e-09 3.17618e-09 3.21011e-09 3.26156e-09 3.33331e-09 3.41269e-09 1.82276e-07 4.60417e-07 5.09268e-07 5.63791e-07 6.20842e-07 6.75194e-07 7.31575e-07 7.87687e-07 8.3976e-07 8.90643e-07 9.27681e-07 9.59865e-07 9.77601e-07 9.84828e-07 9.77472e-07 9.58986e-07 9.30273e-07 8.88642e-07 8.40998e-07 7.88414e-07 7.3148e-07 6.77914e-07 6.18808e-07 5.64123e-07 5.10364e-07 4.60016e-07 1.82304e-07 3.42145e-09 3.32991e-09 3.26189e-09 3.21091e-09 3.17772e-09 3.14283e-09 3.10446e-09 3.04865e-09 3.02548e-09 2.99717e-09 2.98277e-09 2.96794e-09 2.94265e-09 2.92668e-09 2.9146e-09 2.89388e-09 2.88369e-09 2.86605e-09
2.84293e-09 2.85577e-09 2.86997e-09 2.89035e-09 2.90238e-09 2.91137e-09 2.93134e-09 2.9432e-09 2.961e-09 2.9811e-09 2.99683e-09 3.02773e-09 3.07385e-09 3.11755e-09 3.14923e-09 3.17775e-09 3.20899e-09 3.25345e-09 3.31923e-09 3.39516e-09 7.60978e-08 3.25781e-07 4.81973e-07 5.22907e-07 5.67483e-07 6.10994e-07 6.5268e-07 6.89903e-07 7.24278e-07 7.507e-07 7.74656e-07 7.86896e-07 7.92411e-07 7.87737e-07 7.72654e-07 7.51647e-07 7.23641e-07 6.90171e-07 6.52214e-07 6.0972e-07 5.69051e-07 5.2365e-07 4.8186e-07 3.262e-07 7.60742e-08 3.39249e-09 3.31624e-09 3.25634e-09 3.2071e-09 3.17658e-09 3.14907e-09 3.11464e-09 3.07577e-09 3.02264e-09 3.00098e-09 2.97522e-09 2.96033e-09 2.9457e-09 2.92414e-09 2.91181e-09 2.90336e-09 2.88317e-09 2.87423e-09 2.85193e-09
2.82128e-09 2.83034e-09 2.84387e-09 2.86521e-09 2.87707e-09 2.8851e-09 2.90603e-09 2.91411e-09 2.92758e-09 2.95051e-09 2.96109e-09 2.98925e-09 3.03651e-09 3.08293e-09 3.11397e-09 3.14282e-09 3.17027e-09 3.2002e-09 3.24878e-09 3.30571e-09 3.36958e-09 3.435e-09 1.56081e-07 3.86689e-07 4.80561e-07 5.10648e-07 5.43547e-07 5.73513e-07 5.98932e-07 6.16476e-07 6.32716e-07 6.41382e-07 6.45208e-07 6.41655e-07 6.31991e-07 6.18168e-07 5.97383e-07 5.73566e-07 5.44163e-07 5.10782e-07 4.80802e-07 3.86223e-07 1.56194e-07 3.43319e-09 3.36794e-09 3.31014e-09 3.24529e-09 3.205e-09 3.17011e-09 3.14283e-09 3.11603e-09 3.08145e-09 3.04139e-09 2.9852e-09 2.96919e-09 2.94447e-09 2.93078e-09 2.91948e-09 2.8999e-09 2.88991e-09 2.88199e-09 2.85872e-09 2.8507e-09 2.83139e-09
2.82594e-09 2.83963e-09 2.8511e-09 2.86054e-09 2.86862e-09 2.87541e-09 2.88443e-09 2.88985e-09 2.89806e-09 2.91296e-09 2.92232e-09 2.95416e-09 2.99398e-09 3.04211e-09 3.07581e-09 3.10561e-09 3.13067e-09 3.15142e-09 3.18675e-09 3.21296e-09 3.26534e-09 3.32158e-09 3.37222e-09 3.44184e-09 1.29339e-07 2.68982e-07 4.2638e-07 4.79242e-07 4.95232e-07 5.096e-07 5.23731e-07 5.30734e-07 5.33869e-07 5.31294e-07 5.22031e-07 5.1053e-07 4.94988e-07 4.79378e-07 4.25966e-07 2.68657e-07 1.29704e-07 3.43258e-09 3.37921e-09 3.31928e-09 3.26226e-09 3.21683e-09 3.18068e-09 3.15373e-09 3.1286e-09 3.10298e-09 3.07576e-09 3.03982e-09 2.998e-09 2.946e-09 2.92974e-09 2.90593e-09 2.89813e-09 2.89026e-09 2.88215e-09 2.87279e-09 2.86848e-09 2.85685e-09 2.85096e-09 2.83576e-09
2.82379e-09 2.83725e-09 2.84832e-09 2.85732e-09 2.86524e-09 2.87178e-09 2.87874e-09 2.88386e-09 2.88925e-09 2.89351e-09 2.89784e-09 2.91144e-09 2.93792e-09 2.99107e-09 3.02111e-09 3.04799e-09 3.07345e-09 3.09109e-09 3.12495e-09 3.14501e-09 3.17918e-09 3.22103e-09 3.25358e-09 3.30749e-09 3.3516e-09 3.40277e-09 3.45078e-09 1.02775e-07 2.10247e-07 2.66979e-07 3.27573e-07 3.31384e-07 3.33038e-07 3.31573e-07 3.2685e-07 2.68144e-07 2.09224e-07 1.03005e-07 3.4527e-09 3.3961e-09 3.36141e-09 3.29683e-09 3.26131e-09 3.21896e-09 3.1767e-09 3.15134e-09 3.12117e-09 3.09666e-09 3.07186e-09 3.04866e-09 3.0243e-09 2.98521e-09 2.94785e-09 2.90639e-09 2.90068e-09 2.89361e-09 2.89113e-09 2.88424e-09 2.88111e-09 2.87213e-09 2.86823e-09 2.85717e-09 2.85162e-09 2.83692e-09
2.83398e-09 2.84586e-09 2.85512e-09 2.86307e-09 2.87029e-09 2.87617e-09 2.88236e-09 2.88681e-09 2.89113e-09 2.89463e-09 2.89679e-09 2.90231e-09 2.92688e-09 2.97198e-09 3.00096e-09 3.02246e-09 3.05141e-09 3.06067e-09 3.09151e-09 3.10878e-09 3.13261e-09 3.15685e-09 3.17635e-09 3.21217e-09 3.23558e-09 3.27489e-09 3.31021e-09 3.33133e-09 3.36686e-09 3.36385e-09 3.40978e-09 3.40412e-09 3.41132e-09 3.42051e-09 3.3809e-09 3.3893e-09 3.35551e-09 3.33302e-09 3.31148e-09 3.27008e-09 3.24422e-09 3.20115e-09 3.1827e-09 3.15242e-09 3.13032e-09 3.11294e-09 3.082e-09 3.06998e-09 3.04355e-09 3.02367e-09 3.00098e-09 2.96723e-09 2.92974e-09 2.89867e-09 2.8973e-09 2.89216e-09 2.8907e-09 2.88444e-09 2.88164e-09 2.87368e-09 2.86998e-09 2.85983e-09 2.85516e-09 2.84186e-09
2.83281e-09 2.84409e-09 2.85281e-09 2.86037e-09 2.86716e-09 2.87258e-09 2.87837e-09 2.8823e-09 2.88631e-09 2.88977e-09 2.89159e-09 2.89483e-09 2.90454e-09 2.94547e-09 2.97518e-09 2.99556e-09 3.01692e-09 3.02713e-09 3.04989e-09 3.06859e-09 3.08864e-09 3.1095e-09 3.11822e-09 3.15261e-09 3.16123e-09 3.18784e-09 3.21623e-09 3.22993e-09 3.25933e-09 3.25001e-09 3.26593e-09 3.26003e-09 3.26359e-09 3.26643e-09 3.25584e-09 3.26446e-09 3.24799e-09 3.23616e-09 3.21531e-09 3.17994e-09 3.1745e-09 3.14164e-09 3.12967e-09 3.10444e-09 3.08973e-09 3.07278e-09 3.045e-09 3.03436e-09 3.01492e-09 2.99721e-09 2.97736e-09 2.94446e-09 2.90806e-09 2.89362e-09 2.89441e-09 2.88955e-09 2.88864e-09 2.88292e-09 2.88029e-09 2.87315e-09 2.86976e-09 2.86018e-09 2.85647e-09 2.84358e-09
2.83797e-09 2.84851e-09 2.85633e-09 2.86299e-09 2.86934e-09 2.87381e-09 2.8792e-09 2.88246e-09 2.8861e-09 2.88897e-09 2.89002e-09 2.89229e-09 2.89649e-09 2.93189e-09 2.96014e-09 2.98251e-09 3.00123e-09 3.01343e-09 3.0293e-09 3.04588e-09 3.06277e-09 3.07912e-09 3.08727e-09 3.10557e-09 3.11921e-09 3.13543e-09 3.15357e-09 3.16975e-09 3.19512e-09 3.19695e-09 3.20906e-09 3.2087e-09 3.21136e-09 3.20819e-09 3.20523e-09 3.20374e-09 3.19112e-09 3.17154e-09 3.15161e-09 3.13134e-09 3.12306e-09 3.09947e-09 3.09099e-09 3.07425e-09 3.06326e-09 3.04432e-09 3.02736e-09 3.01323e-09 2.99992e-09 2.98054e-09 2.96037e-09 2.92845e-09 2.89812e-09 2.88887e-09 2.89071e-09 2.8859e-09 2.88558e-09 2.88046e-09 2.87821e-09 2.87153e-09 2.86873e-09 2.8592e-09 2.85641e-09 2.8439e-09
2.83795e-09 2.84678e-09 2.85332e-09 2.85933e-09 2.86574e-09 2.86963e-09 2.87517e-09 2.87766e-09 2.8809e-09 2.8831e-09 2.88359e-09 2.88563e-09 2.88874e-09 2.92065e-09 2.94537e-09 2.96764e-09 2.98688e-09 2.99842e-09 3.01246e-09 3.02216e-09 3.03968e-09 3.05477e-09 3.06265e-09 3.07149e-09 3.07525e-09 3.08959e-09 3.10085e-09 3.10951e-09 3.13079e-09 3.14191e-09 3.15779e-09 3.16178e-09 3.16661e-09 3.16164e-09 3.15732e-09 3.14358e-09 3.12581e-09 3.11039e-09 3.10304e-09 3.08729e-09 3.08108e-09 3.06914e-09 3.06728e-09 3.05406e-09 3.04183e-09 3.02343e-09 3.01366e-09 3.00051e-09 2.98788e-09 2.96798e-09 2.94839e-09 2.91951e-09 2.89267e-09 2.88426e-09 2.88727e-09 2.88293e-09 2.8832e-09 2.87846e-09 2.87701e-09 2.8706e-09 2.86872e-09 2.85928e-09 2.85731e-09 2.84598e-09
2.83977e-09 2.84822e-09 2.85424e-09 2.85983e-09 2.86588e-09 2.86903e-09 2.87411e-09 2.87593e-09 2.87873e-09 2.88067e-09 2.88088e-09 2.88255e-09 2.88035e-09 2.90125e-09 2.92393e-09 2.94226e-09 2.96285e-09 2.97693e-09 2.99135e-09 3.00142e-09 3.01789e-09 3.03218e-09 3.03948e-09 3.04821e-09 3.04661e-09 3.0533e-09 3.06329e-09 3.07182e-09 3.08375e-09 3.09672e-09 3.11542e-09 3.12239e-09 3.1283e-09 3.12272e-09 3.11547e-09 3.09646e-09 3.08228e-09 3.07007e-09 3.06177e-09 3.04894e-09 3.05131e-09 3.04201e-09 3.04161e-09 3.02848e-09 3.01738e-09 3.00007e-09 2.98955e-09 2.97644e-09 2.96158e-09 2.93978e-09 2.92417e-09 2.89736e-09 2.88218e-09 2.87823e-09 2.88166e-09 2.87749e-09 2.87821e-09 2.87395e-09 2.87295e-09 2.86657e-09 2.86506e-09 2.8562e-09 2.85456e-09 2.84365e-09
2.8373e-09 2.84508e-09 2.85055e-09 2.85587e-09 2.86091e-09 2.86349e-09 2.86796e-09 2.86967e-09 2.87212e-09 2.87346e-09 2.87279e-09 2.87381e-09 2.87099e-09 2.8911e-09 2.91144e-09 2.92636e-09 2.94427e-09 2.9576e-09 2.97212e-09 2.98038e-09 2.98952e-09 3.003e-09 3.00891e-09 3.01768e-09 3.01945e-09 3.02252e-09 3.02581e-09 3.02984e-09 3.03596e-09 3.04394e-09 3.05701e-09 3.065e-09 3.07367e-09 3.06498e-09 3.05509e-09 3.04276e-09 3.03806e-09 3.02998e-09 3.02835e-09 3.02312e-09 3.02331e-09 3.01451e-09 3.01567e-09 3.00177e-09 2.99134e-09 2.98213e-09 2.97296e-09 2.96031e-09 2.94569e-09 2.92659e-09 2.91466e-09 2.89003e-09 2.87577e-09 2.8721e-09 2.87666e-09 2.8732e-09 2.87466e-09 2.87061e-09 2.87014e-09 2.86489e-09 2.86369e-09 2.85584e-09 2.8544e-09 2.84383e-09
2.83887e-09 2.84614e-09 2.85084e-09 2.85548e-09 2.86012e-09 2.86239e-09 2.8665e-09 2.86756e-09 2.86941e-09 2.87023e-09 2.86901e-09 2.86974e-09 2.86653e-09 2.88343e-09 2.90289e-09 2.91419e-09 2.92649e-09 2.93477e-09 2.94884e-09 2.95638e-09 2.9645e-09 2.97938e-09 2.98882e-09 2.99758e-09 3.00367e-09 3.00693e-09 3.0084e-09 3.00813e-09 3.00841e-09 3.00961e-09 3.01294e-09 3.01465e-09 3.0198e-09 3.01217e-09 3.01171e-09 3.00703e-09 3.0085e-09 3.00561e-09 3.00854e-09 3.00452e-09 3.00397e-09 2.99491e-09 2.99018e-09 2.9741e-09 2.96425e-09 2.95592e-09 2.94551e-09 2.93507e-09 2.92477e-09 2.91132e-09 2.90326e-09 2.87919e-09 2.8686e-09 2.86499e-09 2.86996e-09 2.8667e-09 2.86877e-09 2.86511e-09 2.86506e-09 2.86019e-09 2.8592e-09 2.85188e-09 2.85133e-09 2.84066e-09
2.83215e-09 2.83888e-09 2.84346e-09 2.84799e-09 2.85278e-09 2.85431e-09 2.85788e-09 2.85816e-09 2.85975e-09 2.86048e-09 2.85885e-09 2.85897e-09 2.85449e-09 2.86042e-09 2.88258e-09 2.89369e-09 2.90271e-09 2.90442e-09 2.91425e-09 2.9226e-09 2.93284e-09 2.94632e-09 2.96004e-09 2.97009e-09 2.97656e-09 2.98012e-09 2.98132e-09 2.98005e-09 2.97637e-09 2.9709e-09 2.96241e-09 2.9499e-09 2.94569e-09 2.94994e-09 2.96594e-09 2.97072e-09 2.97959e-09 2.9801e-09 2.98434e-09 2.98027e-09 2.97978e-09 2.97005e-09 2.96314e-09 2.94603e-09 2.9362e-09 2.92253e-09 2.91439e-09 2.90965e-09 2.90355e-09 2.89384e-09 2.88617e-09 2.85885e-09 2.86043e-09 2.85721e-09 2.86298e-09 2.86027e-09 2.86288e-09 2.85929e-09 2.85974e-09 2.85586e-09 2.85551e-09 2.84796e-09 2.84822e-09 2.83762e-09
2.83415e-09 2.84034e-09 2.84451e-09 2.84825e-09 2.85245e-09 2.85281e-09 2.85607e-09 2.85605e-09 2.85713e-09 2.85682e-09 2.85396e-09 2.85377e-09 2.84809e-09 2.85329e-09 2.87322e-09 2.8824e-09 2.89122e-09 2.89538e-09 2.90214e-09 2.90957e-09 2.91716e-09 2.92454e-09 2.93773e-09 2.94832e-09 2.95503e-09 2.95841e-09 2.95863e-09 2.95636e-09 2.95045e-09 2.94008e-09 2.9241e-09 2.91002e-09 2.90531e-09 2.90937e-09 2.92477e-09 2.93516e-09 2.95031e-09 2.95305e-09 2.95867e-09 2.95518e-09 2.95515e-09 2.94502e-09 2.93765e-09 2.92099e-09 2.91687e-09 2.90629e-09 2.90221e-09 2.89391e-09 2.88876e-09 2.88031e-09 2.8742e-09 2.84741e-09 2.85108e-09 2.84834e-09 2.85521e-09 2.85297e-09 2.85651e-09 2.85358e-09 2.85456e-09 2.85084e-09 2.85136e-09 2.84383e-09 2.84505e-09 2.83484e-09
2.82534e-09 2.83098e-09 2.83439e-09 2.83755e-09 2.84161e-09 2.84217e-09 2.84545e-09 2.84443e-09 2.84475e-09 2.84398e-09 2.8406e-09 2.84011e-09 2.83126e-09 2.83361e-09 2.85279e-09 2.86532e-09 2.87478e-09 2.88245e-09 2.88851e-09 2.89329e-09 2.89757e-09 2.90212e-09 2.91297e-09 2.92178e-09 2.92709e-09 2.92942e-09 2.92887e-09 2.92522e-09 2.91555e-09 2.904e-09 2.89748e-09 2.89694e-09 2.89728e-09 2.89704e-09 2.90071e-09 2.90545e-09 2.92017e-09 2.92432e-09 2.93227e-09 2.92932e-09 2.93024e-09 2.9215e-09 2.91584e-09 2.9018e-09 2.90042e-09 2.89346e-09 2.89201e-09 2.8829e-09 2.8787e-09 2.86602e-09 2.8551e-09 2.83142e-09 2.83948e-09 2.837e-09 2.84549e-09 2.8436e-09 2.84785e-09 2.84595e-09 2.8473e-09 2.84393e-09 2.84504e-09 2.83757e-09 2.83897e-09 2.82942e-09
@ u_xCO 64 64
3.46945e-18 3.46945e-18 3.46945e-18 3.46945e-18 3.46945e-18 3.46945e-18 3.46945e-18 3.46945e-18 3.46945e-18 3.46945e-18 3.46945e-18 3.46945e-18 3.46945e-18 3.46945e-18 3.46945e-18 3.46945e-18 3.46945e-18 3.46945e-18 3.46945e-18 3.46945e-18 3.46945e-18 3.46945e-18 3.46945e-18 3.46945e-18 3.46945e-18 3.46945e-18 3.46945e-18 3.46945e-18 3.46945e-18 3.46945e-18 3.46945e-18 3.46945e-18 3.46945e-18 3.46945e-18 3.46945e-18 3.46945e-18 3.46945e-18 3.46945e-18 3.46945e-18 3.46945e-18 3.46945e-18 3.46945e-18 3.46945e-18 3.46945e-18 3.46945e-18 3.46945e-18 3.46945e-18 3.46945e-18 3.46945e-18 3.46945e-18 3.46945e-18 3.46945e-18 3.46945e-18 3.46945e-18 3.46945e-18 3.46945e-18 3.46945e-18 3.46945e-18 3.46945e-18 3.46945e-18 3.46945e-18 3.46945e-18 3.46945e-18 3.46945e-18
3.46945e-18 3.46945e-18 3.46945e-18 3.46945e-18 3.46945e-18 3.46945e-18 3.46945e-18 3.46945e-18 3.46945e-18 3.46945e-18 3.46945e-18 3.46945e-18 3.46945e-18 3.46945e-18 3.46945e-18 3.46945e-18 3.46945e-18 3.46945e-18 3.46945e-18 3.46945e-18 3.46945e-18 3.46945e-18 3.46945e-18 3.46945e-18 3.46945e-18 3.46945e-18 3.46945e-18 3.46945e-18 3.46945e-18 3.46945e-18 3.46945e-18 3.46945e-18 3.46945e-18 3.46945e-18 3.46945e-18 3.46945e-18 3.46945e-18 3.46945e-18 3.46945e-18 3.46945e-18 3.46945e-18 3.46945e-18 3.46945e-18 3.46945e-18 3.46945e-18 3.46945e-18 3.46945e-18 3.46945e-18 3.46945e-18 3.46945e-18 3.46945e-18 3.46945e-18 3.46945e-18 3.46945e-18 3.46945e-18 3.46945e-18 3.46945e-18 3.46945e-18 3.46945e-18 3.46945e-18 3.46945e-18 3.46945e-18 3.46945e-18 3.46945e-18
3.46945e-18 3.46945e-18 3.46945e-18 3.46945e-18 3.46945e-18 3.46945e-18 3.46945e-18 3.46945e-18 3.46945e-18 3.46945e-18 3.46945e-18 3.46945e-18 3.46945e-18 3.46945e-18 3.46945e-18 3.46945e-18 3.46945e-18 3.46945e-18 3.46945e-18 3.46945e-18 3.46945e-18 3.46945e-18 3.46945e-18 3.46945e-18 3.46945e-18 3.46945e-18 3.46945e-18 3.46945e-18 3.46945e-18 3.46945e-18 3.46945e-18 3.46945e-18 3.46945e-18 3.46945e-18 3.46945e-18 3.46945e-18 3.46945e-18 3.46945e-18 3.46945e-18 3.46945e-18 3.46945e-18 3.46945e-18 3.46945e-18 3.46945e-18 3.46945e-18 3.46945e-18 3.46945e-18 3.46945e-18 3.46945e-18 3.46945e-18 3.46945e-18 3.46945e-18 3.46945e-18 3.46945e-18 3.46945e-18 3.46945e-18 3.46945e-18 3.46945e-18 3.46945e-18 3.46945e-18 3.46945e-18 3.46945e-18 3.46945e-18 3.46945e-18
3.46945e-18 3.46945e-18 3.46945e-18 3.46945e-18 3.46945e-18 3.46945e-18 3.46945e-18 3.46945e-18 3.46945e-18 3.46945e-18 3.46945e-18 3.46945e-18 3.46945e-18 3.46945e-18 3.46945e-18 3.46945e-18 3.46945e-18 3.46945e-18 3.46945e-18 3.46945e-18 3.46945e-18 3.46945e-18 3.46945e-18 3.46945e-18 3.46945e-18 3.46945e-18 3.46945e-18 3.46945e-18 3.46945e-18 3.46945e-18 3.46945e-18 3.46945e-18 3.46945e-18 3.46945e-18 3.46945e-18 3.46945e-18 3.46945e-18 3.46945e-18 3.46945e-18 3.46945e-18 3.46945e-18 3.46945e-18 3.46945e-18 3.46945e-18 3.46945e-18 3.46945e-18 3.46945e-18 3.46945e-18 3.46945e-18 3.46945e-18 3.46945e-18 3.46945e-18 3.46945e-18 3.46945e-18 3.46945e-18 3.46945e-18 3.46945e-18 3.46945e-18 3.46945e-18 3.46945e-18 3.46945e-18 3.46945e-18 3.46945e-18 3.46945e-18
3.46945e-18 3.46945e-18 3.46945e-18 3.46945e-18 3.46945e-18 3.46945e-18 3.46945e-18 3.46945e-18 3.46945e-18 3.46945e-18 3.46945e-18 3.46945e-18 3.46945e-18 3.46945e-18 3.46945e-18 3.46945e-18 3.46945e-18 3.46945e-18 3.46945e-18 3.46945e-18 3.46945e-18 3.46945e-18 3.46945e-18 3.46945e-18 3.46945e-18 3.46945e-18 3.46945e-18 3.46945e-18 3.46945e-18 3.46945e-18 3.46945e-18 3.46945e-18 3.46945e-18 3.46945e-18 3.46945e-18 3.46945e-18 3.46945e-18 3.46945e-18 3.46945e-18 3.46945e-18 3.46945e-18 3.46945e-18 3.46945e-18 3.46945e-18 3.46945e-18 3.46945e-18 3.46945e-18 3.46945e-18 3.46945e-18 3.46945e-18 3.46945e-18 3.46945e-18 3.46945e-18 3.46945e-18 3.46945e-18 3.46945e-18 3.46945e-18 3.46945e-18 3.46945e-18 3.46945e-18 3.46945e-18 3.46945e-18 3.46945e-18 3.46945e-18
3.46945e-18 3.46945e-18 3.46945e-18 3.46945e-18 3.46945e-18 3.46945e-18 3.46945e-18 3.46945e-18 3.46945e-18 3.46945e-18 3.46945e-18 3.46945e-18 3.46945e-18 3.46945e-18 3.46945e-18 3.46945e-18 3.46945e-18 3.46945e-18 3.46945e-18 3.46945e-18 3.46945e-18 3.46945e-18 3.46945e-18 3.46945e-18 3.46945e-18 3.46945e-18 3.46945e-18 3.46945e-18 3.46945e-18 3.46945e-18 3.46945e-18 3.46945e-18 3.46945e-18 3.46945e-18 3.46945e-18 3.46945e-18 3.46945e-18 3.46945e-18 3.46945e-18 3.46945e-18 3.46945e-18 3.46945e-18 3.46945e-18 3.46945e-18 3.46945e-18 3.46945e-18 3.46945e-18 3.46945e-18 3.46945e-18 3.46945e-18 3.46945e-18 3.46945e-18 3.46945e-18 3.46945e-18 3.46945e-18 3.46945e-18 3.46945e-18 3.46945e-18 3.46945e-18 3.46945e-18 3.46945e-18 3.46945e-18 3.46945e-18 3.46945e-18
3.46945e-18 3.46945e-18 3.46945e-18 3.46945e-18 3.46945e-18 3.46945e-18 3.46945e-18 3.46945e-18 3.46945e-18 3.46945e-18 3.46945e-18 3.46945e-18 3.46945e-18 3.46945e-18 3.46945e-18 3.46945e-18 3.46945e-18 3.46945e-18 3.46945e-18 3.46945e-18 3.46945e-18 3.46945e-18 3.46945e-18 3.46945e-18 3.46945e-18 3.46945e-18 3.46945e-18 3.46945e-18 3.46945e-18 3.46945e-18 3.46945e-18 3.46945e-18 3.46945e-18 3.46945e-18 3.46945e-18 3.46945e-18 3.46945e-18 3.46945e-18 3.46945e-18 3.46945e-18 3.46945e-18 3.46945e-18 3.46945e-18 3.46945e-18 3.46945e-18 3.46945e-18 3.46945e-18 3.46945e-18 3.46945e-18 3.46945e-18 3.46945e-18 3.46945e-18 3.46945e-18 3.46945e-18 3.46945e-18 3.46945e-18 3.46945e-18 3.46945e-18 3.46945e-18 3.46945e-18 3.46945e-18 3.46945e-18 3.46945e-18 3.46945e-18
3.46945e-18 3.46945e-18 3.46945e-18 3.46945e-18 3.46945e-18 3.46945e-18 3.46945e-18 3.46945e-18 3.46945e-18 3.46945e-18 3.46945e-18 3.46945e-18 3.46945e-18 3.46945e-18 3.46945e-18 3.46945e-18 3.46945e-18 3.46945e-18 3.46945e-18 3.46945e-18 3.46945e-18 3.46945e-18 3.46945e-18 3.46945e-18 3.46945e-18 3.46945e-18 3.46945e-18 3.46945e-18 3.46945e-18 3.46945e-18 3.46945e-18 3.46945e-18 3.46945e-18 3.46945e-18 3.46945e-18 3.46945e-18 3.46945e-18 3.46945e-18 3.46945e-18 3.46945e-18 3.46945e-18 3.46945e-18 3.46945e-18 3.46945e-18 3.46945e-18 3.46945e-18 3.46945e-18 3.46945e-18 3.46945e-18 3.46945e-18 3.46945e-18 3.46945e-18 3.46945e-18 3.46945e-18 3.46945e-18 3.46945e-18 3.46945e-18 3.46945e-18 3.46945e-18 3.46945e-18 3.46945e-18 3.46945e-18 3.46945e-18 3.46945e-18
3.46945e-18 3.46945e-18 3.46945e-18 3.46945e-18 3.46945e-18 3.46945e-18 3.46945e-18 3.46945e-18 3.46945e-18 3.46945e-18 3.46945e-18 3.46945e-18 3.46945e-18 3.46945e-18 3.46945e-18 3.46945e-18 3.46945e-18 3.46945e-18 3.46945e-18 3.46945e-18 3.46945e-18 3.46945e-18 3.46945e-18 3.46945e-18 3.46945e-18 3.46945e-18 3.46945e-18 3.46945e-18 3.46945e-18 3.46945e-18 3.46945e-18 3.46945e-18 3.46945e-18 3.46945e-18 3.46945e-18 3.46945e-18 3.46945e-18 3.46945e-18 3.46945e-18 3.46945e-18 3.46945e-18 3.46945e-18 3.46945e-18 3.46945e-18 3.46945e-18 3.46945e-18 3.46945e-18 3.46945e-18 3.46945e-18 3.46945e-18 3.46945e-18 3.46945e-18 3.46945e-18 3.46945e-18 3.46945e-18 3.46945e-18 3.46945e-18 3.46945e-18 3.46945e-18 3.46945e-18 3.46945e-18 3.46945e-18 3.46945e-18 3.46945e-18
3.46945e-18 3.46945e-18 3.46945e-18 3.46945e-18 3.46945e-18 3.46945e-18 3.46945e-18 3.46945e-18 3.46945e-18 3.46945e-18 3.46945e-18 3.46945e-18 3.46945e-18 3.46945e-18 3.46945e-18 3.46945e-18 3.46945e-18 3.46945e-18 3.46945e-18 3.46945e-18 3.46945e-18 3.46945e-18 3.46945e-18 3.46945e-18 3.46945e-18 3.46945e-18 3.46945e-18 3.46945e-18 3.46945e-18 3.46945e-18 3.46945e-18 3.46945e-18 3.46945e-18 3.46945e-18 3.46945e-18 3.46945e-18 3.46945e-18 3.46945e-18 3.46945e-18 3.46945e-18 3.46945e-18 3.46945e-18 3.46945e-18 3.46945e-18 3.46945e-18 3.46945e-18 3.46945e-18 3.46945e-18 3.46945e-18 3.46945e-18 3.46945e-18 3.46945e-18 3.46945e-18 3.46945e-18 3.46945e-18 3.46945e-18 3.46945e-18 3.46945e-18 3.46945e-18 3.46945e-18 3.46945e-18 3.46945e-18 3.46945e-18 3.46945e-18
3.46945e-18 3.46945e-18 3.46945e-18 3.46945e-18 3.46945e-18 3.46945e-18 3.46945e-18 3.46945e-18 3.46945e-18 3.46945e-18 3.46945e-18 3.46945e-18 3.46945e-18 3.46945e-18 3.46945e-18 3.46945e-18 3.46945e-18 3.46945e-18 3.46945e-18 3.46945e-18 3.46945e-18 3.46945e-18 3.46945e-18 3.46945e-18 3.46945e-18 3.46945e-18 3.46945e-18 3.46945e-18 3.46945e-18 3.46945e-18 3.46945e-18 3.46945e-18 3.46945e-18 3.46945e-18 3.46945e-18 3.46945e-18 3.46945e-18 3.46945e-18 3.46945e-18 3.46945e-18 3.46945e-18 3.46945e-18 3.46945e-18 3.46945e-18 3.46945e-18 3.46945e-18 3.46945e-18 3.46945e-18 3.46945e-18 3.46945e-18 3.46945e-18 3.46945e-18 3.46945e-18 3.46945e-18 3.46945e-18 3.46945e-18 3.46945e-18 3.46945e-18 3.46945e-18 3.46945e-18 3.46945e-18 3.46945e-18 3.46945e-18 3.46945e-18
3.46945e-18 3.46945e-18 3.46945e-18 3.46945e-18 3.46945e-18 3.46945e-18 3.46945e-18 3.46945e-18 3.46945e-18 3.46945e-18 3.46945e-18 3.46945e-18 3.46945e-18 3.46945e-18 3.46945e-18 3.46945e-18 3.46945e-18 3.46945e-18 3.46945e-18 3.46945e-18 3.46945e-18 3.46945e-18 3.46945e-18 3.46945e-18 3.46945e-18 3.46945e-18 3.46945e-18 3.04023e-17 3.0473e-16 8.05962e-16 1.51822e-15 1.90154e-15 1.96514e-15 1.71577e-15 1.81275e-15 6.97558e-16 2.99044e-16 3.2387e-17 3.46945e-18 3.46945e-18 3.46945e-18 3.46945e-18 3.46945e-18 3.46945e-18 3.46945e-18 3.46945e-18 3.46945e-18 3.46945e-18 3.46945e-18 3.46945e-18 3.46945e-18 3.46945e-18 3.46945e-18 3.46945e-18 3.46945e-18 3.46945e-18 3.46945e-18 3.46945e-18 3.46945e-18 3.46945e-18 3.46945e-18 3.46945e-18 3.46945e-18 3.46945e-18
3.46945e-18 3.46945e-18 3.46945e-18 3.46945e-18 3.46945e-18 3.46945e-18 3.46945e-18 3.46945e-18 3.46945e-18 3.46945e-18 3.46945e-18 3.46945e-18 3.46945e-18 3.46945e-18 3.46945e-18 3.46945e-18 3.46945e-18 3.46945e-18 3.46945e-18 3.46945e-18 3.46945e-18 3.46945e-18 3.46945e-18 3.46945e-18 6.25451e-17 7.49412e-16 6.30995e-15 7.87087e-14 1.62886e-10 4.81756e-10 5.2426e-10 6.36494e-10 6.59589e-10 5.91038e-10 6.62255e-10 4.07632e-10 1.95464e-10 5.02511e-14 6.08481e-15 7.79375e-16 6.40588e-17 3.46945e-18 3.46945e-18 3.46945e-18 3.46945e-18 3.46945e-18 3.46945e-18 3.46945e-18 3.46945e-18 3.46945e-18 3.46945e-18 3.46945e-18 3.46945e-18 3.46945e-18 3.46945e-18 3.46945e-18 3.46945e-18 3.46945e-18 3.46945e-18 3.46945e-18 3.46945e-18 3.46945e-18 3.46945e-18 3.46945e-18
3.46945e-18 3.46945e-18 3.46945e-18 3.46945e-18 3.46945e-18 3.46945e-18 3.46945e-18 3.46945e-18 3.46945e-18 3.46945e-18 3.46945e-18 3.46945e-18 3.46945e-18 3.46945e-18 3.46945e-18 3.46945e-18 3.46945e-18 3.46945e-18 3.46945e-18 3.46945e-18 3.46945e-18 3.46945e-18 1.20286e-16 3.67518e-15 5.35295e-14 1.96233e-10 5.58858e-10 9.245e-10 1.63763e-09 2.58669e-09 3.02474e-09 3.43672e-09 3.54577e-09 3.36599e-09 3.212e-09 2.4078e-09 1.76044e-09 9.94186e-10 5.51485e-10 1.97849e-10 5.29007e-14 3.27111e-15 1.12946e-16 3.46945e-18 3.46945e-18 3.46945e-18 3.46945e-18 3.46945e-18 3.46945e-18 3.46945e-18 3.46945e-18 3.46945e-18 3.46945e-18 3.46945e-18 3.46945e-18 3.46945e-18 3.46945e-18 3.46945e-18 3.46945e-18 3.46945e-18 3.46945e-18 3.46945e-18 3.46945e-18 3.46945e-18
3.46945e-18 3.46945e-18 3.46945e-18 3.46945e-18 3.46945e-18 3.46945e-18 3.46945e-18 3.46945e-18 3.46945e-18 3.46945e-18 3.46945e-18 3.46945e-18 3.46945e-18 3.46945e-18 3.46945e-18 3.46945e-18 3.46945e-18 3.46945e-18 3.46945e-18 3.46945e-18 1.14451e-17 1.58544e-15 7.48222e-14 4.21821e-10 1.08249e-09 2.00012e-09 3.29322e-09 4.67296e-09 5.8788e-09 7.38703e-09 8.08939e-09 8.77824e-09 8.9712e-09 8.65359e-09 8.34953e-09 7.09882e-09 6.08955e-09 4.67156e-09 3.26515e-09 2.16394e-09 9.85279e-10 3.17932e-10 1.75293e-13 1.55009e-15 1.07184e-17 3.46945e-18 3.46945e-18 3.46945e-18 3.46945e-18 3.46945e-18 3.46945e-18 3.46945e-18 3.46945e-18 3.46945e-18 3.46945e-18 3.46945e-18 3.46945e-18 3.46945e-18 3.46945e-18 3.46945e-18 3.46945e-18 3.46945e-18 3.46945e-18 3.46945e-18
3.46945e-18 3.46945e-18 3.46945e-18 3.46945e-18 3.46945e-18 3.46945e-18 3.46945e-18 3.46945e-18 3.46945e-18 3.46945e-18 3.46945e-18 3.46945e-18 3.46945e-18 3.46945e-18 3.46945e-18 3.46945e-18 3.46945e-18 3.46945e-18 3.46945e-18 1.79892e-16 8.04958e-15 2.01922e-10 8.32921e-10 2.21978e-09 4.21674e-09 6.16613e-09 8.38407e-09 1.04509e-08 1.2086e-08 1.38674e-08 1.46332e-08 1.54058e-08 1.56134e-08 1.52294e-08 1.4914e-08 1.35376e-08 1.22693e-08 1.04142e-08 8.32909e-09 6.29697e-09 3.96859e-09 2.25809e-09 7.92332e-10 9.78342e-11 1.00609e-14 1.99598e-16 3.46945e-18 3.46945e-18 3.46945e-18 3.46945e-18 3.46945e-18 3.46945e-18 3.46945e-18 3.46945e-18 3.46945e-18 3.46945e-18 3.46945e-18 3.46945e-18 3.46945e-18 3.46945e-18 3.46945e-18 3.46945e-18 3.46945e-18 3.46945e-18
3.46945e-18 3.46945e-18 3.46945e-18 3.46945e-18 3.46945e-18 3.46945e-18 3.46945e-18 3.46945e-18 3.46945e-18 3.46945e-18 3.46945e-18 3.46945e-18 3.46945e-18 3.46945e-18 3.46945e-18 3.46945e-18 3.46945e-18 3.46945e-18 6.75385e-16 1.3083e-13 3.74032e-10 1.73098e-09 3.77438e-09 6.22649e-09 9.39884e-09 1.21799e-08 1.4894e-08 1.71612e-08 1.8803e-08 2.0475e-08 2.11807e-08 2.18206e-08 2.20099e-08 2.16997e-08 2.14379e-08 2.01755e-08 1.90044e-08 1.7122e-08 1.48345e-08 1.23112e-08 9.15537e-09 6.37389e-09 3.54498e-09 1.55181e-09 4.07621e-10 7.05566e-14 6.04883e-16 3.46945e-18 3.46945e-18 3.46945e-18 3.46945e-18 3.46945e-18 3.46945e-18 3.46945e-18 3.46945e-18 3.46945e-18 3.46945e-18 3.46945e-18 3.46945e-18 3.46945e-18 3.46945e-18 3.46945e-18 3.46945e-18 3.46945e-18
3.46945e-18 3.46945e-18 3.46945e-18 3.46945e-18 3.46945e-18 3.46945e-18 3.46945e-18 3.46945e-18 3.46945e-18 3.46945e-18 3.46945e-18 3.46945e-18 3.46945e-18 3.46945e-18 3.46945e-18 3.46945e-18 3.46945e-18 6.28543e-16 1.5692e-13 5.53518e-10 2.24523e-09 5.00398e-09 8.49336e-09 1.19532e-08 1.56241e-08 1.84867e-08 2.1054e-08 2.29594e-08 2.42161e-08 2.54641e-08 2.58957e-08 2.63481e-08 2.6493e-08 2.62436e-08 2.61314e-08 2.51651e-08 2.43683e-08 2.29129e-08 2.09585e-08 1.86344e-08 1.53739e-08 1.2103e-08 8.28197e-09 4.92849e-09 2.36164e-09 5.08202e-10 7.50301e-13 6.58618e-16 3.46945e-18 3.46945e-18 3.46945e-18 3.46945e-18 3.46945e-18 3.46945e-18 3.46945e-18 3.46945e-18 3.46945e-18 3.46945e-18 3.46945e-18 3.46945e-18 3.46945e-18 3.46945e-18 3.46945e-18 3.46945e-18
3.46945e-18 3.46945e-18 3.46945e-18 3.46945e-18 3.46945e-18 3.46945e-18 3.46945e-18 3.46945e-18 3.46945e-18 3.46945e-18 3.46945e-18 3.46945e-18 3.46945e-18 3.46945e-18 3.46945e-18 3.46945e-18 6.7339e-16 1.55543e-13 4.89849e-10 2.52336e-09 5.67355e-09 9.64754e-09 1.40134e-08 1.77085e-08 2.11878e-08 2.35639e-08 2.55435e-08 2.68331e-08 2.7542e-08 2.82463e-08 2.83581e-08 2.86184e-08 2.86917e-08 2.84847e-08 2.85712e-08 2.80399e-08 2.77045e-08 2.68236e-08 2.55073e-08 2.37416e-08 2.099e-08 1.78836e-08 1.38383e-08 9.67472e-09 5.73385e-09 2.41912e-09 5.73309e-10 3.91124e-13 6.90665e-16 3.46945e-18 3.46945e-18 3.46945e-18 3.46945e-18 3.46945e-18 3.46945e-18 3.46945e-18 3.46945e-18 3.46945e-18 3.46945e-18 3.46945e-18 3.46945e-18 3.46945e-18 3.46945e-18 3.46945e-18
3.46945e-18 3.46945e-18 3.46945e-18 3.46945e-18 3.46945e-18 3.46945e-18 3.46945e-18 3.46945e-18 3.46945e-18 3.46945e-18 3.46945e-18 3.46945e-18 3.46945e-18 3.46945e-18 3.46945e-18 1.79072e-16 1.32333e-13 5.53484e-10 2.52886e-09 6.09636e-09 1.05184e-08 1.51299e-08 1.9527e-08 2.27799e-08 2.5549e-08 2.7082e-08 2.82171e-08 2.87863e-08 2.89661e-08 2.93439e-08 2.92565e-08 2.93764e-08 2.94278e-08 2.9269e-08 2.94654e-08 2.90803e-08 2.90821e-08 2.87344e-08 2.81224e-08 2.71921e-08 2.5302e-08 2.29299e-08 1.93659e-08 1.51738e-08 1.05723e-08 5.99219e-09 2.71394e-09 5.98764e-10 2.94751e-14 1.74479e-16 3.46945e-18 3.46945e-18 3.46945e-18 3.46945e-18 3.46945e-18 3.46945e-18 3.46945e-18 3.46945e-18 3.46945e-18 3.46945e-18 3.46945e-18 3.46945e-18 3.46945e-18 3.46945e-18
3.46945e-18 3.46945e-18 3.46945e-18 3.46945e-18 3.46945e-18 3.46945e-18 3.46945e-18 3.46945e-18 3.46945e-18 3.46945e-18 3.46945e-18 3.46945e-18 3.46945e-18 3.46945e-18 1.1497e-17 8.03634e-15 3.71412e-10 2.23724e-09 5.67241e-09 1.04947e-08 1.55637e-08 2.00738e-08 2.38804e-08 2.624e-08 2.80373e-08 2.87065e-08 2.91658e-08 2.93445e-08 2.94263e-08 2.98741e-08 2.99003e-08 3.01579e-08 3.02692e-08 3.00635e-08 3.01615e-08 2.96202e-08 2.95907e-08 2.93601e-08 2.91375e-08 2.88449e-08 2.78857e-08 2.64686e-08 2.37434e-08 2.01486e-08 1.56264e-08 1.04449e-08 5.86643e-09 2.23884e-09 3.41482e-10 9.72438e-15 1.17931e-17 3.46945e-18 3.46945e-18 3.46945e-18 3.46945e-18 3.46945e-18 3.46945e-18 3.46945e-18 3.46945e-18 3.46945e-18 3.46945e-18 3.46945e-18 3.46945e-18 3.46945e-18
3.46945e-18 3.46945e-18 3.46945e-18 3.46945e-18 3.46945e-18 3.46945e-18 3.46945e-18 3.46945e-18 3.46945e-18 3.46945e-18 3.46945e-18 3.46945e-18 3.46945e-18 3.46945e-18 1.58587e-15 2.0246e-10 1.73387e-09 5.00165e-09 9.66681e-09 1.51262e-08 2.01107e-08 2.39915e-08 2.6839e-08 2.81692e-08 2.90817e-08 2.92431e-08 2.95979e-08 3.00247e-08 3.05826e-08 3.16919e-08 3.22883e-08 3.30506e-08 3.33228e-08 3.28509e-08 3.25804e-08 3.13694e-08 3.074e-08 2.99903e-08 2.95215e-08 2.93367e-08 2.88958e-08 2.83212e-08 2.66522e-08 2.40285e-08 2.014e-08 1.50513e-08 9.85219e-09 4.9801e-09 1.76418e-09 2.88779e-10 1.6776e-15 3.46945e-18 3.46945e-18 3.46945e-18 3.46945e-18 3.46945e-18 3.46945e-18 3.46945e-18 3.46945e-18 3.46945e-18 3.46945e-18 3.46945e-18 3.46945e-18 3.46945e-18
3.46945e-18 3.46945e-18 3.46945e-18 3.46945e-18 3.46945e-18 3.46945e-18 3.46945e-18 3.46945e-18 3.46945e-18 3.46945e-18 3.46945e-18 3.46945e-18 3.46945e-18 1.20075e-16 7.29348e-14 8.30885e-10 3.76812e-09 8.46896e-09 1.40103e-08 1.94861e-08 2.38798e-08 2.67841e-08 2.86057e-08 2.90901e-08 2.95881e-08 2.9886e-08 3.09231e-08 3.25043e-08 3.44283e-08 3.71909e-08 3.90598e-08 4.08875e-08 4.15305e-08 4.05915e-08 3.95765e-08 3.6785e-08 3.46905e-08 3.24812e-08 3.08878e-08 3.00538e-08 2.94615e-08 2.92852e-08 2.84781e-08 2.68817e-08 2.39377e-08 1.94439e-08 1.41989e-08 8.48382e-09 3.83121e-09 9.73837e-10 3.90168e-14 1.167e-16 3.46945e-18 3.46945e-18 3.46945e-18 3.46945e-18 3.46945e-18 3.46945e-18 3.46945e-18 3.46945e-18 3.46945e-18 3.46945e-18 3.46945e-18 3.46945e-18
3.46945e-18 3.46945e-18 3.46945e-18 3.46945e-18 3.46945e-18 3.46945e-18 3.46945e-18 3.46945e-18 3.46945e-18 3.46945e-18 3.46945e-18 3.46945e-18 3.46945e-18 3.68923e-15 4.21441e-10 2.21905e-09 6.24417e-09 1.19481e-08 1.77389e-08 2.27762e-08 2.6291e-08 2.81665e-08 2.91463e-08 2.93495e-08 3.01332e-08 3.14299e-08 3.41934e-08 3.81558e-08 4.29147e-08 4.91552e-08 5.36818e-08 5.77807e-08 5.92751e-08 5.72759e-08 5.45062e-08 4.83569e-08 4.32164e-08 3.80853e-08 3.40974e-08 3.15401e-08 2.99515e-08 2.94783e-08 2.89849e-08 2.8214e-08 2.62907e-08 2.27059e-08 1.78576e-08 1.19189e-08 6.32957e-09 2.26719e-09 3.44022e-10 3.53651e-15 3.46945e-18 3.46945e-18 3.46945e-18 3.46945e-18 3.46945e-18 3.46945e-18 3.46945e-18 3.46945e-18 3.46945e-18 3.46945e-18 3.46945e-18 3.46945e-18
3.46945e-18 3.46945e-18 3.46945e-18 3.46945e-18 3.46945e-18 3.46945e-18 3.46945e-18 3.46945e-18 3.46945e-18 3.46945e-18 3.46945e-18 3.46945e-18 6.25847e-17 5.33176e-14 1.07579e-09 4.20524e-09 9.39895e-09 1.55894e-08 2.11842e-08 2.54906e-08 2.80315e-08 2.90236e-08 2.95862e-08 3.00789e-08 3.20812e-08 3.54581e-08 4.1428e-08 4.98997e-08 6.03517e-08 7.39278e-08 8.47449e-08 9.26717e-08 9.56656e-08 9.17023e-08 8.63404e-08 7.24299e-08 6.08961e-08 4.98981e-08 4.13647e-08 3.56387e-08 3.19333e-08 3.02762e-08 2.94907e-08 2.91176e-08 2.80822e-08 2.54623e-08 2.13063e-08 1.5551e-08 9.40567e-09 4.29878e-09 9.85916e-10 7.48082e-14 6.24844e-17 3.46945e-18 3.46945e-18 3.46945e-18 3.46945e-18 3.46945e-18 3.46945e-18 3.46945e-18 3.46945e-18 3.46945e-18 3.46945e-18 3.46945e-18
3.46945e-18 3.46945e-18 3.46945e-18 3.46945e-18 3.46945e-18 3.46945e-18 3.46945e-18 3.46945e-18 3.46945e-18 3.46945e-18 3.46945e-18 3.46945e-18 7.50295e-16 1.96649e-10 2.00238e-09 6.1663e-09 1.21994e-08 1.84835e-08 2.36095e-08 2.70765e-08 2.87634e-08 2.92416e-08 2.99404e-08 3.14323e-08 3.55262e-08 4.2435e-08 5.40253e-08 7.09282e-08 9.16787e-08 1.16076e-07 1.37475e-07 1.57275e-07 1.64993e-07 1.55185e-07 1.40519e-07 1.13575e-07 9.2353e-08 7.08354e-08 5.38203e-08 4.25821e-08 3.53217e-08 3.15954e-08 2.98014e-08 2.92723e-08 2.87509e-08 2.70138e-08 2.36597e-08 1.84559e-08 1.21816e-08 6.28501e-09 2.00996e-09 2.73255e-10 7.50134e-16 3.46945e-18 3.46945e-18 3.46945e-18 3.46945e-18 3.46945e-18 3.46945e-18 3.46945e-18 3.46945e-18 3.46945e-18 3.46945e-18 3.46945e-18
3.46945e-18 3.46945e-18 3.46945e-18 3.46945e-18 3.46945e-18 3.46945e-18 3.46945e-18 3.46945e-18 3.46945e-18 3.46945e-18 3.46945e-18 3.46945e-18 6.26771e-15 5.5857e-10 3.29177e-09 8.36502e-09 1.48913e-08 2.10124e-08 2.55408e-08 2.81538e-08 2.91586e-08 2.95429e-08 3.09171e-08 3.41311e-08 4.14264e-08 5.39193e-08 7.53934e-08 1.04183e-07 1.43618e-07 2.02062e-07 2.62063e-07 3.21914e-07 3.46966e-07 3.16367e-07 2.70294e-07 1.97541e-07 1.45201e-07 1.04371e-07 7.51513e-08 5.4189e-08 4.12591e-08 3.43652e-08 3.08328e-08 2.96183e-08 2.92075e-08 2.81522e-08 2.5617e-08 2.10424e-08 1.49119e-08 8.5343e-09 3.37886e-09 6.77282e-10 6.56173e-15 3.46945e-18 3.46945e-18 3.46945e-18 3.46945e-18 3.46945e-18 3.46945e-18 3.46945e-18 3.46945e-18 3.46945e-18 3.46945e-18 3.46945e-18
3.46945e-18 3.46945e-18 3.46945e-18 3.46945e-18 3.46945e-18 3.46945e-18 3.46945e-18 3.46945e-18 3.46945e-18 3.46945e-18 3.46945e-18 3.03727e-17 7.89848e-14 9.40312e-10 4.69198e-09 1.04474e-08 1.71807e-08 2.29589e-08 2.68813e-08 2.8788e-08 2.94002e-08 3.00321e-08 3.25726e-08 3.81794e-08 4.99994e-08 7.09365e-08 1.04552e-07 1.57339e-07 2.47304e-07 4.01742e-07 5.94948e-07 8.13738e-07 9.1202e-07 7.92629e-07 6.16986e-07 3.90371e-07 2.49131e-07 1.57234e-07 1.03868e-07 7.11795e-08 4.97117e-08 3.83418e-08 3.24181e-08 3.00534e-08 2.93808e-08 2.87271e-08 2.6887e-08 2.29711e-08 1.71852e-08 1.06211e-08 4.74593e-09 1.06763e-09 1.2318e-13 3.04946e-17 3.46945e-18 3.46945e-18 3.46945e-18 3.46945e-18 3.46945e-18 3.46945e-18 3.46945e-18 3.46945e-18 3.46945e-18 3.46945e-18
3.46945e-18 3.46945e-18 3.46945e-18 3.46945e-18 3.46945e-18 3.46945e-18 3.46945e-18 3.46945e-18 3.46945e-18 3.46945e-18 3.46945e-18 3.04287e-16 1.59646e-10 1.62294e-09 5.8797e-09 1.20687e-08 1.87944e-08 2.41731e-08 2.75336e-08 2.89131e-08 2.94192e-08 3.05247e-08 3.442e-08 4.28507e-08 6.03058e-08 9.13647e-08 1.43501e-07 2.46205e-07 4.58995e-07 9.16478e-07 1.68932e-06 2.78972e-06 3.37287e-06 2.69359e-06 1.77673e-06 8.95411e-07 4.63083e-07 2.47545e-07 1.43128e-07 9.1934e-08 6.01738e-08 4.31288e-08 3.43477e-08 3.06188e-08 2.94654e-08 2.89329e-08 2.7579e-08 2.4252e-08 1.8808e-08 1.22596e-08 5.95027e-09 1.83652e-09 2.1788e-10 3.05244e-16 3.46945e-18 3.46945e-18 3.46945e-18 3.46945e-18 3.46945e-18 3.46945e-18 3.46945e-18 3.46945e-18 3.46945e-18 3.46945e-18
3.46945e-18 3.46945e-18 3.46945e-18 3.46945e-18 3.46945e-18 3.46945e-18 3.46945e-18 3.46945e-18 3.46945e-18 3.46945e-18 3.46945e-18 8.07455e-16 4.9031e-10 2.58344e-09 7.39235e-09 1.38648e-08 2.04992e-08 2.54664e-08 2.82895e-08 2.93565e-08 2.99255e-08 3.17151e-08 3.72539e-08 4.91823e-08 7.41208e-08 1.16306e-07 2.02967e-07 4.02623e-07 9.25622e-07 2.42979e-06 6.04111e-06 1.26373e-05 1.62785e-05 1.1995e-05 6.39715e-06 2.34633e-06 9.21222e-07 4.0352e-07 2.01365e-07 1.16556e-07 7.36701e-08 4.93852e-08 3.70961e-08 3.17406e-08 2.99132e-08 2.93253e-08 2.82712e-08 2.55119e-08 2.04698e-08 1.39961e-08 7.44854e-09 2.77705e-09 5.24411e-10 8.06153e-16 3.46945e-18 3.46945e-18 3.46945e-18 3.46945e-18 3.46945e-18 3.46945e-18 3.46945e-18 3.46945e-18 3.46945e-18 3.46945e-18
3.46945e-18 3.46945e-18 3.46945e-18 3.46945e-18 3.46945e-18 3.46945e-18 3.46945e-18 3.46945e-18 3.46945e-18 3.46945e-18 3.46945e-18 1.52013e-15 5.24381e-10 3.01982e-09 8.08889e-09 1.46186e-08 2.11734e-08 2.58607e-08 2.83413e-08 2.92163e-08 2.98839e-08 3.22434e-08 3.90273e-08 5.35503e-08 8.4583e-08 1.3702e-07 2.61367e-07 5.9041e-07 1.68051e-06 5.96753e-06 1.92683e-05 4.18442e-05 5.14891e-05 3.99501e-05 2.04173e-05 5.91533e-06 1.68667e-06 5.99462e-07 2.60643e-07 1.38057e-07 8.45414e-08 5.39166e-08 3.89384e-08 3.23301e-08 2.99268e-08 2.92577e-08 2.83777e-08 2.596e-08 2.11512e-08 1.4775e-08 8.13773e-09 3.12582e-09 5.45837e-10 1.50743e-15 3.46945e-18 3.46945e-18 3.46945e-18 3.46945e-18 3.46945e-18 3.46945e-18 3.46945e-18 3.46945e-18 3.46945e-18 3.46945e-18
3.46945e-18 3.46945e-18 3.46945e-18 3.46945e-18 3.46945e-18 3.46945e-18 3.46945e-18 3.46945e-18 3.46945e-18 3.46945e-18 3.46945e-18 1.90049e-15 6.36725e-10 3.43522e-09 8.78491e-09 1.54085e-08 2.18345e-08 2.63626e-08 2.86492e-08 2.94056e-08 3.02068e-08 3.30814e-08 4.09408e-08 5.78538e-08 9.29221e-08 1.5781e-07 3.23794e-07 8.18763e-07 2.82296e-06 1.28342e-05 4.14739e-05 7.47974e-05 8.56393e-05 7.35606e-05 4.2467e-05 1.24584e-05 2.76858e-06 8.23906e-07 3.19667e-07 1.57959e-07 9.24589e-08 5.80232e-08 4.07192e-08 3.30897e-08 3.01762e-08 2.93864e-08 2.86274e-08 2.64228e-08 2.17818e-08 1.55277e-08 8.79835e-09 3.53898e-09 6.59228e-10 1.89209e-15 3.46945e-18 3.46945e-18 3.46945e-18 3.46945e-18 3.46945e-18 3.46945e-18 3.46945e-18 3.46945e-18 3.46945e-18 3.46945e-18
3.46945e-18 3.46945e-18 3.46945e-18 3.46945e-18 3.46945e-18 3.46945e-18 3.46945e-18 3.46945e-18 3.46945e-18 3.46945e-18 3.46945e-18 1.96787e-15 6.59523e-10 3.54652e-09 8.96686e-09 1.56039e-08 2.19927e-08 2.64734e-08 2.86676e-08 2.93975e-08 3.02386e-08 3.3285e-08 4.14683e-08 5.91831e-08 9.54198e-08 1.64357e-07 3.45242e-07 9.06609e-07 3.34612e-06 1.60459e-05 5.10381e-05 8.53433e-05 9.50176e-05 8.48944e-05 5.28132e-05 1.62277e-05 3.35239e-06 9.24114e-07 3.44076e-07 1.65855e-07 9.54123e-08 5.95465e-08 4.1344e-08 3.33622e-08 3.02817e-08 2.94453e-08 2.86919e-08 2.65744e-08 2.19614e-08 1.57426e-08 8.98367e-09 3.64605e-09 6.81358e-10 1.9558e-15 3.46945e-18 3.46945e-18 3.46945e-18 3.46945e-18 3.46945e-18 3.46945e-18 3.46945e-18 3.46945e-18 3.46945e-18 3.46945e-18
3.46945e-18 3.46945e-18 3.46945e-18 3.46945e-18 3.46945e-18 3.46945e-18 3.46945e-18 3.46945e-18 3.46945e-18 3.46945e-18 3.46945e-18 1.71379e-15 5.90846e-10 3.3682e-09 8.65441e-09 1.52502e-08 2.17155e-08 2.62693e-08 2.8505e-08 2.93061e-08 3.00831e-08 3.2893e-08 4.06482e-08 5.73903e-08 9.19333e-08 1.55703e-07 3.17581e-07 7.99161e-07 2.71743e-06 1.22074e-05 4.01865e-05 7.40749e-05 8.4661e-05 7.28119e-05 4.1073e-05 1.19982e-05 2.66533e-06 8.02435e-07 3.13719e-07 1.55924e-07 9.14702e-08 5.75769e-08 4.04231e-08 3.28991e-08 3.00588e-08 2.92891e-08 2.84813e-08 2.63374e-08 2.16562e-08 1.53751e-08 8.67843e-09 3.45139e-09 6.11265e-10 1.71291e-15 3.46945e-18 3.46945e-18 3.46945e-18 3.46945e-18 3.46945e-18 3.46945e-18 3.46945e-18 3.46945e-18 3.46945e-18 3.46945e-18
3.46945e-18 3.46945e-18 3.46945e-18 3.46945e-18 3.46945e-18 3.46945e-18 3.46945e-18 3.46945e-18 3.46945e-18 3.46945e-18 3.46945e-18 1.80958e-15 6.60158e-10 3.21398e-09 8.34353e-09 1.49207e-08 2.14205e-08 2.61262e-08 2.85372e-08 2.94449e-08 3.01063e-08 3.25483e-08 3.95119e-08 5.44757e-08 8.6078e-08 1.40164e-07 2.68929e-07 6.14695e-07 1.75716e-06 6.36445e-06 1.99504e-05 4.27087e-05 5.22367e-05 4.16616e-05 2.13246e-05 6.30467e-06 1.76479e-06 6.24494e-07 2.68009e-07 1.41266e-07 8.60285e-08 5.48472e-08 3.94216e-08 3.26387e-08 3.0151e-08 2.94837e-08 2.85722e-08 2.62212e-08 2.14056e-08 1.50564e-08 8.38185e-09 3.36575e-09 6.88129e-10 1.7917e-15 3.46945e-18 3.46945e-18 3.46945e-18 3.46945e-18 3.46945e-18 3.46945e-18 3.46945e-18 3.46945e-18 3.46945e-18 3.46945e-18
3.46945e-18 3.46945e-18 3.46945e-18 3.46945e-18 3.46945e-18 3.46945e-18 3.46945e-18 3.46945e-18 3.46945e-18 3.46945e-18 3.46945e-18 6.97233e-16 4.07634e-10 2.4253e-09 7.10526e-09 1.35559e-08 2.01846e-08 2.52067e-08 2.8048e-08 2.91219e-08 2.96323e-08 3.14186e-08 3.6803e-08 4.84564e-08 7.25149e-08 1.1401e-07 1.98002e-07 3.92668e-07 8.96975e-07 2.37662e-06 5.89729e-06 1.26481e-05 1.59869e-05 1.21132e-05 6.19058e-06 2.3033e-06 8.92709e-07 3.93502e-07 1.96466e-07 1.14116e-07 7.21108e-08 4.86346e-08 3.66551e-08 3.14448e-08 2.96155e-08 2.90983e-08 2.80362e-08 2.52535e-08 2.01535e-08 1.36985e-08 7.16606e-09 2.56242e-09 4.32946e-10 6.98934e-16 3.46945e-18 3.46945e-18 3.46945e-18 3.46945e-18 3.46945e-18 3.46945e-18 3.46945e-18 3.46945e-18 3.46945e-18 3.46945e-18
3.46945e-18 3.46945e-18 3.46945e-18 3.46945e-18 3.46945e-18 3.46945e-18 3.46945e-18 3.46945e-18 3.46945e-18 3.46945e-18 3.46945e-18 2.99227e-16 1.94735e-10 1.76405e-09 6.08258e-09 1.2269e-08 1.8981e-08 2.43636e-08 2.76502e-08 2.90728e-08 2.95346e-08 3.07262e-08 3.46269e-08 4.31951e-08 6.07728e-08 9.22763e-08 1.44718e-07 2.48892e-07 4.60035e-07 9.22818e-07 1.66797e-06 2.79365e-06 3.31423e-06 2.69639e-06 1.75611e-06 8.99636e-07 4.64379e-07 2.50232e-07 1.44348e-07 9.28807e-08 6.06069e-08 4.34894e-08 3.45524e-08 3.08201e-08 2.9584e-08 2.90945e-08 2.77019e-08 2.44401e-08 1.89948e-08 1.24458e-08 6.13082e-09 1.97165e-09 2.32919e-10 2.99199e-16 3.46945e-18 3.46945e-18 3.46945e-18 3.46945e-18 3.46945e-18 3.46945e-18 3.46945e-18 3.46945e-18 3.46945e-18 3.46945e-18
3.46945e-18 3.46945e-18 3.46945e-18 3.46945e-18 3.46945e-18 3.46945e-18 3.46945e-18 3.46945e-18 3.46945e-18 3.46945e-18 3.46945e-18 3.24343e-17 5.16493e-14 9.94182e-10 4.6705e-09 1.04284e-08 1.71231e-08 2.29495e-08 2.6828e-08 2.87907e-08 2.93665e-08 3.00495e-08 3.24858e-08 3.81451e-08 4.99118e-08 7.1032e-08 1.04421e-07 1.57764e-07 2.47291e-07 4.05973e-07 5.9716e-07 8.30722e-07 9.17322e-07 8.07155e-07 6.19576e-07 3.94371e-07 2.49122e-07 1.57691e-07 1.03745e-07 7.12558e-08 4.9636e-08 3.83113e-08 3.2333e-08 3.00678e-08 2.93497e-08 2.87333e-08 2.68288e-08 2.2968e-08 1.71238e-08 1.05905e-08 4.72266e-09 1.11674e-09 6.76135e-14 3.24875e-17 3.46945e-18 3.46945e-18 3.46945e-18 3.46945e-18 3.46945e-18 3.46945e-18 3.46945e-18 3.46945e-18 3.46945e-18 3.46945e-18
3.46945e-18 3.46945e-18 3.46945e-18 3.46945e-18 3.46945e-18 3.46945e-18 3.46945e-18 3.46945e-18 3.46945e-18 3.46945e-18 3.46945e-18 3.46945e-18 6.09873e-15 5.4956e-10 3.2553e-09 8.32275e-09 1.48067e-08 2.09592e-08 2.54583e-08 2.81212e-08 2.9081e-08 2.95159e-08 3.08259e-08 3.40826e-08 4.12884e-08 5.38267e-08 7.49748e-08 1.03921e-07 1.42593e-07 2.01614e-07 2.59384e-07 3.20873e-07 3.42413e-07 3.15478e-07 2.67297e-07 1.97258e-07 1.44193e-07 1.04104e-07 7.47397e-08 5.40865e-08 4.11274e-08 3.43147e-08 3.07355e-08 2.95945e-08 2.913e-08 2.81204e-08 2.55359e-08 2.099e-08 1.48158e-08 8.48376e-09 3.33027e-09 6.48704e-10 6.35256e-15 3.46945e-18 3.46945e-18 3.46945e-18 3.46945e-18 3.46945e-18 3.46945e-18 3.46945e-18 3.46945e-18 3.46945e-18 3.46945e-18 3.46945e-18
3.46945e-18 3.46945e-18 3.46945e-18 3.46945e-18 3.46945e-18 3.46945e-18 3.46945e-18 3.46945e-18 3.46945e-18 3.46945e-18 3.46945e-18 3.46945e-18 7.79307e-16 1.98176e-10 2.16828e-09 6.31096e-09 1.23154e-08 1.86693e-08 2.37401e-08 2.72517e-08 2.88471e-08 2.93906e-08 3.00519e-08 3.15996e-08 3.56336e-08 4.26529e-08 5.41916e-08 7.13605e-08 9.18573e-08 1.16925e-07 1.37688e-07 1.58662e-07 1.65111e-07 1.56441e-07 1.40798e-07 1.1434e-07 9.25511e-08 7.12843e-08 5.39837e-08 4.28053e-08 3.54251e-08 3.1764e-08 2.99099e-08 2.94245e-08 2.88378e-08 2.71862e-08 2.37974e-08 1.86278e-08 1.23032e-08 6.4084e-09 2.12202e-09 2.6452e-10 7.80076e-16 3.46945e-18 3.46945e-18 3.46945e-18 3.46945e-18 3.46945e-18 3.46945e-18 3.46945e-18 3.46945e-18 3.46945e-18 3.46945e-18 3.46945e-18
3.46945e-18 3.46945e-18 3.46945e-18 3.46945e-18 3.46945e-18 3.46945e-18 3.46945e-18 3.46945e-18 3.46945e-18 3.46945e-18 3.46945e-18 3.46945e-18 6.40969e-17 5.2176e-14 9.83868e-10 3.9698e-09 9.13954e-09 1.53736e-08 2.09461e-08 2.53005e-08 2.7826e-08 2.88927e-08 2.94079e-08 2.99459e-08 3.18639e-08 3.53167e-08 4.11859e-08 4.97338e-08 6.00347e-08 7.37613e-08 8.43172e-08 9.26591e-08 9.51709e-08 9.17421e-08 8.58574e-08 7.22881e-08 6.05815e-08 4.97254e-08 4.11236e-08 3.54928e-08 3.17209e-08 3.01403e-08 2.93153e-08 2.89918e-08 2.78817e-08 2.52779e-08 2.10587e-08 1.53755e-08 9.15237e-09 4.03441e-09 8.88419e-10 8.26022e-14 6.38888e-17 3.46945e-18 3.46945e-18 3.46945e-18 3.46945e-18 3.46945e-18 3.46945e-18 3.46945e-18 3.46945e-18 3.46945e-18 3.46945e-18 3.46945e-18
3.46945e-18 3.46945e-18 3.46945e-18 3.46945e-18 3.46945e-18 3.46945e-18 3.46945e-18 3.46945e-18 3.46945e-18 3.46945e-18 3.46945e-18 3.46945e-18 3.46945e-18 3.27631e-15 3.18082e-10 2.26249e-09 6.36511e-09 1.21306e-08 1.78833e-08 2.29806e-08 2.64761e-08 2.8385e-08 2.92869e-08 2.95282e-08 3.02711e-08 3.16525e-08 3.43503e-08 3.84079e-08 4.31125e-08 4.94808e-08 5.38653e-08 5.81649e-08 5.94533e-08 5.76226e-08 5.47303e-08 4.86711e-08 4.3417e-08 3.8332e-08 3.42515e-08 3.17694e-08 3.00853e-08 2.96607e-08 2.91241e-08 2.84347e-08 2.64774e-08 2.29048e-08 1.80298e-08 1.21169e-08 6.45075e-09 2.38405e-09 2.57082e-10 3.13479e-15 3.46945e-18 3.46945e-18 3.46945e-18 3.46945e-18 3.46945e-18 3.46945e-18 3.46945e-18 3.46945e-18 3.46945e-18 3.46945e-18 3.46945e-18 3.46945e-18
3.46945e-18 3.46945e-18 3.46945e-18 3.46945e-18 3.46945e-18 3.46945e-18 3.46945e-18 3.46945e-18 3.46945e-18 3.46945e-18 3.46945e-18 3.46945e-18 3.46945e-18 1.13152e-16 1.74783e-13 7.80965e-10 3.51632e-09 8.28091e-09 1.38111e-08 1.93706e-08 2.37021e-08 2.66549e-08 2.84195e-08 2.89876e-08 2.94372e-08 2.97982e-08 3.07642e-08 3.24228e-08 3.42871e-08 3.71166e-08 3.88802e-08 4.07665e-08 4.12826e-08 4.04841e-08 3.93842e-08 3.67139e-08 3.45429e-08 3.24004e-08 3.07366e-08 2.99659e-08 2.93132e-08 2.91795e-08 2.82976e-08 2.67541e-08 2.37672e-08 1.93506e-08 1.40098e-08 8.34413e-09 3.70648e-09 1.00329e-09 5.83445e-14 1.10091e-16 3.46945e-18 3.46945e-18 3.46945e-18 3.46945e-18 3.46945e-18 3.46945e-18 3.46945e-18 3.46945e-18 3.46945e-18 3.46945e-18 3.46945e-18 3.46945e-18
3.46945e-18 3.46945e-18 3.46945e-18 3.46945e-18 3.46945e-18 3.46945e-18 3.46945e-18 3.46945e-18 3.46945e-18 3.46945e-18 3.46945e-18 3.46945e-18 3.46945e-18 3.46945e-18 1.55635e-15 9.8273e-11 1.5526e-09 4.94195e-09 9.67443e-09 1.521e-08 2.01561e-08 2.40795e-08 2.68871e-08 2.82757e-08 2.91195e-08 2.93287e-08 2.96156e-08 3.01108e-08 3.06038e-08 3.17934e-08 3.23008e-08 3.31298e-08 3.33242e-08 3.29324e-08 3.25911e-08 3.14662e-08 3.07624e-08 3.00776e-08 2.95361e-08 2.94207e-08 2.89287e-08 2.84341e-08 2.66974e-08 2.41227e-08 2.01966e-08 1.51589e-08 9.90019e-09 5.01696e-09 1.68941e-09 2.45335e-10 1.65421e-15 3.46945e-18 3.46945e-18 3.46945e-18 3.46945e-18 3.46945e-18 3.46945e-18 3.46945e-18 3.46945e-18 3.46945e-18 3.46945e-18 3.46945e-18 3.46945e-18 3.46945e-18
3.46945e-18 3.46945e-18 3.46945e-18 3.46945e-18 3.46945e-18 3.46945e-18 3.46945e-18 3.46945e-18 3.46945e-18 3.46945e-18 3.46945e-18 3.46945e-18 3.46945e-18 3.46945e-18 1.07183e-17 1.0037e-14 4.0712e-10 2.35956e-09 5.71898e-09 1.05729e-08 1.55969e-08 2.01438e-08 2.38962e-08 2.62965e-08 2.80239e-08 2.87555e-08 2.91507e-08 2.93902e-08 2.94125e-08 2.99213e-08 2.98725e-08 3.02024e-08 3.02508e-08 3.01013e-08 3.01343e-08 2.96706e-08 2.95735e-08 2.94027e-08 2.91214e-08 2.88931e-08 2.78745e-08 2.65319e-08 2.37657e-08 2.0239e-08 1.56858e-08 1.05513e-08 5.96848e-09 2.39892e-09 4.04877e-10 1.29577e-14 1.09575e-17 3.46945e-18 3.46945e-18 3.46945e-18 3.46945e-18 3.46945e-18 3.46945e-18 3.46945e-18 3.46945e-18 3.46945e-18 3.46945e-18 3.46945e-18 3.46945e-18 3.46945e-18
3.46945e-18 3.46945e-18 3.46945e-18 3.46945e-18 3.46945e-18 3.46945e-18 3.46945e-18 3.46945e-18 3.46945e-18 3.46945e-18 3.46945e-18 3.46945e-18 3.46945e-18 3.46945e-18 3.46945e-18 2.00434e-16 7.2324e-14 5.09341e-10 2.41764e-09 6.00541e-09 1.04462e-08 1.50853e-08 1.94474e-08 2.27498e-08 2.54626e-08 2.70716e-08 2.81526e-08 2.87851e-08 2.89266e-08 2.93717e-08 2.92356e-08 2.94244e-08 2.94152e-08 2.93166e-08 2.94449e-08 2.91063e-08 2.90387e-08 2.87335e-08 2.80555e-08 2.71816e-08 2.52208e-08 2.29056e-08 1.93081e-08 1.51562e-08 1.05256e-08 5.98995e-09 2.64496e-09 6.26911e-10 2.5828e-14 1.9116e-16 3.46945e-18 3.46945e-18 3.46945e-18 3.46945e-18 3.46945e-18 3.46945e-18 3.46945e-18 3.46945e-18 3.46945e-18 3.46945e-18 3.46945e-18 3.46945e-18 3.46945e-18 3.46945e-18
3.46945e-18 3.46945e-18 3.46945e-18 3.46945e-18 3.46945e-18 3.46945e-18 3.46945e-18 3.46945e-18 3.46945e-18 3.46945e-18 3.46945e-18 3.46945e-18 3.46945e-18 3.46945e-18 3.46945e-18 3.46945e-18 6.04573e-16 7.57826e-13 5.72207e-10 2.7134e-09 5.85178e-09 9.85429e-09 1.41682e-08 1.78536e-08 2.12607e-08 2.36591e-08 2.55686e-08 2.68871e-08 2.75289e-08 2.82868e-08 2.83404e-08 2.86474e-08 2.86678e-08 2.85135e-08 2.8558e-08 2.80715e-08 2.76888e-08 2.68808e-08 2.55317e-08 2.38409e-08 2.10551e-08 1.80677e-08 1.40079e-08 9.91921e-09 5.96613e-09 2.65676e-09 7.32422e-10 1.0821e-11 6.08384e-16 3.46945e-18 3.46945e-18 3.46945e-18 3.46945e-18 3.46945e-18 3.46945e-18 3.46945e-18 3.46945e-18 3.46945e-18 3.46945e-18 3.46945e-18 3.46945e-18 3.46945e-18 3.46945e-18 3.46945e-18
3.46945e-18 3.46945e-18 3.46945e-18 3.46945e-18 3.46945e-18 3.46945e-18 3.46945e-18 3.46945e-18 3.46945e-18 3.46945e-18 3.46945e-18 3.46945e-18 3.46945e-18 3.46945e-18 3.46945e-18 3.46945e-18 3.46945e-18 6.59781e-16 3.95843e-13 6.00099e-10 2.23627e-09 4.98865e-09 8.48337e-09 1.19417e-08 1.5554e-08 1.84917e-08 2.10426e-08 2.30112e-08 2.42477e-08 2.55506e-08 2.5955e-08 2.64557e-08 2.65544e-08 2.63442e-08 2.61845e-08 2.52589e-08 2.43983e-08 2.29637e-08 2.09487e-08 1.8623e-08 1.5339e-08 1.21131e-08 8.32195e-09 5.0175e-09 2.39235e-09 6.26407e-10 1.07719e-11 6.90121e-16 3.46945e-18 3.46945e-18 3.46945e-18 3.46945e-18 3.46945e-18 3.46945e-18 3.46945e-18 3.46945e-18 3.46945e-18 3.46945e-18 3.46945e-18 3.46945e-18 3.46945e-18 3.46945e-18 3.46945e-18 3.46945e-18
3.46945e-18 3.46945e-18 3.46945e-18 3.46945e-18 3.46945e-18 3.46945e-18 3.46945e-18 3.46945e-18 3.46945e-18 3.46945e-18 3.46945e-18 3.46945e-18 3.46945e-18 3.46945e-18 3.46945e-18 3.46945e-18 3.46945e-18 3.46945e-18 6.89806e-16 2.99562e-14 3.40706e-10 1.76157e-09 3.81789e-09 6.33009e-09 9.38721e-09 1.21821e-08 1.48868e-08 1.7182e-08 1.87811e-08 2.04804e-08 2.1137e-08 2.17933e-08 2.19455e-08 2.16769e-08 2.13965e-08 2.01744e-08 1.89908e-08 1.71457e-08 1.48079e-08 1.23278e-08 9.15326e-09 6.46179e-09 3.70427e-09 1.6959e-09 4.04324e-10 2.59508e-14 6.07782e-16 3.46945e-18 3.46945e-18 3.46945e-18 3.46945e-18 3.46945e-18 3.46945e-18 3.46945e-18 3.46945e-18 3.46945e-18 3.46945e-18 3.46945e-18 3.46945e-18 3.46945e-18 3.46945e-18 3.46945e-18 3.46945e-18 3.46945e-18
3.46945e-18 3.46945e-18 3.46945e-18 3.46945e-18 3.46945e-18 3.46945e-18 3.46945e-18 3.46945e-18 3.46945e-18 3.46945e-18 3.46945e-18 3.46945e-18 3.46945e-18 3.46945e-18 3.46945e-18 3.46945e-18 3.46945e-18 3.46945e-18 3.46945e-18 1.74655e-16 9.73576e-15 2.89064e-10 9.72375e-10 2.27044e-09 4.29788e-09 6.29483e-09 8.5309e-09 1.06348e-08 1.22597e-08 1.4008e-08 1.47729e-08 1.55419e-08 1.57312e-08 1.53825e-08 1.50494e-08 1.3702e-08 1.24315e-08 1.05896e-08 8.46995e-09 6.41729e-09 4.02485e-09 2.38327e-09 9.99091e-10 2.45316e-10 1.28758e-14 1.91052e-16 3.46945e-18 3.46945e-18 3.46945e-18 3.46945e-18 3.46945e-18 3.46945e-18 3.46945e-18 3.46945e-18 3.46945e-18 3.46945e-18 3.46945e-18 3.46945e-18 3.46945e-18 3.46945e-18 3.46945e-18 3.46945e-18 3.46945e-18 3.46945e-18
3.46945e-18 3.46945e-18 3.46945e-18 3.46945e-18 3.46945e-18 3.46945e-18 3.46945e-18 3.46945e-18 3.46945e-18 3.46945e-18 3.46945e-18 3.46945e-18 3.46945e-18 3.46945e-18 3.46945e-18 3.46945e-18 3.46945e-18 3.46945e-18 3.46945e-18 3.46945e-18 1.17963e-17 1.67809e-15 3.89092e-14 3.43628e-10 9.84475e-10 2.0081e-09 3.36865e-09 4.74896e-09 5.94157e-09 7.44346e-09 8.12953e-09 8.80201e-09 8.98059e-09 8.6842e-09 8.38658e-09 7.18066e-09 6.1346e-09 4.73159e-09 3.33217e-09 2.12874e-09 8.85599e-10 2.57492e-10 5.76411e-14 1.65737e-15 1.10087e-17 3.46945e-18 3.46945e-18 3.46945e-18 3.46945e-18 3.46945e-18 3.46945e-18 3.46945e-18 3.46945e-18 3.46945e-18 3.46945e-18 3.46945e-18 3.46945e-18 3.46945e-18 3.46945e-18 3.46945e-18 3.46945e-18 3.46945e-18 3.46945e-18 3.46945e-18
3.46945e-18 3.46945e-18 3.46945e-18 3.46945e-18 3.46945e-18 3.46945e-18 3.46945e-18 3.46945e-18 3.46945e-18 3.46945e-18 3.46945e-18 3.46945e-18 3.46945e-18 3.46945e-18 3.46945e-18 3.46945e-18 3.46945e-18 3.46945e-18 3.46945e-18 3.46945e-18 3.46945e-18 3.46945e-18 1.16554e-16 3.54367e-15 7.39164e-14 2.73459e-10 6.75328e-10 1.06821e-09 1.83349e-09 2.79694e-09 3.13061e-09 3.54002e-09 3.64639e-09 3.45049e-09 3.35833e-09 2.56232e-09 1.97003e-09 1.1272e-09 6.48638e-10 2.64353e-10 8.05169e-14 3.15304e-15 1.10192e-16 3.46945e-18 3.46945e-18 3.46945e-18 3.46945e-18 3.46945e-18 3.46945e-18 3.46945e-18 3.46945e-18 3.46945e-18 3.46945e-18 3.46945e-18 3.46945e-18 3.46945e-18 3.46945e-18 3.46945e-18 3.46945e-18 3.46945e-18 3.46945e-18 3.46945e-18 3.46945e-18 3.46945e-18
3.46945e-18 3.46945e-18 3.46945e-18 3.46945e-18 3.46945e-18 3.46945e-18 3.46945e-18 3.46945e-18 3.46945e-18 3.46945e-18 3.46945e-18 3.46945e-18 3.46945e-18 3.46945e-18 3.46945e-18 3.46945e-18 3.46945e-18 3.46945e-18 3.46945e-18 3.46945e-18 3.46945e-18 3.46945e-18 3.46945e-18 3.46945e-18 6.24893e-17 7.50743e-16 6.51728e-15 1.26594e-13 2.16921e-10 5.3113e-10 5.45761e-10 6.59291e-10 6.81369e-10 6.11201e-10 6.8697e-10 4.33103e-10 2.32308e-10 6.863e-14 6.35619e-15 7.80211e-16 6.39699e-17 3.46945e-18 3.46945e-18 3.46945e-18 3.46945e-18 3.46945e-18 3.46945e-18 3.46945e-18 3.46945e-18 3.46945e-18 3.46945e-18 3.46945e-18 3.46945e-18 3.46945e-18 3.46945e-18 3.46945e-18 3.46945e-18 3.46945e-18 3.46945e-18 3.46945e-18 3.46945e-18 3.46945e-18 3.46945e-18 3.46945e-18
3.46945e-18 3.46945e-18 3.46945e-18 3.46945e-18 3.46945e-18 3.46945e-18 3.46945e-18 3.46945e-18 3.46945e-18 3.46945e-18 3.46945e-18 3.46945e-18 3.46945e-18 3.46945e-18 3.46945e-18 3.46945e-18 3.46945e-18 3.46945e-18 3.46945e-18 3.46945e-18 3.46945e-18 3.46945e-18 3.46945e-18 3.46945e-18 3.46945e-18 3.46945e-18 3.46945e-18 3.04685e-17 3.049e-16 8.07888e-16 1.50968e-15 1.89117e-15 1.95854e-15 1.7107e-15 1.78833e-15 6.98393e-16 2.99298e-16 3.25312e-17 3.46945e-18 3.46945e-18 3.46945e-18 3.46945e-18 3.46945e-18 3.46945e-18 3.46945e-18 3.46945e-18 3.46945e-18 3.46945e-18 3.46945e-18 3.46945e-18 3.46945e-18 3.46945e-18 3.46945e-18 3.46945e-18 3.46945e-18 3.46945e-18 3.46945e-18 3.46945e-18 3.46945e-18 3.46945e-18 3.46945e-18 3.46945e-18 3.46945e-18 3.46945e-18
3.46945e-18 3.46945e-18 3.46945e-18 3.46945e-18 3.46945e-18 3.46945e-18 3.46945e-18 3.46945e-18 3.46945e-18 3.46945e-18 3.46945e-18 3.46945e-18 3.46945e-18 3.46945e-18 3.46945e-18 3.46945e-18 3.46945e-18 3.46945e-18 3.46945e-18 3.46945e-18 3.46945e-18 3.46945e-18 3.46945e-18 3.46945e-18 3.46945e-18 3.46945e-18 3.46945e-18 3.46945e-18 3.46945e-18 3.46945e-18 3.46945e-18 3.46945e-18 3.46945e-18 3.46945e-18 3.46945e-18 3.46945e-18 3.46945e-18 3.46945e-18 3.46945e-18 3.46945e-18 3.46945e-18 3.46945e-18 3.46945e-18 3.46945e-18 3.46945e-18 3.46945e-18 3.46945e-18 3.46945e-18 3.46945e-18 3.46945e-18 3.46945e-18 3.46945e-18 3.46945e-18 3.46945e-18 3.46945e-18 3.46945e-18 3.46945e-18 3.46945e-18 3.46945e-18 3.46945e-18 3.46945e-18 3.46945e-18 3.46945e-18 3.46945e-18
3.46945e-18 3.46945e-18 3.46945e-18 3.46945e-18 3.46945e-18 3.46945e-18 3.46945e-18 3.46945e-18 3.46945e-18 3.46945e-18 3.46945e-18 3.46945e-18 3.46945e-18 3.46945e-18 3.46945e-18 3.46945e-18 3.46945e-18 3.46945e-18 3.46945e-18 3.46945e-18 3.46945e-18 3.46945e-18 3.46945e-18 3.46945e-18 3.46945e-18 3.46945e-18 3.46945e-18 3.46945e-18 3.46945e-18 3.46945e-18 3.46945e-18 3.46945e-18 3.46945e-18 3.46945e-18 3.46945e-18 3.46945e-18 3.46945e-18 3.46945e-18 3.46945e-18 3.46945e-18 3.46945e-18 3.46945e-18 3.46945e-18 3.46945e-18 3.46945e-18 3.46945e-18 3.46945e-18 3.46945e-18 3.46945e-18 3.46945e-18 3.46945e-18 3.46945e-18 3.46945e-18 3.46945e-18 3.46945e-18 3.46945e-18 3.46945e-18 3.46945e-18 3.46945e-18 3.46945e-18 3.46945e-18 3.46945e-18 3.46945e-18 3.46945e-18
3.46945e-18 3.46945e-18 3.46945e-18 3.46945e-18 3.46945e-18 3.46945e-18 3.46945e-18 3.46945e-18 3.46945e-18 3.46945e-18 3.46945e-18 3.46945e-18 3.46945e-18 3.46945e-18 3.46945e-18 3.46945e-18 3.46945e-18 3.46945e-18 3.46945e-18 3.46945e-18 3.46945e-18 3.46945e-18 3.46945e-18 3.46945e-18 3.46945e-18 3.46945e-18 3.46945e-18 3.46945e-18 3.46945e-18 3.46945e-18 3.46945e-18 3.46945e-18 3.46945e-18 3.46945e-18 3.46945e-18 3.46945e-18 3.46945e-18 3.46945e-18 3.46945e-18 3.46945e-18 3.46945e-18 3.46945e-18 3.46945e-18 3.46945e-18 3.46945e-18 3.46945e-18 3.46945e-18 3.46945e-18 3.46945e-18 3.46945e-18 3.46945e-18 3.46945e-18 3.46945e-18 3.46945e-18 3.46945e-18 3.46945e-18 3.46945e-18 3.46945e-18 3.46945e-18 3.46945e-18 3.46945e-18 3.46945e-18 3.46945e-18 3.46945e-18
3.46945e-18 3.46945e-18 3.46945e-18 3.46945e-18 3.46945e-18 3.46945e-18 3.46945e-18 3.46945e-18 3.46945e-18 3.46945e-18 3.46945e-18 3.46945e-18 3.46945e-18 3.46945e-18 3.46945e-18 3.46945e-18 3.46945e-18 3.46945e-18 3.46945e-18 3.46945e-18 3.46945e-18 3.46945e-18 3.46945e-18 3.46945e-18 3.46945e-18 3.46945e-18 3.46945e-18 3.46945e-18 3.46945e-18 3.46945e-18 3.46945e-18 3.46945e-18 3.46945e-18 3.46945e-18 3.46945e-18 3.46945e-18 3.46945e-18 3.46945e-18 3.46945e-18 3.46945e-18 3.46945e-18 3.46945e-18 3.46945e-18 3.46945e-18 3.46945e-18 3.46945e-18 3.46945e-18 3.46945e-18 3.46945e-18 3.46945e-18 3.46945e-18 3.46945e-18 3.46945e-18 3.46945e-18 3.46945e-18 3.46945e-18 3.46945e-18 3.46945e-18 3.46945e-18 3.46945e-18 3.46945e-18 3.46945e-18 3.46945e-18 3.46945e-18
3.46945e-18 3.46945e-18 3.46945e-18 3.46945e-18 3.46945e-18 3.46945e-18 3.46945e-18 3.46945e-18 3.46945e-18 3.46945e-18 3.46945e-18 3.46945e-18 3.46945e-18 3.46945e-18 3.46945e-18 3.46945e-18 3.46945e-18 3.46945e-18 3.46945e-18 3.46945e-18 3.46945e-18 3.46945e-18 3.46945e-18 3.46945e-18 3.46945e-18 3.46945e-18 3.46945e-18 3.46945e-18 3.46945e-18 3.46945e-18 3.46945e-18 3.46945e-18 3.46945e-18 3.46945e-18 3.46945e-18 3.46945e-18 3.46945e-18 3.46945e-18 3.46945e-18 3.46945e-18 3.46945e-18 3.46945e-18 3.46945e-18 3.46945e-18 3.46945e-18 3.46945e-18 3.46945e-18 3.46945e-18 3.46945e-18 3.46945e-18 3.46945e-18 3.46945e-18 3.46945e-18 3.46945e-18 3.46945e-18 3.46945e-18 3.46945e-18 3.46945e-18 3.46945e-18 3.46945e-18 3.46945e-18 3.46945e-18 3.46945e-18 3.46945e-18
3.46945e-18 3.46945e-18 3.46945e-18 3.46945e-18 3.46945e-18 3.46945e-18 3.46945e-18 3.46945e-18 3.46945e-18 3.46945e-18 3.46945e-18 3.46945e-18 3.46945e-18 3.46945e-18 3.46945e-18 3.46945e-18 3.46945e-18 3.46945e-18 3.46945e-18 3.46945e-18 3.46945e-18 3.46945e-18 3.46945e-18 3.46945e-18 3.46945e-18 3.46945e-18 3.46945e-18 3.46945e-18 3.46945e-18 3.46945e-18 3.46945e-18 3.46945e-18 3.46945e-18 3.46945e-18 3.46945e-18 3.46945e-18 3.46945e-18 3.46945e-18 3.46945e-18 3.46945e-18 3.46945e-18 3.46945e-18 3.46945e-18 3.46945e-18 3.46945e-18 3.46945e-18 3.46945e-18 3.46945e-18 3.46945e-18 3.46945e-18 3.46945e-18 3.46945e-18 3.46945e-18 3.46945e-18 3.46945e-18 3.46945e-18 3.46945e-18 3.46945e-18 3.46945e-18 3.46945e-18 3.46945e-18 3.46945e-18 3.46945e-18 3.46945e-18
3.46945e-18 3.46945e-18 3.46945e-18 3.46945e-18 3.46945e-18 3.46945e-18 3.46945e-18 3.46945e-18 3.46945e-18 3.46945e-18 3.46945e-18 3.46945e-18 3.46945e-18 3.46945e-18 3.46945e-18 3.46945e-18 3.46945e-18 3.46945e-18 3.46945e-18 3.46945e-18 3.46945e-18 3.46945e-18 3.46945e-18 3.46945e-18 3.46945e-18 3.46945e-18 3.46945e-18 3.46945e-18 3.46945e-18 3.46945e-18 3.46945e-18 3.46945e-18 3.46945e-18 3.46945e-18 3.46945e-18 3.46945e-18 3.46945e-18 3.46945e-18 3.46945e-18 3.46945e-18 3.46945e-18 3.46945e-18 3.46945e-18 3.46945e-18 3.46945e-18 3.46945e-18 3.46945e-18 3.46945e-18 3.46945e-18 3.46945e-18 3.46945e-18 3.46945e-18 3.46945e-18 3.46945e-18 3.46945e-18 3.46945e-18 3.46945e-18 3.46945e-18 3.46945e-18 3.46945e-18 3.46945e-18 3.46945e-18 3.46945e-18 3.46945e-18
3.46945e-18 3.46945e-18 3.46945e-18 3.46945e-18 3.46945e-18 3.46945e-18 3.46945e-18 3.46945e-18 3.46945e-18 3.46945e-18 3.46945e-18 3.46945e-18 3.46945e-18 3.46945e-18 3.46945e-18 3.46945e-18 3.46945e-18 3.46945e-18 3.46945e-18 3.46945e-18 3.46945e-18 3.46945e-18 3.46945e-18 3.46945e-18 3.46945e-18 3.46945e-18 3.46945e-18 3.46945e-18 3.46945e-18 3.46945e-18 3.46945e-18 3.46945e-18 3.46945e-18 3.46945e-18 3.46945e-18 3.46945e-18 3.46945e-18 3.46945e-18 3.46945e-18 3.46945e-18 3.46945e-18 3.46945e-18 3.46945e-18 3.46945e-18 3.46945e-18 3.46945e-18 3.46945e-18 3.46945e-18 3.46945e-18 3.46945e-18 3.46945e-18 3.46945e-18 3.46945e-18 3.46945e-18 3.46945e-18 3.46945e-18 3.46945e-18 3.46945e-18 3.46945e-18 3.46945e-18 3.46945e-18 3.46945e-18 3.46945e-18 3.46945e-18
3.46945e-18 3.46945e-18 3.46945e-18 3.46945e-18 3.46945e-18 3.46945e-18 3.46945e-18 3.46945e-18 3.46945e-18 3.46945e-18 3.46945e-18 3.46945e-18 3.46945e-18 3.46945e-18 3.46945e-18 3.46945e-18 3.46945e-18 3.46945e-18 3.46945e-18 3.46945e-18 3.46945e-18 3.46945e-18 3.46945e-18 3.46945e-18 3.46945e-18 3.46945e-18 3.46945e-18 3.46945e-18 3.46945e-18 3.46945e-18 3.46945e-18 3.46945e-18 3.46945e-18 3.46945e-18 3.46945e-18 3.46945e-18 3.46945e-18 3.46945e-18 3.46945e-18 3.46945e-18 3.46945e-18 3.46945e-18 3.46945e-18 3.46945e-18 3.46945e-18 3.46945e-18 3.46945e-18 3.46945e-18 3.46945e-18 3.46945e-18 3.46945e-18 3.46945e-18 3.46945e-18 3.46945e-18 3.46945e-18 3.46945e-18 3.46945e-18 3.46945e-18 3.46945e-18 3.46945e-18 3.46945e-18 3.46945e-18 3.46945e-18 3.46945e-18
3.46945e-18 3.46945e-18 3.46945e-18 3.46945e-18 3.46945e-18 3.46945e-18 3.46945e-18 3.46945e-18 3.46945e-18 3.46945e-18 3.46945e-18 3.46945e-18 3.46945e-18 3.46945e-18 3.46945e-18 3.46945e-18 3.46945e-18 3.46945e-18 3.46945e-18 3.46945e-18 3.46945e-18 3.46945e-18 3.46945e-18 3.46945e-18 3.46945e-18 3.46945e-18 3.46945e-18 3.46945e-18 3.46945e-18 3.46945e-18 3.46945e-18 3.46945e-18 3.46945e-18 3.46945e-18 3.46945e-18 3.46945e-18 3.46945e-18 3.46945e-18 3.46945e-18 3.46945e-18 3.46945e-18 3.46945e-18 3.46945e-18 3.46945e-18 3.46945e-18 3.46945e-18 3.46945e-18 3.46945e-18 3.46945e-18 3.46945e-18 3.46945e-18 3.46945e-18 3.46945e-18 3.46945e-18 3.46945e-18 3.46945e-18 3.46945e-18 3.46945e-18 3.46945e-18 3.46945e-18 3.46945e-18 3.46945e-18 3.46945e-18 3.46945e-18
@ u_chi_PE 64 64
0.969107 0.966525 0.966792 0.964738 0.964959 0.963218 0.963423 0.96222 0.962909 0.961413 0.963054 0.961867 0.963461 0.962027 0.959581 0.955636 0.954689 0.952383 0.952114 0.950131 0.950055 0.948529 0.947867 0.945293 0.944839 0.943615 0.944698 0.944552 0.946128 0.946008 0.945844 0.94541 0.945323 0.945411 0.945846 0.946391 0.946448 0.945578 0.944572 0.944258 0.944827 0.945991 0.947888 0.949351 0.950034 0.950921 0.952006 0.953098 0.954663 0.956519 0.959678 0.963145 0.96331 0.963379 0.962648 0.962777 0.963167 0.962995 0.963904 0.964114 0.96517 0.966009 0.966671 0.967928
0.967619 0.965009 0.965273 0.96301 0.963141 0.961251 0.961365 0.959964 0.960539 0.958812 0.960086 0.958774 0.961082 0.95945 0.956601 0.953278 0.952483 0.950045 0.949825 0.947643 0.947478 0.945865 0.944757 0.941931 0.941137 0.939735 0.940189 0.939897 0.9419 0.942788 0.944278 0.944327 0.944325 0.94438 0.944241 0.942968 0.941058 0.939821 0.939523 0.939748 0.940567 0.94198 0.94421 0.945983 0.946834 0.947743 0.948962 0.950004 0.951531 0.953142 0.955917 0.959918 0.959147 0.959349 0.958807 0.958929 0.959448 0.959652 0.960639 0.960902 0.961975 0.963001 0.963941 0.965385
0.966802 0.96404 0.964228 0.961742 0.96185 0.960026 0.960015 0.95835 0.958861 0.956973 0.958083 0.956552 0.958375 0.95658 0.954034 0.950937 0.950168 0.948299 0.947987 0.945526 0.944938 0.94241 0.940502 0.937623 0.936588 0.935038 0.935097 0.934595 0.935952 0.936872 0.939713 0.940902 0.941839 0.941505 0.939889 0.937539 0.935873 0.93516 0.935111 0.935605 0.936641 0.938262 0.940622 0.943225 0.945037 0.946438 0.947941 0.948901 0.950606 0.951701 0.953959 0.958204 0.957806 0.958068 0.957867 0.958313 0.95901 0.959339 0.960353 0.960862 0.96213 0.963157 0.964099 0.965615
0.966012 0.963026 0.96316 0.960534 0.960509 0.95868 0.958615 0.956735 0.957196 0.955212 0.956157 0.954403 0.956033 0.952472 0.949744 0.946711 0.945745 0.944517 0.943347 0.940825 0.939984 0.936598 0.934223 0.931482 0.93043 0.928749 0.928495 0.927684 0.928475 0.928709 0.930719 0.931736 0.932961 0.931658 0.929929 0.928648 0.927891 0.927641 0.927929 0.928711 0.929828 0.931454 0.933635 0.936658 0.939266 0.940942 0.942954 0.943656 0.945224 0.946718 0.948701 0.952841 0.954339 0.954776 0.954846 0.955316 0.955982 0.956511 0.957756 0.958311 0.959523 0.960534 0.961649 0.963369
0.964935 0.961768 0.961867 0.959296 0.959081 0.957117 0.957008 0.954939 0.955265 0.953278 0.954184 0.95224 0.953685 0.949645 0.94685 0.943522 0.942017 0.939683 0.93777 0.935401 0.934723 0.931587 0.930076 0.927428 0.926459 0.924675 0.924405 0.923351 0.923652 0.922996 0.92343 0.922559 0.922729 0.922419 0.923224 0.923459 0.923606 0.923871 0.924367 0.925233 0.926434 0.928045 0.92996 0.932701 0.934839 0.935926 0.938342 0.94002 0.942404 0.944636 0.946798 0.951048 0.953274 0.953843 0.953999 0.954608 0.955441 0.956053 0.957373 0.958035 0.959336 0.960479 0.961691 0.96347
0.964532 0.961261 0.961223 0.958689 0.958378 0.956283 0.956122 0.953918 0.954145 0.952036 0.952846 0.950654 0.952015 0.947814 0.944757 0.940865 0.938692 0.935691 0.933593 0.930943 0.929421 0.925873 0.92533 0.92264 0.922339 0.92039 0.919744 0.917547 0.91643 0.91438 0.913031 0.910514 0.910297 0.910603 0.912889 0.91425 0.915953 0.91762 0.919184 0.92038 0.921536 0.92313 0.924038 0.926113 0.928863 0.930707 0.933039 0.935195 0.938044 0.940883 0.943597 0.948085 0.950414 0.951098 0.951395 0.95212 0.95304 0.953686 0.955105 0.955866 0.957329 0.958656 0.95993 0.961652
0.963478 0.960265 0.960025 0.957364 0.957017 0.954729 0.954459 0.95225 0.952368 0.950115 0.950848 0.948492 0.949386 0.943145 0.94023 0.935417 0.932776 0.929335 0.927762 0.925149 0.923438 0.919678 0.918789 0.915991 0.916216 0.914023 0.912791 0.910211 0.908634 0.905557 0.9033 0.901146 0.901193 0.90121 0.903418 0.905573 0.908529 0.910663 0.91302 0.914958 0.915494 0.917274 0.918479 0.920699 0.923579 0.925868 0.928128 0.929905 0.933122 0.936557 0.940212 0.944584 0.949007 0.95021 0.950651 0.951468 0.952503 0.95323 0.954804 0.955748 0.957292 0.95862 0.959887 0.961728
0.963356 0.959967 0.959609 0.956759 0.956335 0.953927 0.953549 0.951341 0.951323 0.948909 0.949589 0.947138 0.947816 0.941159 0.937614 0.932133 0.92944 0.926052 0.924386 0.920914 0.918619 0.91495 0.913997 0.911065 0.909881 0.906106 0.90445 0.9018 0.898718 0.89555 0.893644 0.892055 0.892116 0.892112 0.893765 0.895453 0.899182 0.901398 0.903847 0.906539 0.908675 0.911467 0.91293 0.91515 0.917857 0.920727 0.923661 0.92564 0.928772 0.932101 0.936309 0.941437 0.946291 0.947531 0.947955 0.948972 0.950197 0.951086 0.952669 0.953529 0.955186 0.956715 0.958227 0.960354
0.962901 0.959285 0.958865 0.955869 0.955289 0.952903 0.952377 0.950079 0.949971 0.947354 0.947904 0.945391 0.94557 0.937891 0.933571 0.928054 0.925524 0.922145 0.920379 0.916524 0.914157 0.910192 0.909311 0.905498 0.903184 0.899035 0.89663 0.892634 0.889011 0.887293 0.885839 0.884938 0.885175 0.885013 0.886419 0.886491 0.889832 0.892533 0.896627 0.899888 0.902581 0.906822 0.908798 0.911526 0.914119 0.917373 0.920805 0.922794 0.925858 0.92916 0.933532 0.939453 0.945112 0.946967 0.94768 0.948886 0.950138 0.951036 0.95275 0.953742 0.955534 0.95721 0.958756 0.960912
0.962674 0.958845 0.958239 0.955249 0.954495 0.952042 0.951362 0.948918 0.948763 0.946024 0.946394 0.943767 0.942174 0.933042 0.929008 0.923844 0.92073 0.917489 0.914367 0.91014 0.907412 0.902454 0.901399 0.895171 0.893707 0.887871 0.883911 0.879869 0.876026 0.875842 0.87392 0.873836 0.873952 0.873011 0.875245 0.873889 0.877507 0.879194 0.883765 0.888816 0.891213 0.896819 0.899234 0.903336 0.906671 0.909525 0.914485 0.916315 0.920373 0.923574 0.927755 0.933344 0.9405 0.944186 0.944924 0.946114 0.94749 0.948622 0.950524 0.951673 0.95354 0.955206 0.956834 0.959147
0.963129 0.959058 0.958116 0.955058 0.954222 0.951619 0.950854 0.948216 0.947913 0.945155 0.945411 0.942301 0.94017 0.930278 0.925567 0.920118 0.915511 0.912575 0.907638 0.903132 0.900169 0.894624 0.891385 0.884656 0.881863 0.874232 0.869595 0.86469 0.859894 0.858999 0.853459 0.853266 0.852971 0.851263 0.857143 0.855868 0.861527 0.864781 0.869533 0.875356 0.880349 0.886718 0.890417 0.896029 0.900565 0.903152 0.909309 0.911797 0.916878 0.920737 0.925586 0.932165 0.939463 0.944041 0.945164 0.946498 0.948072 0.949329 0.951241 0.952459 0.954407 0.956149 0.957971 0.960423
0.962864 0.958754 0.957644 0.954405 0.953518 0.950708 0.949857 0.947158 0.946628 0.943771 0.943558 0.938374 0.934627 0.923944 0.919406 0.91327 0.909141 0.905156 0.900621 0.895746 0.891681 0.884271 0.879602 0.869947 0.864159 0.855364 0.849316 0.842107 0.834404 0.831005 0.826644 0.82488 0.82482 0.82459 0.827506 0.829303 0.836088 0.84136 0.848837 0.856431 0.862226 0.871381 0.877711 0.88472 0.891332 0.894706 0.900643 0.904036 0.908732 0.91311 0.917995 0.925054 0.931743 0.939464 0.942014 0.943827 0.945549 0.946844 0.948844 0.950302 0.952472 0.954421 0.956455 0.95907
0.96347 0.959953 0.958355 0.954817 0.953686 0.950814 0.94944 0.946679 0.945589 0.940931 0.940174 0.93334 0.926975 0.91668 0.911223 0.904521 0.90019 0.894897 0.889116 0.88287 0.875233 0.866208 0.859654 0.848341 0.83985 0.828395 0.819886 0.81209 0.806298 0.801146 0.797944 0.795561 0.795322 0.795478 0.798279 0.801225 0.80655 0.812268 0.820264 0.82932 0.838777 0.85048 0.858435 0.86718 0.875707 0.88301 0.890321 0.895135 0.900734 0.905795 0.911203 0.918202 0.925986 0.935964 0.938773 0.94301 0.945653 0.947141 0.950041 0.951679 0.953862 0.956044 0.958276 0.961326
0.963166 0.959541 0.957727 0.952511 0.950758 0.947837 0.94428 0.941161 0.939169 0.933072 0.931565 0.923953 0.91785 0.907906 0.90308 0.896546 0.891998 0.8866 0.879452 0.870211 0.861138 0.850177 0.839342 0.823988 0.813886 0.803394 0.795047 0.787029 0.781023 0.776166 0.77344 0.770984 0.770733 0.770984 0.773218 0.77586 0.781307 0.786665 0.794531 0.803506 0.813066 0.824664 0.838329 0.850527 0.860545 0.869455 0.879401 0.88553 0.891354 0.896502 0.901778 0.908368 0.915778 0.924908 0.929034 0.934143 0.937842 0.94003 0.944916 0.946702 0.949417 0.953554 0.955892 0.959447
0.959675 0.955769 0.954125 0.948805 0.946889 0.943674 0.940252 0.936384 0.933573 0.92781 0.925598 0.918272 0.911231 0.901917 0.896814 0.89015 0.884573 0.876585 0.86667 0.855083 0.84385 0.82738 0.813322 0.799394 0.789124 0.777929 0.769727 0.761725 0.755901 0.750199 0.746596 0.744041 0.743697 0.743949 0.74707 0.750393 0.75594 0.76187 0.770071 0.778742 0.788578 0.800592 0.813219 0.827808 0.843939 0.855909 0.867488 0.876676 0.885138 0.891193 0.896782 0.903539 0.910567 0.920292 0.924668 0.929736 0.933748 0.93651 0.941723 0.943935 0.946798 0.950516 0.953188 0.956849
0.956516 0.95326 0.951933 0.946758 0.944718 0.940951 0.936644 0.932174 0.929226 0.923867 0.921272 0.913279 0.905705 0.896559 0.891266 0.883912 0.875747 0.863955 0.851954 0.835954 0.818583 0.802586 0.789604 0.774338 0.764538 0.753445 0.744559 0.735572 0.72856 0.722762 0.719302 0.716402 0.716099 0.716582 0.71921 0.722285 0.728775 0.735145 0.743956 0.75338 0.763235 0.775328 0.788375 0.802402 0.81839 0.835713 0.850432 0.863881 0.875077 0.883713 0.890028 0.896773 0.90376 0.91394 0.919224 0.924498 0.928188 0.931072 0.937032 0.939886 0.943411 0.947282 0.95043 0.953501
0.954662 0.951531 0.95015 0.944751 0.942065 0.937747 0.932861 0.928451 0.925565 0.919643 0.915533 0.907995 0.900199 0.890909 0.884586 0.874745 0.864862 0.849438 0.832699 0.813107 0.79704 0.780639 0.767649 0.753314 0.742068 0.729394 0.719616 0.710359 0.703114 0.696579 0.692472 0.689637 0.689201 0.689502 0.69275 0.696785 0.703477 0.71053 0.71994 0.730309 0.741887 0.754656 0.767174 0.781191 0.797446 0.813564 0.832518 0.851759 0.864528 0.875763 0.884929 0.892362 0.899827 0.909984 0.914892 0.921422 0.925549 0.928469 0.934261 0.937659 0.942109 0.946543 0.94968 0.952545
0.953094 0.95 0.949115 0.944496 0.940576 0.935687 0.93033 0.926062 0.923265 0.917537 0.913763 0.905183 0.896 0.886616 0.877605 0.863961 0.850427 0.830034 0.810459 0.791934 0.7749 0.758619 0.744822 0.728303 0.715971 0.702406 0.6914 0.681028 0.672573 0.665059 0.660259 0.656609 0.655882 0.656404 0.660136 0.664934 0.672543 0.680491 0.691099 0.702444 0.714462 0.728878 0.743589 0.758721 0.774745 0.791612 0.809694 0.830558 0.848274 0.863991 0.876722 0.886123 0.894824 0.905477 0.91167 0.918149 0.922164 0.925307 0.930755 0.934409 0.939643 0.945145 0.947799 0.950184
0.952006 0.948963 0.947942 0.94244 0.937749 0.932617 0.927758 0.923338 0.920389 0.913314 0.907687 0.899631 0.889144 0.878455 0.866687 0.850968 0.832678 0.80959 0.790826 0.77201 0.755397 0.738021 0.722095 0.705333 0.691866 0.677209 0.664535 0.652732 0.643279 0.635296 0.630017 0.625817 0.625271 0.626357 0.630307 0.635167 0.643659 0.65282 0.664732 0.677758 0.691371 0.706679 0.722068 0.738689 0.755604 0.772335 0.790843 0.810929 0.832215 0.852628 0.867109 0.878839 0.889542 0.900419 0.907193 0.915081 0.920138 0.92358 0.929062 0.932673 0.938002 0.944214 0.947352 0.949765
0.950918 0.94774 0.946435 0.940922 0.936358 0.930996 0.926121 0.920943 0.917523 0.910178 0.904141 0.895758 0.883908 0.870246 0.856065 0.836034 0.814016 0.791985 0.772836 0.754011 0.735686 0.716794 0.700248 0.681533 0.665813 0.649151 0.634782 0.621589 0.610959 0.601368 0.595218 0.590713 0.589865 0.590776 0.595112 0.601332 0.610856 0.621287 0.634814 0.649197 0.664985 0.682483 0.699098 0.716511 0.735199 0.753603 0.77214 0.792339 0.812664 0.83648 0.855063 0.869029 0.884062 0.895749 0.903026 0.910733 0.916121 0.920682 0.926097 0.93 0.935453 0.941617 0.944941 0.94782
0.950032 0.946832 0.945035 0.939344 0.93482 0.928689 0.923491 0.917778 0.914187 0.906504 0.900207 0.890695 0.875245 0.860128 0.843715 0.817739 0.796988 0.774099 0.755399 0.734958 0.714712 0.695061 0.676622 0.656012 0.638192 0.619935 0.603964 0.589275 0.576716 0.565717 0.558813 0.553469 0.552236 0.553535 0.558632 0.56605 0.576899 0.589078 0.604334 0.620513 0.637712 0.657097 0.676465 0.695536 0.715486 0.735478 0.755397 0.775548 0.796353 0.818889 0.843783 0.860326 0.876886 0.890927 0.899663 0.908083 0.913945 0.918426 0.924033 0.92908 0.934585 0.940417 0.944123 0.947573
0.94935 0.945982 0.943224 0.936657 0.932372 0.925905 0.920544 0.915014 0.911178 0.902527 0.895641 0.884313 0.867105 0.850336 0.828299 0.80267 0.781496 0.758714 0.738816 0.716864 0.695725 0.673846 0.65318 0.631022 0.611186 0.591041 0.572572 0.555652 0.541382 0.528803 0.520465 0.514145 0.512637 0.514478 0.5201 0.528837 0.541102 0.555172 0.572462 0.59087 0.610388 0.631456 0.652614 0.673735 0.695587 0.716736 0.737626 0.759303 0.779724 0.802952 0.827262 0.849544 0.867214 0.883028 0.89424 0.903219 0.909811 0.914524 0.920509 0.925792 0.931083 0.937175 0.941834 0.945678
0.947884 0.944207 0.940619 0.933632 0.930135 0.924626 0.918821 0.913252 0.909375 0.900636 0.891458 0.878726 0.859437 0.838505 0.813191 0.788747 0.767608 0.744096 0.722087 0.699613 0.676586 0.652611 0.629578 0.605462 0.582884 0.560412 0.539069 0.519515 0.503273 0.488798 0.479402 0.472392 0.470643 0.472778 0.478857 0.489172 0.503159 0.51962 0.5395 0.560253 0.582623 0.606313 0.629563 0.652975 0.677125 0.699953 0.721676 0.745676 0.766943 0.790023 0.813439 0.838643 0.860713 0.878808 0.891633 0.902205 0.908758 0.913534 0.919611 0.925025 0.929632 0.935197 0.939946 0.944186
0.945992 0.941981 0.938262 0.931455 0.928046 0.922617 0.916681 0.911046 0.906226 0.895161 0.885387 0.870109 0.849265 0.824221 0.80029 0.774523 0.754164 0.728491 0.706097 0.681666 0.656668 0.631091 0.605941 0.579124 0.553852 0.528967 0.50495 0.483003 0.464495 0.447547 0.436835 0.428854 0.426614 0.429194 0.43608 0.448307 0.464132 0.482762 0.505154 0.528566 0.553418 0.579439 0.605422 0.630487 0.656505 0.681367 0.704692 0.729708 0.752364 0.775131 0.799711 0.823478 0.849365 0.869523 0.884749 0.895682 0.904585 0.910727 0.916846 0.922298 0.926917 0.932467 0.937112 0.94162
0.944823 0.940563 0.936638 0.929825 0.926431 0.921645 0.916192 0.90915 0.903165 0.892845 0.881513 0.863366 0.839664 0.813128 0.789012 0.763824 0.742001 0.715317 0.691818 0.6652 0.638173 0.610701 0.582836 0.553453 0.524722 0.496997 0.470105 0.445267 0.424141 0.404671 0.392312 0.383105 0.380459 0.383664 0.391419 0.405971 0.423865 0.445204 0.470561 0.496848 0.524879 0.553982 0.583039 0.610648 0.63865 0.665935 0.691202 0.717628 0.741089 0.765143 0.789361 0.813063 0.841037 0.863836 0.88156 0.894494 0.902543 0.910137 0.917089 0.921944 0.925846 0.931375 0.936006 0.940789
0.944258 0.939748 0.935605 0.928711 0.925233 0.920419 0.914688 0.906153 0.899682 0.888045 0.874949 0.85573 0.829137 0.803584 0.778717 0.753667 0.730237 0.702647 0.677984 0.649384 0.620529 0.591214 0.560875 0.52904 0.497296 0.466518 0.43645 0.40852 0.384648 0.362384 0.348252 0.337776 0.334666 0.338384 0.34702 0.363737 0.383949 0.408404 0.43674 0.466015 0.497205 0.528759 0.560523 0.590612 0.620364 0.64941 0.676426 0.704005 0.728318 0.753952 0.778099 0.802479 0.829521 0.854827 0.873862 0.889015 0.898461 0.906436 0.914592 0.920099 0.924012 0.92969 0.934362 0.939275
0.944571 0.939522 0.935109 0.927928 0.924366 0.919183 0.912821 0.903853 0.896273 0.883334 0.869342 0.848679 0.81967 0.794357 0.769591 0.743876 0.719488 0.690796 0.664424 0.634293 0.603866 0.572091 0.538972 0.504602 0.470009 0.436201 0.402857 0.37173 0.345073 0.32027 0.304348 0.292584 0.288964 0.29336 0.302894 0.32173 0.344171 0.371814 0.403436 0.435955 0.470543 0.504739 0.539237 0.572134 0.604378 0.635081 0.663606 0.693127 0.71822 0.745119 0.769658 0.794034 0.820918 0.848711 0.868979 0.885008 0.895699 0.90465 0.912997 0.919584 0.923706 0.929523 0.934439 0.939623
0.945576 0.939819 0.935159 0.927639 0.923869 0.917618 0.910838 0.901976 0.893241 0.880428 0.865415 0.842396 0.812772 0.787309 0.762447 0.735912 0.711112 0.681294 0.653402 0.621897 0.589899 0.555858 0.519861 0.483044 0.445513 0.408615 0.371871 0.33749 0.30795 0.28064 0.262945 0.250018 0.246049 0.25097 0.261401 0.28224 0.306878 0.337504 0.372289 0.40795 0.445723 0.482786 0.519751 0.555173 0.589624 0.621976 0.651577 0.68292 0.708721 0.736258 0.761685 0.786032 0.813365 0.841424 0.864245 0.881037 0.891372 0.902024 0.910363 0.91783 0.922672 0.928805 0.933902 0.939202
0.946449 0.941059 0.935874 0.927892 0.923607 0.91593 0.908318 0.898218 0.88874 0.875598 0.859666 0.833874 0.806091 0.780495 0.755698 0.728039 0.702978 0.672009 0.643103 0.610396 0.576495 0.540935 0.502994 0.464091 0.424004 0.384463 0.345003 0.307832 0.275726 0.246121 0.226786 0.212774 0.208384 0.213745 0.225157 0.247823 0.27478 0.307963 0.345472 0.384046 0.424518 0.464202 0.503512 0.540832 0.576968 0.611383 0.642018 0.674526 0.701512 0.729211 0.75607 0.779949 0.807784 0.833685 0.859514 0.877045 0.887788 0.899263 0.90878 0.917095 0.922781 0.929617 0.935318 0.941184
0.946388 0.942965 0.937536 0.928645 0.923462 0.914434 0.906018 0.896143 0.887844 0.876208 0.859496 0.831241 0.801636 0.776476 0.750847 0.723156 0.697262 0.665391 0.635856 0.601628 0.566169 0.528985 0.489198 0.447786 0.404906 0.362546 0.320435 0.280667 0.246125 0.214843 0.194208 0.179499 0.174825 0.180419 0.192573 0.21652 0.245231 0.280668 0.320551 0.361836 0.405084 0.447266 0.489084 0.528254 0.565766 0.601836 0.633913 0.667169 0.694997 0.723568 0.750329 0.775111 0.802522 0.830279 0.858646 0.876955 0.886161 0.896027 0.905352 0.915261 0.921859 0.92979 0.936258 0.941978
0.945847 0.944242 0.93989 0.92993 0.923045 0.912396 0.902855 0.893343 0.885584 0.873516 0.853086 0.826111 0.797576 0.772937 0.74631 0.718843 0.692193 0.659794 0.629652 0.594656 0.558412 0.519971 0.479102 0.436568 0.392121 0.348051 0.304199 0.262903 0.226769 0.194196 0.172398 0.157128 0.152203 0.157949 0.170838 0.195791 0.225951 0.263013 0.304616 0.347745 0.39268 0.436564 0.479747 0.520123 0.558721 0.59573 0.628517 0.662369 0.6909 0.720212 0.746687 0.772476 0.79942 0.825864 0.853138 0.875069 0.884724 0.894218 0.903114 0.914123 0.921945 0.931758 0.939287 0.943527
0.94541 0.944378 0.941504 0.931797 0.922881 0.911193 0.901689 0.892561 0.885364 0.874148 0.853576 0.825134 0.795898 0.771251 0.744398 0.716712 0.690074 0.656977 0.626344 0.591076 0.553894 0.51451 0.472798 0.429177 0.383384 0.337886 0.292683 0.250116 0.212815 0.179502 0.157083 0.141531 0.136541 0.14235 0.155634 0.180959 0.211975 0.250059 0.292825 0.337283 0.383394 0.428677 0.472774 0.513929 0.553378 0.591213 0.624292 0.658747 0.687975 0.717441 0.744039 0.77004 0.796981 0.824086 0.852949 0.87492 0.883762 0.892635 0.901048 0.911667 0.920758 0.932972 0.940672 0.943636
0.945323 0.944325 0.941744 0.932562 0.922091 0.909725 0.900795 0.891811 0.884826 0.873508 0.852474 0.824294 0.794777 0.770192 0.743162 0.715563 0.688676 0.655367 0.624811 0.589472 0.551841 0.512272 0.470339 0.42631 0.380168 0.334462 0.288846 0.245973 0.208356 0.174838 0.152212 0.136539 0.131505 0.137342 0.150769 0.176226 0.207577 0.246047 0.289199 0.334239 0.380726 0.426422 0.471029 0.512481 0.552117 0.590419 0.623693 0.658118 0.687466 0.717209 0.743629 0.769837 0.796755 0.824046 0.852646 0.875068 0.88398 0.89255 0.900953 0.911349 0.920837 0.934726 0.941737 0.943617
0.945411 0.94438 0.941241 0.932395 0.923175 0.910993 0.901644 0.892562 0.885448 0.873368 0.851524 0.824927 0.79578 0.771386 0.744287 0.717014 0.68983 0.656856 0.626705 0.591267 0.553955 0.514924 0.473074 0.429479 0.383885 0.338615 0.293491 0.251026 0.213774 0.180413 0.157957 0.142328 0.13734 0.143147 0.156504 0.18187 0.212926 0.250973 0.293628 0.337976 0.383926 0.428939 0.473077 0.51435 0.553407 0.591448 0.62472 0.658567 0.687692 0.71771 0.74388 0.770128 0.796828 0.823866 0.850891 0.874144 0.883817 0.892665 0.901086 0.911547 0.920473 0.933511 0.940909 0.943707
0.945824 0.943977 0.939016 0.930009 0.922862 0.912552 0.902949 0.893343 0.885998 0.874862 0.856595 0.827082 0.797709 0.772835 0.746519 0.71883 0.692179 0.659723 0.62975 0.594763 0.55817 0.519782 0.478447 0.435796 0.391183 0.34687 0.302787 0.261307 0.225116 0.192567 0.170865 0.155639 0.150778 0.156463 0.169305 0.194154 0.224308 0.261412 0.303178 0.346585 0.391706 0.435801 0.47905 0.51995 0.558499 0.59583 0.628635 0.662331 0.690913 0.720299 0.747 0.772439 0.799608 0.826889 0.856704 0.876479 0.885204 0.894307 0.903313 0.91391 0.921373 0.931662 0.938707 0.943749
0.946241 0.943425 0.937616 0.929283 0.923434 0.91486 0.906157 0.895925 0.886884 0.874396 0.856141 0.829798 0.801523 0.776447 0.750745 0.722908 0.697064 0.665501 0.635446 0.601877 0.566329 0.529306 0.489417 0.448611 0.406133 0.363951 0.321864 0.282329 0.247836 0.216529 0.195777 0.180954 0.176239 0.181873 0.19415 0.218206 0.246935 0.28231 0.322003 0.363204 0.406281 0.448124 0.489296 0.528531 0.565942 0.602076 0.633464 0.66729 0.694792 0.723364 0.750238 0.775081 0.802383 0.828813 0.855324 0.875134 0.885246 0.895917 0.905356 0.91539 0.921834 0.930341 0.936166 0.942864
0.945582 0.941135 0.935296 0.927859 0.923051 0.915952 0.908235 0.898849 0.889287 0.877211 0.860978 0.835783 0.805931 0.781028 0.755347 0.728518 0.702819 0.672297 0.643039 0.6106 0.576367 0.540895 0.502775 0.463932 0.423565 0.383831 0.344043 0.306895 0.274749 0.245237 0.22592 0.211996 0.207548 0.212975 0.224281 0.246946 0.273803 0.307032 0.344489 0.383375 0.424119 0.464007 0.503257 0.540807 0.57686 0.611614 0.641993 0.674862 0.701404 0.729729 0.755742 0.780572 0.80771 0.835674 0.860899 0.87875 0.888564 0.899764 0.908354 0.917048 0.922196 0.929597 0.934638 0.941225
0.945435 0.940714 0.935185 0.928154 0.923794 0.918072 0.910703 0.902146 0.893082 0.879775 0.865078 0.841995 0.812485 0.787336 0.76212 0.735766 0.710737 0.681162 0.653056 0.621894 0.589309 0.555662 0.519801 0.483141 0.445321 0.408552 0.371807 0.337638 0.307987 0.280737 0.262914 0.250119 0.245971 0.251067 0.261374 0.282357 0.306907 0.337651 0.372216 0.407925 0.44548 0.482828 0.519681 0.554999 0.589047 0.621984 0.651261 0.682788 0.708409 0.736197 0.761363 0.786079 0.813094 0.841096 0.864006 0.880589 0.891155 0.901929 0.910261 0.918389 0.922634 0.92929 0.933885 0.939867
0.943838 0.939548 0.934501 0.927853 0.923761 0.91916 0.912451 0.903868 0.896209 0.883399 0.868858 0.848555 0.819509 0.794248 0.769264 0.74375 0.719255 0.690919 0.664104 0.634641 0.603802 0.572333 0.539103 0.50513 0.470288 0.43666 0.403218 0.372273 0.345321 0.320708 0.304483 0.292952 0.289081 0.293732 0.303055 0.322145 0.344442 0.372365 0.403798 0.436413 0.470794 0.505275 0.539437 0.572363 0.604303 0.635435 0.663309 0.693306 0.717984 0.745028 0.769412 0.794 0.82082 0.848645 0.868591 0.885034 0.895346 0.904565 0.912621 0.919533 0.923097 0.929476 0.933859 0.939617
0.944372 0.940431 0.93562 0.929198 0.925115 0.920854 0.914866 0.907099 0.89993 0.889519 0.875638 0.857023 0.829447 0.804175 0.778898 0.754144 0.730447 0.703199 0.677935 0.649795 0.62065 0.591411 0.560416 0.528966 0.496946 0.46631 0.435874 0.408136 0.383889 0.362014 0.347615 0.337479 0.334035 0.338121 0.346363 0.363403 0.38323 0.407983 0.436165 0.465806 0.49685 0.528697 0.56008 0.590781 0.620479 0.649863 0.676384 0.704581 0.728612 0.754463 0.778314 0.803113 0.82992 0.856296 0.874646 0.890349 0.898693 0.907483 0.914874 0.920647 0.923959 0.930172 0.934314 0.939951
0.944255 0.940582 0.935944 0.929711 0.925689 0.921444 0.914729 0.908595 0.901756 0.891132 0.879589 0.861856 0.837877 0.812808 0.787748 0.763074 0.741127 0.714335 0.690664 0.664911 0.637162 0.610348 0.582199 0.553458 0.524617 0.497298 0.470242 0.445789 0.424257 0.405215 0.392408 0.383646 0.380435 0.384173 0.391551 0.406546 0.423943 0.445776 0.470726 0.497154 0.524774 0.553975 0.582381 0.610236 0.637615 0.665627 0.690069 0.716665 0.740254 0.764462 0.788183 0.812843 0.839359 0.862404 0.879506 0.8927 0.901185 0.909631 0.915657 0.921773 0.92516 0.93134 0.935395 0.940861
0.946008 0.94266 0.93828 0.932043 0.927963 0.923717 0.91719 0.912126 0.906769 0.897552 0.886831 0.872265 0.850692 0.825512 0.800718 0.776141 0.754767 0.729598 0.706758 0.683098 0.657068 0.631927 0.606319 0.579911 0.55401 0.529171 0.504722 0.48311 0.463966 0.447603 0.436289 0.428922 0.426118 0.429302 0.435525 0.448329 0.463638 0.482924 0.50492 0.528758 0.553587 0.580226 0.605801 0.631345 0.656945 0.682876 0.705378 0.730859 0.752984 0.776811 0.80019 0.824853 0.85091 0.87157 0.886084 0.898109 0.905163 0.911839 0.917407 0.923435 0.926855 0.933019 0.937073 0.942288
0.947271 0.944228 0.939911 0.933553 0.929156 0.923954 0.917646 0.912877 0.907943 0.8992 0.889535 0.877685 0.85762 0.838106 0.812291 0.788213 0.766309 0.743535 0.721369 0.699019 0.675783 0.652538 0.629037 0.60543 0.582594 0.560703 0.538909 0.519923 0.503092 0.489322 0.479295 0.473098 0.470726 0.473456 0.478792 0.489702 0.503013 0.520037 0.539271 0.560527 0.582353 0.606279 0.629022 0.652884 0.676304 0.699328 0.720947 0.745127 0.765696 0.789544 0.81262 0.838332 0.85884 0.877704 0.889819 0.900888 0.907437 0.913263 0.918519 0.924449 0.928772 0.935247 0.939346 0.944269
0.94935 0.946729 0.94327 0.937426 0.932726 0.926899 0.9207 0.91603 0.911541 0.904294 0.896023 0.885635 0.867267 0.851437 0.827918 0.803258 0.781278 0.759551 0.738722 0.717138 0.695469 0.674284 0.652882 0.63098 0.610548 0.591126 0.571993 0.555685 0.54064 0.52868 0.519821 0.514381 0.512116 0.514708 0.51944 0.528756 0.540344 0.555183 0.571895 0.590982 0.60981 0.631392 0.652332 0.674172 0.69537 0.717025 0.737542 0.760185 0.779536 0.803558 0.82698 0.850632 0.867322 0.88442 0.894685 0.905055 0.910243 0.915621 0.920716 0.926812 0.931424 0.937934 0.941881 0.946471
0.949369 0.946879 0.944341 0.939291 0.934077 0.928864 0.922748 0.917872 0.913226 0.906665 0.89954 0.891279 0.874649 0.860515 0.843021 0.818233 0.796609 0.774722 0.754812 0.735202 0.714794 0.69556 0.676426 0.656517 0.638077 0.620495 0.603836 0.589868 0.576455 0.566061 0.55828 0.553766 0.551721 0.553863 0.558078 0.566378 0.576619 0.589658 0.604216 0.621078 0.63762 0.657561 0.676286 0.695995 0.715567 0.735708 0.75484 0.7762 0.796009 0.819477 0.843067 0.860648 0.876346 0.89158 0.899062 0.908286 0.91301 0.918561 0.92336 0.92935 0.933934 0.940436 0.943455 0.947615
0.950867 0.948458 0.946428 0.941793 0.935931 0.931614 0.925832 0.921612 0.917289 0.910422 0.903109 0.895678 0.88298 0.870457 0.855977 0.83665 0.813589 0.792448 0.772378 0.754428 0.735467 0.717378 0.699844 0.682058 0.665842 0.650049 0.634913 0.622594 0.611155 0.602371 0.595375 0.591748 0.590025 0.591767 0.595275 0.602345 0.611024 0.622281 0.634941 0.650053 0.665033 0.682932 0.698723 0.71708 0.734994 0.75402 0.7717 0.792818 0.812278 0.837081 0.854931 0.869296 0.883182 0.895713 0.902053 0.91108 0.916009 0.921451 0.9259 0.930708 0.935118 0.942607 0.945041 0.948691
0.951199 0.948952 0.947117 0.942959 0.937415 0.933003 0.927052 0.923576 0.919647 0.914442 0.908221 0.900613 0.889281 0.879389 0.866455 0.850416 0.831578 0.809653 0.790018 0.772202 0.754635 0.737668 0.720966 0.704797 0.690517 0.676609 0.663002 0.651843 0.641437 0.634153 0.627979 0.624707 0.623233 0.62518 0.62825 0.634063 0.641778 0.651901 0.663175 0.677151 0.69 0.706117 0.72095 0.738327 0.754812 0.772508 0.790034 0.810994 0.831103 0.852065 0.866908 0.879806 0.889728 0.901483 0.907807 0.916267 0.919471 0.923896 0.928423 0.933105 0.937684 0.944745 0.946503 0.949748
0.953039 0.950743 0.948829 0.944471 0.939966 0.936089 0.929858 0.926637 0.922763 0.917424 0.911788 0.905148 0.895104 0.886542 0.876664 0.864872 0.851756 0.831481 0.81089 0.793191 0.775553 0.760178 0.745634 0.730473 0.71752 0.704784 0.693002 0.683591 0.674328 0.667747 0.661989 0.659139 0.657603 0.658994 0.661833 0.667611 0.67425 0.683054 0.692646 0.704798 0.715992 0.731003 0.74439 0.760235 0.77537 0.792853 0.810122 0.832005 0.849611 0.864917 0.875801 0.886088 0.893981 0.905486 0.909757 0.918105 0.921708 0.92592 0.930324 0.934859 0.939098 0.945212 0.947601 0.95102
0.953708 0.951459 0.949577 0.945171 0.941341 0.937998 0.93203 0.928741 0.924767 0.920364 0.91572 0.908701 0.899554 0.891341 0.884088 0.875074 0.863535 0.84828 0.831263 0.81273 0.795551 0.779842 0.76613 0.752492 0.740367 0.728539 0.717531 0.708992 0.700906 0.695269 0.690355 0.688263 0.686941 0.688167 0.690607 0.695482 0.701217 0.709099 0.717859 0.729371 0.740148 0.753817 0.765603 0.780363 0.795921 0.813146 0.831094 0.850592 0.8632 0.876098 0.884452 0.892824 0.899214 0.910737 0.915118 0.922185 0.924812 0.928847 0.933543 0.938025 0.941484 0.947044 0.949201 0.952582
0.956582 0.954128 0.951711 0.947752 0.944623 0.942026 0.936558 0.933244 0.929116 0.924665 0.920707 0.914237 0.905781 0.89767 0.891191 0.884755 0.875767 0.864997 0.852601 0.837403 0.818826 0.803827 0.789916 0.776006 0.765051 0.75475 0.744948 0.736964 0.728994 0.724234 0.719932 0.71784 0.716673 0.718053 0.71974 0.723714 0.729169 0.736452 0.744311 0.754651 0.763679 0.776935 0.788631 0.803624 0.818539 0.837176 0.851091 0.864908 0.875089 0.884556 0.88996 0.897901 0.903867 0.914923 0.918704 0.925363 0.928156 0.932217 0.937002 0.941019 0.943398 0.948318 0.950225 0.954346
0.958815 0.955927 0.952973 0.948688 0.945738 0.943598 0.939018 0.936265 0.932244 0.927725 0.924379 0.917982 0.910053 0.901776 0.89561 0.890033 0.883901 0.876729 0.866107 0.855087 0.842843 0.82747 0.812591 0.799889 0.788616 0.778289 0.768931 0.76194 0.755501 0.750691 0.74624 0.74433 0.743094 0.744286 0.746609 0.750875 0.755515 0.762081 0.769195 0.779068 0.787985 0.801035 0.812409 0.827799 0.842955 0.855957 0.866894 0.876801 0.884443 0.89107 0.895576 0.903404 0.909403 0.920034 0.923495 0.9297 0.932465 0.93645 0.940544 0.943888 0.945658 0.950438 0.952122 0.957075
0.963082 0.960898 0.958123 0.953836 0.950972 0.949149 0.944565 0.942603 0.939429 0.934616 0.932157 0.926259 0.918193 0.909513 0.903543 0.897958 0.89238 0.887175 0.87886 0.870087 0.860231 0.850441 0.838507 0.82441 0.812904 0.803192 0.793825 0.786723 0.77976 0.775697 0.772159 0.770395 0.769296 0.770442 0.77187 0.775392 0.779953 0.786339 0.793234 0.80326 0.811985 0.825001 0.837407 0.850805 0.859703 0.869275 0.878776 0.886065 0.891706 0.897896 0.902235 0.909974 0.916135 0.927236 0.929652 0.935722 0.938146 0.9415 0.945234 0.948105 0.949735 0.954977 0.956397 0.960913
0.962141 0.959067 0.956564 0.954262 0.952008 0.950394 0.947784 0.946267 0.943894 0.940493 0.938161 0.931734 0.924755 0.915783 0.90943 0.903777 0.898679 0.894846 0.888551 0.884081 0.875885 0.867247 0.859841 0.849695 0.840247 0.829737 0.820226 0.813598 0.807252 0.802794 0.798907 0.797249 0.79621 0.7972 0.799184 0.802899 0.807416 0.81376 0.820542 0.830574 0.839064 0.851716 0.858679 0.868274 0.876303 0.884172 0.889707 0.895031 0.899191 0.90502 0.909398 0.917291 0.923765 0.934366 0.936777 0.942598 0.943982 0.946786 0.948464 0.951315 0.952255 0.955569 0.956525 0.960464
0.963327 0.960362 0.958049 0.955977 0.95385 0.952388 0.950195 0.948777 0.946944 0.945409 0.944037 0.940753 0.935964 0.926135 0.920311 0.915092 0.91 0.906634 0.900471 0.896764 0.890943 0.884014 0.878718 0.870298 0.863544 0.855597 0.848487 0.842133 0.833461 0.830751 0.825494 0.824409 0.82352 0.824133 0.826302 0.829071 0.835063 0.841311 0.84795 0.856485 0.861533 0.871841 0.876891 0.884392 0.890524 0.895681 0.900411 0.90547 0.909543 0.914907 0.918867 0.927222 0.933071 0.941842 0.942497 0.945479 0.945906 0.948506 0.94923 0.952031 0.952833 0.956018 0.956882 0.960694
0.961565 0.958789 0.956783 0.954853 0.952797 0.951379 0.949292 0.947931 0.946353 0.944919 0.943929 0.942014 0.937488 0.929053 0.923507 0.91924 0.913773 0.911722 0.906184 0.903042 0.898705 0.894297 0.89086 0.884754 0.880671 0.87424 0.8684 0.864641 0.859038 0.858953 0.852647 0.853204 0.852149 0.851208 0.856275 0.855787 0.860598 0.864634 0.86824 0.875268 0.879286 0.886923 0.889784 0.895639 0.899034 0.903003 0.907775 0.910883 0.915101 0.919812 0.92348 0.930913 0.936764 0.943749 0.94368 0.946277 0.946533 0.949072 0.949708 0.952243 0.953016 0.955975 0.956696 0.960276
0.962825 0.96018 0.958263 0.956441 0.954569 0.953305 0.951459 0.950314 0.948886 0.947451 0.946509 0.945064 0.943028 0.93545 0.929756 0.925656 0.921456 0.919326 0.915096 0.911733 0.90812 0.904247 0.902291 0.896452 0.894332 0.889579 0.884602 0.881822 0.87684 0.877453 0.87475 0.875281 0.874624 0.874452 0.876011 0.875509 0.878231 0.880944 0.884496 0.890663 0.891918 0.898062 0.900006 0.905058 0.907334 0.911015 0.915156 0.918084 0.921056 0.925319 0.928452 0.935717 0.94133 0.945468 0.945022 0.947538 0.947623 0.950033 0.950635 0.952969 0.953661 0.956483 0.956947 0.960529
0.961972 0.959398 0.957597 0.955942 0.954131 0.953031 0.951274 0.950198 0.948791 0.947501 0.946766 0.945567 0.944458 0.937862 0.932507 0.928222 0.924519 0.922179 0.919056 0.916159 0.913078 0.909896 0.908014 0.904567 0.901769 0.898487 0.894992 0.891863 0.887472 0.886599 0.884369 0.884169 0.883631 0.884272 0.884883 0.885752 0.888063 0.89182 0.895279 0.899357 0.901114 0.905855 0.90739 0.91116 0.913013 0.916886 0.919406 0.922782 0.924792 0.92925 0.932421 0.939381 0.943977 0.947102 0.946521 0.949023 0.948954 0.951157 0.951663 0.953909 0.954426 0.957311 0.95754 0.961058
0.962934 0.960782 0.95933 0.95787 0.956065 0.955032 0.953217 0.952315 0.951039 0.949979 0.949334 0.948133 0.947174 0.941224 0.936524 0.93229 0.928527 0.926342 0.923573 0.921668 0.918482 0.915485 0.913586 0.911417 0.910106 0.907096 0.90457 0.902508 0.898799 0.896607 0.893885 0.893114 0.892245 0.893142 0.893917 0.896403 0.899394 0.902371 0.904068 0.907429 0.908851 0.911788 0.912414 0.915605 0.917679 0.92138 0.922769 0.925892 0.92777 0.932183 0.935161 0.941474 0.945592 0.948483 0.947671 0.950026 0.94991 0.952057 0.952353 0.954649 0.954934 0.957857 0.957946 0.961168
0.962723 0.96063 0.959213 0.957768 0.95601 0.955092 0.953426 0.952673 0.951536 0.950529 0.949912 0.948877 0.948897 0.944931 0.940585 0.93709 0.933283 0.930748 0.928053 0.926153 0.923272 0.920561 0.918861 0.916815 0.916355 0.914604 0.912421 0.910435 0.908143 0.905801 0.90275 0.901565 0.900556 0.901546 0.902762 0.905952 0.908381 0.910855 0.912657 0.915435 0.915603 0.918046 0.918469 0.92153 0.923344 0.92678 0.928352 0.931278 0.933515 0.938172 0.94051 0.946334 0.948439 0.950546 0.949685 0.951867 0.951656 0.953636 0.953768 0.956124 0.9563 0.959023 0.959091 0.962151
0.964109 0.962158 0.960835 0.959457 0.958031 0.957223 0.955748 0.95489 0.953772 0.952891 0.952468 0.951642 0.951715 0.947857 0.943964 0.941087 0.937728 0.935352 0.932683 0.930997 0.929177 0.926604 0.925038 0.922922 0.921882 0.920686 0.919531 0.918387 0.917024 0.915574 0.913417 0.912137 0.910776 0.912146 0.913644 0.915742 0.916616 0.918355 0.919001 0.920563 0.921049 0.923374 0.92365 0.926818 0.928524 0.930671 0.932083 0.934807 0.936965 0.941046 0.942777 0.948036 0.950058 0.952034 0.950992 0.952942 0.952628 0.954643 0.954718 0.956802 0.956986 0.959446 0.959581 0.962597
0.963812 0.961948 0.960756 0.959519 0.958165 0.957329 0.955944 0.955215 0.954275 0.953548 0.953239 0.952509 0.952667 0.949445 0.94575 0.94348 0.941145 0.939654 0.937092 0.93555 0.933915 0.931096 0.928947 0.926855 0.925157 0.923959 0.923096 0.922632 0.922197 0.921836 0.921193 0.920936 0.920199 0.921375 0.921377 0.922297 0.92218 0.923115 0.923062 0.924452 0.925077 0.927452 0.928711 0.932222 0.93394 0.935983 0.937647 0.939927 0.941432 0.944512 0.945686 0.950743 0.952185 0.954081 0.95302 0.95483 0.954399 0.956311 0.956294 0.958243 0.958416 0.960708 0.960609 0.963669
0.965998 0.96433 0.963158 0.961907 0.960482 0.959825 0.958632 0.958105 0.957199 0.956416 0.956188 0.955647 0.956047 0.954647 0.950543 0.948358 0.94657 0.946052 0.944231 0.942587 0.940514 0.937933 0.935243 0.93302 0.931336 0.930172 0.929474 0.929288 0.929598 0.930338 0.931663 0.933651 0.934327 0.933631 0.931048 0.930364 0.929001 0.929275 0.92888 0.93014 0.930655 0.933028 0.934527 0.938003 0.939723 0.942585 0.943826 0.9451 0.945968 0.948323 0.94946 0.954917 0.954274 0.955994 0.954845 0.956435 0.955955 0.95785 0.957772 0.959433 0.959489 0.961904 0.961648 0.964673
0.965526 0.963942 0.962776 0.961652 0.960347 0.959941 0.958765 0.958217 0.957395 0.956873 0.956945 0.956458 0.957073 0.955919 0.952288 0.950458 0.948745 0.947816 0.946503 0.945038 0.943454 0.94188 0.939342 0.937073 0.935391 0.934314 0.933858 0.933883 0.934639 0.936163 0.938708 0.940907 0.941642 0.941011 0.938591 0.937002 0.934661 0.934493 0.933844 0.934945 0.935362 0.937769 0.939355 0.942694 0.943525 0.945843 0.946482 0.948328 0.949089 0.951204 0.952127 0.957436 0.956465 0.957952 0.956671 0.958125 0.957492 0.959208 0.959084 0.960739 0.960595 0.963064 0.962643 0.965524
0.967923 0.966542 0.965623 0.9647 0.963463 0.962957 0.961778 0.961483 0.960896 0.960446 0.960526 0.960099 0.96127 0.960536 0.956928 0.954464 0.952582 0.951016 0.949749 0.948688 0.947614 0.94647 0.944265 0.942289 0.940857 0.93995 0.939616 0.939866 0.941226 0.94286 0.943751 0.943706 0.943617 0.943689 0.943226 0.942615 0.940419 0.940019 0.938982 0.939971 0.940234 0.942349 0.943657 0.946543 0.946973 0.948635 0.948892 0.950881 0.951521 0.954351 0.956175 0.960895 0.959311 0.960658 0.959125 0.960515 0.959772 0.961172 0.960993 0.962558 0.962276 0.964689 0.964283 0.966912
@ u_chi_LW 64 64
0.949934 0.946843 0.947159 0.945012 0.945327 0.943988 0.944387 0.943916 0.945195 0.94446 0.947528 0.94679 0.94966 0.948267 0.943083 0.936625 0.934672 0.931291 0.930723 0.928066 0.928135 0.926302 0.925402 0.921686 0.921538 0.920225 0.92282 0.923307 0.926935 0.927236 0.92731 0.926739 0.926593 0.926742 0.927313 0.927992 0.927546 0.925181 0.922572 0.921285 0.921504 0.922752 0.925421 0.927474 0.928094 0.929121 0.930568 0.93219 0.934627 0.937671 0.943188 0.949506 0.949339 0.948869 0.946722 0.94594 0.945662 0.944482 0.945136 0.944708 0.945651 0.946384 0.946974 0.948494
0.94805 0.944968 0.945223 0.942879 0.943037 0.941483 0.941739 0.940972 0.942012 0.940931 0.943173 0.942337 0.946327 0.944625 0.93868 0.933568 0.931794 0.928288 0.927699 0.924799 0.924613 0.922593 0.920862 0.91672 0.9159 0.91428 0.91562 0.915795 0.920013 0.922198 0.92547 0.925896 0.925927 0.926002 0.925397 0.92253 0.918464 0.915648 0.914511 0.91429 0.915025 0.916781 0.920083 0.922743 0.923753 0.924917 0.926621 0.928232 0.930681 0.933301 0.938042 0.945449 0.943632 0.943356 0.941717 0.94108 0.941031 0.940471 0.941206 0.940969 0.941931 0.942871 0.94378 0.945473
0.947168 0.943918 0.943975 0.941371 0.941417 0.939885 0.939924 0.938784 0.939613 0.938327 0.94016 0.939142 0.942055 0.940212 0.93478 0.930229 0.928458 0.926197 0.925352 0.921984 0.920878 0.917098 0.913915 0.909776 0.908543 0.906733 0.907397 0.907236 0.910139 0.912311 0.917931 0.920468 0.922378 0.921637 0.918253 0.913483 0.909987 0.908141 0.907409 0.907572 0.908613 0.910652 0.91407 0.91814 0.920992 0.923067 0.925287 0.926674 0.929311 0.930859 0.93453 0.942196 0.941094 0.940878 0.939802 0.939621 0.939838 0.939575 0.940398 0.940548 0.94178 0.942802 0.943812 0.945649
0.946374 0.942893 0.942789 0.940015 0.93986 0.938265 0.938175 0.936812 0.937483 0.936087 0.937559 0.936376 0.938826 0.933706 0.928158 0.923967 0.921888 0.920769 0.91844 0.915141 0.913626 0.908532 0.904715 0.901094 0.900008 0.898242 0.898588 0.898121 0.90006 0.90101 0.904849 0.906864 0.909213 0.906685 0.903438 0.900901 0.89912 0.898048 0.897749 0.89818 0.899183 0.901047 0.903968 0.908594 0.912713 0.915269 0.91844 0.91918 0.921697 0.923952 0.927059 0.934275 0.936946 0.936932 0.936263 0.936204 0.936459 0.936486 0.937554 0.937799 0.938988 0.940035 0.941264 0.943294
0.945296 0.941636 0.941431 0.938708 0.938326 0.936571 0.936398 0.934854 0.935315 0.933952 0.935279 0.933977 0.936018 0.9301 0.924359 0.919812 0.916633 0.91335 0.909616 0.906663 0.905396 0.900933 0.898737 0.895358 0.894345 0.892478 0.892733 0.891867 0.892778 0.892042 0.892801 0.891123 0.891288 0.890749 0.892405 0.892758 0.8927 0.89261 0.892673 0.893214 0.894307 0.896109 0.89845 0.90245 0.905558 0.906832 0.910629 0.913272 0.917215 0.920775 0.924233 0.9315 0.935404 0.935513 0.935006 0.935118 0.935543 0.935691 0.936844 0.937306 0.938618 0.93985 0.94125 0.943385
0.945358 0.941488 0.941036 0.93827 0.937698 0.935745 0.935421 0.933675 0.9339 0.932396 0.933452 0.931953 0.933773 0.927759 0.921571 0.91623 0.911909 0.907521 0.903496 0.900135 0.897154 0.892145 0.891686 0.888419 0.888705 0.886793 0.886384 0.88354 0.881906 0.878806 0.876285 0.871822 0.871354 0.871985 0.876184 0.878522 0.881216 0.883631 0.88564 0.886742 0.887637 0.889378 0.889816 0.892513 0.896726 0.899675 0.903259 0.906733 0.911526 0.916198 0.920548 0.928124 0.93226 0.932504 0.932201 0.932488 0.933077 0.933398 0.934677 0.935313 0.936793 0.938263 0.939796 0.941865
0.944438 0.940636 0.939929 0.93703 0.936404 0.934249 0.93381 0.932068 0.932158 0.930573 0.931454 0.929898 0.930791 0.921127 0.915318 0.9085 0.903346 0.898617 0.895628 0.892498 0.889371 0.88422 0.883028 0.879797 0.881119 0.879009 0.87758 0.874258 0.871865 0.866918 0.862838 0.859255 0.859257 0.859295 0.863042 0.866665 0.871609 0.874691 0.877991 0.880321 0.879777 0.881576 0.882481 0.885298 0.889565 0.892953 0.896173 0.898809 0.903774 0.90933 0.915263 0.922374 0.930275 0.931332 0.931226 0.931625 0.93232 0.932748 0.934172 0.935074 0.936666 0.938207 0.939821 0.942049
0.945098 0.940968 0.939971 0.936827 0.936047 0.933679 0.933086 0.931259 0.931126 0.929391 0.930075 0.928455 0.928963 0.918763 0.911744 0.904018 0.898951 0.894557 0.891459 0.886853 0.882722 0.878034 0.876648 0.873243 0.871794 0.866879 0.864833 0.861596 0.856558 0.851902 0.848914 0.846568 0.846653 0.846653 0.84921 0.851652 0.857714 0.860784 0.864056 0.867611 0.87021 0.8739 0.875432 0.878277 0.882118 0.886543 0.891083 0.893975 0.898642 0.903956 0.910775 0.919097 0.927725 0.928885 0.928846 0.929447 0.930349 0.931019 0.932464 0.933357 0.935062 0.936824 0.9387 0.941262
0.945177 0.940754 0.939608 0.936288 0.93533 0.932897 0.932162 0.930215 0.929943 0.928069 0.92854 0.926902 0.926368 0.914605 0.9062 0.898728 0.894132 0.889992 0.886732 0.881553 0.877246 0.872191 0.870931 0.865908 0.862246 0.856866 0.853322 0.847659 0.841846 0.839984 0.837885 0.836879 0.837296 0.836965 0.83897 0.838252 0.843261 0.847002 0.853271 0.857786 0.861224 0.867574 0.869978 0.873604 0.877103 0.882096 0.887297 0.890137 0.894514 0.899412 0.906137 0.915735 0.925869 0.928043 0.928329 0.929133 0.930116 0.930888 0.93248 0.933615 0.935513 0.937523 0.939555 0.942254
0.945784 0.940954 0.939515 0.936112 0.93497 0.932395 0.931505 0.929394 0.929021 0.92705 0.92728 0.925551 0.921525 0.907585 0.900007 0.893437 0.887916 0.884505 0.878748 0.873365 0.86848 0.861901 0.860345 0.851314 0.849521 0.841236 0.834995 0.829767 0.823825 0.825068 0.822136 0.822744 0.822935 0.821141 0.824751 0.821416 0.826802 0.828492 0.835166 0.842914 0.845742 0.854255 0.857284 0.863322 0.868151 0.872226 0.88009 0.88245 0.888434 0.892968 0.899281 0.90789 0.920359 0.925937 0.926324 0.927127 0.928201 0.929184 0.930873 0.932181 0.934122 0.936116 0.938265 0.941116
0.9476 0.942125 0.940183 0.936566 0.935304 0.932474 0.931453 0.929113 0.928543 0.926507 0.926502 0.924053 0.919 0.903881 0.895218 0.888292 0.880263 0.877595 0.868865 0.863229 0.858172 0.850757 0.845047 0.835721 0.831208 0.819947 0.812691 0.806179 0.798742 0.798469 0.78881 0.789171 0.788546 0.785397 0.79554 0.792569 0.801446 0.805905 0.812525 0.821176 0.828701 0.838275 0.843459 0.85199 0.858809 0.862159 0.871534 0.875057 0.882511 0.888018 0.895221 0.905419 0.918105 0.925289 0.926336 0.927355 0.928679 0.929918 0.931703 0.933263 0.935403 0.937586 0.940125 0.943328
0.947868 0.942305 0.940185 0.936366 0.935048 0.931985 0.930897 0.928462 0.927692 0.92555 0.924767 0.9186 0.91062 0.894497 0.886479 0.878599 0.871828 0.867298 0.859634 0.853454 0.846362 0.835712 0.82738 0.812823 0.802908 0.790041 0.780198 0.769173 0.756086 0.750977 0.74384 0.74122 0.741028 0.740909 0.745156 0.748299 0.759262 0.767826 0.779809 0.79173 0.80066 0.815075 0.825182 0.83624 0.846956 0.851767 0.860579 0.865786 0.872172 0.878414 0.885466 0.896262 0.907444 0.920218 0.92378 0.925526 0.927032 0.928304 0.930087 0.931821 0.934087 0.936414 0.939126 0.94245
0.949658 0.945131 0.942024 0.937699 0.936008 0.932808 0.930822 0.928177 0.926375 0.920785 0.918999 0.909952 0.897154 0.882176 0.872749 0.864216 0.857497 0.850861 0.841672 0.833377 0.820116 0.807357 0.796218 0.779681 0.764792 0.74703 0.732707 0.720825 0.711725 0.703518 0.698579 0.695018 0.694443 0.694949 0.698747 0.703843 0.71164 0.720687 0.733359 0.747687 0.763207 0.781874 0.794429 0.807695 0.82087 0.832499 0.843249 0.850375 0.858037 0.865059 0.872759 0.88294 0.895951 0.912577 0.916658 0.923081 0.926354 0.928035 0.93155 0.933625 0.936047 0.93886 0.942049 0.946407
0.949546 0.944709 0.941348 0.933731 0.931056 0.927766 0.921965 0.918754 0.915408 0.907595 0.90457 0.894498 0.88272 0.868783 0.860785 0.85302 0.846264 0.839477 0.827966 0.814458 0.799096 0.783182 0.763662 0.739427 0.721296 0.705357 0.691346 0.679198 0.669753 0.662415 0.658521 0.654952 0.654398 0.655184 0.65788 0.662389 0.670279 0.678714 0.691072 0.705265 0.721317 0.740066 0.763539 0.783432 0.799151 0.81342 0.828717 0.838254 0.846192 0.853029 0.860112 0.869216 0.881198 0.895718 0.902 0.909452 0.914345 0.917042 0.923923 0.926142 0.929439 0.935789 0.939028 0.94429
0.943182 0.93776 0.934864 0.927248 0.924384 0.920666 0.915325 0.910876 0.906191 0.899299 0.895228 0.88592 0.87275 0.860298 0.852089 0.844393 0.836054 0.824819 0.808818 0.791616 0.772598 0.746291 0.720949 0.699764 0.681721 0.665102 0.651769 0.64022 0.631523 0.622956 0.617565 0.613865 0.613043 0.613788 0.61788 0.623438 0.631067 0.640051 0.652354 0.66537 0.681206 0.700004 0.72126 0.745405 0.772612 0.792223 0.809515 0.824217 0.836549 0.844815 0.85212 0.861224 0.87219 0.887493 0.893986 0.901125 0.906411 0.910133 0.917563 0.920513 0.924103 0.929492 0.933401 0.938918
0.937666 0.933535 0.931268 0.923998 0.92089 0.916287 0.90944 0.904035 0.899477 0.89344 0.888901 0.878596 0.864733 0.853021 0.844805 0.83603 0.82323 0.805444 0.786403 0.76124 0.730761 0.705715 0.682922 0.660237 0.643744 0.628197 0.614215 0.601535 0.591086 0.582813 0.578035 0.574012 0.573393 0.574584 0.577586 0.58263 0.591517 0.601084 0.613974 0.627729 0.643046 0.661246 0.682582 0.705139 0.731459 0.761151 0.784189 0.806268 0.823034 0.835816 0.844274 0.853071 0.863489 0.879269 0.887136 0.894394 0.898858 0.902484 0.91095 0.914843 0.919533 0.924887 0.929485 0.933798
0.934626 0.93068 0.928426 0.920866 0.916664 0.911076 0.903404 0.898217 0.894149 0.887253 0.880266 0.871262 0.857494 0.84583 0.836056 0.822902 0.807523 0.783534 0.755318 0.723214 0.695729 0.67057 0.648447 0.628101 0.609438 0.591707 0.57659 0.563792 0.553332 0.543892 0.538155 0.534291 0.533352 0.534243 0.538026 0.544487 0.553328 0.563654 0.577037 0.591953 0.609826 0.628445 0.648215 0.669983 0.696175 0.723187 0.754442 0.78721 0.806316 0.823321 0.836737 0.846446 0.85735 0.872765 0.879544 0.888895 0.89412 0.897636 0.905559 0.910331 0.916746 0.923117 0.927767 0.931808
0.932181 0.928223 0.927099 0.920735 0.914208 0.907504 0.899428 0.894551 0.890748 0.884521 0.878243 0.867302 0.851338 0.839478 0.825171 0.805443 0.783813 0.751238 0.717902 0.688425 0.660386 0.636702 0.614181 0.591239 0.571764 0.55362 0.537534 0.523704 0.512048 0.501635 0.495251 0.490449 0.489127 0.490397 0.494704 0.502232 0.511928 0.523178 0.537788 0.553293 0.570997 0.59126 0.613883 0.636651 0.661075 0.688316 0.717199 0.752725 0.780896 0.805647 0.825233 0.83839 0.851427 0.867422 0.876444 0.885368 0.88997 0.893594 0.900621 0.905554 0.913363 0.921747 0.92551 0.928455
0.930569 0.926622 0.925287 0.917442 0.909582 0.90257 0.895611 0.890622 0.886726 0.878059 0.868881 0.85912 0.841677 0.827563 0.808818 0.786094 0.755269 0.717691 0.686614 0.657389 0.631083 0.606113 0.58078 0.558205 0.537551 0.518344 0.500211 0.484526 0.471781 0.460998 0.45421 0.448747 0.447615 0.449672 0.453914 0.461202 0.471663 0.484343 0.500398 0.517931 0.537555 0.558536 0.581492 0.605905 0.63115 0.657229 0.686032 0.71927 0.754215 0.787714 0.809611 0.826611 0.842773 0.858853 0.86859 0.879723 0.886324 0.890443 0.897345 0.902152 0.910092 0.919693 0.924469 0.92761
0.929114 0.92491 0.923061 0.915237 0.907651 0.900173 0.893355 0.886864 0.882281 0.873377 0.863821 0.853448 0.833851 0.814463 0.791883 0.761364 0.723481 0.688501 0.657582 0.629324 0.601061 0.574458 0.549106 0.524455 0.501135 0.479796 0.460117 0.443323 0.429771 0.417271 0.409808 0.404289 0.402855 0.404657 0.409121 0.418159 0.429472 0.443247 0.460739 0.479476 0.501596 0.524952 0.548928 0.57372 0.601008 0.629233 0.657097 0.689604 0.722371 0.762184 0.791497 0.812241 0.835713 0.853118 0.863421 0.873917 0.880922 0.886954 0.89359 0.898838 0.906892 0.916123 0.921126 0.925055
0.928091 0.923749 0.920989 0.912868 0.905492 0.896402 0.889409 0.881988 0.877257 0.867827 0.858184 0.845801 0.820111 0.798586 0.772283 0.730527 0.695621 0.660229 0.631083 0.600973 0.570647 0.543691 0.516488 0.489998 0.46458 0.441887 0.420975 0.402902 0.387457 0.373476 0.365375 0.359002 0.357103 0.359252 0.364299 0.374569 0.386967 0.402434 0.421382 0.441647 0.464751 0.489743 0.516918 0.543327 0.571477 0.60131 0.630638 0.661704 0.694599 0.731238 0.772399 0.797847 0.823113 0.844741 0.857693 0.86911 0.876984 0.882762 0.889647 0.897087 0.905355 0.913979 0.91975 0.924808
0.927471 0.92274 0.918137 0.908591 0.901815 0.892165 0.885054 0.878077 0.872986 0.861941 0.851419 0.835724 0.807702 0.783433 0.746654 0.705831 0.670769 0.636822 0.60629 0.574554 0.543795 0.514137 0.484522 0.456669 0.429552 0.405153 0.381846 0.361669 0.344965 0.32978 0.32053 0.313353 0.311283 0.314192 0.319482 0.330846 0.34426 0.36144 0.382186 0.404597 0.429924 0.456332 0.485215 0.513908 0.544108 0.57484 0.605054 0.637759 0.669166 0.706161 0.745957 0.782474 0.808974 0.833449 0.850687 0.862745 0.871755 0.877717 0.884847 0.892406 0.900172 0.909056 0.916584 0.922375
0.925414 0.920076 0.914063 0.903961 0.898797 0.890897 0.883048 0.875932 0.870974 0.859735 0.845087 0.826721 0.79574 0.763275 0.720685 0.682622 0.648375 0.61407 0.580765 0.549057 0.516445 0.484505 0.452535 0.423112 0.39363 0.367206 0.341571 0.319321 0.301389 0.285027 0.275264 0.26774 0.265488 0.268538 0.273788 0.286134 0.300519 0.319397 0.341983 0.366175 0.394037 0.422722 0.453206 0.48419 0.516787 0.549189 0.579888 0.615368 0.647556 0.683391 0.720951 0.762949 0.797583 0.82609 0.846165 0.861124 0.87026 0.876329 0.883623 0.891544 0.898188 0.905739 0.913348 0.919927
0.922753 0.916782 0.910653 0.901048 0.89611 0.888381 0.880529 0.873212 0.866561 0.851292 0.836167 0.813096 0.780244 0.739739 0.700127 0.660482 0.628392 0.59149 0.558413 0.524624 0.490104 0.456749 0.423087 0.390983 0.359246 0.330863 0.303342 0.279443 0.259996 0.241983 0.23155 0.223611 0.221072 0.224386 0.23014 0.243711 0.259271 0.279537 0.303847 0.33016 0.359921 0.390558 0.42365 0.455971 0.490215 0.524684 0.557173 0.593092 0.627177 0.661308 0.700105 0.739131 0.78073 0.812226 0.836366 0.851296 0.864623 0.873222 0.88042 0.888255 0.89483 0.902012 0.909303 0.916293
0.921497 0.915018 0.908606 0.899176 0.894299 0.887857 0.881081 0.871017 0.862215 0.848666 0.830541 0.802355 0.76445 0.720878 0.681488 0.643477 0.609321 0.571678 0.537492 0.501099 0.464582 0.429582 0.393589 0.359309 0.32478 0.294466 0.265463 0.23997 0.219129 0.200115 0.18891 0.180426 0.177716 0.181284 0.187338 0.201968 0.218339 0.239892 0.265769 0.29375 0.325501 0.358642 0.394287 0.428937 0.464736 0.501751 0.536727 0.573756 0.608621 0.644484 0.681917 0.720687 0.76591 0.802552 0.831141 0.849928 0.861576 0.872851 0.881679 0.888511 0.893795 0.900807 0.908041 0.915509
0.921284 0.91429 0.907572 0.898179 0.893213 0.88682 0.879782 0.86692 0.857462 0.841526 0.820551 0.790631 0.747517 0.705627 0.66553 0.62848 0.592057 0.553889 0.51859 0.480059 0.441953 0.405325 0.36719 0.33091 0.29433 0.261738 0.230866 0.203834 0.181732 0.161835 0.150049 0.141373 0.138592 0.142212 0.148537 0.163644 0.180957 0.203943 0.231302 0.2612 0.295056 0.329962 0.367705 0.404709 0.441986 0.480514 0.517478 0.555301 0.590895 0.628666 0.665092 0.70474 0.747956 0.789494 0.819789 0.842176 0.856347 0.867991 0.878874 0.88675 0.891959 0.898972 0.906173 0.913833
0.922569 0.914509 0.907406 0.897746 0.89267 0.885637 0.877607 0.86409 0.85259 0.834418 0.812227 0.779668 0.732351 0.690897 0.651572 0.613945 0.576429 0.537403 0.500083 0.460169 0.42091 0.381854 0.341514 0.303443 0.265408 0.230992 0.198564 0.170367 0.147366 0.127243 0.115053 0.106325 0.103444 0.107085 0.113545 0.128626 0.146414 0.170312 0.198938 0.230479 0.266135 0.302553 0.342087 0.381479 0.421061 0.460819 0.499248 0.539057 0.575459 0.614648 0.651404 0.690669 0.733232 0.779651 0.812242 0.835879 0.852274 0.86565 0.876675 0.886528 0.892241 0.899346 0.906944 0.915135
0.925178 0.915644 0.908137 0.898044 0.892606 0.883627 0.875038 0.861858 0.848287 0.830671 0.806876 0.769562 0.721337 0.679553 0.64067 0.601948 0.564187 0.523968 0.484729 0.44361 0.403017 0.361803 0.319171 0.279394 0.239829 0.203872 0.170163 0.141188 0.117691 0.097904 0.0857336 0.0773582 0.0746733 0.0781333 0.0845765 0.0991842 0.117061 0.141314 0.17073 0.203469 0.240534 0.278765 0.3198 0.361279 0.40292 0.44404 0.483468 0.525174 0.562446 0.602018 0.639863 0.67872 0.721649 0.768664 0.805986 0.83064 0.846127 0.862499 0.873345 0.884446 0.89147 0.898915 0.906782 0.915194
0.927548 0.918466 0.909988 0.899121 0.892701 0.881168 0.871199 0.85588 0.84132 0.823353 0.798341 0.755563 0.711396 0.669345 0.631233 0.590842 0.553213 0.511857 0.471637 0.42966 0.387289 0.344987 0.301223 0.260017 0.219134 0.181926 0.147388 0.117852 0.0940458 0.0746466 0.0626234 0.0546614 0.0520882 0.0552352 0.0615878 0.0755118 0.0934868 0.117712 0.147606 0.181354 0.219521 0.259331 0.301788 0.344512 0.387366 0.430385 0.470728 0.513421 0.552225 0.591515 0.631453 0.669284 0.712672 0.755654 0.798648 0.824419 0.840511 0.857916 0.870923 0.88346 0.892142 0.900794 0.90976 0.91939
0.927986 0.922523 0.913476 0.900894 0.892763 0.878881 0.867499 0.852922 0.840684 0.825623 0.799 0.751288 0.70392 0.662785 0.623436 0.583228 0.544299 0.501936 0.461178 0.417431 0.373497 0.329804 0.28499 0.242051 0.199948 0.161825 0.127105 0.097846 0.0744397 0.0562141 0.044909 0.0377325 0.035431 0.0381875 0.044206 0.057008 0.0742915 0.0978292 0.127428 0.161487 0.200496 0.241439 0.285416 0.329326 0.373233 0.417786 0.459919 0.503019 0.542956 0.583417 0.622892 0.66206 0.704132 0.750612 0.798363 0.825772 0.838948 0.853097 0.86542 0.880582 0.890897 0.901518 0.912026 0.921512
0.927316 0.925399 0.918256 0.90344 0.892052 0.875253 0.862037 0.848506 0.837469 0.821636 0.788278 0.74325 0.698098 0.658054 0.617229 0.577709 0.537889 0.495059 0.453948 0.409582 0.365133 0.320436 0.275191 0.231718 0.18895 0.15018 0.115105 0.0859426 0.0626989 0.0450476 0.0340675 0.0273866 0.0252359 0.0276474 0.0334556 0.0454695 0.0624095 0.0856136 0.115278 0.14972 0.189234 0.231073 0.275743 0.320273 0.3651 0.410251 0.453077 0.496518 0.537343 0.578694 0.617467 0.658352 0.699299 0.743531 0.788726 0.82285 0.836935 0.85013 0.861462 0.87843 0.891097 0.905203 0.917963 0.924884
0.926739 0.926 0.921634 0.906961 0.891629 0.873052 0.860102 0.847361 0.837469 0.823191 0.789538 0.741543 0.695359 0.655244 0.614154 0.574306 0.534602 0.490718 0.449016 0.404433 0.359046 0.313463 0.267774 0.22363 0.180356 0.141226 0.106139 0.0772708 0.0545277 0.0376613 0.0272779 0.021129 0.0192195 0.0213931 0.0269272 0.0381227 0.0545305 0.0771813 0.106573 0.141013 0.18069 0.22322 0.268327 0.313204 0.358799 0.404655 0.447658 0.491635 0.533496 0.57479 0.613688 0.654815 0.695529 0.740917 0.789081 0.823354 0.835911 0.847737 0.858098 0.873986 0.888893 0.907627 0.920879 0.925397
0.926593 0.925927 0.922189 0.908448 0.890125 0.870375 0.858618 0.846192 0.836798 0.822336 0.787913 0.740396 0.693825 0.653837 0.612543 0.572938 0.532957 0.488765 0.447345 0.402699 0.356966 0.311214 0.265516 0.221105 0.177765 0.138707 0.103588 0.0748032 0.0522076 0.0355359 0.0253039 0.0192496 0.017391 0.0194289 0.0248595 0.0357461 0.0519813 0.074437 0.103728 0.138254 0.177995 0.220632 0.266116 0.311161 0.356916 0.403204 0.446547 0.490332 0.532561 0.574183 0.612873 0.654304 0.694954 0.740724 0.788436 0.823559 0.836352 0.847612 0.857971 0.873258 0.888881 0.910925 0.923026 0.925445
0.926742 0.926002 0.921123 0.90808 0.892194 0.872598 0.860017 0.847304 0.837614 0.8216 0.785753 0.741287 0.695325 0.655575 0.614137 0.574909 0.534482 0.490649 0.44988 0.40485 0.35948 0.314279 0.268529 0.224289 0.181208 0.142111 0.106987 0.0779611 0.0551367 0.0380633 0.0276169 0.0213243 0.0194591 0.0215883 0.0272654 0.0385251 0.0551366 0.0778775 0.107423 0.141876 0.181587 0.223822 0.269117 0.314031 0.359171 0.405098 0.448586 0.491458 0.533341 0.575378 0.61363 0.655082 0.695441 0.740637 0.785285 0.82177 0.836018 0.847725 0.858161 0.873685 0.888361 0.908579 0.921335 0.92554
0.927271 0.924883 0.916629 0.903597 0.891869 0.87554 0.86232 0.848496 0.83842 0.824198 0.794909 0.744613 0.698192 0.65744 0.617436 0.577192 0.537651 0.49433 0.453648 0.408932 0.364271 0.319406 0.273804 0.230061 0.187473 0.1486 0.113725 0.0846368 0.0617481 0.0442399 0.0335832 0.0268959 0.0249275 0.0271574 0.0329713 0.0446592 0.0614685 0.0843126 0.113888 0.148164 0.187726 0.229455 0.274309 0.319233 0.364248 0.409592 0.452798 0.495798 0.537066 0.57826 0.61778 0.657784 0.699432 0.744937 0.795408 0.825478 0.837973 0.850259 0.861955 0.87803 0.890146 0.905009 0.916864 0.925322
0.927694 0.923404 0.913643 0.901971 0.892733 0.879518 0.867762 0.852249 0.838882 0.822015 0.792971 0.748791 0.704249 0.662897 0.623872 0.583026 0.544729 0.502458 0.461447 0.418346 0.374749 0.33089 0.286229 0.243584 0.201937 0.163492 0.128602 0.0990044 0.0754798 0.0568375 0.0455008 0.0379989 0.035851 0.0384535 0.0448004 0.0576313 0.0753299 0.0989829 0.128949 0.163139 0.202468 0.243005 0.286639 0.330357 0.374508 0.418649 0.46008 0.503531 0.54333 0.583241 0.623302 0.662142 0.7044 0.748061 0.792372 0.822144 0.837218 0.852625 0.86539 0.88059 0.890847 0.902426 0.911842 0.923185
0.925891 0.918624 0.909026 0.899082 0.891871 0.88122 0.871327 0.857067 0.842576 0.826318 0.800892 0.758826 0.711102 0.669916 0.630679 0.591204 0.552964 0.511723 0.471525 0.429285 0.386919 0.344166 0.300594 0.259208 0.218445 0.180948 0.146592 0.117108 0.0936924 0.0742578 0.0625796 0.0544291 0.0521006 0.0550057 0.0615342 0.0751246 0.0931331 0.116976 0.146803 0.18035 0.218881 0.25849 0.30112 0.343693 0.386986 0.430004 0.470596 0.513282 0.552008 0.591904 0.63088 0.669927 0.712443 0.758978 0.801255 0.827487 0.842134 0.858844 0.870371 0.883379 0.891252 0.900753 0.908593 0.919444
0.924933 0.917209 0.908194 0.898842 0.892509 0.884256 0.874796 0.861815 0.848 0.82907 0.806382 0.768366 0.721002 0.679212 0.640424 0.6014 0.563917 0.52347 0.484583 0.443372 0.402628 0.361426 0.319517 0.279495 0.239928 0.203714 0.170272 0.141141 0.117766 0.0976447 0.0856787 0.077015 0.0745669 0.0777842 0.0845168 0.0989296 0.117129 0.141266 0.170833 0.203354 0.24059 0.278814 0.320129 0.360923 0.402511 0.443775 0.48334 0.524612 0.562183 0.601511 0.639531 0.678346 0.721284 0.767534 0.805597 0.829351 0.845685 0.861881 0.873081 0.885202 0.891406 0.899648 0.906746 0.916321
0.921301 0.914565 0.906476 0.897647 0.891838 0.885618 0.877298 0.86409 0.852971 0.834486 0.811874 0.779362 0.732774 0.690702 0.651895 0.613753 0.576849 0.537607 0.500291 0.460577 0.421365 0.382102 0.342087 0.303884 0.265897 0.231249 0.199089 0.170685 0.147777 0.127428 0.115448 0.106477 0.103873 0.107234 0.11395 0.128786 0.146832 0.170635 0.199462 0.230739 0.266598 0.302997 0.342745 0.381689 0.421484 0.461198 0.499425 0.539275 0.575801 0.61444 0.651757 0.690508 0.733696 0.779403 0.812036 0.835862 0.852073 0.865438 0.876339 0.886451 0.891385 0.89927 0.906035 0.915109
0.921493 0.915378 0.907608 0.898879 0.893065 0.887346 0.880222 0.868235 0.857958 0.843686 0.821768 0.792153 0.747958 0.705636 0.665625 0.628094 0.59214 0.55354 0.518147 0.479527 0.441787 0.404653 0.366334 0.330089 0.293838 0.261111 0.23043 0.203283 0.18132 0.16132 0.149807 0.14089 0.138369 0.141751 0.148271 0.163144 0.18057 0.203349 0.230862 0.260573 0.294559 0.329158 0.366868 0.403994 0.441783 0.480005 0.516998 0.554921 0.591035 0.628267 0.665181 0.704747 0.748437 0.791206 0.821069 0.843946 0.856687 0.869395 0.879417 0.8874 0.89188 0.899644 0.906094 0.914888
0.920599 0.915061 0.907622 0.899034 0.893361 0.887538 0.878928 0.87014 0.860441 0.845685 0.828227 0.800066 0.7626 0.720948 0.680818 0.642848 0.609593 0.570843 0.537432 0.501536 0.464767 0.429899 0.394092 0.359984 0.325718 0.29514 0.266237 0.240527 0.219676 0.200447 0.189338 0.18066 0.178044 0.181472 0.187796 0.202318 0.218838 0.240492 0.266569 0.294427 0.326439 0.359304 0.394764 0.42916 0.464874 0.502134 0.53665 0.572899 0.608892 0.643866 0.681271 0.720818 0.764163 0.80032 0.828484 0.84669 0.859826 0.872 0.879536 0.888204 0.892907 0.900751 0.907155 0.915609
0.922789 0.917788 0.910689 0.90183 0.896017 0.890065 0.881496 0.874567 0.867536 0.854877 0.838551 0.815771 0.782288 0.740497 0.700226 0.661546 0.628649 0.591419 0.558654 0.524984 0.489685 0.456231 0.422726 0.390577 0.358693 0.329908 0.302593 0.27867 0.259235 0.241345 0.231032 0.223066 0.220664 0.223898 0.229585 0.243039 0.258543 0.278817 0.303095 0.329188 0.35938 0.390151 0.423282 0.455479 0.489834 0.525133 0.557415 0.593032 0.627368 0.662397 0.700212 0.739924 0.782893 0.814608 0.838462 0.854884 0.865607 0.874586 0.881422 0.889961 0.894742 0.902725 0.909239 0.917261
0.924512 0.920119 0.913131 0.903876 0.897511 0.889736 0.88164 0.875394 0.869253 0.85727 0.842851 0.825179 0.794092 0.763157 0.720865 0.682374 0.647973 0.613833 0.581414 0.548827 0.516767 0.485115 0.453219 0.423648 0.394317 0.367883 0.342276 0.319903 0.301823 0.285496 0.275711 0.268353 0.266144 0.269116 0.274282 0.286618 0.300993 0.319995 0.342603 0.366833 0.39475 0.423264 0.453889 0.484767 0.517075 0.548888 0.580481 0.615096 0.647185 0.68315 0.721187 0.762924 0.795727 0.824286 0.84398 0.858727 0.868609 0.875865 0.882274 0.890465 0.897022 0.905793 0.912541 0.920037
0.927482 0.923772 0.918209 0.909539 0.90249 0.893358 0.885311 0.879082 0.87363 0.864048 0.852001 0.836792 0.807954 0.783912 0.745644 0.705421 0.670154 0.636866 0.605957 0.573711 0.543216 0.513875 0.484058 0.455896 0.428818 0.404722 0.381357 0.361287 0.34442 0.329315 0.320186 0.313302 0.311092 0.31413 0.319149 0.330436 0.343713 0.361036 0.381735 0.404209 0.429284 0.455533 0.484784 0.513645 0.543587 0.573999 0.60471 0.637837 0.668541 0.705725 0.745045 0.782807 0.808972 0.834533 0.851282 0.864874 0.872426 0.878768 0.885126 0.893602 0.900809 0.909967 0.916635 0.923446
0.927177 0.923822 0.920136 0.912753 0.904739 0.896739 0.888801 0.882144 0.876418 0.868162 0.858178 0.846939 0.820365 0.799149 0.772349 0.731206 0.696 0.661057 0.631016 0.60102 0.571378 0.544056 0.516601 0.490195 0.464706 0.442088 0.421013 0.403094 0.387307 0.373437 0.365082 0.358965 0.356779 0.359276 0.363996 0.374507 0.386828 0.402646 0.421451 0.441885 0.464923 0.489902 0.517066 0.543633 0.572207 0.601331 0.6306 0.662553 0.695001 0.732019 0.772322 0.798187 0.823371 0.845893 0.857702 0.869447 0.876139 0.882929 0.889079 0.897498 0.90468 0.913927 0.918912 0.924855
0.929058 0.925838 0.923067 0.916238 0.906851 0.90057 0.892934 0.887281 0.882046 0.872838 0.862144 0.852294 0.832495 0.813838 0.792383 0.761455 0.723253 0.688521 0.657307 0.629446 0.601296 0.574834 0.549017 0.524805 0.501636 0.480589 0.460628 0.444137 0.430193 0.417921 0.410053 0.404874 0.403048 0.405215 0.409375 0.41886 0.429898 0.444089 0.461279 0.480245 0.502153 0.525212 0.54891 0.574093 0.601269 0.629355 0.656847 0.689629 0.722177 0.762195 0.791839 0.811621 0.834359 0.851964 0.861756 0.873422 0.880751 0.887426 0.893225 0.899296 0.906161 0.917232 0.921236 0.926155
0.929525 0.92662 0.924342 0.918459 0.909706 0.90324 0.895263 0.891033 0.886486 0.880075 0.870923 0.860574 0.84279 0.82872 0.809161 0.784188 0.754198 0.717129 0.685857 0.6572 0.630532 0.605094 0.579754 0.557291 0.536588 0.517657 0.49911 0.483725 0.47057 0.460056 0.452832 0.44793 0.446277 0.448791 0.452516 0.460367 0.470472 0.483524 0.499328 0.517281 0.536608 0.557622 0.580522 0.604898 0.630571 0.657015 0.685275 0.718696 0.753095 0.78574 0.809952 0.827767 0.843891 0.860328 0.870655 0.881751 0.886108 0.890883 0.897025 0.902838 0.910206 0.920697 0.923471 0.927578
0.932125 0.929123 0.926604 0.920045 0.913231 0.907551 0.898781 0.894741 0.890127 0.883148 0.875063 0.866346 0.850369 0.838656 0.824217 0.806582 0.787212 0.752938 0.719188 0.689813 0.661706 0.638008 0.615283 0.593262 0.57358 0.555516 0.53889 0.525402 0.513211 0.503235 0.496153 0.491778 0.489971 0.491835 0.495597 0.503842 0.513095 0.524939 0.53913 0.555221 0.572836 0.593273 0.615021 0.637923 0.662375 0.6897 0.718497 0.754425 0.784293 0.806784 0.824278 0.837572 0.850465 0.866468 0.873276 0.884012 0.889355 0.893788 0.899982 0.90562 0.912425 0.92113 0.925092 0.929446
0.933468 0.930611 0.928208 0.921656 0.916227 0.911499 0.902914 0.898632 0.893801 0.88844 0.881894 0.872166 0.857527 0.846192 0.836177 0.823035 0.806015 0.780896 0.753923 0.72247 0.694448 0.669328 0.647345 0.627315 0.608387 0.591139 0.575194 0.562715 0.551894 0.543142 0.536929 0.533701 0.532165 0.533687 0.53684 0.543793 0.551857 0.562571 0.575718 0.591329 0.608776 0.627725 0.647082 0.66875 0.69487 0.72241 0.753095 0.784574 0.804807 0.823453 0.836859 0.846809 0.857383 0.873675 0.881174 0.890087 0.893791 0.898091 0.905135 0.910828 0.916377 0.923963 0.927625 0.931841
0.93776 0.934425 0.930882 0.924983 0.920775 0.917177 0.909343 0.904781 0.899393 0.89362 0.888009 0.878967 0.865058 0.853502 0.844816 0.836176 0.823321 0.80596 0.787645 0.762408 0.731087 0.706417 0.683189 0.661634 0.644298 0.629018 0.614411 0.602374 0.59123 0.583838 0.578383 0.5751 0.573729 0.575688 0.577851 0.58363 0.591634 0.601884 0.614187 0.628564 0.643588 0.662617 0.682843 0.705867 0.731683 0.762399 0.7855 0.806784 0.823125 0.835961 0.844284 0.853552 0.863817 0.879639 0.886252 0.894595 0.898803 0.903259 0.91087 0.915755 0.919465 0.925886 0.929091 0.934638
0.942194 0.938066 0.933529 0.927059 0.923299 0.920562 0.914369 0.910756 0.905325 0.899273 0.894584 0.885465 0.872245 0.860113 0.851662 0.844274 0.836367 0.825231 0.809256 0.791499 0.771993 0.746295 0.720611 0.700336 0.681552 0.665342 0.650974 0.640149 0.631048 0.623298 0.61713 0.613994 0.612372 0.61396 0.617337 0.623809 0.630608 0.640067 0.65153 0.665615 0.681014 0.700567 0.720869 0.745308 0.772151 0.792264 0.809953 0.824632 0.836859 0.844697 0.851691 0.861037 0.871686 0.887043 0.893354 0.90111 0.905553 0.910033 0.916624 0.920408 0.923006 0.929319 0.932133 0.939276
0.949445 0.946507 0.942126 0.935216 0.931444 0.928992 0.922368 0.91991 0.915727 0.908641 0.90542 0.896868 0.882938 0.869718 0.861224 0.853545 0.846448 0.838796 0.826613 0.812663 0.797622 0.782807 0.76266 0.739599 0.720378 0.705109 0.690333 0.679185 0.668993 0.662538 0.65796 0.655141 0.653742 0.655439 0.657269 0.662542 0.669448 0.678734 0.690025 0.705018 0.720339 0.7402 0.762444 0.783203 0.797899 0.811621 0.827365 0.837569 0.846374 0.853554 0.860551 0.870149 0.881419 0.898092 0.902854 0.910504 0.914675 0.918198 0.924331 0.92742 0.929896 0.937342 0.939892 0.946178
0.948051 0.943562 0.939888 0.93689 0.934333 0.932254 0.92938 0.927717 0.9251 0.920361 0.917391 0.907442 0.89535 0.881198 0.871675 0.863491 0.856841 0.851428 0.842318 0.835711 0.822612 0.808979 0.797038 0.781263 0.765406 0.748267 0.732689 0.721934 0.7122 0.704477 0.698785 0.695851 0.694337 0.695835 0.698909 0.704863 0.712047 0.721824 0.733299 0.748883 0.763718 0.783337 0.795457 0.809572 0.823362 0.83483 0.843891 0.850935 0.85738 0.86433 0.871687 0.88196 0.894146 0.910067 0.915052 0.922662 0.925082 0.9276 0.930149 0.933096 0.934409 0.938099 0.939927 0.944836
0.94882 0.944409 0.940869 0.938029 0.935529 0.933533 0.931328 0.92975 0.928032 0.926679 0.925288 0.920914 0.912575 0.896328 0.887498 0.879821 0.872765 0.867984 0.85887 0.853645 0.844738 0.834016 0.825824 0.812628 0.802015 0.790109 0.779263 0.769271 0.755281 0.75105 0.743031 0.741271 0.740093 0.740984 0.744305 0.748426 0.758392 0.767857 0.778814 0.791604 0.79971 0.815174 0.823889 0.834529 0.845318 0.851958 0.859793 0.86647 0.873103 0.879637 0.886477 0.898089 0.909399 0.92253 0.9243 0.926658 0.927388 0.929608 0.930538 0.933387 0.934569 0.93808 0.93981 0.944549
0.945573 0.941708 0.938778 0.936279 0.934002 0.932197 0.930225 0.928835 0.92746 0.926323 0.925603 0.923778 0.915946 0.902005 0.89336 0.887136 0.878928 0.876461 0.868001 0.863419 0.857077 0.850711 0.845608 0.836356 0.830324 0.820445 0.811738 0.806569 0.79815 0.798803 0.788146 0.789426 0.787803 0.785663 0.794824 0.792864 0.800798 0.80619 0.811425 0.821608 0.82816 0.839194 0.843968 0.851931 0.857699 0.862336 0.870649 0.873912 0.881175 0.886852 0.893353 0.903539 0.915049 0.925015 0.925432 0.927177 0.927603 0.92965 0.930483 0.93299 0.934114 0.937311 0.938757 0.943017
0.946003 0.942344 0.939583 0.937214 0.93509 0.933435 0.931621 0.930405 0.929135 0.927992 0.927361 0.926271 0.923088 0.910209 0.901128 0.895067 0.888906 0.886083 0.87972 0.874574 0.869124 0.863494 0.861178 0.851924 0.849614 0.842558 0.835114 0.83153 0.824038 0.826351 0.822364 0.823821 0.82296 0.82221 0.824912 0.822719 0.826912 0.829943 0.83537 0.844626 0.846092 0.854857 0.858049 0.86489 0.868791 0.87339 0.881051 0.884011 0.889419 0.894577 0.90039 0.910508 0.921917 0.926654 0.926398 0.928063 0.928317 0.9302 0.930991 0.933236 0.934268 0.937278 0.938398 0.942533
0.944414 0.940992 0.938514 0.936431 0.93444 0.933074 0.931381 0.930351 0.929171 0.928206 0.927817 0.927038 0.925588 0.914349 0.905607 0.898868 0.893426 0.889967 0.885539 0.880936 0.876294 0.871809 0.869605 0.864594 0.860817 0.856363 0.851392 0.846969 0.840193 0.839649 0.836472 0.836522 0.835854 0.836646 0.83747 0.837846 0.841241 0.846468 0.851923 0.857439 0.859771 0.866251 0.868582 0.873193 0.876155 0.881414 0.886076 0.890105 0.89379 0.899522 0.905536 0.915467 0.925086 0.928162 0.927599 0.929267 0.929337 0.931023 0.931704 0.933814 0.934653 0.937674 0.938492 0.942506
0.944424 0.941603 0.939572 0.937718 0.935706 0.934505 0.93274 0.931947 0.930889 0.930147 0.929917 0.929185 0.928052 0.917856 0.910133 0.903338 0.897668 0.894364 0.890424 0.887747 0.882798 0.878568 0.876365 0.873897 0.872807 0.868704 0.865471 0.862954 0.857011 0.853895 0.849556 0.848433 0.847151 0.848473 0.849712 0.853444 0.858425 0.862718 0.864907 0.869347 0.871197 0.874547 0.875076 0.878766 0.882184 0.887381 0.890014 0.893778 0.897316 0.903246 0.909145 0.918189 0.926789 0.929599 0.928678 0.930198 0.930112 0.931701 0.932126 0.934189 0.934726 0.937731 0.938286 0.941882
0.943909 0.941203 0.939317 0.937569 0.935654 0.934669 0.933055 0.932465 0.931547 0.930872 0.93071 0.930103 0.930696 0.923924 0.916688 0.910982 0.904766 0.900602 0.896463 0.893627 0.888923 0.884882 0.882842 0.880375 0.88084 0.878878 0.875955 0.873428 0.86996 0.866224 0.86095 0.858968 0.857332 0.85886 0.860943 0.866263 0.870385 0.873883 0.876393 0.880086 0.879488 0.882119 0.882235 0.885937 0.889077 0.894026 0.89698 0.900785 0.905124 0.911793 0.916612 0.925162 0.930139 0.931517 0.930474 0.931921 0.931702 0.933135 0.933411 0.935501 0.935924 0.938736 0.939213 0.942663
0.944708 0.942234 0.940526 0.938864 0.937303 0.936488 0.935073 0.934469 0.933635 0.933143 0.933264 0.93287 0.933645 0.927064 0.920525 0.915844 0.910378 0.906391 0.902149 0.899794 0.897175 0.893254 0.891546 0.888964 0.888424 0.887477 0.886448 0.885198 0.883332 0.880949 0.877099 0.874752 0.87228 0.874761 0.877685 0.881293 0.882775 0.885162 0.885762 0.887304 0.887344 0.889901 0.889595 0.89362 0.896673 0.899273 0.901896 0.905584 0.90992 0.915791 0.919504 0.927373 0.932106 0.933399 0.932009 0.933221 0.932788 0.934187 0.934321 0.936049 0.9364 0.938873 0.939316 0.942651
0.94422 0.941908 0.940436 0.938985 0.937542 0.936792 0.935484 0.935082 0.934441 0.934122 0.934412 0.934106 0.935013 0.929452 0.923158 0.91958 0.915825 0.913361 0.909158 0.906979 0.904614 0.900173 0.897368 0.894743 0.8929 0.89188 0.891382 0.891402 0.891254 0.890852 0.889793 0.889242 0.887717 0.889964 0.890166 0.891587 0.891235 0.892111 0.891346 0.892546 0.892811 0.895489 0.896962 0.901729 0.904698 0.90708 0.910183 0.913244 0.916341 0.920496 0.923042 0.930783 0.934362 0.935636 0.934126 0.935258 0.934637 0.935914 0.935922 0.937526 0.937828 0.94013 0.940278 0.943667
0.946375 0.94425 0.942805 0.94137 0.939851 0.939344 0.938214 0.938072 0.937505 0.937187 0.937614 0.937515 0.938852 0.936799 0.929508 0.925931 0.923133 0.922685 0.9197 0.9172 0.914082 0.909964 0.905786 0.902726 0.900744 0.899644 0.899267 0.899644 0.900754 0.902419 0.905011 0.908854 0.91016 0.908842 0.90395 0.902479 0.899816 0.899637 0.898405 0.899609 0.899832 0.902748 0.9049 0.910063 0.913106 0.91722 0.919712 0.921022 0.922886 0.925903 0.928393 0.937298 0.936924 0.938067 0.936307 0.937242 0.936469 0.93773 0.937598 0.938862 0.938975 0.941383 0.941277 0.944646
0.945732 0.943783 0.942452 0.941265 0.93993 0.939803 0.938746 0.938682 0.938262 0.938292 0.939137 0.939117 0.940856 0.939044 0.932467 0.9295 0.926739 0.925517 0.923471 0.921229 0.918908 0.916632 0.912534 0.90924 0.907148 0.906093 0.906032 0.906742 0.908595 0.911835 0.916867 0.921332 0.922838 0.921535 0.916661 0.913359 0.908647 0.90774 0.906023 0.907048 0.90712 0.910216 0.912564 0.917696 0.919008 0.922208 0.923459 0.925917 0.927517 0.930138 0.93215 0.940942 0.939882 0.940853 0.938743 0.939521 0.938456 0.939488 0.939211 0.940437 0.940268 0.942697 0.942282 0.945518
0.94849 0.946722 0.945657 0.944669 0.943374 0.943171 0.942093 0.94238 0.942229 0.942408 0.943425 0.943498 0.946335 0.945439 0.938994 0.934872 0.93184 0.929438 0.927578 0.926148 0.924851 0.923444 0.92003 0.917262 0.915602 0.914888 0.915106 0.916317 0.919445 0.923179 0.925325 0.925537 0.925445 0.925503 0.924297 0.922718 0.918001 0.916608 0.91408 0.914931 0.91467 0.917361 0.919184 0.923555 0.924018 0.926094 0.926532 0.92929 0.930625 0.934655 0.938303 0.946171 0.943642 0.944522 0.941863 0.942528 0.941234 0.941894 0.941512 0.942616 0.942255 0.944665 0.944208 0.947217
@ u_chi_H2 64 64
0.910149 0.909565 0.909608 0.909139 0.909176 0.908773 0.908809 0.908529 0.908671 0.909384 0.911987 0.911717 0.924539 0.920023 0.880968 0.87655 0.876328 0.875817 0.875757 0.87532 0.875298 0.874745 0.859903 0.856972 0.856619 0.8563 0.856877 0.85933 0.882395 0.893994 0.904739 0.904648 0.904628 0.904651 0.904745 0.903734 0.88626 0.863568 0.856845 0.856445 0.856623 0.857121 0.859827 0.874927 0.875297 0.875499 0.875734 0.875981 0.876325 0.876743 0.881027 0.91984 0.921188 0.921208 0.912604 0.908671 0.908761 0.908715 0.908926 0.908989 0.909235 0.909435 0.909597 0.909889
0.909807 0.909206 0.909247 0.908729 0.908745 0.908308 0.908324 0.907995 0.908111 0.907715 0.90799 0.907693 0.91119 0.90258 0.87009 0.876002 0.875821 0.87528 0.875172 0.874162 0.872375 0.86872 0.849613 0.844215 0.842214 0.841493 0.841969 0.84342 0.849633 0.864547 0.891943 0.903498 0.904338 0.904004 0.891732 0.865208 0.84759 0.843482 0.841766 0.841481 0.84218 0.844165 0.849497 0.868764 0.872242 0.874189 0.874984 0.87528 0.875616 0.873629 0.872456 0.910655 0.907804 0.907854 0.907724 0.907754 0.907882 0.907943 0.908172 0.908248 0.9085 0.908743 0.908969 0.909312
0.90961 0.908973 0.908992 0.908422 0.908432 0.908008 0.907994 0.907606 0.907707 0.907273 0.907507 0.907161 0.907561 0.898609 0.861073 0.861726 0.862611 0.874725 0.872899 0.866758 0.859028 0.844206 0.831977 0.827303 0.825059 0.824068 0.824248 0.825366 0.828722 0.833324 0.850383 0.863272 0.880544 0.873371 0.850973 0.834141 0.828615 0.825544 0.824197 0.824189 0.825136 0.827398 0.83205 0.844479 0.85908 0.866947 0.872856 0.870606 0.870769 0.864713 0.859601 0.898995 0.907442 0.907505 0.907473 0.907585 0.907753 0.907843 0.908081 0.908212 0.908509 0.908754 0.908986 0.909347
0.909421 0.908733 0.908738 0.908131 0.90811 0.907684 0.907656 0.907219 0.907308 0.90685 0.907048 0.906651 0.907003 0.872815 0.858222 0.857423 0.85553 0.851255 0.843951 0.845344 0.842303 0.823315 0.820694 0.820105 0.819873 0.819519 0.819463 0.819293 0.819387 0.817188 0.809061 0.803135 0.801601 0.799527 0.808752 0.817202 0.819264 0.819289 0.819349 0.819513 0.819755 0.820098 0.820581 0.82341 0.840635 0.845376 0.853037 0.848829 0.855207 0.857441 0.858033 0.87287 0.906637 0.90674 0.906769 0.906888 0.907051 0.907186 0.907478 0.90762 0.907906 0.908154 0.908427 0.908834
0.909171 0.90844 0.908435 0.90784 0.90777 0.907314 0.907275 0.906796 0.906853 0.906393 0.906582 0.90614 0.90645 0.86639 0.856993 0.85202 0.842909 0.830104 0.822508 0.823063 0.821635 0.811426 0.819755 0.819199 0.818988 0.818615 0.818467 0.816462 0.810454 0.801683 0.788025 0.76202 0.743881 0.755772 0.784346 0.801937 0.8105 0.816558 0.818464 0.818732 0.818991 0.819327 0.816287 0.817265 0.826576 0.82103 0.822802 0.830196 0.842914 0.852287 0.856981 0.86666 0.906371 0.906505 0.906555 0.906706 0.906908 0.907062 0.907371 0.907537 0.907848 0.908127 0.908423 0.908845
0.909064 0.90831 0.908274 0.907686 0.907595 0.907103 0.907052 0.906542 0.906577 0.90609 0.906256 0.905756 0.906048 0.865921 0.854379 0.844626 0.832075 0.821746 0.820499 0.819732 0.804547 0.802736 0.805075 0.804522 0.815838 0.817386 0.811509 0.797493 0.783181 0.771926 0.748827 0.735402 0.734665 0.735341 0.753656 0.767721 0.783449 0.797447 0.811477 0.816629 0.813352 0.813683 0.804629 0.801999 0.804368 0.819688 0.820385 0.82135 0.832027 0.84468 0.854202 0.865949 0.905702 0.905865 0.905946 0.906124 0.906345 0.906507 0.906839 0.907034 0.907383 0.907702 0.908013 0.908423
0.908821 0.908079 0.907996 0.907377 0.907277 0.906741 0.906659 0.906147 0.906158 0.905637 0.905787 0.905249 0.901733 0.852983 0.840152 0.824764 0.820317 0.819566 0.819228 0.818481 0.803282 0.800615 0.800425 0.799849 0.80247 0.797505 0.786597 0.781743 0.770719 0.747336 0.733988 0.732863 0.732863 0.732873 0.733927 0.742493 0.766517 0.778752 0.790119 0.804612 0.799625 0.80014 0.800371 0.800826 0.80323 0.818638 0.819306 0.819695 0.820398 0.825148 0.840338 0.853176 0.901668 0.905644 0.905758 0.905957 0.906204 0.906385 0.906758 0.906994 0.90736 0.907683 0.907994 0.908431
0.908782 0.907996 0.907886 0.907224 0.907107 0.906544 0.906438 0.905919 0.905899 0.905342 0.90548 0.90492 0.901084 0.84744 0.830365 0.820466 0.819574 0.818846 0.81835 0.806681 0.800871 0.799607 0.799366 0.795842 0.782379 0.769268 0.764529 0.74777 0.724353 0.731812 0.731382 0.731066 0.731077 0.73108 0.731405 0.727246 0.736661 0.747595 0.763077 0.769307 0.781946 0.795908 0.799154 0.799651 0.800696 0.806587 0.818202 0.81877 0.819442 0.820558 0.83003 0.847316 0.900769 0.905017 0.905127 0.905372 0.905663 0.905886 0.906262 0.90648 0.906873 0.90724 0.907607 0.908108
0.90867 0.907832 0.907708 0.907012 0.906858 0.906299 0.90616 0.90562 0.905574 0.90497 0.905079 0.904266 0.890926 0.833003 0.820493 0.819266 0.818682 0.818002 0.81722 0.79966 0.799131 0.793558 0.797383 0.778479 0.762895 0.761315 0.739971 0.719826 0.712783 0.716598 0.716316 0.724139 0.727847 0.72513 0.725402 0.713155 0.7139 0.715583 0.741139 0.759458 0.760131 0.782841 0.790959 0.79835 0.796076 0.801065 0.817528 0.818006 0.818791 0.819505 0.82048 0.833097 0.890851 0.904632 0.905043 0.90533 0.905633 0.90586 0.906265 0.906512 0.906936 0.907338 0.907712 0.90822
0.909664 0.907723 0.907555 0.906859 0.906665 0.906091 0.905917 0.905344 0.905286 0.904648 0.904716 0.903351 0.856634 0.821102 0.817473 0.817102 0.801538 0.812284 0.785206 0.783675 0.771043 0.76538 0.759188 0.730384 0.735714 0.706371 0.689425 0.686917 0.675426 0.698273 0.684926 0.693545 0.693059 0.683461 0.701799 0.676118 0.688727 0.686639 0.686127 0.714133 0.725804 0.738793 0.756184 0.763561 0.7785 0.769938 0.801971 0.793481 0.814191 0.812351 0.818009 0.821446 0.856047 0.903472 0.904401 0.904691 0.905023 0.905302 0.90575 0.906034 0.906476 0.906877 0.907271 0.907816
0.912001 0.907761 0.907515 0.906802 0.90659 0.905981 0.905788 0.905171 0.905081 0.904437 0.904377 0.896196 0.848751 0.8077 0.798723 0.788773 0.783919 0.782579 0.766078 0.763273 0.761192 0.739068 0.725938 0.715436 0.680917 0.646516 0.635749 0.627914 0.612789 0.59761 0.55161 0.545417 0.542746 0.540273 0.57185 0.577138 0.6132 0.630038 0.636101 0.645962 0.680085 0.712433 0.725758 0.739255 0.761288 0.763262 0.766377 0.78237 0.784727 0.793523 0.794866 0.81382 0.844096 0.898959 0.904358 0.904752 0.905139 0.905446 0.905896 0.906195 0.906656 0.907074 0.907511 0.90809
0.911937 0.907688 0.907405 0.906652 0.906426 0.905768 0.905556 0.904925 0.904549 0.903366 0.896462 0.856219 0.815433 0.78449 0.783164 0.780345 0.779491 0.771202 0.751928 0.748945 0.725547 0.682587 0.655564 0.613482 0.592772 0.577997 0.541465 0.497985 0.427493 0.352094 0.32193 0.290035 0.286232 0.306002 0.29315 0.380579 0.430286 0.482762 0.531962 0.582898 0.590846 0.61907 0.651836 0.680733 0.731605 0.74302 0.750709 0.77551 0.776664 0.779866 0.78312 0.788612 0.801925 0.86827 0.893608 0.901872 0.904527 0.90486 0.90535 0.905705 0.906218 0.906683 0.907168 0.907784
0.92454 0.910935 0.907556 0.906732 0.90645 0.905779 0.901749 0.900835 0.890911 0.856277 0.848673 0.815308 0.746591 0.740135 0.737314 0.734249 0.733235 0.718357 0.711782 0.675854 0.639461 0.622714 0.597575 0.567597 0.486333 0.368043 0.203085 0.062398 0.00132694 0.000756345 0.000735796 0.000667328 0.000656443 0.000696042 0.000644738 0.000830207 0.0012042 0.0783694 0.206852 0.360551 0.481221 0.564853 0.596707 0.619192 0.639725 0.67565 0.712097 0.71851 0.73304 0.735104 0.737053 0.738428 0.751479 0.814106 0.834469 0.874816 0.890157 0.892956 0.905378 0.905783 0.906341 0.907034 0.907567 0.91127
0.920289 0.902614 0.898879 0.872792 0.866587 0.865884 0.853203 0.84738 0.83315 0.821096 0.808024 0.784524 0.740369 0.734117 0.733169 0.731899 0.730746 0.709052 0.676402 0.630942 0.616556 0.578269 0.457054 0.243789 0.0759428 0.0012298 0.000729875 0.000571326 0.00042069 0.000323121 0.000296963 0.000275362 0.000270524 0.000279364 0.000285017 0.000338793 0.000401762 0.000547763 0.000734968 0.00122474 0.0763563 0.258893 0.471856 0.574839 0.613557 0.630459 0.676899 0.708836 0.730628 0.731901 0.73293 0.734216 0.739943 0.784675 0.807444 0.820858 0.834391 0.84337 0.859122 0.860752 0.866252 0.886628 0.887175 0.898314
0.880937 0.869847 0.861028 0.85801 0.857001 0.854144 0.84017 0.83012 0.820492 0.817242 0.798822 0.782993 0.737325 0.732947 0.731944 0.730376 0.710937 0.665655 0.638393 0.593674 0.517187 0.313175 0.0642561 0.000826546 0.000516609 0.000376784 0.000286225 0.000233172 0.000203135 0.000173602 0.000164153 0.00015451 0.000152184 0.000156632 0.000159492 0.000179609 0.00019766 0.000233491 0.000287767 0.000358696 0.000546197 0.000966569 0.0417845 0.317511 0.534788 0.609139 0.635133 0.664781 0.710839 0.730585 0.731949 0.733269 0.73716 0.783481 0.798737 0.817671 0.821902 0.826025 0.845752 0.85203 0.857451 0.858395 0.860619 0.871093
0.87674 0.875998 0.861936 0.857433 0.85229 0.844645 0.825023 0.820499 0.81951 0.817117 0.789157 0.780347 0.734482 0.731902 0.730591 0.715044 0.668255 0.615948 0.582207 0.464788 0.193191 0.0012095 0.000599961 0.000357223 0.000247717 0.000197163 0.000160962 0.00013716 0.000122993 0.000108664 0.000104008 9.87964e-05 9.7507e-05 0.000100112 0.000101673 0.000111681 0.000120835 0.000137675 0.000161725 0.000194042 0.000258439 0.000353099 0.000616378 0.00177621 0.171931 0.440353 0.565717 0.62997 0.666075 0.71376 0.73046 0.731956 0.73407 0.780496 0.788891 0.817274 0.819324 0.819978 0.831297 0.840664 0.853771 0.857639 0.861646 0.876081
0.876323 0.875614 0.862605 0.855312 0.842946 0.831922 0.820335 0.819369 0.81869 0.801438 0.783935 0.779259 0.733243 0.730536 0.710972 0.668114 0.640504 0.563565 0.38136 0.0481562 0.000900618 0.000405227 0.000264496 0.000196213 0.000148274 0.000121918 0.000102616 8.91401e-05 8.08908e-05 7.26433e-05 6.96213e-05 6.66243e-05 6.58344e-05 6.72618e-05 6.83324e-05 7.42433e-05 7.9742e-05 8.95675e-05 0.00010307 0.000120804 0.000151672 0.000193002 0.000276199 0.000434463 0.000858441 0.0658433 0.404384 0.574607 0.63063 0.67097 0.715031 0.727902 0.733305 0.779674 0.783817 0.801788 0.818713 0.819393 0.820743 0.826154 0.844764 0.857316 0.862525 0.875864
0.875971 0.87527 0.874899 0.851303 0.830389 0.821808 0.819773 0.818848 0.818236 0.812329 0.782892 0.771209 0.718569 0.709054 0.665838 0.615899 0.563823 0.400279 0.0447045 0.000741589 0.000356338 0.000224206 0.000159332 0.000123825 9.80007e-05 8.22672e-05 7.00673e-05 6.14273e-05 5.59582e-05 5.05812e-05 4.8481e-05 4.64207e-05 4.58427e-05 4.68055e-05 4.76287e-05 5.15907e-05 5.52791e-05 6.16546e-05 7.03758e-05 8.14774e-05 9.96644e-05 0.000122475 0.000162466 0.000226932 0.000344313 0.000777968 0.0203319 0.389956 0.556847 0.622483 0.670456 0.708249 0.72841 0.768014 0.780937 0.812496 0.818031 0.818717 0.819901 0.820768 0.835741 0.855466 0.874325 0.87534
0.875734 0.874983 0.872885 0.843855 0.822649 0.820298 0.819227 0.818132 0.817222 0.785108 0.766089 0.751733 0.711794 0.676287 0.63838 0.582376 0.381969 0.0448657 0.000800411 0.000334684 0.000208825 0.000145756 0.000108463 8.62561e-05 6.95469e-05 5.87779e-05 5.02249e-05 4.40806e-05 4.01074e-05 3.63679e-05 3.48042e-05 3.3287e-05 3.2883e-05 3.36073e-05 3.42664e-05 3.69774e-05 3.96747e-05 4.42205e-05 5.04097e-05 5.83108e-05 7.04202e-05 8.55058e-05 0.000109652 0.000145824 0.00020716 0.000344308 0.00073356 0.0281766 0.377491 0.584981 0.633685 0.667276 0.712379 0.750063 0.77323 0.787023 0.814843 0.818352 0.819531 0.820327 0.825342 0.844609 0.871358 0.875241
0.87549 0.874176 0.866978 0.845403 0.823261 0.819743 0.818683 0.806686 0.799874 0.783715 0.763474 0.748948 0.67606 0.630854 0.592774 0.46584 0.047918 0.000741576 0.00033458 0.000198885 0.000137005 0.000100874 7.7251e-05 6.21932e-05 5.04931e-05 4.27553e-05 3.65444e-05 3.20304e-05 2.90457e-05 2.62487e-05 2.50352e-05 2.3934e-05 2.36212e-05 2.41301e-05 2.465e-05 2.67008e-05 2.87568e-05 3.21261e-05 3.66937e-05 4.24538e-05 5.10656e-05 6.16275e-05 7.77886e-05 0.000100804 0.000136154 0.000201431 0.000319431 0.000708332 0.102485 0.47181 0.592154 0.631867 0.692438 0.748412 0.763272 0.782587 0.801316 0.81427 0.815428 0.819237 0.823197 0.843639 0.864095 0.874687
0.875293 0.87222 0.859124 0.84228 0.821652 0.804396 0.803292 0.800698 0.799138 0.770918 0.761192 0.725328 0.63962 0.615334 0.516194 0.193207 0.0009042 0.000356754 0.000208865 0.000137058 9.86623e-05 7.439e-05 5.76412e-05 4.65703e-05 3.7805e-05 3.18902e-05 2.71499e-05 2.36632e-05 2.12496e-05 1.90658e-05 1.80783e-05 1.72197e-05 1.69633e-05 1.73473e-05 1.77958e-05 1.93888e-05 2.10427e-05 2.36973e-05 2.72455e-05 3.1687e-05 3.81393e-05 4.61149e-05 5.80234e-05 7.43485e-05 9.81228e-05 0.000137716 0.000203786 0.000356306 0.000947844 0.175195 0.509541 0.618302 0.639182 0.71327 0.758463 0.771515 0.799125 0.800408 0.801588 0.814089 0.820567 0.839969 0.858041 0.873944
0.874923 0.86877 0.84449 0.823442 0.811584 0.802742 0.800792 0.79962 0.793769 0.765392 0.739198 0.682609 0.620951 0.580216 0.31331 0.00120768 0.000405257 0.000224257 0.000145729 0.000100885 7.43756e-05 5.67292e-05 4.41619e-05 3.56285e-05 2.88475e-05 2.41502e-05 2.03331e-05 1.75273e-05 1.55732e-05 1.38478e-05 1.30103e-05 1.23173e-05 1.21094e-05 1.24311e-05 1.2813e-05 1.40714e-05 1.5422e-05 1.75567e-05 2.04095e-05 2.39972e-05 2.90809e-05 3.53343e-05 4.44328e-05 5.66422e-05 7.4018e-05 0.000101325 0.000143288 0.000224647 0.000401133 0.000997096 0.304265 0.581457 0.620342 0.68165 0.749557 0.769833 0.793484 0.799549 0.800811 0.80279 0.809788 0.827669 0.850722 0.868311
0.859906 0.84955 0.832056 0.820573 0.819767 0.804928 0.800431 0.799213 0.7974 0.759055 0.725954 0.653587 0.595196 0.457339 0.0651069 0.000600277 0.000264841 0.000159487 0.000108508 7.72835e-05 5.76519e-05 4.41895e-05 3.43165e-05 2.75669e-05 2.21122e-05 1.82725e-05 1.51511e-05 1.28495e-05 1.1243e-05 9.86255e-06 9.17065e-06 8.61889e-06 8.45072e-06 8.70112e-06 9.01379e-06 1.00178e-05 1.11297e-05 1.2871e-05 1.5201e-05 1.81308e-05 2.2262e-05 2.73313e-05 3.45115e-05 4.40694e-05 5.74303e-05 7.76027e-05 0.000107101 0.000159198 0.000262013 0.000547687 0.0894348 0.464447 0.595552 0.657418 0.72853 0.756386 0.794869 0.799336 0.800622 0.805043 0.819691 0.820958 0.833249 0.851033
0.857115 0.844243 0.82747 0.8201 0.819328 0.804515 0.799991 0.795832 0.778614 0.730384 0.714004 0.615462 0.567771 0.243262 0.000827628 0.000357222 0.000196021 0.000123831 8.62529e-05 6.21849e-05 4.65486e-05 3.56261e-05 2.75431e-05 2.1834e-05 1.7275e-05 1.40256e-05 1.14023e-05 9.47232e-06 8.11051e-06 6.96573e-06 6.38249e-06 5.93978e-06 5.80108e-06 5.99772e-06 6.27348e-06 7.09348e-06 8.03937e-06 9.4902e-06 1.14497e-05 1.39439e-05 1.74069e-05 2.16866e-05 2.77116e-05 3.5546e-05 4.64393e-05 6.24328e-05 8.54522e-05 0.0001239 0.000193754 0.000352125 0.00092494 0.248662 0.567596 0.615773 0.713931 0.729507 0.774625 0.798607 0.800053 0.804481 0.819123 0.820348 0.829023 0.846384
0.856625 0.842111 0.825084 0.819748 0.818983 0.815693 0.802463 0.782201 0.762867 0.733939 0.678199 0.592679 0.486364 0.0760588 0.000518668 0.000247971 0.000148318 9.80528e-05 6.95849e-05 5.05382e-05 3.78241e-05 2.88733e-05 2.21165e-05 1.72952e-05 1.34182e-05 1.06685e-05 8.47124e-06 6.85351e-06 5.70591e-06 4.77536e-06 4.28569e-06 3.92683e-06 3.81422e-06 3.96966e-06 4.20289e-06 4.86787e-06 5.65268e-06 6.85413e-06 8.49804e-06 1.05976e-05 1.35034e-05 1.7157e-05 2.22247e-05 2.87781e-05 3.77294e-05 5.06925e-05 6.89655e-05 9.83553e-05 0.000148212 0.000244151 0.000546128 0.064082 0.486333 0.59335 0.678558 0.737146 0.766036 0.790886 0.802269 0.815785 0.81889 0.820105 0.826048 0.843323
0.85643 0.841487 0.824192 0.819511 0.818731 0.817393 0.797626 0.769274 0.760697 0.707725 0.646742 0.578072 0.367896 0.00122814 0.000376765 0.000197096 0.000121907 8.22518e-05 5.87483e-05 4.27518e-05 3.18669e-05 2.41484e-05 1.82537e-05 1.40234e-05 1.06505e-05 8.23453e-06 6.33428e-06 4.95418e-06 3.97794e-06 3.21399e-06 2.80556e-06 2.52118e-06 2.43205e-06 2.55181e-06 2.74855e-06 3.28148e-06 3.94434e-06 4.96008e-06 6.36619e-06 8.19369e-06 1.07234e-05 1.39263e-05 1.83535e-05 2.40843e-05 3.18283e-05 4.28712e-05 5.83281e-05 8.23697e-05 0.00012188 0.000194146 0.000375866 0.00102876 0.367829 0.577967 0.645773 0.709074 0.760517 0.770028 0.792538 0.817356 0.818506 0.81975 0.8246 0.841828
0.856829 0.841817 0.824235 0.819345 0.81846 0.811391 0.786602 0.763666 0.73584 0.689353 0.635793 0.541484 0.203852 0.000729791 0.000286389 0.000161101 0.000102673 7.01134e-05 5.02529e-05 3.6584e-05 2.71667e-05 2.03533e-05 1.51571e-05 1.14201e-05 8.47311e-06 6.34676e-06 4.69993e-06 3.52609e-06 2.70388e-06 2.08975e-06 1.75617e-06 1.53516e-06 1.46448e-06 1.55504e-06 1.71469e-06 2.12926e-06 2.67459e-06 3.5199e-06 4.71891e-06 6.30726e-06 8.51592e-06 1.13275e-05 1.52203e-05 2.02799e-05 2.71094e-05 3.6654e-05 4.98992e-05 7.01776e-05 0.000102441 0.000158454 0.000281486 0.000654452 0.199199 0.541187 0.63528 0.69086 0.736939 0.764942 0.780026 0.813328 0.818439 0.819713 0.824808 0.84214
0.863589 0.843361 0.825447 0.819283 0.816569 0.797504 0.781749 0.748184 0.719955 0.68699 0.628083 0.498061 0.0623041 0.000565565 0.000232619 0.000137142 8.91424e-05 6.14153e-05 4.40598e-05 3.20212e-05 2.36471e-05 1.75207e-05 1.28277e-05 9.4644e-06 6.84016e-06 4.95291e-06 3.51534e-06 2.51406e-06 1.82539e-06 1.3383e-06 1.07251e-06 9.06228e-07 8.54594e-07 9.20998e-07 1.04842e-06 1.36689e-06 1.81242e-06 2.51574e-06 3.54267e-06 4.93281e-06 6.88634e-06 9.41476e-06 1.29043e-05 1.7475e-05 2.36396e-05 3.21316e-05 4.37983e-05 6.15164e-05 8.89276e-05 0.000135058 0.000230766 0.00052467 0.0498118 0.497326 0.627685 0.687141 0.717437 0.751306 0.781611 0.805179 0.817636 0.819566 0.825611 0.843051
0.886328 0.847823 0.828703 0.819264 0.810469 0.783073 0.763071 0.724269 0.712691 0.675334 0.612761 0.42789 0.00134161 0.00042295 0.00020319 0.00012306 8.09494e-05 5.60129e-05 4.01349e-05 2.90686e-05 2.12609e-05 1.55938e-05 1.12487e-05 8.12167e-06 5.71133e-06 3.98923e-06 2.70607e-06 1.83191e-06 1.24611e-06 8.53481e-07 6.41387e-07 5.1632e-07 4.77639e-07 5.24504e-07 6.24394e-07 8.67672e-07 1.23515e-06 1.82378e-06 2.71604e-06 3.95899e-06 5.72788e-06 8.06015e-06 1.1288e-05 1.552e-05 2.12292e-05 2.91116e-05 3.98666e-05 5.60088e-05 8.0716e-05 0.00012121 0.000201409 0.000391376 0.00113707 0.427122 0.612686 0.675567 0.712539 0.727634 0.766262 0.791345 0.809339 0.819582 0.828462 0.848588
0.903739 0.865255 0.834187 0.817184 0.80184 0.771967 0.746879 0.732018 0.7167 0.698321 0.59771 0.351654 0.00074906 0.000323297 0.000173575 0.000108657 7.26122e-05 5.05677e-05 3.63474e-05 2.62339e-05 1.90463e-05 1.38349e-05 9.84886e-06 6.95993e-06 4.76334e-06 3.21004e-06 2.08309e-06 1.33637e-06 8.48582e-07 5.41233e-07 3.78539e-07 2.88324e-07 2.61104e-07 2.93676e-07 3.69909e-07 5.52632e-07 8.48025e-07 1.33447e-06 2.09951e-06 3.19778e-06 4.7944e-06 6.92599e-06 9.90354e-06 1.37948e-05 1.90466e-05 2.62962e-05 3.61368e-05 5.0635e-05 7.24675e-05 0.00010757 0.000172523 0.000307928 0.000722258 0.351987 0.597453 0.698516 0.716409 0.731956 0.742321 0.777483 0.797852 0.814992 0.832844 0.863598
0.904748 0.891812 0.851131 0.808801 0.779449 0.748157 0.733342 0.731323 0.716265 0.684849 0.551582 0.321789 0.00073594 0.00029727 0.000164204 0.000104077 6.96603e-05 4.85218e-05 3.48286e-05 2.50528e-05 1.80889e-05 1.30243e-05 9.18047e-06 6.39755e-06 4.29247e-06 2.813e-06 1.7594e-06 1.07793e-06 6.42931e-07 3.81015e-07 2.45149e-07 1.7442e-07 1.53293e-07 1.76748e-07 2.38535e-07 3.85196e-07 6.38999e-07 1.06781e-06 1.76567e-06 2.79152e-06 4.30114e-06 6.34873e-06 9.21466e-06 1.29672e-05 1.8065e-05 2.50655e-05 3.45797e-05 4.85163e-05 6.95313e-05 0.000102897 0.000163425 0.000290015 0.000720264 0.322986 0.551368 0.685172 0.716132 0.731525 0.733351 0.754722 0.781285 0.807491 0.85112 0.891598
0.904648 0.904 0.87336 0.803011 0.760421 0.736429 0.732967 0.731165 0.72422 0.693588 0.54548 0.290039 0.000667137 0.000275399 0.000154426 9.87711e-05 6.65973e-05 4.6393e-05 3.32705e-05 2.39138e-05 1.71985e-05 1.23048e-05 8.60789e-06 5.93133e-06 3.91873e-06 2.51428e-06 1.52901e-06 9.03542e-07 5.13575e-07 2.87279e-07 1.73096e-07 1.16168e-07 1.00005e-07 1.18344e-07 1.70212e-07 2.92285e-07 5.1559e-07 9.00766e-07 1.54436e-06 2.50714e-06 3.9396e-06 5.91018e-06 8.66732e-06 1.22792e-05 1.72101e-05 2.39566e-05 3.30885e-05 4.64633e-05 6.65305e-05 9.79243e-05 0.000154298 0.000269436 0.000655158 0.290661 0.545029 0.693784 0.723941 0.731208 0.732867 0.736397 0.756278 0.809033 0.868377 0.90341
0.904628 0.904338 0.878998 0.79814 0.741929 0.734551 0.732786 0.731017 0.727779 0.692981 0.542681 0.286116 0.000656599 0.000270507 0.000152239 9.75472e-05 6.58722e-05 4.58609e-05 3.29005e-05 2.36405e-05 1.69776e-05 1.21224e-05 8.46383e-06 5.81081e-06 3.82154e-06 2.43858e-06 1.4696e-06 8.58012e-07 4.79963e-07 2.62627e-07 1.54121e-07 1.00342e-07 8.53687e-08 1.01536e-07 1.50138e-07 2.63943e-07 4.77487e-07 8.48201e-07 1.47428e-06 2.4187e-06 3.82723e-06 5.7701e-06 8.50066e-06 1.20738e-05 1.69565e-05 2.36406e-05 3.26928e-05 4.58996e-05 6.57559e-05 9.66177e-05 0.000152056 0.000264937 0.00064538 0.286822 0.542296 0.693301 0.727649 0.73119 0.732844 0.734903 0.741737 0.815851 0.889887 0.904232
0.904651 0.903998 0.867573 0.807031 0.762084 0.735371 0.732961 0.731167 0.725214 0.683522 0.540301 0.306122 0.000696 0.00027923 0.000156602 9.99841e-05 6.7209e-05 4.6776e-05 3.3585e-05 2.41098e-05 1.73363e-05 1.24184e-05 8.68799e-06 5.98574e-06 3.96169e-06 2.54534e-06 1.55098e-06 9.16708e-07 5.22589e-07 2.9176e-07 1.76352e-07 1.17588e-07 1.01871e-07 1.19776e-07 1.73456e-07 2.96769e-07 5.24561e-07 9.14004e-07 1.56642e-06 2.53788e-06 3.98369e-06 5.96275e-06 8.74914e-06 1.2393e-05 1.73443e-05 2.41534e-05 3.34102e-05 4.68334e-05 6.71735e-05 9.90652e-05 0.000156289 0.000274223 0.00068387 0.306158 0.53992 0.683692 0.724941 0.731216 0.732877 0.735647 0.755559 0.807613 0.871735 0.904014
0.904635 0.885851 0.844224 0.808722 0.787755 0.748477 0.733792 0.73132 0.72532 0.701737 0.57175 0.293522 0.000645896 0.000284969 0.000159547 0.000101635 6.83514e-05 4.76424e-05 3.4285e-05 2.46661e-05 1.78182e-05 1.28268e-05 9.02699e-06 6.27877e-06 4.21289e-06 2.75364e-06 1.72127e-06 1.05064e-06 6.27949e-07 3.70484e-07 2.40373e-07 1.69798e-07 1.50959e-07 1.72133e-07 2.33805e-07 3.74622e-07 6.24118e-07 1.0406e-06 1.72739e-06 2.73273e-06 4.22083e-06 6.23166e-06 9.06009e-06 1.27707e-05 1.77953e-05 2.4683e-05 3.40424e-05 4.7666e-05 6.82053e-05 0.000100669 0.000158977 0.000275728 0.000631429 0.294871 0.571573 0.70206 0.725209 0.731539 0.734027 0.754003 0.781188 0.807579 0.845 0.897822
0.900255 0.871657 0.834247 0.817348 0.801961 0.7719 0.747205 0.727337 0.713231 0.676225 0.577162 0.380618 0.000829931 0.000337258 0.000179408 0.000111614 7.4201e-05 5.15465e-05 3.69564e-05 2.66847e-05 1.93774e-05 1.40555e-05 1.00097e-05 7.07972e-06 4.86144e-06 3.27233e-06 2.12663e-06 1.36105e-06 8.66867e-07 5.49186e-07 3.85755e-07 2.90357e-07 2.65462e-07 2.95701e-07 3.77112e-07 5.60585e-07 8.66271e-07 1.3591e-06 2.14348e-06 3.26004e-06 4.89221e-06 7.04689e-06 1.00636e-05 1.40165e-05 1.93833e-05 2.67361e-05 3.67467e-05 5.16098e-05 7.40834e-05 0.000110378 0.000178214 0.000325066 0.000803702 0.380232 0.576981 0.676317 0.712945 0.727385 0.742421 0.768458 0.797886 0.815078 0.833011 0.872353
0.877173 0.847746 0.828536 0.819258 0.810377 0.783441 0.77051 0.733129 0.713797 0.688704 0.613097 0.430312 0.00120644 0.00040137 0.000197741 0.00012089 7.97794e-05 5.52996e-05 3.97039e-05 2.87754e-05 2.1063e-05 1.54315e-05 1.11456e-05 8.04537e-06 5.6642e-06 3.94722e-06 2.68307e-06 1.8138e-06 1.24109e-06 8.47206e-07 6.42654e-07 5.13623e-07 4.79791e-07 5.21855e-07 6.25564e-07 8.61387e-07 1.23007e-06 1.80573e-06 2.693e-06 3.91647e-06 5.68284e-06 7.98242e-06 1.11856e-05 1.53607e-05 2.1034e-05 2.88172e-05 3.94318e-05 5.53229e-05 7.95491e-05 0.00011923 0.000196631 0.000374051 0.00109667 0.430264 0.613021 0.688972 0.713694 0.736759 0.766433 0.791287 0.809194 0.819575 0.82825 0.848496
0.863514 0.843696 0.825565 0.819397 0.816539 0.797517 0.7792 0.749615 0.717578 0.686744 0.630049 0.482322 0.0772721 0.000547938 0.000233425 0.000137629 8.95223e-05 6.16224e-05 4.41954e-05 3.21012e-05 2.3686e-05 1.7536e-05 1.28659e-05 9.47682e-06 6.85091e-06 4.94644e-06 3.51819e-06 2.5075e-06 1.82525e-06 1.3286e-06 1.07008e-06 8.9653e-07 8.5163e-07 9.11228e-07 1.04597e-06 1.35723e-06 1.81213e-06 2.50899e-06 3.54529e-06 4.9274e-06 6.89604e-06 9.42562e-06 1.29423e-05 1.74943e-05 2.36792e-05 3.22079e-05 4.3959e-05 6.17114e-05 8.93528e-05 0.000135697 0.000231676 0.000511388 0.0674618 0.482168 0.629788 0.686896 0.715314 0.74769 0.778627 0.80531 0.81763 0.819673 0.825626 0.843227
0.85649 0.841798 0.824086 0.819334 0.818337 0.811487 0.790033 0.763083 0.742929 0.68469 0.635928 0.531872 0.206566 0.000736597 0.000288154 0.000161874 0.000103109 7.03934e-05 5.04344e-05 3.67054e-05 2.72649e-05 2.04167e-05 1.52215e-05 1.14562e-05 8.51266e-06 6.36632e-06 4.73052e-06 3.54082e-06 2.72448e-06 2.0973e-06 1.77208e-06 1.54029e-06 1.47935e-06 1.56017e-06 1.73079e-06 2.1365e-06 2.6952e-06 3.53463e-06 4.74939e-06 6.32652e-06 8.55431e-06 1.13648e-05 1.52894e-05 2.0342e-05 2.7216e-05 3.67863e-05 5.0087e-05 7.04649e-05 0.000102996 0.000159364 0.00028391 0.000670826 0.202348 0.531695 0.635917 0.686295 0.740878 0.763252 0.783319 0.813323 0.818315 0.819707 0.824639 0.842092
0.856456 0.841625 0.824199 0.819614 0.818708 0.816726 0.804589 0.769419 0.761495 0.714906 0.646566 0.582985 0.360454 0.00122421 0.000358125 0.000193885 0.000120719 8.14526e-05 5.82903e-05 4.24173e-05 3.1676e-05 2.39781e-05 1.813e-05 1.39241e-05 1.05984e-05 8.18052e-06 6.30752e-06 4.92032e-06 3.9614e-06 3.18867e-06 2.79706e-06 2.50031e-06 2.42512e-06 2.53129e-06 2.73972e-06 3.25632e-06 3.92832e-06 4.92493e-06 6.33887e-06 8.13928e-06 1.06715e-05 1.38264e-05 1.82305e-05 2.39118e-05 3.16346e-05 4.25505e-05 5.78538e-05 8.16736e-05 0.000120638 0.000191564 0.000363107 0.00104803 0.360181 0.58292 0.645766 0.714386 0.759268 0.770179 0.799563 0.816712 0.818496 0.819852 0.824601 0.841982
0.85651 0.842175 0.824964 0.81973 0.818836 0.813333 0.799466 0.781923 0.759955 0.725791 0.680539 0.59027 0.481055 0.0769093 0.000546248 0.000258438 0.000151694 9.97032e-05 7.04514e-05 5.10836e-05 3.81674e-05 2.90891e-05 2.22823e-05 1.74115e-05 1.35274e-05 1.07242e-05 8.53005e-06 6.8821e-06 5.74105e-06 4.78773e-06 4.31054e-06 3.93283e-06 3.83448e-06 3.97446e-06 4.22826e-06 4.88045e-06 5.68667e-06 6.88352e-06 8.55659e-06 1.06537e-05 1.36116e-05 1.72739e-05 2.23908e-05 2.89839e-05 3.80557e-05 5.12205e-05 6.98829e-05 9.97031e-05 0.000151503 0.000255612 0.000579971 0.0609602 0.481419 0.591058 0.679896 0.726058 0.763242 0.790761 0.799273 0.813443 0.818755 0.820105 0.826012 0.843431
0.857121 0.844257 0.827351 0.82022 0.81931 0.813805 0.800123 0.796049 0.782887 0.739029 0.715871 0.61937 0.564728 0.258802 0.000966113 0.000352986 0.000193149 0.0001224 8.54793e-05 6.15889e-05 4.60922e-05 3.52989e-05 2.73286e-05 2.1669e-05 1.71615e-05 1.39076e-05 1.13343e-05 9.39995e-06 8.06515e-06 6.91318e-06 6.3562e-06 5.89624e-06 5.77969e-06 5.95615e-06 6.24457e-06 7.03984e-06 7.99504e-06 9.41843e-06 1.13819e-05 1.38229e-05 1.7294e-05 2.15235e-05 2.74952e-05 3.52122e-05 4.5974e-05 6.18473e-05 8.45116e-05 0.000122302 0.000190982 0.000341106 0.00108388 0.264851 0.564883 0.619159 0.71237 0.737046 0.778469 0.798837 0.800193 0.813788 0.819109 0.820461 0.828942 0.846452
0.859702 0.849473 0.831866 0.820563 0.816121 0.804612 0.8002 0.799143 0.790776 0.756195 0.725591 0.651728 0.596793 0.471577 0.0418159 0.000621612 0.000277426 0.000162501 0.000109666 7.77819e-05 5.80336e-05 4.44307e-05 3.45405e-05 2.77075e-05 2.2245e-05 1.83535e-05 1.52462e-05 1.2899e-05 1.13039e-05 9.89517e-06 9.22637e-06 8.65638e-06 8.51383e-06 8.73604e-06 9.07084e-06 1.005e-05 1.11917e-05 1.29212e-05 1.52903e-05 1.82102e-05 2.23951e-05 2.74723e-05 3.47231e-05 4.43133e-05 5.7779e-05 7.79821e-05 0.000108151 0.000161396 0.000267685 0.000537851 0.0728396 0.478644 0.596737 0.652073 0.727251 0.752981 0.788222 0.799287 0.800407 0.804744 0.816079 0.82098 0.833194 0.851121
0.874927 0.868897 0.844366 0.823448 0.817273 0.802159 0.800826 0.799832 0.798351 0.763743 0.739296 0.68084 0.623005 0.574762 0.316761 0.00177347 0.000434239 0.000226758 0.000145807 0.000100749 7.43226e-05 5.66114e-05 4.40669e-05 3.55149e-05 2.87822e-05 2.40621e-05 2.02865e-05 1.74562e-05 1.55316e-05 1.37782e-05 1.2981e-05 1.22665e-05 1.20869e-05 1.23801e-05 1.27834e-05 1.40035e-05 1.53794e-05 1.74851e-05 2.03643e-05 2.39106e-05 2.90145e-05 3.5205e-05 4.43449e-05 5.64973e-05 7.3892e-05 0.000100993 0.000142826 0.000223877 0.000412486 0.00109111 0.306931 0.575861 0.618621 0.680489 0.749512 0.768319 0.7981 0.799777 0.800856 0.802205 0.815547 0.827863 0.850743 0.868472
0.875153 0.872254 0.858839 0.840519 0.826418 0.804372 0.803064 0.8007 0.795877 0.778451 0.761081 0.731605 0.639323 0.61355 0.534586 0.172175 0.000858184 0.000344515 0.000207282 0.000136146 9.81368e-05 7.40057e-05 5.74466e-05 4.64217e-05 3.77607e-05 3.18182e-05 2.71358e-05 2.36291e-05 2.12505e-05 1.90398e-05 1.80891e-05 1.71953e-05 1.69709e-05 1.73264e-05 1.78034e-05 1.93586e-05 2.10458e-05 2.36622e-05 2.72324e-05 3.16102e-05 3.80738e-05 4.59453e-05 5.77873e-05 7.38543e-05 9.73957e-05 0.000136445 0.000200796 0.00034057 0.000861864 0.151102 0.528738 0.613633 0.639228 0.719448 0.758347 0.778966 0.795877 0.800434 0.80145 0.814171 0.825378 0.838493 0.85796 0.873956
0.875487 0.874356 0.866885 0.845467 0.821029 0.819875 0.818631 0.806773 0.801048 0.77001 0.763252 0.74321 0.675607 0.630604 0.611177 0.439614 0.0650197 0.000777713 0.000344413 0.000201347 0.000137702 0.000101289 7.76184e-05 6.24154e-05 5.07115e-05 4.28451e-05 3.66688e-05 3.21087e-05 2.91277e-05 2.62757e-05 2.50858e-05 2.39398e-05 2.36598e-05 2.41305e-05 2.46989e-05 2.67243e-05 2.88428e-05 3.21956e-05 3.68248e-05 4.25394e-05 5.12582e-05 6.18252e-05 7.80115e-05 0.000100991 0.000136518 0.000201574 0.000324791 0.000690899 0.109652 0.45024 0.608756 0.632104 0.692251 0.742676 0.763056 0.769461 0.802609 0.814446 0.815403 0.819391 0.820996 0.843914 0.864154 0.874884
0.875559 0.874983 0.8727 0.852982 0.822493 0.820378 0.819082 0.818185 0.817286 0.801901 0.766159 0.750708 0.711898 0.67688 0.634968 0.565697 0.404216 0.0202313 0.000733641 0.00031944 0.000203891 0.000143252 0.000107155 8.54572e-05 6.90121e-05 5.83168e-05 4.9935e-05 4.37899e-05 3.98987e-05 3.61154e-05 3.46081e-05 3.30699e-05 3.27091e-05 3.33866e-05 3.40599e-05 3.67282e-05 3.94589e-05 4.39213e-05 5.01052e-05 5.78263e-05 6.99089e-05 8.4456e-05 0.000108166 0.000142797 0.000200864 0.000324207 0.000638439 0.00528736 0.40345 0.568144 0.630909 0.668064 0.712514 0.749129 0.773416 0.803857 0.814927 0.818419 0.819399 0.820419 0.825415 0.853907 0.871147 0.875237
0.875969 0.87544 0.870592 0.84894 0.830061 0.821385 0.819685 0.818977 0.817999 0.793607 0.782359 0.775735 0.7185 0.709031 0.664657 0.630168 0.57442 0.389877 0.02801 0.000708114 0.000356574 0.00022465 0.000159242 0.000123884 9.83796e-05 8.23524e-05 7.02092e-05 6.14859e-05 5.60423e-05 5.06093e-05 4.85386e-05 4.64218e-05 4.59181e-05 4.68237e-05 4.77058e-05 5.15856e-05 5.53525e-05 6.1699e-05 7.05013e-05 8.1651e-05 9.97646e-05 0.00012228 0.000161499 0.000223825 0.000340789 0.000691159 0.00529493 0.380296 0.568338 0.637058 0.669481 0.708326 0.728431 0.77256 0.781065 0.793959 0.817804 0.818854 0.819821 0.820857 0.835642 0.853178 0.870035 0.875531
0.876118 0.875601 0.870547 0.855201 0.842634 0.831991 0.820171 0.819436 0.818564 0.814171 0.784425 0.776658 0.732807 0.730626 0.710602 0.666072 0.630442 0.556854 0.377509 0.101638 0.000948122 0.000401448 0.000262346 0.000193714 0.000148281 0.000121841 0.000102479 8.89318e-05 8.07765e-05 7.24335e-05 6.95572e-05 6.64975e-05 6.57863e-05 6.71132e-05 6.82299e-05 7.40554e-05 7.95785e-05 8.9319e-05 0.000103072 0.000120569 0.00015152 0.000190928 0.000267822 0.000411938 0.000862606 0.109473 0.403653 0.568385 0.620588 0.669175 0.714658 0.728005 0.732892 0.777079 0.784485 0.814602 0.818599 0.819477 0.82069 0.82635 0.844707 0.8572 0.870496 0.875873
0.876757 0.873841 0.864715 0.857662 0.852275 0.844878 0.825061 0.820812 0.819496 0.812531 0.793471 0.78009 0.735094 0.732125 0.730585 0.713976 0.670989 0.622661 0.584288 0.471854 0.175122 0.000997449 0.000548287 0.000352154 0.00024427 0.000194112 0.000158571 0.000135034 0.00012126 0.000107564 0.000102939 9.78405e-05 9.66723e-05 9.90133e-05 0.000100665 0.000110317 0.000119259 0.000135632 0.00015939 0.000191268 0.000255776 0.000341081 0.000538649 0.00109098 0.151481 0.450266 0.568956 0.637058 0.669018 0.712595 0.730456 0.732182 0.734711 0.780291 0.793215 0.812776 0.819326 0.820224 0.831312 0.840943 0.853771 0.857875 0.864429 0.873925
0.880897 0.872494 0.859428 0.858037 0.856757 0.8542 0.840093 0.830058 0.820216 0.817994 0.794497 0.783115 0.736826 0.73293 0.731724 0.73046 0.714832 0.670466 0.63345 0.59217 0.509403 0.304134 0.0895004 0.000925387 0.000546254 0.000375995 0.000281899 0.000230602 0.000201559 0.000172573 0.000163519 0.000154214 0.000152091 0.000156227 0.000158943 0.000177976 0.000196596 0.000231449 0.000283845 0.000362593 0.000581152 0.00108374 0.0733028 0.306811 0.527569 0.609778 0.630939 0.669578 0.714648 0.73067 0.731727 0.733252 0.73669 0.783545 0.794627 0.818446 0.821094 0.826089 0.845573 0.85204 0.857219 0.858401 0.858819 0.873525
0.919813 0.910855 0.898958 0.873096 0.866663 0.866196 0.85321 0.847616 0.833163 0.821732 0.813789 0.788715 0.738418 0.734434 0.73327 0.732183 0.727904 0.70846 0.667365 0.63206 0.615328 0.581479 0.46489 0.248539 0.0644908 0.00102891 0.000655746 0.000524722 0.000391923 0.000306529 0.000289796 0.00026938 0.000264942 0.000274219 0.00027612 0.00032497 0.000374143 0.000508389 0.000670548 0.00104807 0.0617202 0.263986 0.478293 0.577719 0.615273 0.632088 0.667855 0.708299 0.727791 0.732181 0.733029 0.73453 0.738016 0.789376 0.813384 0.821699 0.834182 0.843142 0.859156 0.861045 0.866303 0.886922 0.88729 0.906609
0.920925 0.907786 0.907165 0.90662 0.906088 0.905698 0.901389 0.900755 0.890613 0.856194 0.843931 0.80187 0.751261 0.739962 0.736958 0.734084 0.733095 0.728418 0.712195 0.692478 0.639069 0.6204 0.595279 0.567976 0.486286 0.367581 0.199863 0.0491213 0.00113966 0.000716936 0.000720343 0.000654977 0.000645493 0.000683839 0.000632221 0.000803594 0.00109854 0.0669689 0.202344 0.3602 0.4813 0.564611 0.594682 0.620478 0.639205 0.692411 0.712507 0.728622 0.732877 0.734919 0.736676 0.738221 0.756237 0.800214 0.829935 0.874682 0.889839 0.892927 0.905038 0.905715 0.905995 0.90694 0.907185 0.90812
0.921197 0.90808 0.907501 0.907008 0.906507 0.906154 0.905641 0.905297 0.904628 0.903746 0.898985 0.868617 0.814148 0.784966 0.783522 0.780728 0.779677 0.768244 0.750075 0.748615 0.713183 0.6819 0.653683 0.6156 0.592986 0.578097 0.541255 0.497458 0.427551 0.351574 0.322862 0.290682 0.286704 0.306274 0.295214 0.380247 0.430249 0.481674 0.531556 0.582949 0.590849 0.621695 0.653634 0.680395 0.719289 0.742674 0.74892 0.772559 0.77684 0.780275 0.783309 0.789277 0.799914 0.880675 0.896047 0.902245 0.904618 0.905243 0.905445 0.906099 0.906304 0.907046 0.90727 0.908176
0.912362 0.90772 0.907231 0.906771 0.906286 0.905942 0.905453 0.905122 0.904745 0.904399 0.90408 0.893618 0.834198 0.807555 0.798564 0.789008 0.7836 0.781002 0.77303 0.763277 0.758249 0.749549 0.72834 0.713933 0.678079 0.646742 0.635299 0.62779 0.612619 0.597525 0.551329 0.545092 0.54224 0.539952 0.571481 0.57703 0.612954 0.629863 0.635797 0.645785 0.678212 0.714336 0.727327 0.749707 0.758351 0.763244 0.773408 0.781283 0.784411 0.793398 0.794507 0.813624 0.829937 0.896344 0.904058 0.904717 0.904808 0.905403 0.905567 0.906161 0.906359 0.90705 0.907241 0.908076
0.908681 0.908032 0.907574 0.90714 0.906697 0.906389 0.905954 0.905673 0.90533 0.904992 0.904754 0.902153 0.874864 0.821102 0.817688 0.817521 0.801884 0.812783 0.787148 0.782821 0.771557 0.770043 0.756379 0.729653 0.734207 0.708081 0.689684 0.687245 0.675513 0.698587 0.685107 0.693832 0.693222 0.683743 0.701983 0.676404 0.688912 0.686969 0.686162 0.7177 0.727199 0.737042 0.752893 0.768292 0.778734 0.769353 0.803545 0.793835 0.814347 0.812741 0.818183 0.821769 0.87445 0.902253 0.904434 0.905027 0.905069 0.905635 0.905791 0.906339 0.906518 0.907176 0.90731 0.908136
0.908495 0.90787 0.907438 0.907042 0.906615 0.906343 0.905928 0.905663 0.905331 0.905025 0.904845 0.904532 0.889906 0.834314 0.821587 0.81933 0.818498 0.818034 0.814617 0.801333 0.798948 0.793508 0.794709 0.774594 0.765865 0.760522 0.735715 0.719832 0.712479 0.71649 0.71606 0.724018 0.727581 0.725029 0.725146 0.71304 0.713578 0.715391 0.74007 0.760692 0.763232 0.778633 0.788225 0.798287 0.795863 0.802787 0.814914 0.818028 0.818595 0.819553 0.821053 0.834439 0.889825 0.904886 0.904805 0.905383 0.905384 0.905902 0.906037 0.906565 0.906703 0.907374 0.907454 0.908266
0.908701 0.908194 0.907841 0.90749 0.907065 0.906808 0.906382 0.906161 0.90586 0.905607 0.905447 0.90515 0.892957 0.843578 0.826056 0.82023 0.819405 0.818932 0.818351 0.814473 0.800419 0.799747 0.799347 0.798749 0.790849 0.77015 0.763852 0.74843 0.724518 0.732072 0.731457 0.731301 0.731131 0.731309 0.731464 0.727671 0.736843 0.753394 0.763488 0.770188 0.790616 0.798828 0.799112 0.799774 0.800253 0.814432 0.818184 0.818848 0.819253 0.820217 0.825875 0.843151 0.89263 0.905237 0.905088 0.905633 0.905622 0.906122 0.906209 0.906748 0.906834 0.907513 0.907562 0.908306
0.908664 0.90817 0.907827 0.907481 0.907067 0.906836 0.906449 0.906263 0.905993 0.905752 0.905598 0.905357 0.905122 0.859107 0.845527 0.831306 0.820555 0.8199 0.819321 0.815438 0.801433 0.800822 0.800468 0.800047 0.802109 0.792525 0.779894 0.781629 0.763165 0.746847 0.733285 0.73297 0.732767 0.732966 0.733432 0.742692 0.766279 0.779076 0.783315 0.7997 0.799263 0.800324 0.800397 0.801023 0.801447 0.815587 0.819384 0.820019 0.820675 0.831552 0.845588 0.859408 0.905032 0.905741 0.905562 0.906067 0.906035 0.906496 0.90654 0.907092 0.907153 0.907784 0.907826 0.908534
0.908988 0.908527 0.908206 0.907875 0.907536 0.907337 0.906994 0.906784 0.906519 0.906306 0.906197 0.906005 0.905792 0.860968 0.852035 0.840928 0.826257 0.820969 0.82033 0.819444 0.814108 0.802954 0.805041 0.804605 0.815771 0.817477 0.813311 0.805281 0.791192 0.772771 0.748386 0.736582 0.734788 0.736537 0.754725 0.777744 0.791238 0.805305 0.813213 0.816697 0.813292 0.813776 0.80458 0.802206 0.814002 0.819383 0.820207 0.820844 0.82606 0.840938 0.851801 0.861042 0.905433 0.9061 0.905881 0.906333 0.906278 0.906747 0.906778 0.907262 0.907325 0.907897 0.907953 0.908651
0.908934 0.908494 0.908203 0.907905 0.907588 0.907383 0.90706 0.906879 0.906655 0.906478 0.906395 0.906227 0.906074 0.866231 0.857227 0.853789 0.844619 0.835749 0.825266 0.823223 0.820424 0.809787 0.819549 0.81911 0.818747 0.818495 0.818311 0.817622 0.80922 0.797853 0.776331 0.760028 0.739707 0.756511 0.781171 0.798023 0.809208 0.817736 0.818308 0.818599 0.818737 0.819233 0.816066 0.815711 0.82538 0.821162 0.825321 0.835783 0.844653 0.854004 0.857226 0.86653 0.905979 0.906583 0.90636 0.906779 0.906697 0.907142 0.907152 0.907605 0.907659 0.908192 0.908195 0.908901
0.909432 0.909038 0.908754 0.908459 0.908127 0.907963 0.907685 0.907551 0.907336 0.907148 0.907083 0.906957 0.907035 0.886864 0.858398 0.857868 0.85732 0.855652 0.844694 0.843903 0.840091 0.827852 0.82097 0.820464 0.820098 0.81985 0.819703 0.819665 0.819575 0.815064 0.807473 0.810939 0.812181 0.812648 0.80727 0.815113 0.819454 0.819671 0.819583 0.819844 0.819962 0.820462 0.820826 0.827848 0.838256 0.843817 0.853642 0.853137 0.856974 0.857876 0.858199 0.886902 0.906651 0.90704 0.906797 0.907165 0.907071 0.907511 0.907505 0.907894 0.907921 0.908475 0.908442 0.909138
0.909344 0.908969 0.908692 0.908427 0.908124 0.908015 0.907744 0.907605 0.907409 0.90728 0.907282 0.907169 0.907299 0.887179 0.860422 0.861647 0.86232 0.874324 0.87117 0.864176 0.857997 0.850708 0.833194 0.829007 0.825952 0.82458 0.824681 0.825585 0.828296 0.832819 0.84473 0.871635 0.888335 0.872392 0.84491 0.833968 0.828266 0.825774 0.824654 0.824717 0.826007 0.829024 0.83322 0.850874 0.857912 0.864234 0.87114 0.8702 0.870472 0.864639 0.858826 0.887509 0.907172 0.907508 0.907235 0.907572 0.907444 0.907843 0.907825 0.908211 0.908192 0.908757 0.90868 0.909343
0.909887 0.909569 0.909348 0.909129 0.908843 0.908713 0.908442 0.908359 0.908217 0.908105 0.908113 0.908014 0.911254 0.898548 0.871091 0.87629 0.875871 0.87552 0.875237 0.874873 0.873953 0.868452 0.851122 0.846515 0.843372 0.841956 0.842138 0.84319 0.848418 0.872131 0.897798 0.904011 0.904233 0.903908 0.88539 0.870882 0.846908 0.843276 0.841975 0.841966 0.843304 0.846399 0.851018 0.868458 0.873831 0.874873 0.875052 0.875501 0.875644 0.873926 0.873361 0.9066 0.907863 0.908168 0.90782 0.908133 0.90798 0.908307 0.908277 0.908642 0.908591 0.909141 0.909068 0.909664
@ u_chi_CI 64 64
0.948172 0.944841 0.945183 0.942872 0.943201 0.941808 0.942265 0.941756 0.943158 0.942433 0.945679 0.94494 0.948006 0.946651 0.941592 0.935037 0.933114 0.92956 0.928979 0.926142 0.926196 0.924226 0.923335 0.919521 0.919374 0.917962 0.92049 0.920856 0.924396 0.924591 0.92459 0.923972 0.923803 0.923977 0.924591 0.925355 0.925011 0.92275 0.920246 0.919056 0.919346 0.920643 0.923362 0.925468 0.926162 0.927284 0.928827 0.930555 0.933078 0.936167 0.941696 0.947966 0.947688 0.947115 0.944863 0.943987 0.943633 0.942391 0.943034 0.942572 0.943548 0.944326 0.944986 0.946634
0.946157 0.942832 0.9431 0.94061 0.94077 0.939177 0.939479 0.938691 0.939841 0.938783 0.941194 0.94036 0.944541 0.942878 0.937028 0.931809 0.930035 0.926343 0.925719 0.922636 0.92243 0.92027 0.918568 0.914345 0.913557 0.911858 0.913177 0.913257 0.917433 0.919541 0.922768 0.923157 0.923166 0.923265 0.92269 0.919878 0.91587 0.913116 0.912042 0.911871 0.912638 0.914411 0.917731 0.920422 0.921498 0.922757 0.924562 0.926296 0.928854 0.931539 0.936313 0.943703 0.941775 0.9414 0.939654 0.938937 0.938813 0.938172 0.938899 0.938628 0.939628 0.940599 0.941558 0.943371
0.945191 0.94171 0.941765 0.939025 0.939048 0.937466 0.937529 0.936382 0.937293 0.936034 0.93802 0.937012 0.940103 0.938307 0.932966 0.92833 0.92654 0.924101 0.923201 0.919646 0.918504 0.914565 0.911397 0.907164 0.905975 0.904091 0.904775 0.904543 0.907447 0.909565 0.915186 0.917706 0.919618 0.918885 0.915508 0.910763 0.907299 0.905488 0.904794 0.904987 0.906051 0.90811 0.911558 0.915679 0.918619 0.920803 0.923136 0.924658 0.927407 0.929014 0.932712 0.940354 0.939124 0.938829 0.937643 0.937379 0.93753 0.937197 0.93804 0.938155 0.939434 0.940509 0.941589 0.943559
0.944319 0.940623 0.940498 0.93759 0.937399 0.93574 0.935649 0.934299 0.935028 0.933659 0.93527 0.934111 0.936726 0.931634 0.926152 0.921881 0.919731 0.91843 0.916004 0.912504 0.91093 0.905679 0.901879 0.898167 0.897151 0.89534 0.895764 0.895271 0.89727 0.898206 0.902099 0.904119 0.906493 0.903944 0.900671 0.898107 0.896297 0.895203 0.894881 0.895283 0.896267 0.898124 0.901066 0.905741 0.909943 0.912632 0.915951 0.916835 0.919509 0.921852 0.925001 0.932218 0.93479 0.934699 0.93391 0.933784 0.933994 0.933943 0.935022 0.935237 0.936491 0.937607 0.938903 0.941051
0.943173 0.939309 0.939062 0.936189 0.935769 0.933951 0.933759 0.932243 0.932749 0.931414 0.932863 0.931603 0.933799 0.927909 0.922209 0.917601 0.914312 0.910844 0.906971 0.903813 0.902459 0.897826 0.895632 0.89215 0.891201 0.889294 0.889648 0.888774 0.889778 0.88905 0.889895 0.888228 0.888428 0.887869 0.889501 0.88981 0.889704 0.889574 0.889596 0.890096 0.891168 0.892973 0.895346 0.899412 0.902616 0.904031 0.908001 0.910796 0.914914 0.918569 0.922083 0.92936 0.933149 0.933185 0.932565 0.932611 0.932989 0.933063 0.93424 0.934689 0.936079 0.93739 0.938873 0.94114
0.943251 0.939183 0.938681 0.935745 0.935117 0.93309 0.932715 0.930985 0.931225 0.929743 0.93089 0.929446 0.931399 0.925416 0.919257 0.913884 0.909438 0.904877 0.900675 0.897115 0.894001 0.888794 0.888298 0.884897 0.885218 0.883267 0.882964 0.880124 0.878602 0.875522 0.873094 0.868636 0.868202 0.868803 0.872965 0.875242 0.877865 0.880217 0.882166 0.883218 0.884096 0.885868 0.886366 0.889168 0.893521 0.896646 0.900429 0.904062 0.909055 0.913831 0.918222 0.92581 0.929843 0.930027 0.929614 0.929844 0.930404 0.930681 0.931995 0.932635 0.934189 0.93574 0.937365 0.939564
0.942314 0.938299 0.937534 0.934463 0.933765 0.931537 0.931041 0.929305 0.9294 0.927851 0.928801 0.927321 0.928331 0.918665 0.912836 0.905958 0.900616 0.895706 0.892486 0.889146 0.885876 0.880542 0.879306 0.875956 0.87734 0.875224 0.873911 0.870608 0.86834 0.863411 0.859424 0.855843 0.855892 0.855898 0.859625 0.863198 0.868083 0.871093 0.874328 0.876595 0.875996 0.877805 0.878743 0.881665 0.88607 0.889612 0.89306 0.895875 0.901069 0.906759 0.91278 0.91994 0.927769 0.928762 0.928552 0.928904 0.929574 0.929971 0.931428 0.93235 0.93403 0.935681 0.937421 0.93979
0.943021 0.938688 0.937618 0.934313 0.933447 0.930989 0.930326 0.92847 0.928318 0.92662 0.927335 0.925787 0.92639 0.916195 0.90912 0.901345 0.896073 0.891511 0.888151 0.883328 0.878999 0.874113 0.872638 0.869079 0.867659 0.862708 0.860749 0.857532 0.852594 0.847929 0.845021 0.842644 0.842767 0.842733 0.845287 0.847677 0.85371 0.856712 0.859927 0.863447 0.86602 0.869763 0.871368 0.874363 0.87838 0.883003 0.887817 0.89089 0.895798 0.901268 0.908184 0.916559 0.925125 0.926245 0.926132 0.926682 0.927559 0.928213 0.929709 0.930661 0.932452 0.934314 0.936296 0.938971
0.943144 0.938529 0.937291 0.933811 0.932763 0.930211 0.929403 0.927413 0.927104 0.92528 0.925761 0.924193 0.923717 0.911972 0.903467 0.895936 0.891107 0.886801 0.883235 0.877836 0.873286 0.868025 0.866652 0.861452 0.85778 0.852346 0.848847 0.843177 0.837421 0.835532 0.833488 0.83244 0.8329 0.832538 0.834575 0.833816 0.838844 0.84254 0.848798 0.853313 0.856737 0.86318 0.865664 0.869451 0.873149 0.878354 0.883833 0.886879 0.891518 0.896575 0.903404 0.913081 0.923191 0.925329 0.92554 0.926297 0.92728 0.928074 0.929724 0.930944 0.93294 0.935066 0.937233 0.940066
0.943826 0.938805 0.937265 0.933682 0.932456 0.929743 0.928781 0.926622 0.926187 0.924266 0.92449 0.922833 0.918813 0.904879 0.897149 0.890475 0.884671 0.881098 0.874983 0.869386 0.864228 0.857434 0.855753 0.846539 0.84474 0.836373 0.830125 0.82488 0.818933 0.820158 0.817239 0.817794 0.818022 0.816184 0.819855 0.816462 0.821913 0.823576 0.830272 0.838075 0.840903 0.849539 0.852639 0.858872 0.863919 0.868223 0.876404 0.87899 0.885259 0.889998 0.896479 0.905199 0.917674 0.923228 0.923567 0.924343 0.925416 0.926414 0.928141 0.929536 0.931571 0.93369 0.935979 0.938949
0.945749 0.940076 0.938042 0.934235 0.932885 0.92991 0.928801 0.926411 0.925763 0.923753 0.92371 0.921338 0.916248 0.901132 0.892285 0.885238 0.876885 0.874069 0.864942 0.859072 0.853695 0.846031 0.840131 0.830571 0.825988 0.814571 0.807238 0.800685 0.793163 0.792891 0.783159 0.783472 0.782876 0.779668 0.789952 0.78691 0.795916 0.800375 0.807071 0.815843 0.823417 0.833193 0.83848 0.847259 0.854339 0.857936 0.867656 0.871416 0.879175 0.884902 0.892286 0.90261 0.915343 0.922528 0.923548 0.924561 0.925896 0.927182 0.929034 0.930722 0.932975 0.9353 0.93799 0.941322
0.946107 0.940333 0.938114 0.934103 0.932684 0.929473 0.928292 0.925793 0.924954 0.922833 0.922001 0.91591 0.907837 0.891686 0.883442 0.875407 0.868273 0.863566 0.855479 0.849057 0.841598 0.830684 0.822138 0.807291 0.797232 0.78414 0.774105 0.762943 0.749611 0.744468 0.737122 0.734437 0.73425 0.734077 0.73855 0.741655 0.752878 0.761548 0.773722 0.785878 0.794921 0.80963 0.819892 0.83124 0.84226 0.847337 0.856532 0.861995 0.86872 0.875213 0.88249 0.893462 0.904721 0.917528 0.921069 0.922801 0.924319 0.925651 0.927491 0.929337 0.931693 0.934147 0.937001 0.940445
0.948009 0.943286 0.940077 0.935574 0.933791 0.930434 0.928358 0.925618 0.923724 0.918122 0.916248 0.907243 0.894302 0.879253 0.869541 0.860826 0.853691 0.846849 0.837202 0.828657 0.81493 0.801856 0.790426 0.773519 0.758374 0.740249 0.725613 0.71351 0.704046 0.695726 0.690517 0.686876 0.686289 0.686748 0.690794 0.695883 0.704047 0.713282 0.726253 0.740937 0.75668 0.775763 0.78856 0.802173 0.815715 0.827665 0.838829 0.846237 0.854269 0.861578 0.869552 0.879943 0.893091 0.909797 0.913903 0.920375 0.923699 0.925473 0.929065 0.931275 0.933806 0.93676 0.940108 0.944595
0.948006 0.942958 0.939494 0.931658 0.928893 0.925424 0.919504 0.91619 0.912731 0.904887 0.901753 0.891686 0.879729 0.86568 0.857365 0.849401 0.842206 0.835171 0.823157 0.809375 0.793483 0.77718 0.757218 0.732437 0.713851 0.697343 0.682803 0.670273 0.660281 0.652743 0.648449 0.644757 0.644161 0.644922 0.647956 0.652553 0.660941 0.669723 0.682572 0.697317 0.713815 0.733182 0.757078 0.777446 0.79364 0.808285 0.824039 0.833904 0.842239 0.849396 0.856775 0.866107 0.878278 0.892913 0.899242 0.906758 0.9117 0.914478 0.921454 0.923814 0.927222 0.933732 0.937126 0.942519
0.941691 0.936028 0.933046 0.92519 0.922233 0.91834 0.912844 0.908286 0.903462 0.896493 0.892292 0.882943 0.869542 0.856962 0.84837 0.840441 0.831632 0.820102 0.803538 0.786 0.766352 0.739499 0.713507 0.691557 0.67282 0.655468 0.641404 0.629312 0.61995 0.611073 0.605211 0.601335 0.600444 0.60119 0.605634 0.61138 0.619587 0.629045 0.641993 0.655723 0.672212 0.69183 0.713758 0.738553 0.766405 0.786477 0.804278 0.819371 0.832138 0.840767 0.848408 0.857791 0.868985 0.884463 0.891032 0.898289 0.903661 0.907502 0.915098 0.918203 0.921926 0.927509 0.93158 0.937252
0.936168 0.931781 0.929433 0.92191 0.918698 0.913935 0.906884 0.901361 0.896654 0.890479 0.885795 0.875406 0.861262 0.849402 0.840762 0.831703 0.818392 0.80024 0.780562 0.75494 0.723602 0.697812 0.674076 0.650429 0.632961 0.616491 0.601554 0.588171 0.576933 0.568215 0.562928 0.558694 0.557993 0.559226 0.562583 0.567949 0.57748 0.587691 0.601397 0.616059 0.632284 0.651526 0.673802 0.697256 0.724421 0.754805 0.778465 0.801054 0.818298 0.831492 0.840331 0.849436 0.860103 0.876084 0.884052 0.891473 0.896045 0.899791 0.908449 0.912479 0.917296 0.922836 0.927567 0.932033
0.933075 0.92885 0.926512 0.918662 0.914341 0.908577 0.900667 0.895341 0.891122 0.884047 0.876889 0.86778 0.853691 0.841857 0.831633 0.818154 0.802237 0.777789 0.748819 0.716037 0.687466 0.661324 0.637951 0.616426 0.596462 0.577595 0.561282 0.547563 0.536179 0.526111 0.519819 0.515664 0.514608 0.515599 0.519712 0.526624 0.536199 0.547342 0.56173 0.577764 0.596823 0.616716 0.637728 0.660636 0.687945 0.715891 0.747955 0.78139 0.801013 0.818478 0.832323 0.842357 0.853551 0.869216 0.876124 0.885703 0.891075 0.894723 0.902896 0.907823 0.914403 0.921009 0.925815 0.930046
0.930546 0.926286 0.925085 0.918402 0.911756 0.904865 0.896535 0.891508 0.887531 0.881112 0.874655 0.86357 0.847255 0.835171 0.82037 0.800239 0.777966 0.744729 0.710414 0.67995 0.650541 0.625632 0.601541 0.577212 0.556159 0.536718 0.519263 0.504363 0.491719 0.480551 0.47361 0.468494 0.467045 0.468465 0.473062 0.481191 0.491642 0.503849 0.519616 0.536373 0.555527 0.57723 0.601379 0.625552 0.651346 0.67982 0.709771 0.746254 0.775102 0.800448 0.820539 0.834053 0.847439 0.863702 0.872867 0.882019 0.886755 0.890499 0.897794 0.902858 0.910838 0.919468 0.923368 0.926507
0.928835 0.92457 0.923144 0.914952 0.906943 0.899724 0.892475 0.887325 0.883233 0.874332 0.864956 0.855017 0.837207 0.822829 0.803538 0.780352 0.74877 0.710301 0.678036 0.647544 0.619614 0.593151 0.56596 0.541751 0.519226 0.498526 0.478824 0.461895 0.448046 0.436328 0.428945 0.42311 0.421799 0.424025 0.428544 0.436594 0.447858 0.461647 0.479023 0.497972 0.519287 0.541951 0.566725 0.592788 0.619705 0.647293 0.677389 0.711861 0.747654 0.781885 0.80435 0.821755 0.838322 0.854709 0.864619 0.876027 0.882807 0.887077 0.894295 0.899268 0.907426 0.917324 0.922267 0.925633
0.927274 0.922748 0.920794 0.912597 0.904851 0.897152 0.890026 0.883339 0.878557 0.869398 0.859632 0.849055 0.829069 0.809377 0.786176 0.755065 0.71621 0.680026 0.647638 0.617782 0.587596 0.559225 0.53169 0.505214 0.479778 0.45681 0.435403 0.417239 0.402499 0.388973 0.3809 0.374946 0.373317 0.375371 0.380099 0.390019 0.402178 0.417192 0.436111 0.456426 0.480427 0.505611 0.531693 0.558417 0.587647 0.61773 0.647151 0.681243 0.715124 0.755899 0.785898 0.807102 0.831013 0.84872 0.859214 0.86999 0.877186 0.883381 0.890338 0.895756 0.904024 0.913548 0.918724 0.922888
0.926159 0.921495 0.918616 0.910101 0.902553 0.8932 0.885913 0.878247 0.873298 0.86359 0.853707 0.841089 0.814928 0.793045 0.766033 0.72345 0.687353 0.650482 0.619609 0.587605 0.555128 0.526121 0.496493 0.468015 0.440286 0.415823 0.393057 0.37348 0.356791 0.341628 0.332821 0.325977 0.323866 0.326287 0.331576 0.34286 0.356167 0.372992 0.393466 0.415408 0.44059 0.467546 0.497017 0.5256 0.555927 0.587896 0.619047 0.651975 0.686255 0.724096 0.766165 0.792185 0.817968 0.839969 0.85318 0.864895 0.872998 0.878994 0.886224 0.893889 0.902408 0.911351 0.91732 0.922628
0.925466 0.92042 0.915677 0.90574 0.898774 0.888815 0.881413 0.874152 0.868817 0.857468 0.846659 0.830695 0.80215 0.777433 0.739794 0.697931 0.661428 0.625755 0.593227 0.559325 0.526141 0.494191 0.461932 0.431875 0.402263 0.375923 0.35065 0.328846 0.310808 0.294313 0.284324 0.276639 0.274325 0.277552 0.283125 0.295633 0.310026 0.328697 0.351087 0.375292 0.402851 0.431398 0.462803 0.493889 0.526502 0.559654 0.591957 0.626791 0.659821 0.698255 0.739165 0.776423 0.803529 0.828403 0.845951 0.858311 0.867569 0.873769 0.881207 0.889013 0.897043 0.906258 0.914013 0.920065
0.923353 0.917721 0.911548 0.901058 0.895693 0.887454 0.879327 0.87189 0.866691 0.855137 0.840165 0.8215 0.789943 0.756883 0.713235 0.673857 0.637872 0.601523 0.565934 0.53173 0.496448 0.461991 0.427179 0.395395 0.363292 0.33476 0.307088 0.283116 0.26377 0.245975 0.235379 0.22724 0.224682 0.228115 0.233694 0.247312 0.262719 0.283182 0.307484 0.333615 0.363853 0.394782 0.427968 0.461535 0.496744 0.531851 0.564942 0.60283 0.636961 0.674538 0.713494 0.756458 0.79184 0.820812 0.841267 0.856553 0.865968 0.872316 0.879919 0.888132 0.895058 0.902933 0.910794 0.917632
0.920646 0.914412 0.908112 0.898128 0.892976 0.884866 0.876745 0.869054 0.862137 0.846523 0.831016 0.807567 0.77404 0.73275 0.691854 0.650684 0.616632 0.577472 0.541864 0.505385 0.468032 0.431954 0.395305 0.360716 0.326222 0.295554 0.265861 0.240011 0.218964 0.199331 0.187945 0.179316 0.176474 0.18022 0.186327 0.201335 0.218081 0.240192 0.266384 0.294784 0.327097 0.36013 0.396051 0.431153 0.468171 0.505519 0.54062 0.579145 0.61543 0.651508 0.691882 0.732096 0.774606 0.806634 0.831236 0.846507 0.860154 0.869078 0.876577 0.884737 0.891603 0.899099 0.906662 0.913902
0.919341 0.91263 0.906043 0.896261 0.891162 0.884316 0.877309 0.866846 0.857755 0.843877 0.825322 0.796697 0.758022 0.713468 0.672569 0.632751 0.596327 0.556156 0.519154 0.479835 0.440281 0.402366 0.363253 0.326343 0.288954 0.256177 0.22482 0.197169 0.174586 0.153794 0.14161 0.132369 0.129347 0.133374 0.139736 0.15591 0.173558 0.197158 0.22509 0.255354 0.289801 0.325462 0.364039 0.401636 0.440377 0.48046 0.518318 0.558211 0.59559 0.633712 0.672993 0.713223 0.759514 0.79681 0.825954 0.845112 0.857099 0.868751 0.877874 0.885057 0.890641 0.897958 0.905463 0.91315
0.91906 0.911873 0.904988 0.895284 0.890098 0.883297 0.876054 0.862749 0.852979 0.836664 0.815183 0.784737 0.74072 0.697632 0.655857 0.616791 0.57787 0.536994 0.498674 0.457072 0.415796 0.376088 0.334672 0.295594 0.255991 0.220684 0.187207 0.157761 0.133712 0.112089 0.0994498 0.0901543 0.0871538 0.0911723 0.0976499 0.114161 0.132788 0.157952 0.187618 0.220107 0.256874 0.294536 0.335351 0.375458 0.41584 0.457578 0.497588 0.538435 0.576748 0.616963 0.65541 0.696713 0.74119 0.78354 0.814458 0.837256 0.851811 0.863862 0.875031 0.883266 0.888773 0.896071 0.90354 0.911402
0.920244 0.912038 0.90479 0.894878 0.889592 0.882162 0.873941 0.859956 0.848109 0.829511 0.806758 0.773566 0.725235 0.682377 0.641187 0.601339 0.561102 0.519197 0.478681 0.435537 0.392988 0.350741 0.307034 0.266023 0.224781 0.187381 0.152132 0.121418 0.0964622 0.075131 0.0626717 0.0539405 0.0511342 0.0548377 0.0609918 0.0766848 0.0954963 0.121388 0.152414 0.186805 0.225552 0.264947 0.307698 0.35028 0.393048 0.436163 0.477806 0.520777 0.560143 0.601976 0.640987 0.682128 0.726121 0.773515 0.806844 0.830955 0.847792 0.861616 0.872918 0.88315 0.889159 0.896508 0.904343 0.912694
0.922747 0.913113 0.905484 0.895199 0.88957 0.880214 0.871443 0.857793 0.843843 0.825788 0.801393 0.763343 0.714011 0.670646 0.629731 0.588601 0.547906 0.504638 0.462019 0.417513 0.37349 0.328965 0.282893 0.23996 0.196979 0.157778 0.12118 0.0900346 0.0653413 0.046027 0.0350416 0.0280152 0.0258673 0.0286941 0.0339219 0.0471886 0.0648681 0.0901587 0.121697 0.157424 0.197759 0.239222 0.283666 0.328464 0.373401 0.418011 0.460816 0.505778 0.546237 0.588619 0.628886 0.669818 0.714293 0.762412 0.800544 0.825689 0.841642 0.858499 0.869603 0.881071 0.888385 0.896037 0.904118 0.912664
0.925015 0.915873 0.907302 0.896298 0.889706 0.877821 0.867672 0.851862 0.836878 0.818411 0.792728 0.749059 0.703682 0.65987 0.619629 0.576713 0.536039 0.491581 0.447894 0.40247 0.35663 0.310922 0.263641 0.219072 0.174626 0.133954 0.0965196 0.065536 0.0420524 0.0257785 0.0171509 0.0123505 0.010948 0.012667 0.0164712 0.0263047 0.041742 0.0652895 0.0966854 0.133389 0.174966 0.218238 0.264216 0.31038 0.356614 0.403147 0.446992 0.493011 0.535114 0.577329 0.619787 0.65986 0.704903 0.749178 0.793116 0.819464 0.836087 0.854009 0.867294 0.880204 0.889161 0.897964 0.907095 0.916814
0.925346 0.919869 0.910753 0.898096 0.889811 0.875602 0.864039 0.848959 0.836278 0.820734 0.793456 0.74481 0.696142 0.653139 0.611533 0.568641 0.526474 0.480857 0.436454 0.389127 0.341574 0.294321 0.245843 0.199352 0.153561 0.112019 0.0749462 0.0459464 0.0255982 0.0133712 0.00761406 0.00489678 0.00416501 0.00504287 0.00733982 0.0137448 0.0256528 0.0458477 0.0753864 0.111751 0.154141 0.198757 0.246382 0.293887 0.341339 0.389498 0.435264 0.481824 0.52523 0.568775 0.610923 0.652447 0.696234 0.744117 0.79282 0.820799 0.834505 0.849192 0.861797 0.877334 0.887913 0.898661 0.909318 0.918867
0.924596 0.922696 0.915514 0.900676 0.889147 0.872031 0.858611 0.844565 0.833045 0.816693 0.782594 0.736503 0.690004 0.647971 0.604845 0.562606 0.51954 0.473451 0.428703 0.380742 0.33262 0.284325 0.235357 0.188199 0.14172 0.09965 0.0628045 0.0352444 0.0172177 0.00770061 0.00373535 0.0021843 0.001797 0.00222059 0.00358396 0.00777813 0.0171372 0.0348141 0.0629681 0.0991192 0.141896 0.18746 0.235859 0.284065 0.332538 0.381327 0.427846 0.474752 0.519076 0.563525 0.605032 0.648365 0.69111 0.736853 0.783103 0.817886 0.832542 0.846309 0.857929 0.875291 0.888208 0.902387 0.915252 0.922192
0.923973 0.923261 0.918881 0.90422 0.888755 0.869882 0.856726 0.843467 0.833073 0.818278 0.783883 0.734802 0.687253 0.645085 0.601643 0.55901 0.515971 0.468758 0.423337 0.375058 0.325953 0.276692 0.227178 0.179246 0.132205 0.0899451 0.053718 0.0278897 0.012245 0.0048601 0.00215237 0.00123157 0.00101797 0.00125792 0.00211892 0.0049687 0.0123744 0.0277713 0.054268 0.0897581 0.132634 0.178889 0.227835 0.276469 0.325769 0.375295 0.422065 0.469542 0.514961 0.559397 0.601088 0.64471 0.687238 0.734182 0.783409 0.818344 0.831476 0.843894 0.854555 0.870857 0.886018 0.904818 0.918153 0.922666
0.923802 0.923166 0.919429 0.905722 0.887253 0.867205 0.855229 0.842273 0.832365 0.817385 0.782209 0.733591 0.685652 0.64359 0.599944 0.55755 0.514235 0.466712 0.421559 0.373195 0.323775 0.274315 0.22478 0.176598 0.1295 0.0873563 0.051333 0.026014 0.0110368 0.00421071 0.00181552 0.00102363 0.000845318 0.00103377 0.00175847 0.00420482 0.0109862 0.0256028 0.0514875 0.0867611 0.129639 0.175992 0.225327 0.27417 0.323685 0.373638 0.42079 0.468094 0.513929 0.558695 0.600217 0.644161 0.68665 0.733996 0.782787 0.818586 0.831956 0.843821 0.854473 0.870169 0.886024 0.908137 0.920301 0.922698
0.923977 0.923265 0.918368 0.905349 0.889321 0.869441 0.85664 0.843419 0.833218 0.816687 0.780064 0.734496 0.687162 0.645337 0.601561 0.55955 0.515841 0.468692 0.424217 0.375509 0.32647 0.277559 0.228043 0.180031 0.13321 0.090983 0.0546699 0.0285226 0.0125899 0.00498163 0.0022103 0.00124255 0.00104004 0.00127212 0.00217328 0.00508661 0.0127269 0.0284056 0.0552129 0.0908081 0.133673 0.179627 0.228728 0.277344 0.326224 0.375763 0.423006 0.469371 0.514808 0.55993 0.600971 0.644908 0.687096 0.733852 0.779579 0.81676 0.831583 0.843896 0.854618 0.870573 0.885487 0.905785 0.918613 0.92281
0.924548 0.922173 0.913869 0.900826 0.888935 0.872311 0.85886 0.84455 0.833977 0.819274 0.789287 0.73798 0.690226 0.647491 0.605194 0.562173 0.519362 0.472693 0.428325 0.379934 0.331627 0.283097 0.233812 0.186309 0.139944 0.0977805 0.0612044 0.0340281 0.0166075 0.00736285 0.00363618 0.00210857 0.0017763 0.00214187 0.0034886 0.00744757 0.0165114 0.0336053 0.0613952 0.0972502 0.140119 0.185602 0.234273 0.282819 0.331549 0.380517 0.427491 0.474006 0.518851 0.563169 0.60548 0.647916 0.691364 0.738366 0.789844 0.820531 0.83356 0.846432 0.85839 0.874889 0.887232 0.902195 0.914143 0.92263
0.925056 0.920758 0.910918 0.899198 0.88978 0.876277 0.864299 0.848319 0.834461 0.817104 0.787339 0.742174 0.696321 0.65306 0.611834 0.568311 0.526872 0.481363 0.436836 0.390139 0.343023 0.295586 0.247375 0.201128 0.155827 0.113942 0.0765918 0.0469872 0.0262668 0.0136172 0.007799 0.00490788 0.0042496 0.00505303 0.00753431 0.0139747 0.0263421 0.0468892 0.0770349 0.113702 0.156387 0.200567 0.247891 0.295103 0.342812 0.390454 0.435546 0.482322 0.525574 0.568472 0.611194 0.652349 0.696351 0.741424 0.786741 0.81715 0.832762 0.848757 0.861771 0.877386 0.887871 0.899605 0.909141 0.920556
0.923342 0.916025 0.906304 0.896253 0.888825 0.877864 0.867745 0.85305 0.838106 0.821412 0.795332 0.752418 0.703503 0.660551 0.619212 0.57714 0.535873 0.491425 0.447794 0.401999 0.356213 0.30995 0.26288 0.218054 0.173734 0.132814 0.0957051 0.0649152 0.0419462 0.0256147 0.0172767 0.0122919 0.0110773 0.0126217 0.0165781 0.0261611 0.0416161 0.06468 0.0958841 0.132224 0.174126 0.217188 0.263425 0.309407 0.356181 0.402667 0.446865 0.492848 0.534979 0.577786 0.619355 0.660599 0.704785 0.752587 0.795768 0.822563 0.837685 0.854943 0.866693 0.880126 0.888231 0.897927 0.905907 0.916869
0.922497 0.914696 0.905535 0.896035 0.889467 0.880895 0.871196 0.857791 0.843544 0.824187 0.800869 0.762096 0.713619 0.670206 0.629443 0.587973 0.547624 0.504077 0.461887 0.417226 0.373174 0.32859 0.283285 0.240078 0.197172 0.15769 0.121348 0.0899471 0.0653445 0.0456501 0.0349255 0.0276035 0.0257485 0.0282769 0.0338038 0.0468026 0.0648686 0.0900672 0.121861 0.157373 0.197919 0.239299 0.284044 0.32811 0.373062 0.417691 0.460706 0.505152 0.545955 0.588027 0.628506 0.669346 0.713868 0.761227 0.800117 0.824395 0.841184 0.85792 0.869337 0.881886 0.888326 0.896818 0.904087 0.91382
0.918949 0.912088 0.90381 0.894774 0.888699 0.88214 0.873574 0.859956 0.848451 0.829582 0.806398 0.77326 0.72568 0.682187 0.641581 0.60116 0.561603 0.519418 0.478995 0.435944 0.393538 0.351005 0.307658 0.26642 0.225266 0.187582 0.152615 0.121654 0.0968963 0.075319 0.0631827 0.0541083 0.0516836 0.054986 0.0615206 0.0768295 0.0959356 0.121626 0.152895 0.187012 0.226013 0.265349 0.308399 0.350506 0.393569 0.436541 0.478084 0.521007 0.560569 0.601782 0.641405 0.68197 0.726609 0.773267 0.806631 0.830942 0.847555 0.861412 0.872534 0.883081 0.888255 0.896439 0.903395 0.912675
0.919258 0.912997 0.905017 0.896035 0.889944 0.883883 0.876497 0.86412 0.853491 0.83888 0.816451 0.786309 0.741228 0.697664 0.655996 0.616367 0.577967 0.536534 0.498195 0.456384 0.415546 0.375263 0.33376 0.294649 0.255428 0.219969 0.186773 0.157196 0.133404 0.111533 0.0992775 0.0895623 0.0869643 0.0906003 0.0974267 0.113626 0.13248 0.157354 0.187182 0.219387 0.256312 0.293604 0.334457 0.374594 0.415551 0.456911 0.497067 0.537944 0.576896 0.616528 0.655556 0.696741 0.741731 0.78529 0.815777 0.839075 0.852164 0.865323 0.87558 0.88398 0.8887 0.896807 0.903465 0.912505
0.918395 0.912667 0.904997 0.896115 0.890158 0.883997 0.875095 0.865953 0.855932 0.840853 0.822953 0.794329 0.756106 0.713436 0.671876 0.632072 0.596662 0.555359 0.51926 0.48036 0.44069 0.402822 0.363968 0.327153 0.29006 0.256945 0.225707 0.197742 0.175184 0.154054 0.142088 0.132513 0.129791 0.133466 0.140244 0.156161 0.174124 0.197761 0.225995 0.25613 0.290903 0.326266 0.364731 0.402003 0.440738 0.480926 0.518409 0.557376 0.595924 0.633043 0.672317 0.713249 0.757695 0.794495 0.823237 0.841829 0.855301 0.867887 0.875677 0.884758 0.889696 0.897909 0.904524 0.913255
0.920673 0.915468 0.908139 0.898971 0.892879 0.886617 0.877727 0.870471 0.863145 0.850173 0.833471 0.810306 0.776183 0.733562 0.692059 0.651753 0.616936 0.577303 0.542079 0.505552 0.467495 0.431225 0.394787 0.360086 0.325508 0.294417 0.264986 0.239066 0.218185 0.198575 0.187484 0.178648 0.176115 0.179609 0.185815 0.200561 0.217323 0.239288 0.265508 0.293627 0.326397 0.359499 0.395527 0.430448 0.467666 0.50577 0.540824 0.578981 0.615657 0.652584 0.692096 0.732934 0.776862 0.80908 0.833403 0.850164 0.861174 0.870509 0.8776 0.886518 0.891522 0.899888 0.906603 0.914932
0.922387 0.91776 0.910544 0.900972 0.894343 0.886287 0.87786 0.871332 0.864924 0.852625 0.837884 0.819888 0.78826 0.75669 0.713432 0.673591 0.637581 0.601321 0.56674 0.531586 0.496949 0.462706 0.428052 0.39605 0.364132 0.335513 0.307951 0.283755 0.264343 0.246426 0.235932 0.227793 0.225425 0.228636 0.234294 0.247777 0.26333 0.283835 0.308268 0.334352 0.364715 0.395444 0.428837 0.462219 0.497211 0.531634 0.565692 0.602581 0.636681 0.674262 0.713738 0.756358 0.78995 0.818936 0.839031 0.854103 0.864266 0.871828 0.878511 0.887047 0.89383 0.902994 0.909926 0.917749
0.92547 0.921516 0.915741 0.906749 0.899445 0.89006 0.881673 0.875183 0.86947 0.859576 0.847266 0.831751 0.802438 0.77787 0.738797 0.697458 0.660815 0.625667 0.592847 0.558318 0.525494 0.493781 0.461408 0.431007 0.401519 0.375389 0.35016 0.328376 0.310302 0.293788 0.284019 0.276483 0.27416 0.277389 0.282838 0.29516 0.309522 0.328209 0.350635 0.374798 0.402195 0.430501 0.46231 0.493477 0.525906 0.558643 0.591554 0.626722 0.659181 0.697734 0.73826 0.776712 0.803556 0.829474 0.846572 0.860441 0.868249 0.874844 0.881492 0.890269 0.897688 0.907241 0.914066 0.92121
0.925164 0.92156 0.91768 0.909976 0.90173 0.893529 0.885265 0.8784 0.872455 0.863926 0.853744 0.842247 0.815275 0.793638 0.766221 0.724168 0.687864 0.651325 0.619674 0.587656 0.555917 0.526453 0.496646 0.468155 0.440434 0.415941 0.39309 0.37356 0.356643 0.341525 0.332595 0.325891 0.323594 0.326262 0.331342 0.342735 0.356037 0.373096 0.393531 0.415561 0.440777 0.467648 0.497197 0.525868 0.556706 0.587913 0.619127 0.652832 0.686777 0.724905 0.766207 0.792553 0.818322 0.84114 0.853233 0.865236 0.872154 0.879163 0.885619 0.894296 0.901667 0.911296 0.91641 0.92268
0.927215 0.923753 0.920798 0.913661 0.904045 0.897575 0.889593 0.883753 0.87831 0.868821 0.857922 0.847814 0.82766 0.808624 0.786636 0.755018 0.715959 0.679929 0.647374 0.617844 0.587878 0.559557 0.531678 0.505547 0.480338 0.457557 0.435966 0.418014 0.402957 0.389565 0.381159 0.375452 0.373516 0.375856 0.380363 0.39066 0.402648 0.417994 0.436705 0.457153 0.481038 0.505856 0.531743 0.558741 0.587948 0.617778 0.646907 0.681134 0.714899 0.755771 0.786198 0.806349 0.829608 0.847485 0.857519 0.869454 0.876996 0.883847 0.889959 0.896239 0.903287 0.91472 0.918836 0.924071
0.927697 0.924557 0.922114 0.915965 0.907027 0.900411 0.892142 0.887773 0.883053 0.87639 0.867089 0.856527 0.838431 0.824041 0.804013 0.778466 0.747811 0.7097 0.677312 0.647256 0.619042 0.592 0.564902 0.540747 0.518272 0.497773 0.477744 0.461077 0.446904 0.435403 0.427653 0.422316 0.42055 0.423173 0.427224 0.435775 0.446738 0.460809 0.477975 0.497254 0.518356 0.540937 0.565723 0.591644 0.619096 0.646975 0.676649 0.71124 0.746644 0.779928 0.804821 0.822967 0.839552 0.856238 0.866774 0.878098 0.882652 0.887554 0.89399 0.899974 0.907504 0.918332 0.921195 0.925601
0.930487 0.927268 0.924588 0.917762 0.910756 0.904913 0.895849 0.891651 0.886869 0.879643 0.871418 0.862486 0.846233 0.83423 0.819371 0.801274 0.781391 0.746364 0.711778 0.681354 0.651975 0.626938 0.602732 0.579224 0.558017 0.53856 0.520589 0.505943 0.492786 0.481993 0.474391 0.469665 0.467761 0.46974 0.47384 0.482633 0.492716 0.505489 0.520932 0.538256 0.557398 0.579235 0.602603 0.626814 0.652753 0.681209 0.71114 0.747887 0.778525 0.80148 0.819541 0.833116 0.846424 0.862623 0.869642 0.880568 0.886103 0.890651 0.897123 0.90293 0.909879 0.918903 0.922952 0.927586
0.931833 0.928785 0.92624 0.919469 0.913892 0.90903 0.900204 0.895787 0.890825 0.885261 0.878612 0.868716 0.853842 0.842238 0.831852 0.818298 0.800809 0.775102 0.747462 0.715224 0.686194 0.659986 0.636841 0.615576 0.595427 0.577003 0.559939 0.546521 0.534821 0.525424 0.51868 0.515178 0.513555 0.515139 0.518617 0.52599 0.534805 0.546296 0.560467 0.577118 0.595791 0.615937 0.636573 0.659298 0.686644 0.715041 0.746645 0.778703 0.799583 0.818622 0.832539 0.842738 0.853704 0.870161 0.877851 0.886926 0.890798 0.895208 0.902495 0.908345 0.914019 0.921872 0.925618 0.930082
0.936248 0.932731 0.929032 0.922925 0.918567 0.914814 0.90677 0.90207 0.89656 0.890612 0.884895 0.875701 0.861576 0.849776 0.840767 0.831763 0.818478 0.800667 0.781817 0.75603 0.723942 0.698428 0.674329 0.651758 0.633507 0.617258 0.60172 0.588934 0.577018 0.569164 0.563191 0.559714 0.558253 0.560252 0.562772 0.568872 0.577537 0.588424 0.601584 0.61684 0.632826 0.652816 0.674042 0.697882 0.724655 0.755977 0.779786 0.801481 0.818384 0.831554 0.840339 0.849812 0.860424 0.876379 0.883159 0.891622 0.895976 0.900526 0.908352 0.913381 0.917211 0.923867 0.927162 0.932943
0.94061 0.936331 0.931645 0.924999 0.921115 0.918232 0.911895 0.908169 0.90264 0.896471 0.891707 0.882489 0.869107 0.856775 0.848045 0.840331 0.832038 0.820538 0.804083 0.785898 0.765834 0.739506 0.713218 0.692117 0.672672 0.655681 0.640598 0.629192 0.619392 0.611349 0.604689 0.601425 0.599718 0.601314 0.605015 0.611683 0.619053 0.629018 0.641164 0.655948 0.672049 0.692385 0.713415 0.738457 0.766035 0.786534 0.804823 0.81981 0.83254 0.84066 0.848085 0.857604 0.868553 0.884012 0.890456 0.898278 0.902848 0.907404 0.914167 0.918099 0.920802 0.927336 0.930248 0.937613
0.947905 0.944831 0.940287 0.933207 0.92931 0.926692 0.919934 0.91735 0.913073 0.905891 0.902611 0.894002 0.879942 0.866537 0.857792 0.849817 0.842358 0.834383 0.821756 0.807444 0.791961 0.776699 0.756165 0.732505 0.712895 0.697054 0.68177 0.670263 0.659534 0.652922 0.647942 0.645064 0.643589 0.645297 0.647397 0.652776 0.660123 0.669757 0.681515 0.697033 0.712812 0.733217 0.75593 0.777114 0.792336 0.806348 0.822639 0.833113 0.842388 0.849812 0.857201 0.86696 0.878492 0.895231 0.900102 0.90777 0.912053 0.915642 0.921891 0.925132 0.927703 0.935346 0.938003 0.944481
0.946325 0.941708 0.937876 0.93474 0.932068 0.929837 0.926884 0.925117 0.922453 0.917674 0.914694 0.904719 0.892561 0.878277 0.868541 0.860104 0.853127 0.84744 0.83793 0.831013 0.817534 0.803534 0.791332 0.775141 0.759037 0.741513 0.725583 0.714596 0.704416 0.696608 0.690576 0.6876 0.686013 0.687525 0.690816 0.69683 0.704364 0.714404 0.726195 0.742171 0.757245 0.77727 0.789675 0.80411 0.818314 0.830015 0.839551 0.846824 0.853701 0.860857 0.868553 0.878966 0.891347 0.907273 0.912353 0.919933 0.922433 0.924996 0.927628 0.930702 0.932118 0.93597 0.937922 0.94302
0.947067 0.942522 0.938818 0.935823 0.933197 0.931047 0.928758 0.927084 0.92532 0.92393 0.922527 0.918158 0.909796 0.893455 0.884466 0.876572 0.869218 0.864197 0.854723 0.849202 0.839969 0.82893 0.820541 0.807015 0.796268 0.784151 0.77311 0.76302 0.74877 0.74458 0.736319 0.734577 0.733337 0.734241 0.737711 0.741822 0.751982 0.761567 0.77267 0.785707 0.793909 0.809651 0.818564 0.82947 0.840617 0.847478 0.855757 0.862622 0.869661 0.876377 0.883508 0.895229 0.906679 0.919774 0.921595 0.923901 0.924699 0.926957 0.927976 0.930928 0.932209 0.935874 0.937711 0.942636
0.943632 0.939643 0.936558 0.933922 0.931538 0.92961 0.927574 0.926122 0.92471 0.923566 0.922857 0.921068 0.913257 0.899245 0.890461 0.884053 0.875564 0.87288 0.864072 0.859214 0.852601 0.845972 0.840716 0.83123 0.825143 0.815119 0.806316 0.801136 0.792579 0.793285 0.782484 0.783795 0.782121 0.780002 0.789235 0.78727 0.795287 0.800728 0.806004 0.816337 0.822918 0.834133 0.839019 0.847187 0.853229 0.858065 0.866767 0.870217 0.877851 0.883708 0.890455 0.900721 0.91235 0.922257 0.922691 0.924378 0.924849 0.926902 0.927815 0.930428 0.931642 0.935001 0.936543 0.940991
0.944043 0.940252 0.937343 0.934835 0.932586 0.930805 0.928901 0.927612 0.926298 0.925165 0.924565 0.923506 0.920381 0.907455 0.898292 0.892105 0.885714 0.882688 0.876026 0.870628 0.864908 0.859039 0.856601 0.847151 0.844803 0.837663 0.830179 0.826607 0.819058 0.82142 0.817367 0.818855 0.817949 0.817236 0.819923 0.817747 0.821946 0.824998 0.830413 0.839764 0.841225 0.850138 0.853425 0.860452 0.864591 0.869426 0.877434 0.880565 0.886296 0.891608 0.897611 0.907772 0.919237 0.923897 0.923636 0.925235 0.925529 0.927408 0.928264 0.930613 0.931727 0.934898 0.936119 0.940425
0.94231 0.938778 0.936176 0.933969 0.93187 0.9304 0.928629 0.927561 0.926365 0.92542 0.925072 0.924324 0.922965 0.911703 0.902905 0.896055 0.8904 0.886754 0.882052 0.8772 0.872304 0.867617 0.865293 0.860131 0.856319 0.851828 0.846865 0.842486 0.835716 0.835222 0.832029 0.832118 0.831421 0.832253 0.833032 0.833436 0.836775 0.842009 0.847396 0.852956 0.855251 0.861847 0.86424 0.869013 0.872164 0.87766 0.882624 0.886825 0.890796 0.896667 0.902833 0.912801 0.922435 0.925446 0.924845 0.926433 0.926535 0.92822 0.928956 0.931154 0.932074 0.935233 0.93615 0.94033
0.942335 0.939373 0.937193 0.935198 0.933076 0.931791 0.929963 0.929145 0.928075 0.927348 0.927181 0.926504 0.925488 0.915272 0.907505 0.900619 0.894752 0.891269 0.887064 0.884182 0.879029 0.874633 0.87235 0.8698 0.868713 0.864625 0.86144 0.859003 0.853096 0.850038 0.845713 0.844631 0.843327 0.844669 0.845839 0.849583 0.854466 0.858757 0.860823 0.865275 0.867044 0.870471 0.871011 0.874839 0.878395 0.883806 0.886698 0.890639 0.894439 0.900514 0.906552 0.915633 0.924201 0.926949 0.925969 0.927406 0.927316 0.928882 0.929355 0.931469 0.932087 0.935216 0.93586 0.939645
0.941726 0.938895 0.936892 0.935035 0.93303 0.931987 0.930312 0.92971 0.928786 0.92814 0.928064 0.927506 0.928216 0.921457 0.914232 0.908476 0.902092 0.897781 0.893405 0.890373 0.885462 0.881241 0.879095 0.876539 0.87699 0.875039 0.872146 0.869687 0.866281 0.86261 0.857377 0.855443 0.853808 0.855352 0.857364 0.862686 0.866698 0.87019 0.872582 0.876304 0.875628 0.878348 0.878472 0.882337 0.885614 0.890785 0.893949 0.897939 0.902484 0.909261 0.914157 0.922722 0.927619 0.928929 0.927807 0.929191 0.928954 0.930367 0.930693 0.932807 0.933303 0.936245 0.936784 0.940432
0.94257 0.939958 0.938134 0.936361 0.934687 0.933828 0.932349 0.931777 0.930961 0.930511 0.930723 0.930376 0.931293 0.924747 0.918214 0.913483 0.907866 0.903733 0.899269 0.896745 0.893972 0.889914 0.888138 0.885517 0.884979 0.88406 0.883078 0.881883 0.880081 0.877746 0.873955 0.871653 0.869171 0.871661 0.874507 0.878089 0.879465 0.881842 0.882327 0.883882 0.883836 0.886456 0.886121 0.890281 0.893418 0.896216 0.899003 0.902895 0.907416 0.913411 0.917181 0.92509 0.929713 0.930937 0.929442 0.930599 0.930119 0.931467 0.931622 0.933367 0.933761 0.936371 0.936846 0.94038
0.942044 0.939606 0.938037 0.936488 0.934946 0.934188 0.932827 0.932469 0.931849 0.931573 0.931962 0.93171 0.932759 0.927235 0.920952 0.91734 0.913444 0.910839 0.906447 0.904108 0.901603 0.897049 0.894178 0.891526 0.88969 0.888702 0.888252 0.888323 0.888235 0.887874 0.88688 0.886374 0.884849 0.88711 0.887246 0.888643 0.888208 0.889077 0.88821 0.889424 0.889598 0.892332 0.893768 0.898662 0.90168 0.904256 0.907481 0.910751 0.913984 0.918264 0.920832 0.928624 0.932076 0.933286 0.93165 0.932742 0.93206 0.933285 0.933301 0.934925 0.93525 0.937693 0.93787 0.941448
0.944317 0.942049 0.940511 0.938993 0.937391 0.936879 0.935688 0.935585 0.935051 0.934797 0.935325 0.935278 0.936753 0.934785 0.927526 0.923926 0.921025 0.920471 0.917334 0.914685 0.911453 0.907239 0.902984 0.899891 0.897902 0.896809 0.896435 0.896814 0.897929 0.899596 0.902199 0.906061 0.907366 0.906048 0.901113 0.899652 0.896948 0.896801 0.895518 0.896766 0.896921 0.899903 0.902026 0.907328 0.910398 0.914706 0.917284 0.9188 0.920748 0.923879 0.926354 0.935305 0.934774 0.93586 0.933953 0.934865 0.934006 0.935213 0.935064 0.936362 0.93648 0.939004 0.938915 0.942473
0.943644 0.94156 0.940159 0.938904 0.9375 0.937372 0.936281 0.936281 0.93591 0.936004 0.936941 0.936995 0.938875 0.937143 0.930581 0.927583 0.924722 0.923378 0.921202 0.918826 0.916407 0.914064 0.909916 0.906606 0.904518 0.903467 0.903392 0.904084 0.90591 0.909131 0.914147 0.918609 0.920111 0.918815 0.913935 0.91067 0.905953 0.90511 0.903377 0.904465 0.904483 0.907637 0.909941 0.91519 0.916497 0.919878 0.921181 0.923855 0.925515 0.928268 0.93026 0.939107 0.937881 0.938807 0.936529 0.937288 0.936117 0.937107 0.936782 0.938033 0.937861 0.940389 0.939977 0.943414
0.94663 0.944717 0.943567 0.942498 0.941131 0.940934 0.939831 0.940162 0.940046 0.940293 0.941413 0.941569 0.944531 0.943736 0.937327 0.933185 0.930079 0.927577 0.925608 0.92406 0.922676 0.921208 0.91774 0.914936 0.91325 0.912507 0.912673 0.913818 0.916873 0.920547 0.922636 0.922806 0.922697 0.922774 0.921598 0.920085 0.915406 0.914102 0.911604 0.912541 0.912259 0.915025 0.916824 0.921311 0.921758 0.924006 0.924472 0.927431 0.928795 0.932955 0.936555 0.944472 0.941763 0.942609 0.93977 0.940419 0.939003 0.939654 0.939207 0.940347 0.939975 0.94249 0.942019 0.945246
@ u_xi_CR 64 64
2e-16 2e-16 2e-16 2e-16 2e-16 2e-16 2e-16 2e-16 2e-16 2e-16 2e-16 2e-16 2e-16 2e-16 2e-16 2e-16 2e-16 2e-16 2e-16 2e-16 2e-16 2e-16 2e-16 2e-16 2e-16 2e-16 2e-16 2e-16 2e-16 2e-16 2e-16 2e-16 2e-16 2e-16 2e-16 2e-16 2e-16 2e-16 2e-16 2e-16 2e-16 2e-16 2e-16 2e-16 2e-16 2e-16 2e-16 2e-16 2e-16 2e-16 2e-16 2e-16 2e-16 2e-16 2e-16 2e-16 2e-16 2e-16 2e-16 2e-16 2e-16 2e-16 2e-16 2e-16
2e-16 2e-16 2e-16 2e-16 2e-16 2e-16 2e-16 2e-16 2e-16 2e-16 2e-16 2e-16 2e-16 2e-16 2e-16 2e-16 2e-16 2e-16 2e-16 2e-16 2e-16 2e-16 2e-16 2e-16 2e-16 2e-16 2e-16 2e-16 2e-16 2e-16 2e-16 2e-16 2e-16 2e-16 2e-16 2e-16 2e-16 2e-16 2e-16 2e-16 2e-16 2e-16 2e-16 2e-16 2e-16 2e-16 2e-16 2e-16 2e-16 2e-16 2e-16 2e-16 2e-16 2e-16 2e-16 2e-16 2e-16 2e-16 2e-16 2e-16 2e-16 2e-16 2e-16 2e-16
2e-16 2e-16 2e-16 2e-16 2e-16 2e-16 2e-16 2e-16 2e-16 2e-16 2e-16 2e-16 2e-16 2e-16 2e-16 2e-16 2e-16 2e-16 2e-16 2e-16 2e-16 2e-16 2e-16 2e-16 2e-16 2e-16 2e-16 2e-16 2e-16 2e-16 2e-16 2e-16 2e-16 2e-16 2e-16 2e-16 2e-16 2e-16 2e-16 2e-16 2e-16 2e-16 2e-16 2e-16 2e-16 2e-16 2e-16 2e-16 2e-16 2e-16 2e-16 2e-16 2e-16 2e-16 2e-16 2e-16 2e-16 2e-16 2e-16 2e-16 2e-16 2e-16 2e-16 2e-16
2e-16 2e-16 2e-16 2e-16 2e-16 2e-16 2e-16 2e-16 2e-16 2e-16 2e-16 2e-16 2e-16 2e-16 2e-16 2e-16 2e-16 2e-16 2e-16 2e-16 2e-16 2e-16 2e-16 2e-16 2e-16 2e-16 2e-16 2e-16 2e-16 2e-16 2e-16 2e-16 2e-16 2e-16 2e-16 2e-16 2e-16 2e-16 2e-16 2e-16 2e-16 2e-16 2e-16 2e-16 2e-16 2e-16 2e-16 2e-16 2e-16 2e-16 2e-16 2e-16 2e-16 2e-16 2e-16 2e-16 2e-16 2e-16 2e-16 2e-16 2e-16 2e-16 2e-16 2e-16
2e-16 2e-16 2e-16 2e-16 2e-16 2e-16 2e-16 2e-16 2e-16 2e-16 2e-16 2e-16 2e-16 2e-16 2e-16 2e-16 2e-16 2e-16 2e-16 2e-16 2e-16 2e-16 2e-16 2e-16 2e-16 2e-16 2e-16 2e-16 2e-16 2e-16 2e-16 2e-16 2e-16 2e-16 2e-16 2e-16 2e-16 2e-16 2e-16 2e-16 2e-16 2e-16 2e-16 2e-16 2e-16 2e-16 2e-16 2e-16 2e-16 2e-16 2e-16 2e-16 2e-16 2e-16 2e-16 2e-16 2e-16 2e-16 2e-16 2e-16 2e-16 2e-16 2e-16 2e-16
2e-16 2e-16 2e-16 2e-16 2e-16 2e-16 2e-16 2e-16 2e-16 2e-16 2e-16 2e-16 2e-16 2e-16 2e-16 2e-16 2e-16 2e-16 2e-16 2e-16 2e-16 2e-16 2e-16 2e-16 2e-16 2e-16 2e-16 2e-16 2e-16 2e-16 2e-16 2e-16 2e-16 2e-16 2e-16 2e-16 2e-16 2e-16 2e-16 2e-16 2e-16 2e-16 2e-16 2e-16 2e-16 2e-16 2e-16 2e-16 2e-16 2e-16 2e-16 2e-16 2e-16 2e-16 2e-16 2e-16 2e-16 2e-16 2e-16 2e-16 2e-16 2e-16 2e-16 2e-16
2e-16 2e-16 2e-16 2e-16 2e-16 2e-16 2e-16 2e-16 2e-16 2e-16 2e-16 2e-16 2e-16 2e-16 2e-16 2e-16 2e-16 2e-16 2e-16 2e-16 2e-16 2e-16 2e-16 2e-16 2e-16 2e-16 2e-16 2e-16 2e-16 2e-16 2e-16 2e-16 2e-16 2e-16 2e-16 2e-16 2e-16 2e-16 2e-16 2e-16 2e-16 2e-16 2e-16 2e-16 2e-16 2e-16 2e-16 2e-16 2e-16 2e-16 2e-16 2e-16 2e-16 2e-16 2e-16 2e-16 2e-16 2e-16 2e-16 2e-16 2e-16 2e-16 2e-16 2e-16
2e-16 2e-16 2e-16 2e-16 2e-16 2e-16 2e-16 2e-16 2e-16 2e-16 2e-16 2e-16 2e-16 2e-16 2e-16 2e-16 2e-16 2e-16 2e-16 2e-16 2e-16 2e-16 2e-16 2e-16 2e-16 2e-16 2e-16 2e-16 2e-16 2e-16 2e-16 2e-16 2e-16 2e-16 2e-16 2e-16 2e-16 2e-16 2e-16 2e-16 2e-16 2e-16 2e-16 2e-16 2e-16 2e-16 2e-16 2e-16 2e-16 2e-16 2e-16 2e-16 2e-16 2e-16 2e-16 2e-16 2e-16 2e-16 2e-16 2e-16 2e-16 2e-16 2e-16 2e-16
2e-16 2e-16 2e-16 2e-16 2e-16 2e-16 2e-16 2e-16 2e-16 2e-16 2e-16 2e-16 2e-16 2e-16 2e-16 2e-16 2e-16 2e-16 2e-16 2e-16 2e-16 2e-16 2e-16 2e-16 2e-16 2e-16 2e-16 2e-16 2e-16 2e-16 2e-16 2e-16 2e-16 2e-16 2e-16 2e-16 2e-16 2e-16 2e-16 2e-16 2e-16 2e-16 2e-16 2e-16 2e-16 2e-16 2e-16 2e-16 2e-16 2e-16 2e-16 2e-16 2e-16 2e-16 2e-16 2e-16 2e-16 2e-16 2e-16 2e-16 2e-16 2e-16 2e-16 2e-16
2e-16 2e-16 2e-16 2e-16 2e-16 2e-16 2e-16 2e-16 2e-16 2e-16 2e-16 2e-16 2e-16 2e-16 2e-16 2e-16 2e-16 2e-16 2e-16 2e-16 2e-16 2e-16 2e-16 2e-16 2e-16 2e-16 2e-16 2e-16 2e-16 2e-16 2e-16 2e-16 2e-16 2e-16 2e-16 2e-16 2e-16 2e-16 2e-16 2e-16 2e-16 2e-16 2e-16 2e-16 2e-16 2e-16 2e-16 2e-16 2e-16 2e-16 2e-16 2e-16 2e-16 2e-16 2e-16 2e-16 2e-16 2e-16 2e-16 2e-16 2e-16 2e-16 2e-16 2e-16
2e-16 2e-16 2e-16 2e-16 2e-16 2e-16 2e-16 2e-16 2e-16 2e-16 2e-16 2e-16 2e-16 2e-16 2e-16 2e-16 2e-16 2e-16 2e-16 2e-16 2e-16 2e-16 2e-16 2e-16 2e-16 2e-16 2e-16 2e-16 2e-16 2e-16 2e-16 2e-16 2e-16 2e-16 2e-16 2e-16 2e-16 2e-16 2e-16 2e-16 2e-16 2e-16 2e-16 2e-16 2e-16 2e-16 2e-16 2e-16 2e-16 2e-16 2e-16 2e-16 2e-16 2e-16 2e-16 2e-16 2e-16 2e-16 2e-16 2e-16 2e-16 2e-16 2e-16 2e-16
2e-16 2e-16 2e-16 2e-16 2e-16 2e-16 2e-16 2e-16 2e-16 2e-16 2e-16 2e-16 2e-16 2e-16 2e-16 2e-16 2e-16 2e-16 2e-16 2e-16 2e-16 2e-16 2e-16 2e-16 2e-16 2e-16 2e-16 2e-16 2e-16 2e-16 2e-16 2e-16 2e-16 2e-16 2e-16 2e-16 2e-16 2e-16 2e-16 2e-16 2e-16 2e-16 2e-16 2e-16 2e-16 2e-16 2e-16 2e-16 2e-16 2e-16 2e-16 2e-16 2e-16 2e-16 2e-16 2e-16 2e-16 2e-16 2e-16 2e-16 2e-16 2e-16 2e-16 2e-16
2e-16 2e-16 2e-16 2e-16 2e-16 2e-16 2e-16 2e-16 2e-16 2e-16 2e-16 2e-16 2e-16 2e-16 2e-16 2e-16 2e-16 2e-16 2e-16 2e-16 2e-16 2e-16 2e-16 2e-16 2e-16 2e-16 2e-16 2e-16 2e-16 2e-16 2e-16 2e-16 2e-16 2e-16 2e-16 2e-16 2e-16 2e-16 2e-16 2e-16 2e-16 2e-16 2e-16 2e-16 2e-16 2e-16 2e-16 2e-16 2e-16 2e-16 2e-16 2e-16 2e-16 2e-16 2e-16 2e-16 2e-16 2e-16 2e-16 2e-16 2e-16 2e-16 2e-16 2e-16
2e-16 2e-16 2e-16 2e-16 2e-16 2e-16 2e-16 2e-16 2e-16 2e-16 2e-16 2e-16 2e-16 2e-16 2e-16 2e-16 2e-16 2e-16 2e-16 2e-16 2e-16 2e-16 2e-16 2e-16 2e-16 2e-16 2e-16 2e-16 2e-16 2e-16 2e-16 2e-16 2e-16 2e-16 2e-16 2e-16 2e-16 2e-16 2e-16 2e-16 2e-16 2e-16 2e-16 2e-16 2e-16 2e-16 2e-16 2e-16 2e-16 2e-16 2e-16 2e-16 2e-16 2e-16 2e-16 2e-16 2e-16 2e-16 2e-16 2e-16 2e-16 2e-16 2e-16 2e-16
2e-16 2e-16 2e-16 2e-16 2e-16 2e-16 2e-16 2e-16 2e-16 2e-16 2e-16 2e-16 2e-16 2e-16 2e-16 2e-16 2e-16 2e-16 2e-16 2e-16 2e-16 2e-16 2e-16 2e-16 2e-16 2e-16 2e-16 2e-16 2e-16 2e-16 2e-16 2e-16 2e-16 2e-16 2e-16 2e-16 2e-16 2e-16 2e-16 2e-16 2e-16 2e-16 2e-16 2e-16 2e-16 2e-16 2e-16 2e-16 2e-16 2e-16 2e-16 2e-16 2e-16 2e-16 2e-16 2e-16 2e-16 2e-16 2e-16 2e-16 2e-16 2e-16 2e-16 2e-16
2e-16 2e-16 2e-16 2e-16 2e-16 2e-16 2e-16 2e-16 2e-16 2e-16 2e-16 2e-16 2e-16 2e-16 2e-16 2e-16 2e-16 2e-16 2e-16 2e-16 2e-16 2e-16 2e-16 2e-16 2e-16 2e-16 2e-16 2e-16 2e-16 2e-16 2e-16 2e-16 2e-16 2e-16 2e-16 2e-16 2e-16 2e-16 2e-16 2e-16 2e-16 2e-16 2e-16 2e-16 2e-16 2e-16 2e-16 2e-16 2e-16 2e-16 2e-16 2e-16 2e-16 2e-16 2e-16 2e-16 2e-16 2e-16 2e-16 2e-16 2e-16 2e-16 2e-16 2e-16
2e-16 2e-16 2e-16 2e-16 2e-16 2e-16 2e-16 2e-16 2e-16 2e-16 2e-16 2e-16 2e-16 2e-16 2e-16 2e-16 2e-16 2e-16 2e-16 2e-16 2e-16 2e-16 2e-16 2e-16 2e-16 2e-16 2e-16 2e-16 2e-16 2e-16 2e-16 2e-16 2e-16 2e-16 2e-16 2e-16 2e-16 2e-16 2e-16 2e-16 2e-16 2e-16 2e-16 2e-16 2e-16 2e-16 2e-16 2e-16 2e-16 2e-16 2e-16 2e-16 2e-16 2e-16 2e-16 2e-16 2e-16 2e-16 2e-16 2e-16 2e-16 2e-16 2e-16 2e-16
2e-16 2e-16 2e-16 2e-16 2e-16 2e-16 2e-16 2e-16 2e-16 2e-16 2e-16 2e-16 2e-16 2e-16 2e-16 2e-16 2e-16 2e-16 2e-16 2e-16 2e-16 2e-16 2e-16 2e-16 2e-16 2e-16 2e-16 2e-16 2e-16 2e-16 2e-16 2e-16 2e-16 2e-16 2e-16 2e-16 2e-16 2e-16 2e-16 2e-16 2e-16 2e-16 2e-16 2e-16 2e-16 2e-16 2e-16 2e-16 2e-16 2e-16 2e-16 2e-16 2e-16 2e-16 2e-16 2e-16 2e-16 2e-16 2e-16 2e-16 2e-16 2e-16 2e-16 2e-16
2e-16 2e-16 2e-16 2e-16 2e-16 2e-16 2e-16 2e-16 2e-16 2e-16 2e-16 2e-16 2e-16 2e-16 2e-16 2e-16 2e-16 2e-16 2e-16 2e-16 2e-16 2e-16 2e-16 2e-16 2e-16 2e-16 2e-16 2e-16 2e-16 2e-16 2e-16 2e-16 2e-16 2e-16 2e-16 2e-16 2e-16 2e-16 2e-16 2e-16 2e-16 2e-16 2e-16 2e-16 2e-16 2e-16 2e-16 2e-16 2e-16 2e-16 2e-16 2e-16 2e-16 2e-16 2e-16 2e-16 2e-16 2e-16 2e-16 2e-16 2e-16 2e-16 2e-16 2e-16
2e-16 2e-16 2e-16 2e-16 2e-16 2e-16 2e-16 2e-16 2e-16 2e-16 2e-16 2e-16 2e-16 2e-16 2e-16 2e-16 2e-16 2e-16 2e-16 2e-16 2e-16 2e-16 2e-16 2e-16 2e-16 2e-16 2e-16 2e-16 2e-16 2e-16 2e-16 2e-16 2e-16 2e-16 2e-16 2e-16 2e-16 2e-16 2e-16 2e-16 2e-16 2e-16 2e-16 2e-16 2e-16 2e-16 2e-16 2e-16 2e-16 2e-16 2e-16 2e-16 2e-16 2e-16 2e-16 2e-16 2e-16 2e-16 2e-16 2e-16 2e-16 2e-16 2e-16 2e-16
2e-16 2e-16 2e-16 2e-16 2e-16 2e-16 2e-16 2e-16 2e-16 2e-16 2e-16 2e-16 2e-16 2e-16 2e-16 2e-16 2e-16 2e-16 2e-16 2e-16 2e-16 2e-16 2e-16 2e-16 2e-16 2e-16 2e-16 2e-16 2e-16 2e-16 2e-16 2e-16 2e-16 2e-16 2e-16 2e-16 2e-16 2e-16 2e-16 2e-16 2e-16 2e-16 2e-16 2e-16 2e-16 2e-16 2e-16 2e-16 2e-16 2e-16 2e-16 2e-16 2e-16 2e-16 2e-16 2e-16 2e-16 2e-16 2e-16 2e-16 2e-16 2e-16 2e-16 2e-16
2e-16 2e-16 2e-16 2e-16 2e-16 2e-16 2e-16 2e-16 2e-16 2e-16 2e-16 2e-16 2e-16 2e-16 2e-16 2e-16 2e-16 2e-16 2e-16 2e-16 2e-16 2e-16 2e-16 2e-16 2e-16 2e-16 2e-16 2e-16 2e-16 2e-16 2e-16 2e-16 2e-16 2e-16 2e-16 2e-16 2e-16 2e-16 2e-16 2e-16 2e-16 2e-16 2e-16 2e-16 2e-16 2e-16 2e-16 2e-16 2e-16 2e-16 2e-16 2e-16 2e-16 2e-16 2e-16 2e-16 2e-16 2e-16 2e-16 2e-16 2e-16 2e-16 2e-16 2e-16
2e-16 2e-16 2e-16 2e-16 2e-16 2e-16 2e-16 2e-16 2e-16 2e-16 2e-16 2e-16 2e-16 2e-16 2e-16 2e-16 2e-16 2e-16 2e-16 2e-16 2e-16 2e-16 2e-16 2e-16 2e-16 2e-16 2e-16 2e-16 2e-16 2e-16 2e-16 2e-16 2e-16 2e-16 2e-16 2e-16 2e-16 2e-16 2e-16 2e-16 2e-16 2e-16 2e-16 2e-16 2e-16 2e-16 2e-16 2e-16 2e-16 2e-16 2e-16 2e-16 2e-16 2e-16 2e-16 2e-16 2e-16 2e-16 2e-16 2e-16 2e-16 2e-16 2e-16 2e-16
2e-16 2e-16 2e-16 2e-16 2e-16 2e-16 2e-16 2e-16 2e-16 2e-16 2e-16 2e-16 2e-16 2e-16 2e-16 2e-16 2e-16 2e-16 2e-16 2e-16 2e-16 2e-16 2e-16 2e-16 2e-16 2e-16 2e-16 2e-16 2e-16 2e-16 2e-16 2e-16 2e-16 2e-16 2e-16 2e-16 2e-16 2e-16 2e-16 2e-16 2e-16 2e-16 2e-16 2e-16 2e-16 2e-16 2e-16 2e-16 2e-16 2e-16 2e-16 2e-16 2e-16 2e-16 2e-16 2e-16 2e-16 2e-16 2e-16 2e-16 2e-16 2e-16 2e-16 2e-16
2e-16 2e-16 2e-16 2e-16 2e-16 2e-16 2e-16 2e-16 2e-16 2e-16 2e-16 2e-16 2e-16 2e-16 2e-16 2e-16 2e-16 2e-16 2e-16 2e-16 2e-16 2e-16 2e-16 2e-16 2e-16 2e-16 2e-16 2e-16 2e-16 2e-16 1.99851e-16 1.94904e-16 1.93506e-16 1.95201e-16 1.99365e-16 2e-16 2e-16 2e-16 2e-16 2e-16 2e-16 2e-16 2e-16 2e-16 2e-16 2e-16 2e-16 2e-16 2e-16 2e-16 2e-16 2e-16 2e-16 2e-16 2e-16 2e-16 2e-16 2e-16 2e-16 2e-16 2e-16 2e-16 2e-16 2e-16
2e-16 2e-16 2e-16 2e-16 2e-16 2e-16 2e-16 2e-16 2e-16 2e-16 2e-16 2e-16 2e-16 2e-16 2e-16 2e-16 2e-16 2e-16 2e-16 2e-16 2e-16 2e-16 2e-16 2e-16 2e-16 2e-16 2e-16 2e-16 1.95724e-16 1.84227e-16 1.7728e-16 1.72291e-16 1.70835e-16 1.72577e-16 1.76686e-16 1.84906e-16 1.95352e-16 2e-16 2e-16 2e-16 2e-16 2e-16 2e-16 2e-16 2e-16 2e-16 2e-16 2e-16 2e-16 2e-16 2e-16 2e-16 2e-16 2e-16 2e-16 2e-16 2e-16 2e-16 2e-16 2e-16 2e-16 2e-16 2e-16 2e-16
2e-16 2e-16 2e-16 2e-16 2e-16 2e-16 2e-16 2e-16 2e-16 2e-16 2e-16 2e-16 2e-16 2e-16 2e-16 2e-16 2e-16 2e-16 2e-16 2e-16 2e-16 2e-16 2e-16 2e-16 2e-16 2e-16 2e-16 1.88968e-16 1.75752e-16 1.64238e-16 1.57198e-16 1.52156e-16 1.5063e-16 1.52484e-16 1.56568e-16 1.64897e-16 1.75321e-16 1.89011e-16 2e-16 2e-16 2e-16 2e-16 2e-16 2e-16 2e-16 2e-16 2e-16 2e-16 2e-16 2e-16 2e-16 2e-16 2e-16 2e-16 2e-16 2e-16 2e-16 2e-16 2e-16 2e-16 2e-16 2e-16 2e-16 2e-16
2e-16 2e-16 2e-16 2e-16 2e-16 2e-16 2e-16 2e-16 2e-16 2e-16 2e-16 2e-16 2e-16 2e-16 2e-16 2e-16 2e-16 2e-16 2e-16 2e-16 2e-16 2e-16 2e-16 2e-16 2e-16 2e-16 1.8904e-16 1.72157e-16 1.58768e-16 1.47165e-16 1.3999e-16 1.34899e-16 1.33359e-16 1.3527e-16 1.39375e-16 1.47826e-16 1.58299e-16 1.72163e-16 1.89255e-16 2e-16 2e-16 2e-16 2e-16 2e-16 2e-16 2e-16 2e-16 2e-16 2e-16 2e-16 2e-16 2e-16 2e-16 2e-16 2e-16 2e-16 2e-16 2e-16 2e-16 2e-16 2e-16 2e-16 2e-16 2e-16
2e-16 2e-16 2e-16 2e-16 2e-16 2e-16 2e-16 2e-16 2e-16 2e-16 2e-16 2e-16 2e-16 2e-16 2e-16 2e-16 2e-16 2e-16 2e-16 2e-16 2e-16 2e-16 2e-16 2e-16 2e-16 1.95626e-16 1.75719e-16 1.58717e-16 1.45147e-16 1.33387e-16 1.26032e-16 1.20838e-16 1.19232e-16 1.21195e-16 1.25423e-16 1.34046e-16 1.44761e-16 1.58774e-16 1.75943e-16 1.95404e-16 2e-16 2e-16 2e-16 2e-16 2e-16 2e-16 2e-16 2e-16 2e-16 2e-16 2e-16 2e-16 2e-16 2e-16 2e-16 2e-16 2e-16 2e-16 2e-16 2e-16 2e-16 2e-16 2e-16 2e-16
2e-16 2e-16 2e-16 2e-16 2e-16 2e-16 2e-16 2e-16 2e-16 2e-16 2e-16 2e-16 2e-16 2e-16 2e-16 2e-16 2e-16 2e-16 2e-16 2e-16 2e-16 2e-16 2e-16 2e-16 2e-16 1.84309e-16 1.64312e-16 1.47176e-16 1.33389e-16 1.21598e-16 1.14106e-16 1.08874e-16 1.07226e-16 1.09199e-16 1.1352e-16 1.22216e-16 1.33044e-16 1.47176e-16 1.64365e-16 1.83953e-16 2e-16 2e-16 2e-16 2e-16 2e-16 2e-16 2e-16 2e-16 2e-16 2e-16 2e-16 2e-16 2e-16 2e-16 2e-16 2e-16 2e-16 2e-16 2e-16 2e-16 2e-16 2e-16 2e-16 2e-16
2e-16 2e-16 2e-16 2e-16 2e-16 2e-16 2e-16 2e-16 2e-16 2e-16 2e-16 2e-16 2e-16 2e-16 2e-16 2e-16 2e-16 2e-16 2e-16 2e-16 2e-16 2e-16 2e-16 2e-16 1.99747e-16 1.77183e-16 1.57133e-16 1.39973e-16 1.26026e-16 1.14102e-16 1.06374e-16 1.01043e-16 9.93339e-17 1.01328e-16 1.05827e-16 1.14674e-16 1.25719e-16 1.40017e-16 1.57314e-16 1.77036e-16 2e-16 2e-16 2e-16 2e-16 2e-16 2e-16 2e-16 2e-16 2e-16 2e-16 2e-16 2e-16 2e-16 2e-16 2e-16 2e-16 2e-16 2e-16 2e-16 2e-16 2e-16 2e-16 2e-16 2e-16
2e-16 2e-16 2e-16 2e-16 2e-16 2e-16 2e-16 2e-16 2e-16 2e-16 2e-16 2e-16 2e-16 2e-16 2e-16 2e-16 2e-16 2e-16 2e-16 2e-16 2e-16 2e-16 2e-16 2e-16 1.95052e-16 1.72343e-16 1.52198e-16 1.34937e-16 1.20853e-16 1.08875e-16 1.01028e-16 9.56407e-17 9.39165e-17 9.59238e-17 1.00524e-16 1.0939e-16 1.20545e-16 1.34915e-16 1.52258e-16 1.72059e-16 1.95057e-16 2e-16 2e-16 2e-16 2e-16 2e-16 2e-16 2e-16 2e-16 2e-16 2e-16 2e-16 2e-16 2e-16 2e-16 2e-16 2e-16 2e-16 2e-16 2e-16 2e-16 2e-16 2e-16 2e-16
2e-16 2e-16 2e-16 2e-16 2e-16 2e-16 2e-16 2e-16 2e-16 2e-16 2e-16 2e-16 2e-16 2e-16 2e-16 2e-16 2e-16 2e-16 2e-16 2e-16 2e-16 2e-16 2e-16 2e-16 1.93353e-16 1.7074e-16 1.5058e-16 1.3333e-16 1.19222e-16 1.07231e-16 9.93371e-17 9.39159e-17 9.21766e-17 9.41931e-17 9.88369e-17 1.0772e-16 1.18937e-16 1.33359e-16 1.50729e-16 1.70636e-16 1.93647e-16 2e-16 2e-16 2e-16 2e-16 2e-16 2e-16 2e-16 2e-16 2e-16 2e-16 2e-16 2e-16 2e-16 2e-16 2e-16 2e-16 2e-16 2e-16 2e-16 2e-16 2e-16 2e-16 2e-16
2e-16 2e-16 2e-16 2e-16 2e-16 2e-16 2e-16 2e-16 2e-16 2e-16 2e-16 2e-16 2e-16 2e-16 2e-16 2e-16 2e-16 2e-16 2e-16 2e-16 2e-16 2e-16 2e-16 2e-16 1.95318e-16 1.72686e-16 1.5254e-16 1.35292e-16 1.21205e-16 1.09197e-16 1.01331e-16 9.59161e-17 9.41925e-17 9.61992e-17 1.00826e-16 1.09712e-16 1.20894e-16 1.35271e-16 1.52598e-16 1.72385e-16 1.9534e-16 2e-16 2e-16 2e-16 2e-16 2e-16 2e-16 2e-16 2e-16 2e-16 2e-16 2e-16 2e-16 2e-16 2e-16 2e-16 2e-16 2e-16 2e-16 2e-16 2e-16 2e-16 2e-16 2e-16
2e-16 2e-16 2e-16 2e-16 2e-16 2e-16 2e-16 2e-16 2e-16 2e-16 2e-16 2e-16 2e-16 2e-16 2e-16 2e-16 2e-16 2e-16 2e-16 2e-16 2e-16 2e-16 2e-16 2e-16 1.99237e-16 1.76614e-16 1.56521e-16 1.39338e-16 1.25407e-16 1.13518e-16 1.05836e-16 1.00526e-16 9.88401e-17 1.00812e-16 1.0529e-16 1.14087e-16 1.25106e-16 1.3938e-16 1.56691e-16 1.76477e-16 1.99521e-16 2e-16 2e-16 2e-16 2e-16 2e-16 2e-16 2e-16 2e-16 2e-16 2e-16 2e-16 2e-16 2e-16 2e-16 2e-16 2e-16 2e-16 2e-16 2e-16 2e-16 2e-16 2e-16 2e-16
2e-16 2e-16 2e-16 2e-16 2e-16 2e-16 2e-16 2e-16 2e-16 2e-16 2e-16 2e-16 2e-16 2e-16 2e-16 2e-16 2e-16 2e-16 2e-16 2e-16 2e-16 2e-16 2e-16 2e-16 2e-16 1.85014e-16 1.64957e-16 1.47863e-16 1.34051e-16 1.2222e-16 1.14669e-16 1.09388e-16 1.07724e-16 1.09713e-16 1.14085e-16 1.22839e-16 1.33702e-16 1.47855e-16 1.6502e-16 1.84639e-16 2e-16 2e-16 2e-16 2e-16 2e-16 2e-16 2e-16 2e-16 2e-16 2e-16 2e-16 2e-16 2e-16 2e-16 2e-16 2e-16 2e-16 2e-16 2e-16 2e-16 2e-16 2e-16 2e-16 2e-16
2e-16 2e-16 2e-16 2e-16 2e-16 2e-16 2e-16 2e-16 2e-16 2e-16 2e-16 2e-16 2e-16 2e-16 2e-16 2e-16 2e-16 2e-16 2e-16 2e-16 2e-16 2e-16 2e-16 2e-16 2e-16 1.9529e-16 1.7526e-16 1.58307e-16 1.44748e-16 1.33046e-16 1.25708e-16 1.20553e-16 1.18927e-16 1.20912e-16 1.25096e-16 1.33707e-16 1.44363e-16 1.58367e-16 1.75472e-16 1.95048e-16 2e-16 2e-16 2e-16 2e-16 2e-16 2e-16 2e-16 2e-16 2e-16 2e-16 2e-16 2e-16 2e-16 2e-16 2e-16 2e-16 2e-16 2e-16 2e-16 2e-16 2e-16 2e-16 2e-16 2e-16
2e-16 2e-16 2e-16 2e-16 2e-16 2e-16 2e-16 2e-16 2e-16 2e-16 2e-16 2e-16 2e-16 2e-16 2e-16 2e-16 2e-16 2e-16 2e-16 2e-16 2e-16 2e-16 2e-16 2e-16 2e-16 2e-16 1.89007e-16 1.72226e-16 1.58784e-16 1.47205e-16 1.39978e-16 1.34938e-16 1.33329e-16 1.35308e-16 1.39365e-16 1.47875e-16 1.58312e-16 1.72233e-16 1.89217e-16 2e-16 2e-16 2e-16 2e-16 2e-16 2e-16 2e-16 2e-16 2e-16 2e-16 2e-16 2e-16 2e-16 2e-16 2e-16 2e-16 2e-16 2e-16 2e-16 2e-16 2e-16 2e-16 2e-16 2e-16 2e-16
2e-16 2e-16 2e-16 2e-16 2e-16 2e-16 2e-16 2e-16 2e-16 2e-16 2e-16 2e-16 2e-16 2e-16 2e-16 2e-16 2e-16 2e-16 2e-16 2e-16 2e-16 2e-16 2e-16 2e-16 2e-16 2e-16 2e-16 1.89247e-16 1.75871e-16 1.64436e-16 1.57257e-16 1.52311e-16 1.50679e-16 1.52642e-16 1.56637e-16 1.65085e-16 1.7545e-16 1.89294e-16 2e-16 2e-16 2e-16 2e-16 2e-16 2e-16 2e-16 2e-16 2e-16 2e-16 2e-16 2e-16 2e-16 2e-16 2e-16 2e-16 2e-16 2e-16 2e-16 2e-16 2e-16 2e-16 2e-16 2e-16 2e-16 2e-16
2e-16 2e-16 2e-16 2e-16 2e-16 2e-16 2e-16 2e-16 2e-16 2e-16 2e-16 2e-16 2e-16 2e-16 2e-16 2e-16 2e-16 2e-16 2e-16 2e-16 2e-16 2e-16 2e-16 2e-16 2e-16 2e-16 2e-16 2e-16 1.9532e-16 1.84042e-16 1.76973e-16 1.72152e-16 1.70541e-16 1.72454e-16 1.7637e-16 1.84738e-16 1.9497e-16 2e-16 2e-16 2e-16 2e-16 2e-16 2e-16 2e-16 2e-16 2e-16 2e-16 2e-16 2e-16 2e-16 2e-16 2e-16 2e-16 2e-16 2e-16 2e-16 2e-16 2e-16 2e-16 2e-16 2e-16 2e-16 2e-16 2e-16
2e-16 2e-16 2e-16 2e-16 2e-16 2e-16 2e-16 2e-16 2e-16 2e-16 2e-16 2e-16 2e-16 2e-16 2e-16 2e-16 2e-16 2e-16 2e-16 2e-16 2e-16 2e-16 2e-16 2e-16 2e-16 2e-16 2e-16 2e-16 2e-16 2e-16 1.99903e-16 1.95191e-16 1.93494e-16 1.95471e-16 1.99437e-16 2e-16 2e-16 2e-16 2e-16 2e-16 2e-16 2e-16 2e-16 2e-16 2e-16 2e-16 2e-16 2e-16 2e-16 2e-16 2e-16 2e-16 2e-16 2e-16 2e-16 2e-16 2e-16 2e-16 2e-16 2e-16 2e-16 2e-16 2e-16 2e-16
2e-16 2e-16 2e-16 2e-16 2e-16 2e-16 2e-16 2e-16 2e-16 2e-16 2e-16 2e-16 2e-16 2e-16 2e-16 2e-16 2e-16 2e-16 2e-16 2e-16 2e-16 2e-16 2e-16 2e-16 2e-16 2e-16 2e-16 2e-16 2e-16 2e-16 2e-16 2e-16 2e-16 2e-16 2e-16 2e-16 2e-16 2e-16 2e-16 2e-16 2e-16 2e-16 2e-16 2e-16 2e-16 2e-16 2e-16 2e-16 2e-16 2e-16 2e-16 2e-16 2e-16 2e-16 2e-16 2e-16 2e-16 2e-16 2e-16 2e-16 2e-16 2e-16 2e-16 2e-16
2e-16 2e-16 2e-16 2e-16 2e-16 2e-16 2e-16 2e-16 2e-16 2e-16 2e-16 2e-16 2e-16 2e-16 2e-16 2e-16 2e-16 2e-16 2e-16 2e-16 2e-16 2e-16 2e-16 2e-16 2e-16 2e-16 2e-16 2e-16 2e-16 2e-16 2e-16 2e-16 2e-16 2e-16 2e-16 2e-16 2e-16 2e-16 2e-16 2e-16 2e-16 2e-16 2e-16 2e-16 2e-16 2e-16 2e-16 2e-16 2e-16 2e-16 2e-16 2e-16 2e-16 2e-16 2e-16 2e-16 2e-16 2e-16 2e-16 2e-16 2e-16 2e-16 2e-16 2e-16
2e-16 2e-16 2e-16 2e-16 2e-16 2e-16 2e-16 2e-16 2e-16 2e-16 2e-16 2e-16 2e-16 2e-16 2e-16 2e-16 2e-16 2e-16 2e-16 2e-16 2e-16 2e-16 2e-16 2e-16 2e-16 2e-16 2e-16 2e-16 2e-16 2e-16 2e-16 2e-16 2e-16 2e-16 2e-16 2e-16 2e-16 2e-16 2e-16 2e-16 2e-16 2e-16 2e-16 2e-16 2e-16 2e-16 2e-16 2e-16 2e-16 2e-16 2e-16 2e-16 2e-16 2e-16 2e-16 2e-16 2e-16 2e-16 2e-16 2e-16 2e-16 2e-16 2e-16 2e-16
2e-16 2e-16 2e-16 2e-16 2e-16 2e-16 2e-16 2e-16 2e-16 2e-16 2e-16 2e-16 2e-16 2e-16 2e-16 2e-16 2e-16 2e-16 2e-16 2e-16 2e-16 2e-16 2e-16 2e-16 2e-16 2e-16 2e-16 2e-16 2e-16 2e-16 2e-16 2e-16 2e-16 2e-16 2e-16 2e-16 2e-16 2e-16 2e-16 2e-16 2e-16 2e-16 2e-16 2e-16 2e-16 2e-16 2e-16 2e-16 2e-16 2e-16 2e-16 2e-16 2e-16 2e-16 2e-16 2e-16 2e-16 2e-16 2e-16 2e-16 2e-16 2e-16 2e-16 2e-16
2e-16 2e-16 2e-16 2e-16 2e-16 2e-16 2e-16 2e-16 2e-16 2e-16 2e-16 2e-16 2e-16 2e-16 2e-16 2e-16 2e-16 2e-16 2e-16 2e-16 2e-16 2e-16 2e-16 2e-16 2e-16 2e-16 2e-16 2e-16 2e-16 2e-16 2e-16 2e-16 2e-16 2e-16 2e-16 2e-16 2e-16 2e-16 2e-16 2e-16 2e-16 2e-16 2e-16 2e-16 2e-16 2e-16 2e-16 2e-16 2e-16 2e-16 2e-16 2e-16 2e-16 2e-16 2e-16 2e-16 2e-16 2e-16 2e-16 2e-16 2e-16 2e-16 2e-16 2e-16
2e-16 2e-16 2e-16 2e-16 2e-16 2e-16 2e-16 2e-16 2e-16 2e-16 2e-16 2e-16 2e-16 2e-16 2e-16 2e-16 2e-16 2e-16 2e-16 2e-16 2e-16 2e-16 2e-16 2e-16 2e-16 2e-16 2e-16 2e-16 2e-16 2e-16 2e-16 2e-16 2e-16 2e-16 2e-16 2e-16 2e-16 2e-16 2e-16 2e-16 2e-16 2e-16 2e-16 2e-16 2e-16 2e-16 2e-16 2e-16 2e-16 2e-16 2e-16 2e-16 2e-16 2e-16 2e-16 2e-16 2e-16 2e-16 2e-16 2e-16 2e-16 2e-16 2e-16 2e-16
2e-16 2e-16 2e-16 2e-16 2e-16 2e-16 2e-16 2e-16 2e-16 2e-16 2e-16 2e-16 2e-16 2e-16 2e-16 2e-16 2e-16 2e-16 2e-16 2e-16 2e-16 2e-16 2e-16 2e-16 2e-16 2e-16 2e-16 2e-16 2e-16 2e-16 2e-16 2e-16 2e-16 2e-16 2e-16 2e-16 2e-16 2e-16 2e-16 2e-16 2e-16 2e-16 2e-16 2e-16 2e-16 2e-16 2e-16 2e-16 2e-16 2e-16 2e-16 2e-16 2e-16 2e-16 2e-16 2e-16 2e-16 2e-16 2e-16 2e-16 2e-16 2e-16 2e-16 2e-16
2e-16 2e-16 2e-16 2e-16 2e-16 2e-16 2e-16 2e-16 2e-16 2e-16 2e-16 2e-16 2e-16 2e-16 2e-16 2e-16 2e-16 2e-16 2e-16 2e-16 2e-16 2e-16 2e-16 2e-16 2e-16 2e-16 2e-16 2e-16 2e-16 2e-16 2e-16 2e-16 2e-16 2e-16 2e-16 2e-16 2e-16 2e-16 2e-16 2e-16 2e-16 2e-16 2e-16 2e-16 2e-16 2e-16 2e-16 2e-16 2e-16 2e-16 2e-16 2e-16 2e-16 2e-16 2e-16 2e-16 2e-16 2e-16 2e-16 2e-16 2e-16 2e-16 2e-16 2e-16
2e-16 2e-16 2e-16 2e-16 2e-16 2e-16 2e-16 2e-16 2e-16 2e-16 2e-16 2e-16 2e-16 2e-16 2e-16 2e-16 2e-16 2e-16 2e-16 2e-16 2e-16 2e-16 2e-16 2e-16 2e-16 2e-16 2e-16 2e-16 2e-16 2e-16 2e-16 2e-16 2e-16 2e-16 2e-16 2e-16 2e-16 2e-16 2e-16 2e-16 2e-16 2e-16 2e-16 2e-16 2e-16 2e-16 2e-16 2e-16 2e-16 2e-16 2e-16 2e-16 2e-16 2e-16 2e-16 2e-16 2e-16 2e-16 2e-16 2e-16 2e-16 2e-16 2e-16 2e-16
2e-16 2e-16 2e-16 2e-16 2e-16 2e-16 2e-16 2e-16 2e-16 2e-16 2e-16 2e-16 2e-16 2e-16 2e-16 2e-16 2e-16 2e-16 2e-16 2e-16 2e-16 2e-16 2e-16 2e-16 2e-16 2e-16 2e-16 2e-16 2e-16 2e-16 2e-16 2e-16 2e-16 2e-16 2e-16 2e-16 2e-16 2e-16 2e-16 2e-16 2e-16 2e-16 2e-16 2e-16 2e-16 2e-16 2e-16 2e-16 2e-16 2e-16 2e-16 2e-16 2e-16 2e-16 2e-16 2e-16 2e-16 2e-16 2e-16 2e-16 2e-16 2e-16 2e-16 2e-16
2e-16 2e-16 2e-16 2e-16 2e-16 2e-16 2e-16 2e-16 2e-16 2e-16 2e-16 2e-16 2e-16 2e-16 2e-16 2e-16 2e-16 2e-16 2e-16 2e-16 2e-16 2e-16 2e-16 2e-16 2e-16 2e-16 2e-16 2e-16 2e-16 2e-16 2e-16 2e-16 2e-16 2e-16 2e-16 2e-16 2e-16 2e-16 2e-16 2e-16 2e-16 2e-16 2e-16 2e-16 2e-16 2e-16 2e-16 2e-16 2e-16 2e-16 2e-16 2e-16 2e-16 2e-16 2e-16 2e-16 2e-16 2e-16 2e-16 2e-16 2e-16 2e-16 2e-16 2e-16
2e-16 2e-16 2e-16 2e-16 2e-16 2e-16 2e-16 2e-16 2e-16 2e-16 2e-16 2e-16 2e-16 2e-16 2e-16 2e-16 2e-16 2e-16 2e-16 2e-16 2e-16 2e-16 2e-16 2e-16 2e-16 2e-16 2e-16 2e-16 2e-16 2e-16 2e-16 2e-16 2e-16 2e-16 2e-16 2e-16 2e-16 2e-16 2e-16 2e-16 2e-16 2e-16 2e-16 2e-16 2e-16 2e-16 2e-16 2e-16 2e-16 2e-16 2e-16 2e-16 2e-16 2e-16 2e-16 2e-16 2e-16 2e-16 2e-16 2e-16 2e-16 2e-16 2e-16 2e-16
2e-16 2e-16 2e-16 2e-16 2e-16 2e-16 2e-16 2e-16 2e-16 2e-16 2e-16 2e-16 2e-16 2e-16 2e-16 2e-16 2e-16 2e-16 2e-16 2e-16 2e-16 2e-16 2e-16 2e-16 2e-16 2e-16 2e-16 2e-16 2e-16 2e-16 2e-16 2e-16 2e-16 2e-16 2e-16 2e-16 2e-16 2e-16 2e-16 2e-16 2e-16 2e-16 2e-16 2e-16 2e-16 2e-16 2e-16 2e-16 2e-16 2e-16 2e-16 2e-16 2e-16 2e-16 2e-16 2e-16 2e-16 2e-16 2e-16 2e-16 2e-16 2e-16 2e-16 2e-16
2e-16 2e-16 2e-16 2e-16 2e-16 2e-16 2e-16 2e-16 2e-16 2e-16 2e-16 2e-16 2e-16 2e-16 2e-16 2e-16 2e-16 2e-16 2e-16 2e-16 2e-16 2e-16 2e-16 2e-16 2e-16 2e-16 2e-16 2e-16 2e-16 2e-16 2e-16 2e-16 2e-16 2e-16 2e-16 2e-16 2e-16 2e-16 2e-16 2e-16 2e-16 2e-16 2e-16 2e-16 2e-16 2e-16 2e-16 2e-16 2e-16 2e-16 2e-16 2e-16 2e-16 2e-16 2e-16 2e-16 2e-16 2e-16 2e-16 2e-16 2e-16 2e-16 2e-16 2e-16
2e-16 2e-16 2e-16 2e-16 2e-16 2e-16 2e-16 2e-16 2e-16 2e-16 2e-16 2e-16 2e-16 2e-16 2e-16 2e-16 2e-16 2e-16 2e-16 2e-16 2e-16 2e-16 2e-16 2e-16 2e-16 2e-16 2e-16 2e-16 2e-16 2e-16 2e-16 2e-16 2e-16 2e-16 2e-16 2e-16 2e-16 2e-16 2e-16 2e-16 2e-16 2e-16 2e-16 2e-16 2e-16 2e-16 2e-16 2e-16 2e-16 2e-16 2e-16 2e-16 2e-16 2e-16 2e-16 2e-16 2e-16 2e-16 2e-16 2e-16 2e-16 2e-16 2e-16 2e-16
2e-16 2e-16 2e-16 2e-16 2e-16 2e-16 2e-16 2e-16 2e-16 2e-16 2e-16 2e-16 2e-16 2e-16 2e-16 2e-16 2e-16 2e-16 2e-16 2e-16 2e-16 2e-16 2e-16 2e-16 2e-16 2e-16 2e-16 2e-16 2e-16 2e-16 2e-16 2e-16 2e-16 2e-16 2e-16 2e-16 2e-16 2e-16 2e-16 2e-16 2e-16 2e-16 2e-16 2e-16 2e-16 2e-16 2e-16 2e-16 2e-16 2e-16 2e-16 2e-16 2e-16 2e-16 2e-16 2e-16 2e-16 2e-16 2e-16 2e-16 2e-16 2e-16 2e-16 2e-16
2e-16 2e-16 2e-16 2e-16 2e-16 2e-16 2e-16 2e-16 2e-16 2e-16 2e-16 2e-16 2e-16 2e-16 2e-16 2e-16 2e-16 2e-16 2e-16 2e-16 2e-16 2e-16 2e-16 2e-16 2e-16 2e-16 2e-16 2e-16 2e-16 2e-16 2e-16 2e-16 2e-16 2e-16 2e-16 2e-16 2e-16 2e-16 2e-16 2e-16 2e-16 2e-16 2e-16 2e-16 2e-16 2e-16 2e-16 2e-16 2e-16 2e-16 2e-16 2e-16 2e-16 2e-16 2e-16 2e-16 2e-16 2e-16 2e-16 2e-16 2e-16 2e-16 2e-16 2e-16
2e-16 2e-16 2e-16 2e-16 2e-16 2e-16 2e-16 2e-16 2e-16 2e-16 2e-16 2e-16 2e-16 2e-16 2e-16 2e-16 2e-16 2e-16 2e-16 2e-16 2e-16 2e-16 2e-16 2e-16 2e-16 2e-16 2e-16 2e-16 2e-16 2e-16 2e-16 2e-16 2e-16 2e-16 2e-16 2e-16 2e-16 2e-16 2e-16 2e-16 2e-16 2e-16 2e-16 2e-16 2e-16 2e-16 2e-16 2e-16 2e-16 2e-16 2e-16 2e-16 2e-16 2e-16 2e-16 2e-16 2e-16 2e-16 2e-16 2e-16 2e-16 2e-16 2e-16 2e-16
2e-16 2e-16 2e-16 2e-16 2e-16 2e-16 2e-16 2e-16 2e-16 2e-16 2e-16 2e-16 2e-16 2e-16 2e-16 2e-16 2e-16 2e-16 2e-16 2e-16 2e-16 2e-16 2e-16 2e-16 2e-16 2e-16 2e-16 2e-16 2e-16 2e-16 2e-16 2e-16 2e-16 2e-16 2e-16 2e-16 2e-16 2e-16 2e-16 2e-16 2e-16 2e-16 2e-16 2e-16 2e-16 2e-16 2e-16 2e-16 2e-16 2e-16 2e-16 2e-16 2e-16 2e-16 2e-16 2e-16 2e-16 2e-16 2e-16 2e-16 2e-16 2e-16 2e-16 2e-16
2e-16 2e-16 2e-16 2e-16 2e-16 2e-16 2e-16 2e-16 2e-16 2e-16 2e-16 2e-16 2e-16 2e-16 2e-16 2e-16 2e-16 2e-16 2e-16 2e-16 2e-16 2e-16 2e-16 2e-16 2e-16 2e-16 2e-16 2e-16 2e-16 2e-16 2e-16 2e-16 2e-16 2e-16 2e-16 2e-16 2e-16 2e-16 2e-16 2e-16 2e-16 2e-16 2e-16 2e-16 2e-16 2e-16 2e-16 2e-16 2e-16 2e-16 2e-16 2e-16 2e-16 2e-16 2e-16 2e-16 2e-16 2e-16 2e-16 2e-16 2e-16 2e-16 2e-16 2e-16
2e-16 2e-16 2e-16 2e-16 2e-16 2e-16 2e-16 2e-16 2e-16 2e-16 2e-16 2e-16 2e-16 2e-16 2e-16 2e-16 2e-16 2e-16 2e-16 2e-16 2e-16 2e-16 2e-16 2e-16 2e-16 2e-16 2e-16 2e-16 2e-16 2e-16 2e-16 2e-16 2e-16 2e-16 2e-16 2e-16 2e-16 2e-16 2e-16 2e-16 2e-16 2e-16 2e-16 2e-16 2e-16 2e-16 2e-16 2e-16 2e-16 2e-16 2e-16 2e-16 2e-16 2e-16 2e-16 2e-16 2e-16 2e-16 2e-16 2e-16 2e-16 2e-16 2e-16 2e-16
2e-16 2e-16 2e-16 2e-16 2e-16 2e-16 2e-16 2e-16 2e-16 2e-16 2e-16 2e-16 2e-16 2e-16 2e-16 2e-16 2e-16 2e-16 2e-16 2e-16 2e-16 2e-16 2e-16 2e-16 2e-16 2e-16 2e-16 2e-16 2e-16 2e-16 2e-16 2e-16 2e-16 2e-16 2e-16 2e-16 2e-16 2e-16 2e-16 2e-16 2e-16 2e-16 2e-16 2e-16 2e-16 2e-16 2e-16 2e-16 2e-16 2e-16 2e-16 2e-16 2e-16 2e-16 2e-16 2e-16 2e-16 2e-16 2e-16 2e-16 2e-16 2e-16 2e-16 2e-16
2e-16 2e-16 2e-16 2e-16 2e-16 2e-16 2e-16 2e-16 2e-16 2e-16 2e-16 2e-16 2e-16 2e-16 2e-16 2e-16 2e-16 2e-16 2e-16 2e-16 2e-16 2e-16 2e-16 2e-16 2e-16 2e-16 2e-16 2e-16 2e-16 2e-16 2e-16 2e-16 2e-16 2e-16 2e-16 2e-16 2e-16 2e-16 2e-16 2e-16 2e-16 2e-16 2e-16 2e-16 2e-16 2e-16 2e-16 2e-16 2e-16 2e-16 2e-16 2e-16 2e-16 2e-16 2e-16 2e-16 2e-16 2e-16 2e-16 2e-16 2e-16 2e-16 2e-16 2e-16
@ u_temp_dust 64 64
0 0 0 0 0 0 0 0 0 0 0 0 0 0 0 0 0 0 0 0 0 0 0 0 0 0 0 0 0 0 0 0 0 0 0 0 0 0 0 0 0 0 0 0 0 0 0 0 0 0 0 0 0 0 0 0 0 0 0 0 0 0 0 0
0 0 0 0 0 0 0 0 0 0 0 0 0 0 0 0 0 0 0 0 0 0 0 0 0 0 0 0 0 0 0 0 0 0 0 0 0 0 0 0 0 0 0 0 0 0 0 0 0 0 0 0 0 0 0 0 0 0 0 0 0 0 0 0
0 0 0 0 0 0 0 0 0 0 0 0 0 0 0 0 0 0 0 0 0 0 0 0 0 0 0 0 0 0 0 0 0 0 0 0 0 0 0 0 0 0 0 0 0 0 0 0 0 0 0 0 0 0 0 0 0 0 0 0 0 0 0 0
0 0 0 0 0 0 0 0 0 0 0 0 0 0 0 0 0 0 0 0 0 0 0 0 0 0 0 0 0 0 0 0 0 0 0 0 0 0 0 0 0 0 0 0 0 0 0 0 0 0 0 0 0 0 0 0 0 0 0 0 0 0 0 0
0 0 0 0 0 0 0 0 0 0 0 0 0 0 0 0 0 0 0 0 0 0 0 0 0 0 0 0 0 0 0 0 0 0 0 0 0 0 0 0 0 0 0 0 0 0 0 0 0 0 0 0 0 0 0 0 0 0 0 0 0 0 0 0
0 0 0 0 0 0 0 0 0 0 0 0 0 0 0 0 0 0 0 0 0 0 0 0 0 0 0 0 0 0 0 0 0 0 0 0 0 0 0 0 0 0 0 0 0 0 0 0 0 0 0 0 0 0 0 0 0 0 0 0 0 0 0 0
0 0 0 0 0 0 0 0 0 0 0 0 0 0 0 0 0 0 0 0 0 0 0 0 0 0 0 0 0 0 0 0 0 0 0 0 0 0 0 0 0 0 0 0 0 0 0 0 0 0 0 0 0 0 0 0 0 0 0 0 0 0 0 0
0 0 0 0 0 0 0 0 0 0 0 0 0 0 0 0 0 0 0 0 0 0 0 0 0 0 0 0 0 0 0 0 0 0 0 0 0 0 0 0 0 0 0 0 0 0 0 0 0 0 0 0 0 0 0 0 0 0 0 0 0 0 0 0
0 0 0 0 0 0 0 0 0 0 0 0 0 0 0 0 0 0 0 0 0 0 0 0 0 0 0 0 0 0 0 0 0 0 0 0 0 0 0 0 0 0 0 0 0 0 0 0 0 0 0 0 0 0 0 0 0 0 0 0 0 0 0 0
0 0 0 0 0 0 0 0 0 0 0 0 0 0 0 0 0 0 0 0 0 0 0 0 0 0 0 0 0 0 0 0 0 0 0 0 0 0 0 0 0 0 0 0 0 0 0 0 0 0 0 0 0 0 0 0 0 0 0 0 0 0 0 0
0 0 0 0 0 0 0 0 0 0 0 0 0 0 0 0 0 0 0 0 0 0 0 0 0 0 0 0 0 0 0 0 0 0 0 0 0 0 0 0 0 0 0 0 0 0 0 0 0 0 0 0 0 0 0 0 0 0 0 0 0 0 0 0
0 0 0 0 0 0 0 0 0 0 0 0 0 0 0 0 0 0 0 0 0 0 0 0 0 0 0 0 0 0 0 0 0 0 0 0 0 0 0 0 0 0 0 0 0 0 0 0 0 0 0 0 0 0 0 0 0 0 0 0 0 0 0 0
0 0 0 0 0 0 0 0 0 0 0 0 0 0 0 0 0 0 0 0 0 0 0 0 0 0 0 0 0 0 0 0 0 0 0 0 0 0 0 0 0 0 0 0 0 0 0 0 0 0 0 0 0 0 0 0 0 0 0 0 0 0 0 0
0 0 0 0 0 0 0 0 0 0 0 0 0 0 0 0 0 0 0 0 0 0 0 0 0 0 0 0 0 0 0 0 0 0 0 0 0 0 0 0 0 0 0 0 0 0 0 0 0 0 0 0 0 0 0 0 0 0 0 0 0 0 0 0
0 0 0 0 0 0 0 0 0 0 0 0 0 0 0 0 0 0 0 0 0 0 0 0 0 0 0 0 0 0 0 0 0 0 0 0 0 0 0 0 0 0 0 0 0 0 0 0 0 0 0 0 0 0 0 0 0 0 0 0 0 0 0 0
0 0 0 0 0 0 0 0 0 0 0 0 0 0 0 0 0 0 0 0 0 0 0 0 0 0 0 0 0 0 0 0 0 0 0 0 0 0 0 0 0 0 0 0 0 0 0 0 0 0 0 0 0 0 0 0 0 0 0 0 0 0 0 0
0 0 0 0 0 0 0 0 0 0 0 0 0 0 0 0 0 0 0 0 0 0 0 0 0 0 0 0 0 0 0 0 0 0 0 0 0 0 0 0 0 0 0 0 0 0 0 0 0 0 0 0 0 0 0 0 0 0 0 0 0 0 0 0
0 0 0 0 0 0 0 0 0 0 0 0 0 0 0 0 0 0 0 0 0 0 0 0 0 0 0 0 0 0 0 0 0 0 0 0 0 0 0 0 0 0 0 0 0 0 0 0 0 0 0 0 0 0 0 0 0 0 0 0 0 0 0 0
0 0 0 0 0 0 0 0 0 0 0 0 0 0 0 0 0 0 0 0 0 0 0 0 0 0 0 0 0 0 0 0 0 0 0 0 0 0 0 0 0 0 0 0 0 0 0 0 0 0 0 0 0 0 0 0 0 0 0 0 0 0 0 0
0 0 0 0 0 0 0 0 0 0 0 0 0 0 0 0 0 0 0 0 0 0 0 0 0 0 0 0 0 0 0 0 0 0 0 0 0 0 0 0 0 0 0 0 0 0 0 0 0 0 0 0 0 0 0 0 0 0 0 0 0 0 0 0
0 0 0 0 0 0 0 0 0 0 0 0 0 0 0 0 0 0 0 0 0 0 0 0 0 0 0 0 0 0 0 0 0 0 0 0 0 0 0 0 0 0 0 0 0 0 0 0 0 0 0 0 0 0 0 0 0 0 0 0 0 0 0 0
0 0 0 0 0 0 0 0 0 0 0 0 0 0 0 0 0 0 0 0 0 0 0 0 0 0 0 0 0 0 0 0 0 0 0 0 0 0 0 0 0 0 0 0 0 0 0 0 0 0 0 0 0 0 0 0 0 0 0 0 0 0 0 0
0 0 0 0 0 0 0 0 0 0 0 0 0 0 0 0 0 0 0 0 0 0 0 0 0 0 0 0 0 0 0 0 0 0 0 0 0 0 0 0 0 0 0 0 0 0 0 0 0 0 0 0 0 0 0 0 0 0 0 0 0 0 0 0
0 0 0 0 0 0 0 0 0 0 0 0 0 0 0 0 0 0 0 0 0 0 0 0 0 0 0 0 0 0 0 0 0 0 0 0 0 0 0 0 0 0 0 0 0 0 0 0 0 0 0 0 0 0 0 0 0 0 0 0 0 0 0 0
0 0 0 0 0 0 0 0 0 0 0 0 0 0 0 0 0 0 0 0 0 0 0 0 0 0 0 0 0 0 0 0 0 0 0 0 0 0 0 0 0 0 0 0 0 0 0 0 0 0 0 0 0 0 0 0 0 0 0 0 0 0 0 0
0 0 0 0 0 0 0 0 0 0 0 0 0 0 0 0 0 0 0 0 0 0 0 0 0 0 0 0 0 0 0 0 0 0 0 0 0 0 0 0 0 0 0 0 0 0 0 0 0 0 0 0 0 0 0 0 0 0 0 0 0 0 0 0
0 0 0 0 0 0 0 0 0 0 0 0 0 0 0 0 0 0 0 0 0 0 0 0 0 0 0 0 0 0 0 0 0 0 0 0 0 0 0 0 0 0 0 0 0 0 0 0 0 0 0 0 0 0 0 0 0 0 0 0 0 0 0 0
0 0 0 0 0 0 0 0 0 0 0 0 0 0 0 0 0 0 0 0 0 0 0 0 0 0 0 0 0 0 0 0 0 0 0 0 0 0 0 0 0 0 0 0 0 0 0 0 0 0 0 0 0 0 0 0 0 0 0 0 0 0 0 0
0 0 0 0 0 0 0 0 0 0 0 0 0 0 0 0 0 0 0 0 0 0 0 0 0 0 0 0 0 0 0 0 0 0 0 0 0 0 0 0 0 0 0 0 0 0 0 0 0 0 0 0 0 0 0 0 0 0 0 0 0 0 0 0
0 0 0 0 0 0 0 0 0 0 0 0 0 0 0 0 0 0 0 0 0 0 0 0 0 0 0 0 0 0 0 0 0 0 0 0 0 0 0 0 0 0 0 0 0 0 0 0 0 0 0 0 0 0 0 0 0 0 0 0 0 0 0 0
0 0 0 0 0 0 0 0 0 0 0 0 0 0 0 0 0 0 0 0 0 0 0 0 0 0 0 0 0 0 0 0 0 0 0 0 0 0 0 0 0 0 0 0 0 0 0 0 0 0 0 0 0 0 0 0 0 0 0 0 0 0 0 0
0 0 0 0 0 0 0 0 0 0 0 0 0 0 0 0 0 0 0 0 0 0 0 0 0 0 0 0 0 0 0 0 0 0 0 0 0 0 0 0 0 0 0 0 0 0 0 0 0 0 0 0 0 0 0 0 0 0 0 0 0 0 0 0
0 0 0 0 0 0 0 0 0 0 0 0 0 0 0 0 0 0 0 0 0 0 0 0 0 0 0 0 0 0 0 0 0 0 0 0 0 0 0 0 0 0 0 0 0 0 0 0 0 0 0 0 0 0 0 0 0 0 0 0 0 0 0 0
0 0 0 0 0 0 0 0 0 0 0 0 0 0 0 0 0 0 0 0 0 0 0 0 0 0 0 0 0 0 0 0 0 0 0 0 0 0 0 0 0 0 0 0 0 0 0 0 0 0 0 0 0 0 0 0 0 0 0 0 0 0 0 0
0 0 0 0 0 0 0 0 0 0 0 0 0 0 0 0 0 0 0 0 0 0 0 0 0 0 0 0 0 0 0 0 0 0 0 0 0 0 0 0 0 0 0 0 0 0 0 0 0 0 0 0 0 0 0 0 0 0 0 0 0 0 0 0
0 0 0 0 0 0 0 0 0 0 0 0 0 0 0 0 0 0 0 0 0 0 0 0 0 0 0 0 0 0 0 0 0 0 0 0 0 0 0 0 0 0 0 0 0 0 0 0 0 0 0 0 0 0 0 0 0 0 0 0 0 0 0 0
0 0 0 0 0 0 0 0 0 0 0 0 0 0 0 0 0 0 0 0 0 0 0 0 0 0 0 0 0 0 0 0 0 0 0 0 0 0 0 0 0 0 0 0 0 0 0 0 0 0 0 0 0 0 0 0 0 0 0 0 0 0 0 0
0 0 0 0 0 0 0 0 0 0 0 0 0 0 0 0 0 0 0 0 0 0 0 0 0 0 0 0 0 0 0 0 0 0 0 0 0 0 0 0 0 0 0 0 0 0 0 0 0 0 0 0 0 0 0 0 0 0 0 0 0 0 0 0
0 0 0 0 0 0 0 0 0 0 0 0 0 0 0 0 0 0 0 0 0 0 0 0 0 0 0 0 0 0 0 0 0 0 0 0 0 0 0 0 0 0 0 0 0 0 0 0 0 0 0 0 0 0 0 0 0 0 0 0 0 0 0 0
0 0 0 0 0 0 0 0 0 0 0 0 0 0 0 0 0 0 0 0 0 0 0 0 0 0 0 0 0 0 0 0 0 0 0 0 0 0 0 0 0 0 0 0 0 0 0 0 0 0 0 0 0 0 0 0 0 0 0 0 0 0 0 0
0 0 0 0 0 0 0 0 0 0 0 0 0 0 0 0 0 0 0 0 0 0 0 0 0 0 0 0 0 0 0 0 0 0 0 0 0 0 0 0 0 0 0 0 0 0 0 0 0 0 0 0 0 0 0 0 0 0 0 0 0 0 0 0
0 0 0 0 0 0 0 0 0 0 0 0 0 0 0 0 0 0 0 0 0 0 0 0 0 0 0 0 0 0 0 0 0 0 0 0 0 0 0 0 0 0 0 0 0 0 0 0 0 0 0 0 0 0 0 0 0 0 0 0 0 0 0 0
0 0 0 0 0 0 0 0 0 0 0 0 0 0 0 0 0 0 0 0 0 0 0 0 0 0 0 0 0 0 0 0 0 0 0 0 0 0 0 0 0 0 0 0 0 0 0 0 0 0 0 0 0 0 0 0 0 0 0 0 0 0 0 0
0 0 0 0 0 0 0 0 0 0 0 0 0 0 0 0 0 0 0 0 0 0 0 0 0 0 0 0 0 0 0 0 0 0 0 0 0 0 0 0 0 0 0 0 0 0 0 0 0 0 0 0 0 0 0 0 0 0 0 0 0 0 0 0
0 0 0 0 0 0 0 0 0 0 0 0 0 0 0 0 0 0 0 0 0 0 0 0 0 0 0 0 0 0 0 0 0 0 0 0 0 0 0 0 0 0 0 0 0 0 0 0 0 0 0 0 0 0 0 0 0 0 0 0 0 0 0 0
0 0 0 0 0 0 0 0 0 0 0 0 0 0 0 0 0 0 0 0 0 0 0 0 0 0 0 0 0 0 0 0 0 0 0 0 0 0 0 0 0 0 0 0 0 0 0 0 0 0 0 0 0 0 0 0 0 0 0 0 0 0 0 0
0 0 0 0 0 0 0 0 0 0 0 0 0 0 0 0 0 0 0 0 0 0 0 0 0 0 0 0 0 0 0 0 0 0 0 0 0 0 0 0 0 0 0 0 0 0 0 0 0 0 0 0 0 0 0 0 0 0 0 0 0 0 0 0
0 0 0 0 0 0 0 0 0 0 0 0 0 0 0 0 0 0 0 0 0 0 0 0 0 0 0 0 0 0 0 0 0 0 0 0 0 0 0 0 0 0 0 0 0 0 0 0 0 0 0 0 0 0 0 0 0 0 0 0 0 0 0 0
0 0 0 0 0 0 0 0 0 0 0 0 0 0 0 0 0 0 0 0 0 0 0 0 0 0 0 0 0 0 0 0 0 0 0 0 0 0 0 0 0 0 0 0 0 0 0 0 0 0 0 0 0 0 0 0 0 0 0 0 0 0 0 0
0 0 0 0 0 0 0 0 0 0 0 0 0 0 0 0 0 0 0 0 0 0 0 0 0 0 0 0 0 0 0 0 0 0 0 0 0 0 0 0 0 0 0 0 0 0 0 0 0 0 0 0 0 0 0 0 0 0 0 0 0 0 0 0
0 0 0 0 0 0 0 0 0 0 0 0 0 0 0 0 0 0 0 0 0 0 0 0 0 0 0 0 0 0 0 0 0 0 0 0 0 0 0 0 0 0 0 0 0 0 0 0 0 0 0 0 0 0 0 0 0 0 0 0 0 0 0 0
0 0 0 0 0 0 0 0 0 0 0 0 0 0 0 0 0 0 0 0 0 0 0 0 0 0 0 0 0 0 0 0 0 0 0 0 0 0 0 0 0 0 0 0 0 0 0 0 0 0 0 0 0 0 0 0 0 0 0 0 0 0 0 0
0 0 0 0 0 0 0 0 0 0 0 0 0 0 0 0 0 0 0 0 0 0 0 0 0 0 0 0 0 0 0 0 0 0 0 0 0 0 0 0 0 0 0 0 0 0 0 0 0 0 0 0 0 0 0 0 0 0 0 0 0 0 0 0
0 0 0 0 0 0 0 0 0 0 0 0 0 0 0 0 0 0 0 0 0 0 0 0 0 0 0 0 0 0 0 0 0 0 0 0 0 0 0 0 0 0 0 0 0 0 0 0 0 0 0 0 0 0 0 0 0 0 0 0 0 0 0 0
0 0 0 0 0 0 0 0 0 0 0 0 0 0 0 0 0 0 0 0 0 0 0 0 0 0 0 0 0 0 0 0 0 0 0 0 0 0 0 0 0 0 0 0 0 0 0 0 0 0 0 0 0 0 0 0 0 0 0 0 0 0 0 0
0 0 0 0 0 0 0 0 0 0 0 0 0 0 0 0 0 0 0 0 0 0 0 0 0 0 0 0 0 0 0 0 0 0 0 0 0 0 0 0 0 0 0 0 0 0 0 0 0 0 0 0 0 0 0 0 0 0 0 0 0 0 0 0
0 0 0 0 0 0 0 0 0 0 0 0 0 0 0 0 0 0 0 0 0 0 0 0 0 0 0 0 0 0 0 0 0 0 0 0 0 0 0 0 0 0 0 0 0 0 0 0 0 0 0 0 0 0 0 0 0 0 0 0 0 0 0 0
0 0 0 0 0 0 0 0 0 0 0 0 0 0 0 0 0 0 0 0 0 0 0 0 0 0 0 0 0 0 0 0 0 0 0 0 0 0 0 0 0 0 0 0 0 0 0 0 0 0 0 0 0 0 0 0 0 0 0 0 0 0 0 0
0 0 0 0 0 0 0 0 0 0 0 0 0 0 0 0 0 0 0 0 0 0 0 0 0 0 0 0 0 0 0 0 0 0 0 0 0 0 0 0 0 0 0 0 0 0 0 0 0 0 0 0 0 0 0 0 0 0 0 0 0 0 0 0
0 0 0 0 0 0 0 0 0 0 0 0 0 0 0 0 0 0 0 0 0 0 0 0 0 0 0 0 0 0 0 0 0 0 0 0 0 0 0 0 0 0 0 0 0 0 0 0 0 0 0 0 0 0 0 0 0 0 0 0 0 0 0 0
0 0 0 0 0 0 0 0 0 0 0 0 0 0 0 0 0 0 0 0 0 0 0 0 0 0 0 0 0 0 0 0 0 0 0 0 0 0 0 0 0 0 0 0 0 0 0 0 0 0 0 0 0 0 0 0 0 0 0 0 0 0 0 0
0 0 0 0 0 0 0 0 0 0 0 0 0 0 0 0 0 0 0 0 0 0 0 0 0 0 0 0 0 0 0 0 0 0 0 0 0 0 0 0 0 0 0 0 0 0 0 0 0 0 0 0 0 0 0 0 0 0 0 0 0 0 0 0
0 0 0 0 0 0 0 0 0 0 0 0 0 0 0 0 0 0 0 0 0 0 0 0 0 0 0 0 0 0 0 0 0 0 0 0 0 0 0 0 0 0 0 0 0 0 0 0 0 0 0 0 0 0 0 0 0 0 0 0 0 0 0 0
0 0 0 0 0 0 0 0 0 0 0 0 0 0 0 0 0 0 0 0 0 0 0 0 0 0 0 0 0 0 0 0 0 0 0 0 0 0 0 0 0 0 0 0 0 0 0 0 0 0 0 0 0 0 0 0 0 0 0 0 0 0 0 0
@ u_chi_CO 64 64
0.921046 0.91784 0.91814 0.916296 0.916622 0.915963 0.91643 0.915422 0.91202 0.911795 0.913874 0.913201 0.916385 0.914371 0.908668 0.901232 0.898838 0.893308 0.888703 0.885363 0.885513 0.883309 0.882744 0.879103 0.87955 0.874147 0.877439 0.878237 0.882508 0.883417 0.884363 0.884038 0.883903 0.884045 0.884471 0.88442 0.883154 0.88044 0.877331 0.878704 0.879552 0.880324 0.88281 0.884678 0.885523 0.886878 0.892362 0.896046 0.898818 0.902208 0.908769 0.915465 0.915694 0.915262 0.914125 0.91315 0.917336 0.916798 0.9172 0.916369 0.917004 0.917459 0.917924 0.919552
0.919003 0.915852 0.916019 0.914091 0.914251 0.913485 0.913792 0.913614 0.908855 0.908298 0.909359 0.908688 0.912765 0.910192 0.904031 0.898046 0.895718 0.89003 0.884977 0.881307 0.881066 0.878671 0.877394 0.87338 0.872086 0.867572 0.869433 0.869943 0.874884 0.877509 0.881779 0.882708 0.883162 0.882946 0.881509 0.87802 0.873401 0.869893 0.868252 0.870917 0.872298 0.873468 0.876451 0.878806 0.880031 0.881664 0.887597 0.891651 0.89466 0.897505 0.903304 0.91101 0.910173 0.909911 0.909244 0.908443 0.913987 0.913063 0.913526 0.912861 0.913509 0.914075 0.914713 0.916412
0.918146 0.914908 0.914761 0.912565 0.912518 0.911709 0.911786 0.910046 0.906401 0.905713 0.906324 0.905581 0.908399 0.905724 0.89992 0.894485 0.892002 0.887768 0.882154 0.877925 0.876406 0.872326 0.869445 0.865548 0.863928 0.859213 0.860478 0.860667 0.864222 0.866768 0.872961 0.875991 0.878262 0.87734 0.873452 0.868307 0.864166 0.861729 0.860529 0.863543 0.865216 0.866641 0.869586 0.873502 0.876497 0.879265 0.885866 0.889482 0.892877 0.894829 0.899715 0.907621 0.907329 0.907134 0.90711 0.906731 0.911129 0.911801 0.912368 0.912005 0.912903 0.913678 0.914564 0.916473
0.917465 0.914096 0.913666 0.911256 0.910963 0.910002 0.909921 0.909395 0.904228 0.903494 0.903795 0.902999 0.905292 0.89929 0.89268 0.887858 0.884782 0.881354 0.874296 0.87052 0.868621 0.863365 0.859641 0.856347 0.854851 0.850188 0.851281 0.851267 0.853696 0.854839 0.859223 0.861149 0.863616 0.861057 0.857759 0.854794 0.852703 0.851249 0.850352 0.853489 0.855088 0.856328 0.858762 0.86347 0.867523 0.870613 0.876577 0.881314 0.88497 0.887796 0.891829 0.899884 0.90368 0.903645 0.903924 0.903662 0.909456 0.908971 0.909688 0.909473 0.910386 0.911283 0.91243 0.914473
0.916598 0.913136 0.912523 0.910091 0.909583 0.908401 0.908216 0.907156 0.90215 0.901261 0.901575 0.900738 0.902698 0.895852 0.8887 0.883495 0.879156 0.871939 0.865089 0.861472 0.859599 0.855064 0.853121 0.849993 0.848351 0.84356 0.844453 0.843921 0.845219 0.844786 0.845643 0.843649 0.844258 0.843427 0.845245 0.845481 0.845213 0.844854 0.844459 0.847783 0.849521 0.850835 0.852501 0.856476 0.859703 0.861712 0.868427 0.874864 0.879756 0.884054 0.888654 0.897016 0.901988 0.902038 0.902262 0.902295 0.907866 0.907897 0.90869 0.908786 0.909846 0.910975 0.912376 0.914543
0.91709 0.913483 0.912597 0.910004 0.90919 0.907673 0.907282 0.904764 0.900677 0.899846 0.899686 0.898763 0.900512 0.893517 0.885845 0.879994 0.874524 0.866242 0.858864 0.854607 0.850819 0.84559 0.845276 0.8422 0.841887 0.836861 0.836657 0.834188 0.833105 0.829996 0.827522 0.822986 0.822351 0.823073 0.827378 0.829715 0.832393 0.834283 0.835806 0.836878 0.840468 0.84321 0.843377 0.846042 0.850601 0.854072 0.861041 0.868678 0.874484 0.87986 0.885224 0.893974 0.899229 0.899368 0.89996 0.89996 0.904519 0.905992 0.906907 0.907317 0.90859 0.910015 0.911627 0.913746
0.916452 0.91288 0.911784 0.909102 0.908217 0.906507 0.906031 0.904959 0.899205 0.898303 0.897894 0.896967 0.896581 0.886703 0.878996 0.872006 0.865498 0.856988 0.850427 0.846806 0.843118 0.837887 0.836665 0.832468 0.830728 0.828343 0.827293 0.824331 0.821984 0.817005 0.813213 0.809452 0.809504 0.809439 0.813311 0.816598 0.821734 0.82437 0.827547 0.829799 0.832485 0.835448 0.836049 0.838752 0.843297 0.846976 0.853426 0.858466 0.86603 0.872429 0.878968 0.887676 0.89599 0.898042 0.898868 0.898998 0.905194 0.905325 0.906341 0.907022 0.9084 0.909949 0.911715 0.913992
0.916425 0.913607 0.910919 0.909401 0.907947 0.904765 0.905608 0.900825 0.898353 0.895671 0.894726 0.895691 0.892549 0.882215 0.872608 0.863475 0.857674 0.84885 0.842038 0.836186 0.829282 0.827372 0.82189 0.819338 0.812455 0.808682 0.806228 0.801858 0.797167 0.790487 0.788002 0.784781 0.785044 0.785845 0.786231 0.790418 0.796264 0.801901 0.80562 0.808509 0.816046 0.818924 0.824585 0.824907 0.82884 0.83504 0.844458 0.852034 0.857168 0.864596 0.871056 0.882568 0.893791 0.893709 0.895447 0.897383 0.900241 0.904149 0.903711 0.905729 0.907649 0.908066 0.911336 0.912701
0.911998 0.907869 0.906394 0.903409 0.902157 0.900019 0.899206 0.897797 0.888253 0.887103 0.886225 0.885079 0.882755 0.870974 0.860728 0.852983 0.84521 0.839157 0.829504 0.823982 0.818626 0.813569 0.811814 0.805086 0.798595 0.792407 0.788035 0.782811 0.77642 0.775098 0.77323 0.772528 0.773099 0.772387 0.774304 0.772892 0.778255 0.781443 0.787952 0.793438 0.800066 0.806954 0.810616 0.814782 0.818713 0.824077 0.835116 0.840168 0.84755 0.853334 0.860669 0.871721 0.882352 0.885841 0.887282 0.887742 0.897638 0.898199 0.899417 0.900514 0.902265 0.904255 0.906367 0.908982
0.912886 0.908303 0.906577 0.903508 0.901949 0.899844 0.898879 0.895671 0.887646 0.885625 0.885307 0.883614 0.876807 0.863544 0.85352 0.845721 0.83825 0.831467 0.819782 0.814265 0.808234 0.801518 0.798349 0.789158 0.783374 0.773628 0.766742 0.76034 0.754826 0.75494 0.751763 0.751893 0.751814 0.750162 0.754433 0.753374 0.757016 0.759811 0.766658 0.775916 0.782746 0.792375 0.796466 0.803026 0.808508 0.812725 0.823758 0.830414 0.8397 0.846007 0.853736 0.862571 0.877042 0.882746 0.885194 0.886481 0.894817 0.89719 0.898482 0.899555 0.901532 0.903517 0.90568 0.908388
0.913907 0.908483 0.906329 0.903086 0.90159 0.899059 0.897891 0.894168 0.886226 0.884863 0.883352 0.880577 0.874004 0.858131 0.847943 0.840511 0.827755 0.822092 0.809367 0.803171 0.796885 0.78916 0.781474 0.77091 0.761094 0.749467 0.741631 0.734076 0.724684 0.724633 0.713995 0.714308 0.713546 0.710189 0.721205 0.717846 0.728447 0.733697 0.74134 0.750623 0.759512 0.773468 0.779723 0.790115 0.79762 0.801748 0.814587 0.82129 0.8336 0.8399 0.847953 0.859276 0.872863 0.881632 0.883106 0.885305 0.893182 0.896567 0.898034 0.899597 0.901641 0.903813 0.906306 0.909455
0.914181 0.90866 0.906379 0.902991 0.901446 0.898776 0.897561 0.895694 0.885536 0.883615 0.88097 0.874913 0.865277 0.848316 0.838538 0.829603 0.818185 0.810195 0.798742 0.791529 0.782766 0.770762 0.761363 0.741334 0.730423 0.715353 0.701366 0.665486 0.649235 0.642643 0.632771 0.629695 0.629197 0.62917 0.634978 0.639127 0.652772 0.664075 0.701026 0.717125 0.728302 0.748223 0.759299 0.772334 0.78365 0.789802 0.802519 0.810966 0.822036 0.829649 0.837899 0.849699 0.862222 0.876485 0.881443 0.883684 0.892678 0.895499 0.89707 0.898707 0.900797 0.903021 0.905572 0.908735
0.916377 0.911773 0.908371 0.904497 0.90269 0.89989 0.896594 0.892083 0.882759 0.876391 0.873998 0.864914 0.850467 0.834248 0.82391 0.814824 0.803325 0.793039 0.778962 0.769692 0.755199 0.740054 0.723563 0.700726 0.660012 0.638986 0.621275 0.605819 0.58728 0.57585 0.56943 0.565068 0.564157 0.565066 0.569108 0.575813 0.587078 0.605385 0.62173 0.639862 0.657981 0.704857 0.725578 0.741018 0.756203 0.768303 0.782798 0.79476 0.805451 0.815347 0.823916 0.834724 0.849156 0.867255 0.871741 0.879481 0.888089 0.893624 0.897708 0.899786 0.902193 0.90531 0.908392 0.912813
0.915537 0.910239 0.906608 0.899295 0.896505 0.893517 0.887215 0.882205 0.871415 0.863506 0.85846 0.848317 0.834529 0.819652 0.810686 0.802292 0.790412 0.779366 0.763359 0.749182 0.730601 0.705943 0.658163 0.630044 0.606538 0.580944 0.563047 0.548446 0.535395 0.525811 0.519645 0.515536 0.514555 0.5155 0.519502 0.525519 0.536057 0.547648 0.563076 0.580865 0.606027 0.630641 0.658064 0.706723 0.731888 0.748258 0.764473 0.780568 0.792206 0.802275 0.810298 0.819932 0.833411 0.849543 0.857174 0.865818 0.876108 0.882509 0.889671 0.891925 0.895237 0.901375 0.904466 0.909948
0.908706 0.903115 0.899932 0.891949 0.88869 0.885228 0.879 0.873814 0.86072 0.853118 0.847939 0.838249 0.823914 0.810439 0.801258 0.79071 0.778289 0.760546 0.742621 0.721353 0.669169 0.637584 0.606525 0.573176 0.550929 0.530798 0.513807 0.49952 0.487953 0.477708 0.470589 0.466291 0.465041 0.466073 0.470994 0.477865 0.487586 0.499064 0.5143 0.53047 0.550672 0.574242 0.606475 0.636249 0.669315 0.719772 0.74281 0.764607 0.78046 0.792552 0.801321 0.810994 0.823362 0.839611 0.847263 0.855404 0.867395 0.87383 0.881513 0.884471 0.888391 0.89434 0.898229 0.904113
0.902308 0.898011 0.895349 0.887865 0.88423 0.880018 0.872581 0.863486 0.853411 0.845719 0.840838 0.829609 0.815091 0.802296 0.790918 0.778465 0.761848 0.736712 0.709754 0.654452 0.617965 0.580934 0.552433 0.525128 0.503875 0.484981 0.467561 0.452348 0.439693 0.429428 0.423205 0.418565 0.417521 0.419119 0.422747 0.429621 0.440042 0.452028 0.467613 0.48446 0.50391 0.526155 0.552901 0.581712 0.619369 0.65446 0.709644 0.740327 0.762408 0.77997 0.790788 0.802302 0.814114 0.830393 0.839299 0.848035 0.856517 0.865851 0.874618 0.878408 0.883322 0.888993 0.893657 0.898306
0.898799 0.894639 0.891969 0.88396 0.879164 0.873942 0.865524 0.857224 0.845218 0.837877 0.827762 0.817898 0.803332 0.790198 0.778293 0.761687 0.737474 0.707831 0.646606 0.608288 0.568056 0.53668 0.509146 0.484653 0.461288 0.4404 0.421955 0.406465 0.393995 0.382521 0.376022 0.37129 0.36996 0.37156 0.375324 0.383611 0.393565 0.406373 0.422329 0.440252 0.462033 0.484537 0.509617 0.536526 0.568684 0.608099 0.645462 0.714025 0.737643 0.763565 0.779039 0.790344 0.803346 0.819147 0.827954 0.839544 0.85086 0.858106 0.868012 0.872816 0.879286 0.88605 0.891099 0.89574
0.894378 0.889981 0.888631 0.881329 0.872609 0.866242 0.857537 0.848846 0.839592 0.831476 0.822448 0.810206 0.793301 0.779368 0.760722 0.735078 0.707972 0.641686 0.601404 0.559094 0.524157 0.494963 0.467035 0.440603 0.416501 0.395419 0.376356 0.360201 0.347415 0.335221 0.328694 0.323354 0.321775 0.32376 0.327483 0.336697 0.346786 0.360072 0.376757 0.394828 0.416676 0.440165 0.467518 0.494843 0.524524 0.558937 0.599753 0.643427 0.705488 0.736925 0.76098 0.777839 0.793582 0.810296 0.823059 0.833757 0.842521 0.851815 0.859285 0.86407 0.871953 0.882546 0.886906 0.890208
0.888602 0.883836 0.882105 0.873425 0.865077 0.858201 0.850422 0.841515 0.829501 0.819399 0.809389 0.798476 0.778988 0.763158 0.74263 0.709625 0.646543 0.601327 0.55711 0.520502 0.48808 0.457939 0.427321 0.400918 0.375752 0.354056 0.333783 0.31665 0.303585 0.291519 0.28514 0.279516 0.278111 0.280588 0.283979 0.292709 0.302842 0.316703 0.333998 0.3533 0.376378 0.400592 0.428451 0.457403 0.488049 0.520666 0.556196 0.602335 0.645078 0.714177 0.74343 0.761889 0.780481 0.797955 0.809005 0.822018 0.834664 0.84523 0.852366 0.857352 0.86551 0.875676 0.881175 0.885012
0.886599 0.881385 0.878988 0.870573 0.862283 0.85463 0.847396 0.836189 0.824423 0.814276 0.803508 0.791531 0.769957 0.749176 0.721432 0.654578 0.608419 0.559163 0.520587 0.485321 0.451437 0.419802 0.389063 0.361299 0.334681 0.312119 0.291536 0.27439 0.26144 0.248843 0.242377 0.236998 0.235437 0.237706 0.240995 0.250483 0.260627 0.274566 0.292079 0.311534 0.335688 0.361091 0.389537 0.418907 0.451301 0.485616 0.51936 0.560191 0.607934 0.655361 0.718154 0.746853 0.77191 0.790901 0.803393 0.815611 0.827834 0.841245 0.847881 0.853375 0.861761 0.871574 0.876963 0.881581
0.885513 0.880018 0.876486 0.867818 0.859655 0.850201 0.843136 0.828786 0.81863 0.807852 0.796899 0.782467 0.755201 0.730306 0.668799 0.617898 0.567968 0.524117 0.488065 0.451433 0.415678 0.383633 0.351901 0.32328 0.296008 0.273326 0.25284 0.23563 0.222051 0.209218 0.202564 0.197001 0.195284 0.197571 0.201075 0.210813 0.221157 0.235529 0.253171 0.272806 0.296651 0.322512 0.352647 0.383065 0.416121 0.451901 0.486965 0.525702 0.566907 0.618619 0.668732 0.729206 0.758161 0.781092 0.796867 0.810066 0.823003 0.836503 0.843212 0.850772 0.859566 0.869111 0.875467 0.881328
0.884672 0.878797 0.873486 0.863451 0.855909 0.845601 0.838516 0.827396 0.814073 0.801541 0.789534 0.770762 0.740149 0.706206 0.63776 0.581051 0.536746 0.495093 0.458001 0.419897 0.383665 0.349696 0.316895 0.288066 0.260815 0.237916 0.216827 0.199187 0.185364 0.172524 0.165524 0.159765 0.158023 0.160619 0.164199 0.173982 0.184494 0.19921 0.21718 0.237295 0.261503 0.287401 0.317749 0.349344 0.383771 0.420274 0.45644 0.496264 0.534875 0.580438 0.637139 0.708494 0.741674 0.768418 0.789375 0.803091 0.818999 0.831479 0.838223 0.846064 0.854308 0.863774 0.871879 0.878501
0.8828 0.876437 0.869575 0.858756 0.853163 0.844546 0.836673 0.821353 0.811837 0.797955 0.781493 0.760918 0.723064 0.657975 0.606263 0.552315 0.509058 0.467038 0.427275 0.389088 0.351869 0.316933 0.283538 0.254787 0.227216 0.203984 0.182436 0.164387 0.150473 0.137601 0.130515 0.124849 0.123107 0.125639 0.129068 0.138915 0.149545 0.164525 0.182732 0.203109 0.227817 0.25408 0.284285 0.316498 0.351925 0.389333 0.426087 0.468315 0.507891 0.55227 0.605973 0.657479 0.724904 0.759791 0.782865 0.800158 0.814883 0.829926 0.836936 0.84529 0.852593 0.860564 0.869112 0.876447
0.880336 0.873476 0.866646 0.856333 0.850838 0.842175 0.833111 0.819314 0.805549 0.789142 0.771094 0.741623 0.700999 0.630358 0.573338 0.525382 0.484767 0.440846 0.401011 0.361433 0.3233 0.288119 0.254714 0.225147 0.197302 0.173703 0.151881 0.133605 0.119321 0.106241 0.099113 0.0935854 0.0918042 0.0942726 0.09784 0.107697 0.118603 0.133759 0.152238 0.173128 0.198012 0.224573 0.255371 0.287519 0.323277 0.361579 0.399814 0.442219 0.483506 0.525961 0.573685 0.629707 0.701694 0.740582 0.771907 0.790097 0.809749 0.825655 0.832715 0.842282 0.849536 0.857039 0.865255 0.872926
0.879562 0.871104 0.864025 0.853904 0.848335 0.84103 0.830699 0.811812 0.798566 0.782718 0.7604 0.73009 0.659602 0.60635 0.550683 0.503787 0.46113 0.416536 0.375692 0.33474 0.296025 0.260898 0.22721 0.197404 0.168872 0.14509 0.123289 0.104957 0.0905888 0.0779707 0.0709299 0.0656333 0.0639571 0.0662698 0.0697379 0.0793018 0.0899313 0.104964 0.123502 0.144507 0.169504 0.19665 0.227804 0.260346 0.29599 0.335231 0.374931 0.418132 0.460438 0.504383 0.551009 0.606213 0.660912 0.730055 0.762422 0.784471 0.801843 0.821563 0.830796 0.842017 0.847857 0.85542 0.863696 0.871696
0.875417 0.867606 0.860231 0.85018 0.844475 0.836878 0.829103 0.808701 0.792788 0.773934 0.749776 0.715945 0.639235 0.581251 0.531008 0.485272 0.440549 0.395658 0.354145 0.312292 0.273301 0.237994 0.203903 0.17371 0.144946 0.120591 0.0985879 0.0804677 0.0664186 0.0546975 0.0481554 0.0434956 0.0420219 0.0439831 0.0472433 0.0557698 0.0659461 0.0805353 0.0989125 0.120205 0.14555 0.172974 0.204453 0.237548 0.273292 0.312624 0.353288 0.396664 0.439638 0.485192 0.530449 0.579576 0.639726 0.714742 0.750185 0.775895 0.79679 0.816678 0.827728 0.837243 0.843085 0.850678 0.858953 0.867098
0.877323 0.86824 0.860512 0.850335 0.844443 0.835793 0.827309 0.805428 0.787202 0.766181 0.741021 0.701028 0.620868 0.562811 0.513562 0.467494 0.421794 0.376372 0.333714 0.291666 0.252842 0.216902 0.18244 0.152006 0.123285 0.0987169 0.0769747 0.0596286 0.0465879 0.0362295 0.030347 0.0263362 0.025047 0.026693 0.0296132 0.0369242 0.0461191 0.0595442 0.0772003 0.0983125 0.12372 0.151273 0.18289 0.216523 0.252804 0.292032 0.333001 0.377357 0.42101 0.467667 0.513062 0.561796 0.621274 0.700157 0.742423 0.768674 0.789602 0.814122 0.826002 0.837421 0.844104 0.851785 0.86032 0.868938
0.880419 0.869881 0.861712 0.85123 0.84484 0.83427 0.82502 0.802171 0.783208 0.761244 0.734546 0.665887 0.606099 0.548746 0.49971 0.452724 0.406649 0.360388 0.316688 0.27453 0.235613 0.199214 0.164229 0.133546 0.104821 0.080461 0.0594844 0.0434495 0.03158 0.0226815 0.0175629 0.0142494 0.0132187 0.0145367 0.0170953 0.0231992 0.0313586 0.0434742 0.0598497 0.080207 0.105293 0.133081 0.164777 0.198849 0.235601 0.274893 0.315857 0.361072 0.405412 0.452402 0.498821 0.547523 0.605724 0.664978 0.734142 0.763198 0.78359 0.810699 0.822973 0.835423 0.843587 0.851803 0.860503 0.869367
0.883149 0.873403 0.864159 0.852682 0.84519 0.832159 0.821146 0.796245 0.775648 0.754333 0.724156 0.64883 0.586914 0.535179 0.487641 0.439622 0.393916 0.347408 0.303536 0.261476 0.222011 0.185474 0.150457 0.119407 0.0906384 0.0665669 0.046617 0.0316773 0.0208779 0.0131687 0.00870188 0.00603074 0.00521555 0.00620776 0.00837225 0.0134352 0.0207175 0.0315556 0.046751 0.0661757 0.0908147 0.118831 0.150793 0.185003 0.221969 0.261797 0.302807 0.348156 0.393185 0.43971 0.487481 0.534459 0.586881 0.64876 0.725771 0.756506 0.776042 0.806038 0.820499 0.835118 0.84472 0.854128 0.864047 0.874344
0.884405 0.87801 0.868301 0.85477 0.845646 0.83028 0.817583 0.789791 0.775806 0.755512 0.725063 0.643051 0.576038 0.526207 0.477965 0.429752 0.382698 0.335394 0.29154 0.248888 0.209141 0.172472 0.137496 0.106209 0.0778252 0.0546502 0.0361298 0.0226481 0.0130823 0.00667334 0.00324597 0.00163376 0.00126911 0.00173049 0.00308031 0.00686608 0.0131033 0.0226133 0.036369 0.0544652 0.0782033 0.10583 0.137928 0.172146 0.209063 0.249143 0.290745 0.335958 0.381844 0.429591 0.477364 0.525029 0.575671 0.642275 0.724443 0.757905 0.774143 0.801718 0.815025 0.83214 0.843803 0.855139 0.8668 0.876994
0.884472 0.881507 0.873456 0.857747 0.844849 0.82633 0.812164 0.787405 0.772708 0.751187 0.713341 0.632275 0.568931 0.519354 0.470309 0.423054 0.375881 0.328679 0.285066 0.242356 0.202514 0.165573 0.130563 0.0992776 0.0710079 0.048257 0.0303957 0.0176551 0.00873459 0.00328909 0.00107792 0.000459694 0.000342636 0.000475252 0.0010104 0.00330243 0.00870772 0.0174752 0.0304816 0.0479594 0.0711101 0.0987607 0.130886 0.165244 0.202423 0.242576 0.284324 0.329338 0.375476 0.42335 0.470275 0.519277 0.569525 0.632553 0.714706 0.753768 0.77305 0.799008 0.811372 0.829839 0.844013 0.859477 0.873415 0.881372
0.884039 0.882939 0.877329 0.861392 0.84438 0.824197 0.810349 0.785629 0.773198 0.752427 0.714695 0.630111 0.565372 0.515822 0.466475 0.418766 0.371437 0.323467 0.27959 0.236988 0.196914 0.159729 0.124776 0.0935085 0.0655353 0.0433931 0.0262336 0.0141966 0.00597672 0.00162263 0.000451504 0.00018926 0.000141863 0.000196434 0.00043583 0.00165573 0.00606888 0.0141398 0.0264822 0.0432775 0.0657938 0.0932613 0.125298 0.159537 0.196897 0.237143 0.278732 0.323938 0.370788 0.418794 0.466019 0.515155 0.565031 0.629438 0.714526 0.754326 0.772565 0.796706 0.807961 0.825245 0.841578 0.861817 0.876693 0.882398
0.883902 0.883162 0.87799 0.862763 0.843069 0.821315 0.808798 0.784469 0.772498 0.751156 0.712907 0.628619 0.563662 0.514155 0.464737 0.417282 0.369787 0.321637 0.278035 0.235439 0.195301 0.158081 0.123213 0.0918982 0.0640453 0.0421145 0.0251303 0.0132832 0.00525897 0.00128999 0.000347136 0.000143028 0.00010625 0.000145069 0.000329046 0.00127147 0.00525318 0.0130921 0.0252066 0.0418062 0.0641267 0.0914618 0.123584 0.157815 0.195198 0.23557 0.277349 0.322356 0.369492 0.417731 0.464832 0.514198 0.564188 0.628946 0.71374 0.754265 0.773171 0.796804 0.807974 0.824402 0.841771 0.865038 0.879108 0.882998
0.884045 0.882945 0.876806 0.862501 0.844873 0.823831 0.810269 0.786579 0.773104 0.750716 0.7107 0.629562 0.565464 0.515783 0.466332 0.41927 0.37166 0.323826 0.280635 0.23771 0.197611 0.160566 0.125538 0.0941462 0.0661714 0.0438939 0.0266268 0.0144587 0.00616564 0.0017019 0.000472802 0.000193711 0.000146156 0.000200316 0.000458302 0.00172434 0.00625862 0.0144072 0.0268667 0.0437823 0.066435 0.0938821 0.126077 0.160384 0.197555 0.237872 0.279822 0.32422 0.37102 0.419301 0.46585 0.515153 0.565105 0.628894 0.709946 0.752099 0.772154 0.796718 0.807987 0.824917 0.841075 0.862938 0.877176 0.882875
0.884123 0.880969 0.871537 0.857836 0.844644 0.826674 0.812522 0.785432 0.77366 0.753849 0.720669 0.634405 0.568738 0.519097 0.470741 0.42246 0.375147 0.327288 0.283908 0.240963 0.201175 0.164251 0.129168 0.0978692 0.069865 0.0473115 0.0297175 0.0171352 0.00843894 0.00309568 0.00103234 0.000432733 0.000333826 0.00044992 0.000953885 0.00311663 0.00841084 0.0169513 0.0298154 0.0469959 0.0699819 0.0973557 0.129485 0.163919 0.201083 0.241201 0.28318 0.32798 0.37471 0.422831 0.470809 0.518915 0.569333 0.634609 0.721047 0.757402 0.773347 0.799084 0.81187 0.829464 0.843011 0.8595 0.872449 0.881863
0.884032 0.878913 0.868313 0.855922 0.845622 0.830805 0.81792 0.791161 0.77358 0.753985 0.718363 0.639514 0.576283 0.525775 0.478226 0.429769 0.383736 0.336713 0.292801 0.250497 0.210843 0.173914 0.138894 0.107559 0.079233 0.0556489 0.036889 0.0231065 0.0134207 0.00680062 0.00331354 0.00162444 0.00129082 0.00171028 0.00316369 0.00697318 0.0134471 0.023072 0.0371189 0.0554834 0.0795791 0.10722 0.139304 0.173576 0.210799 0.250711 0.291956 0.337269 0.382864 0.429652 0.477583 0.524761 0.575916 0.638589 0.717745 0.753961 0.772908 0.800796 0.814933 0.832063 0.843609 0.85621 0.866842 0.878928
0.881379 0.873402 0.862967 0.852638 0.844238 0.832364 0.821307 0.79559 0.777593 0.756502 0.728031 0.652291 0.586752 0.535663 0.487389 0.43975 0.393394 0.346652 0.302857 0.260562 0.221223 0.1845 0.149665 0.118633 0.090053 0.0659748 0.0462363 0.0313814 0.0208126 0.013088 0.00877808 0.00602779 0.00530028 0.00620392 0.00843915 0.0133621 0.0206449 0.0312617 0.0463742 0.0655635 0.0902712 0.118024 0.150005 0.184043 0.221174 0.260891 0.302105 0.347425 0.392697 0.439896 0.487281 0.534942 0.587077 0.652253 0.728665 0.75961 0.777871 0.806927 0.819994 0.834893 0.843767 0.854127 0.86283 0.874563
0.879981 0.871508 0.861735 0.852126 0.844729 0.835038 0.824696 0.80294 0.782579 0.760328 0.73424 0.664423 0.605688 0.547928 0.499444 0.452137 0.406576 0.360151 0.316815 0.274534 0.235579 0.199112 0.164541 0.133664 0.104947 0.0803739 0.0595215 0.0433606 0.0315798 0.0225182 0.0175175 0.0140624 0.0131576 0.0143525 0.0170441 0.0230393 0.0313581 0.0433841 0.0598828 0.0801375 0.105397 0.133187 0.165086 0.198771 0.235565 0.274889 0.316024 0.3608 0.405358 0.451876 0.498477 0.546763 0.605546 0.663605 0.733592 0.761517 0.782044 0.809914 0.822374 0.836322 0.843564 0.852706 0.860506 0.870759
0.875698 0.868257 0.859446 0.850226 0.843436 0.835777 0.826794 0.80564 0.787734 0.766006 0.74091 0.700555 0.621385 0.562706 0.514099 0.467378 0.42229 0.376594 0.333993 0.291989 0.253223 0.217164 0.182864 0.152285 0.123635 0.0989 0.0773304 0.0598245 0.0468641 0.0363396 0.0305816 0.0264185 0.0252886 0.0267668 0.0298651 0.0370202 0.0464019 0.0597429 0.0775516 0.0985036 0.124054 0.151559 0.183362 0.216767 0.253185 0.292357 0.333288 0.377601 0.421491 0.467559 0.513635 0.561824 0.622021 0.699741 0.741998 0.768647 0.790283 0.813888 0.825467 0.837383 0.843139 0.851764 0.85933 0.868958
0.878821 0.872071 0.86353 0.854329 0.847652 0.837619 0.829741 0.809098 0.793755 0.776556 0.751317 0.71739 0.6402 0.581045 0.530745 0.484607 0.440435 0.39489 0.353447 0.311471 0.272853 0.237255 0.203167 0.173007 0.144536 0.120092 0.0983064 0.0800603 0.0662002 0.0543397 0.0480373 0.0431759 0.0419049 0.0436875 0.0470964 0.0554372 0.065722 0.0801129 0.0986273 0.119696 0.145153 0.172272 0.203735 0.236785 0.272828 0.311846 0.352554 0.395921 0.439561 0.484549 0.530377 0.579522 0.640707 0.716297 0.750866 0.777458 0.796308 0.818268 0.828418 0.83806 0.846345 0.854875 0.862228 0.871598
0.878484 0.872286 0.86405 0.854955 0.848513 0.840407 0.831723 0.816007 0.799501 0.78272 0.759307 0.727739 0.657646 0.605661 0.550504 0.50368 0.461952 0.416503 0.376354 0.335624 0.296714 0.261501 0.227901 0.19805 0.169692 0.145579 0.123845 0.105259 0.0909586 0.0781306 0.0712241 0.0657176 0.0642126 0.0663196 0.0700678 0.0794422 0.0902949 0.10528 0.124056 0.14501 0.170307 0.197307 0.228472 0.260896 0.296648 0.336073 0.375634 0.418009 0.461259 0.504331 0.550863 0.605565 0.659011 0.72769 0.75977 0.784285 0.804795 0.823793 0.8318 0.841391 0.848085 0.856584 0.863865 0.873002
0.880321 0.874587 0.86663 0.857254 0.85077 0.843916 0.835408 0.819467 0.806941 0.792792 0.7738 0.74868 0.70529 0.630859 0.574485 0.526278 0.48477 0.44019 0.400704 0.361041 0.322463 0.287275 0.25407 0.224525 0.196682 0.172868 0.151322 0.132968 0.118848 0.105706 0.0988217 0.0931021 0.0915568 0.0938337 0.0974932 0.107169 0.118129 0.133141 0.151686 0.172262 0.197415 0.22393 0.254739 0.286675 0.322453 0.361276 0.399443 0.441561 0.483433 0.526573 0.574872 0.630129 0.705993 0.747349 0.774186 0.793746 0.80892 0.828043 0.835027 0.844028 0.849476 0.85794 0.865218 0.874084
0.881691 0.876443 0.868474 0.858694 0.851576 0.843334 0.835381 0.824569 0.810129 0.796457 0.779371 0.759297 0.725463 0.657687 0.606293 0.552742 0.509569 0.467431 0.428451 0.389428 0.352583 0.31769 0.284353 0.255356 0.227882 0.204525 0.183071 0.164795 0.150902 0.137901 0.130967 0.125224 0.123689 0.125979 0.129548 0.139207 0.149996 0.164931 0.183316 0.203641 0.228473 0.254668 0.285065 0.317232 0.352605 0.389578 0.427225 0.468579 0.508119 0.552259 0.606023 0.657204 0.727099 0.757899 0.780733 0.798345 0.815439 0.829462 0.835675 0.844096 0.851099 0.860618 0.868135 0.876562
0.884629 0.879956 0.873506 0.864396 0.856485 0.846764 0.838767 0.825461 0.814791 0.803456 0.790121 0.772642 0.741301 0.707025 0.636546 0.581836 0.536701 0.49493 0.457479 0.418836 0.382981 0.349281 0.316415 0.287416 0.260292 0.237485 0.216492 0.198769 0.185024 0.172058 0.165292 0.159494 0.157873 0.160336 0.16397 0.173538 0.184142 0.198776 0.216861 0.236883 0.261031 0.286707 0.317295 0.348913 0.383092 0.419173 0.455819 0.495923 0.534432 0.58006 0.635676 0.709101 0.742508 0.7704 0.790001 0.805339 0.818484 0.83228 0.838475 0.847227 0.854874 0.864737 0.871926 0.879729
0.884341 0.880061 0.875519 0.867547 0.858962 0.850609 0.842736 0.82885 0.818279 0.808513 0.797267 0.783643 0.755914 0.731877 0.669279 0.619104 0.568642 0.524497 0.488017 0.451297 0.416096 0.383731 0.351846 0.323257 0.296044 0.273329 0.252858 0.235646 0.22203 0.209124 0.202529 0.196895 0.195217 0.197507 0.201027 0.210691 0.221143 0.235552 0.253193 0.27281 0.296683 0.322435 0.352594 0.383075 0.416476 0.451691 0.4868 0.525978 0.567266 0.619644 0.668964 0.73048 0.758875 0.782265 0.797255 0.81033 0.822571 0.836662 0.842825 0.851233 0.858912 0.868887 0.874517 0.881387
0.886802 0.882718 0.879269 0.871516 0.861727 0.854753 0.84697 0.835528 0.824054 0.813077 0.801726 0.790079 0.768277 0.748461 0.719916 0.654611 0.608167 0.559031 0.52075 0.485722 0.451884 0.420211 0.389189 0.361616 0.335151 0.312599 0.291939 0.274864 0.26173 0.249133 0.242556 0.237162 0.23557 0.237852 0.24117 0.250779 0.260925 0.275027 0.292486 0.311989 0.336141 0.361337 0.389643 0.419265 0.451707 0.485832 0.519414 0.559641 0.607125 0.655317 0.716536 0.746152 0.77026 0.789466 0.80164 0.814933 0.828555 0.841415 0.847488 0.853541 0.861242 0.872577 0.877304 0.883055
0.891146 0.887603 0.88494 0.876599 0.867692 0.861035 0.852822 0.844435 0.834647 0.823748 0.814235 0.802512 0.782546 0.764474 0.742637 0.709641 0.645391 0.59966 0.556136 0.519454 0.486952 0.456487 0.426062 0.399942 0.374919 0.353425 0.333004 0.316008 0.302819 0.290775 0.284284 0.278814 0.277274 0.279853 0.283081 0.292038 0.302063 0.316022 0.333216 0.35265 0.375572 0.399508 0.427212 0.455902 0.486771 0.519465 0.554685 0.598113 0.643944 0.714212 0.743485 0.763215 0.784118 0.802005 0.813889 0.826383 0.837695 0.848171 0.85478 0.860201 0.868115 0.878818 0.883961 0.888751
0.895992 0.892624 0.889448 0.882075 0.874844 0.869231 0.858443 0.852506 0.840164 0.830801 0.821284 0.811251 0.794751 0.78077 0.764586 0.739657 0.71402 0.643466 0.602204 0.560284 0.525704 0.496383 0.468197 0.44226 0.41795 0.396721 0.377222 0.361126 0.348036 0.335998 0.329154 0.323937 0.322217 0.324407 0.327958 0.337423 0.347402 0.361013 0.377586 0.396168 0.418045 0.441796 0.468614 0.496028 0.525916 0.559719 0.598041 0.644845 0.711739 0.742433 0.764803 0.779245 0.795149 0.811373 0.819845 0.832005 0.845304 0.853265 0.860215 0.867122 0.874211 0.883302 0.88775 0.892902
0.89761 0.894627 0.891941 0.884961 0.879037 0.87447 0.86548 0.857164 0.847139 0.839706 0.833268 0.822026 0.805187 0.792203 0.78027 0.763228 0.737497 0.705494 0.644916 0.608036 0.56688 0.535047 0.507834 0.483664 0.460363 0.439872 0.420931 0.405636 0.393064 0.381945 0.375277 0.370885 0.369317 0.371163 0.374588 0.383067 0.392567 0.405523 0.421376 0.439654 0.4611 0.483613 0.508004 0.534494 0.56713 0.607231 0.643951 0.711873 0.738328 0.764358 0.781011 0.792356 0.805208 0.823308 0.832412 0.842469 0.850594 0.860286 0.868025 0.873379 0.879204 0.887063 0.891084 0.895765
0.902283 0.898554 0.894861 0.888604 0.884066 0.880509 0.872442 0.865096 0.853335 0.846377 0.839891 0.829929 0.815341 0.802512 0.792552 0.780149 0.763567 0.737906 0.714128 0.655389 0.618422 0.580533 0.552068 0.526092 0.50416 0.485335 0.467415 0.45255 0.439453 0.429792 0.423126 0.418965 0.417494 0.419485 0.422617 0.429924 0.439787 0.452207 0.467495 0.484831 0.504237 0.52682 0.552154 0.580216 0.619487 0.65556 0.714129 0.740789 0.764198 0.78167 0.792438 0.802516 0.814405 0.830742 0.83902 0.84808 0.857651 0.86624 0.874478 0.878929 0.883171 0.889705 0.893134 0.898776
0.907763 0.90335 0.898906 0.891851 0.888019 0.88525 0.878431 0.871059 0.860224 0.853741 0.847616 0.837888 0.823644 0.810298 0.801091 0.790787 0.778854 0.76098 0.743255 0.718158 0.668465 0.637494 0.605824 0.573923 0.550831 0.530741 0.512867 0.499117 0.487276 0.477731 0.470102 0.466267 0.464525 0.466042 0.470443 0.477837 0.486973 0.498764 0.513375 0.53058 0.550607 0.575023 0.605721 0.635772 0.668789 0.716752 0.743485 0.764969 0.781011 0.792644 0.801169 0.810841 0.823121 0.839265 0.846326 0.855431 0.865904 0.873759 0.880966 0.884453 0.887672 0.894214 0.897221 0.904316
0.915432 0.911944 0.907582 0.900596 0.896993 0.894552 0.887682 0.883051 0.871728 0.863019 0.859313 0.850037 0.834715 0.820189 0.810995 0.802538 0.790342 0.778047 0.761895 0.747062 0.728971 0.708627 0.657176 0.629912 0.605863 0.57973 0.56143 0.54776 0.534109 0.525271 0.518892 0.515405 0.513799 0.515474 0.518604 0.525159 0.53467 0.54713 0.561571 0.579858 0.605344 0.630443 0.656973 0.709589 0.730405 0.746146 0.763009 0.779241 0.792136 0.802515 0.810595 0.820463 0.833578 0.85128 0.856933 0.866473 0.876373 0.883292 0.890133 0.892981 0.895756 0.9027 0.905483 0.911687
0.914562 0.910135 0.906428 0.903657 0.90128 0.899229 0.895446 0.893785 0.881908 0.877045 0.872483 0.862219 0.848846 0.833401 0.823104 0.814123 0.803097 0.793601 0.780271 0.771933 0.757904 0.741705 0.724592 0.702196 0.660623 0.640061 0.620945 0.606034 0.586583 0.576018 0.569148 0.565391 0.563691 0.565445 0.568835 0.576232 0.586641 0.605833 0.6216 0.640971 0.658559 0.706217 0.726801 0.742842 0.758852 0.770477 0.784101 0.795382 0.805199 0.814658 0.823116 0.833858 0.847537 0.864461 0.871326 0.879078 0.889403 0.893174 0.896581 0.899134 0.9008 0.904487 0.906444 0.911143
0.915237 0.910802 0.907137 0.904414 0.902046 0.90002 0.898043 0.894216 0.885837 0.883168 0.881632 0.876861 0.867248 0.849874 0.839614 0.830693 0.819154 0.810594 0.797966 0.791187 0.78109 0.768727 0.759482 0.740741 0.729482 0.715116 0.699729 0.665354 0.648271 0.642583 0.631979 0.629804 0.628366 0.629333 0.634108 0.639068 0.651854 0.663975 0.699348 0.716764 0.727352 0.747944 0.757759 0.770399 0.781958 0.78946 0.80172 0.811371 0.822999 0.83073 0.838952 0.851302 0.864091 0.878442 0.880915 0.884429 0.8906 0.89642 0.897558 0.899954 0.901391 0.904439 0.906319 0.910891
0.913122 0.909248 0.906331 0.903932 0.901585 0.89996 0.898268 0.895443 0.886785 0.885193 0.882693 0.881442 0.871349 0.857147 0.846917 0.839297 0.827636 0.820827 0.8087 0.8034 0.796531 0.789391 0.782535 0.771898 0.761842 0.750801 0.742046 0.734733 0.725331 0.724933 0.714129 0.714978 0.713101 0.710401 0.720442 0.718204 0.728161 0.734033 0.74133 0.751266 0.759459 0.774712 0.78073 0.790364 0.797252 0.801953 0.813877 0.820178 0.832412 0.839335 0.846329 0.857328 0.871333 0.88131 0.884052 0.886401 0.894493 0.897561 0.898415 0.900319 0.901821 0.903995 0.906317 0.910253
0.913201 0.909436 0.906717 0.904379 0.902279 0.90058 0.898998 0.897948 0.887743 0.886974 0.885309 0.88411 0.879483 0.866216 0.855395 0.848407 0.83955 0.834157 0.82202 0.815994 0.810074 0.803534 0.80018 0.790507 0.784091 0.776084 0.767721 0.763878 0.755991 0.758446 0.753171 0.754867 0.753608 0.75265 0.756837 0.754604 0.75911 0.762298 0.768402 0.778224 0.783987 0.793737 0.797922 0.805347 0.809945 0.814825 0.825986 0.832 0.842095 0.848076 0.855046 0.86651 0.878666 0.884426 0.885953 0.887047 0.896554 0.89783 0.8986 0.900473 0.901699 0.904416 0.905846 0.909533
0.916295 0.913973 0.910189 0.90944 0.907129 0.904519 0.904602 0.900242 0.897084 0.89482 0.892688 0.892681 0.887647 0.876096 0.866936 0.856519 0.850458 0.842522 0.834208 0.827841 0.822564 0.819023 0.814432 0.809729 0.801279 0.796797 0.788782 0.784365 0.7756 0.774852 0.772451 0.773234 0.772568 0.772872 0.772789 0.773606 0.776931 0.782897 0.790056 0.795297 0.804771 0.809391 0.815425 0.818974 0.822579 0.828965 0.83768 0.845736 0.850594 0.85807 0.865902 0.87685 0.889404 0.891049 0.894491 0.897096 0.899525 0.904153 0.90329 0.906194 0.907608 0.908942 0.911516 0.914014
0.916773 0.913984 0.911804 0.90982 0.907907 0.906717 0.905322 0.904731 0.8982 0.897756 0.896566 0.896013 0.893631 0.882974 0.873829 0.866347 0.858127 0.852291 0.845219 0.841761 0.836524 0.832053 0.829938 0.826196 0.821532 0.817301 0.813786 0.811125 0.804957 0.802547 0.798313 0.797494 0.79623 0.797508 0.798413 0.801802 0.806549 0.810847 0.813443 0.818248 0.823145 0.828024 0.828896 0.832284 0.836153 0.84139 0.847637 0.853259 0.859816 0.866238 0.873252 0.883311 0.892694 0.896417 0.897 0.897829 0.903597 0.904536 0.904958 0.90651 0.907254 0.909836 0.910861 0.914148
0.916166 0.913529 0.911538 0.909698 0.907889 0.906903 0.905619 0.903711 0.898827 0.898481 0.897435 0.897077 0.897182 0.88967 0.880963 0.874627 0.867499 0.859278 0.851788 0.847906 0.842665 0.838238 0.836299 0.832687 0.830029 0.827725 0.825223 0.823037 0.819419 0.815827 0.810683 0.80887 0.807254 0.808783 0.810783 0.81604 0.819819 0.823328 0.825506 0.829124 0.831778 0.835659 0.835653 0.839105 0.842827 0.848049 0.854752 0.860747 0.86802 0.87506 0.880975 0.890651 0.896577 0.898146 0.898412 0.899177 0.903289 0.905603 0.905922 0.907422 0.908076 0.910534 0.911462 0.914666
0.916376 0.913878 0.911996 0.910271 0.908785 0.908106 0.907022 0.906457 0.900522 0.900178 0.899594 0.899362 0.899792 0.892523 0.88447 0.879061 0.872839 0.86467 0.857354 0.854092 0.850826 0.846779 0.845285 0.842998 0.841958 0.838064 0.837369 0.83631 0.834695 0.832625 0.828369 0.826037 0.823349 0.826109 0.828999 0.832969 0.834308 0.836273 0.836545 0.837998 0.840536 0.843993 0.843331 0.847244 0.850568 0.853529 0.859532 0.867106 0.872762 0.878952 0.883868 0.892961 0.898507 0.899963 0.899694 0.900467 0.905527 0.906509 0.906644 0.907744 0.908188 0.910291 0.911038 0.914167
0.915821 0.9135 0.911879 0.910386 0.909054 0.908591 0.907602 0.907657 0.901541 0.90153 0.900969 0.900802 0.901498 0.895243 0.887719 0.883339 0.878596 0.871947 0.864767 0.861821 0.858866 0.85431 0.851758 0.849481 0.846898 0.843037 0.843125 0.843553 0.843757 0.843796 0.842642 0.842065 0.840563 0.842765 0.843004 0.844616 0.843722 0.844393 0.843087 0.847178 0.84802 0.850313 0.851051 0.855724 0.85893 0.862007 0.868111 0.874873 0.879193 0.883901 0.887704 0.896379 0.900779 0.902102 0.90183 0.902374 0.907603 0.908047 0.908074 0.908975 0.909312 0.911271 0.911742 0.914908
0.917459 0.915202 0.913679 0.912291 0.910975 0.910819 0.90995 0.908917 0.904241 0.904262 0.903822 0.903783 0.905298 0.902108 0.894316 0.889787 0.886052 0.883333 0.875672 0.872533 0.869175 0.86472 0.860603 0.857949 0.855398 0.851568 0.85175 0.852685 0.854117 0.856201 0.859387 0.863175 0.864186 0.863134 0.858119 0.8562 0.853071 0.85266 0.850724 0.854818 0.855522 0.857943 0.859622 0.864788 0.868042 0.872572 0.87797 0.883252 0.88623 0.889725 0.893532 0.902683 0.90368 0.904438 0.903285 0.904403 0.908121 0.909839 0.909724 0.910287 0.910399 0.912314 0.912442 0.915572
0.916786 0.914714 0.913459 0.912429 0.911363 0.911628 0.910879 0.911322 0.905434 0.905689 0.905533 0.90556 0.907481 0.904466 0.897409 0.893663 0.890177 0.886898 0.880197 0.877022 0.874505 0.871909 0.868124 0.865232 0.862679 0.858919 0.859317 0.860491 0.862827 0.866715 0.872329 0.877168 0.878837 0.877497 0.872028 0.868373 0.862816 0.861568 0.859282 0.863268 0.86381 0.866331 0.86814 0.87305 0.874584 0.87831 0.883963 0.888585 0.891036 0.89403 0.897263 0.906328 0.906427 0.907131 0.906316 0.906687 0.911502 0.911752 0.911465 0.911916 0.911738 0.913546 0.913259 0.916283
0.91955 0.91754 0.916476 0.915592 0.914536 0.914785 0.914018 0.913607 0.908967 0.909389 0.909513 0.90961 0.912757 0.910918 0.904138 0.899296 0.895749 0.891236 0.88499 0.882771 0.881373 0.87972 0.876554 0.874095 0.871819 0.868293 0.868963 0.870784 0.874578 0.878907 0.88186 0.882869 0.882998 0.882634 0.88056 0.878444 0.872892 0.870926 0.867761 0.871598 0.871885 0.874134 0.875491 0.879784 0.880325 0.882995 0.88764 0.8928 0.894643 0.898801 0.903439 0.911697 0.91017 0.910879 0.909322 0.909529 0.913028 0.914155 0.913732 0.914144 0.913791 0.915586 0.915169 0.918092
